2019 06 15 18 05 22.660    28.354012    104.892521     2.43     0.6
2019 06 15 18 52 01.460    28.347054    104.892782     1.18     0.4
2019 06 15 23 27 48.360    28.322270    104.871549     5.77     2.8
2019 06 16 04 44 06.290    28.405186    104.815267      4.0     0.4
2019 06 17 04 13 14.940    28.391630    104.862362     5.85     0.6
2019 06 17 08 42 46.780    28.325765    104.873560     5.54     0.3
2019 06 17 14 55 43.700    28.340000    104.875000     5.80     5.7
2019 06 17 14 57 33.800    28.392698    104.864681     2.55     3.6
2019 06 17 14 59 53.990    28.404624    104.825911     3.07     2.7
2019 06 17 15 01 21.630    28.395699    104.856494     2.95     2.5
2019 06 17 15 02 19.210    28.390985    104.882373     3.86     2.1
2019 06 17 15 02 02.900    28.444096    104.734774     7.14     2.1
2019 06 17 15 02 37.190    28.399477    104.844515     4.88     4.0
2019 06 17 15 03 07.370    28.393512    104.869816     3.72     3.9
2019 06 17 15 05 09.220    28.403021    104.847485      5.0     2.7
2019 06 17 15 05 59.420    28.432648    104.731885     7.35     1.7
2019 06 17 15 06 30.870    28.407666    104.820955     3.48     1.9
2019 06 17 15 06 58.930    28.383179    104.873405     0.85     2.1
2019 06 17 15 07 27.300    28.393726    104.870011      3.9     2.5
2019 06 17 15 07 58.360    28.384857    104.842839    -1.32     2.0
2019 06 17 15 08 04.790    28.426288    104.763794     4.41     1.5
2019 06 17 15 08 24.830    28.394244    104.861906     2.92     1.8
2019 06 17 15 09 01.420    28.409450    104.843970     4.87     4.0
2019 06 17 15 11 11.030    28.389610    104.881543     5.73     1.6
2019 06 17 15 12 37.480    28.413216    104.828459      3.5     2.3
2019 06 17 15 13 22.460    28.384049    104.873910     2.08     1.2
2019 06 17 15 14 17.530    28.395380    104.857495     2.86     2.3
2019 06 17 15 15 42.460    28.427566    104.758610     5.58     1.4
2019 06 17 15 16 22.750    28.442051    104.752775     5.54     2.2
2019 06 17 15 16 46.780    28.349249    104.926237     2.73     2.0
2019 06 17 15 18 22.300    28.412972    104.839282     4.22     1.9
2019 06 17 15 19 36.240    28.379856    104.872681     2.92     1.7
2019 06 17 15 23 16.420    28.423942    104.772314     5.45     3.0
2019 06 17 15 24 53.550    28.389372    104.874333     5.37     2.5
2019 06 17 15 27 11.040    28.426841    104.783968     4.76     2.3
2019 06 17 15 27 22.660    28.421863    104.772111     5.42     2.3
2019 06 17 15 29 41.930    28.406706    104.823893     3.21     0.9
2019 06 17 15 30 18.150    28.387160    104.883757     2.74     1.9
2019 06 17 15 30 38.890    28.413763    104.823657     5.72     3.0
2019 06 17 15 32 23.530    28.438129    104.759692     5.45     1.5
2019 06 17 15 33 47.470    28.428605    104.770801     4.53     1.3
2019 06 17 15 34 37.520    28.388678    104.873991     5.78     1.6
2019 06 17 15 35 05.990    28.392684    104.860718     0.94     2.2
2019 06 17 15 34 58.800    28.426251    104.793302     4.54     1.8
2019 06 17 15 35 25.800    28.397133    104.829175    10.05     1.9
2019 06 17 15 35 43.220    28.365302    104.904671     2.76     2.3
2019 06 17 15 36 02.140    28.423344    104.808659     5.53     5.2
2019 06 17 15 38 28.120    28.398529    104.838534     3.95     2.5
2019 06 17 15 39 29.430    28.423199    104.819702     3.02     2.6
2019 06 17 15 39 58.780    28.404089    104.827303     2.25     2.4
2019 06 17 15 40 06.040    28.389547    104.891081     2.24     2.7
2019 06 17 15 40 48.080    28.413574    104.807658     2.36     3.0
2019 06 17 15 41 36.990    28.422632    104.807414     5.68     3.5
2019 06 17 15 41 18.690    28.397666    104.860921     1.57     2.6
2019 06 17 15 43 10.240    28.437205    104.791520     3.79     2.0
2019 06 17 15 44 32.370    28.430495    104.729199     9.79     1.6
2019 06 17 15 44 18.290    28.400708    104.886157    -2.51     1.8
2019 06 17 15 44 58.210    28.400820    104.826090     2.17     1.9
2019 06 17 15 45 06.180    28.400686    104.825928     0.94     2.0
2019 06 17 15 45 27.190    28.396228    104.858854    -0.23     1.9
2019 06 17 15 45 49.410    28.422388    104.803084     4.32     3.1
2019 06 17 15 47 20.900    28.429049    104.760026     6.51     1.9
2019 06 17 15 47 29.450    28.416243    104.801750     1.07     2.5
2019 06 17 15 47 55.980    28.400474    104.822843     2.22     2.6
2019 06 17 15 48 58.790    28.399410    104.816756     2.47     1.6
2019 06 17 15 49 30.350    28.410494    104.816016     3.65     1.5
2019 06 17 15 50 48.900    28.392100    104.822673     4.38     2.3
2019 06 17 15 51 15.220    28.417320    104.784302     5.58     1.4
2019 06 17 15 52 04.780    28.400175    104.817391     2.48     2.2
2019 06 17 15 52 29.200    28.435010    104.775024     4.14     2.9
2019 06 17 15 53 51.570    28.414691    104.806258     2.55     2.1
2019 06 17 15 54 26.540    28.411401    104.817415     4.69     1.3
2019 06 17 15 55 00.660    28.396773    104.890625     4.97     1.9
2019 06 17 15 55 38.110    28.372349    104.912931     2.69     1.6
2019 06 17 15 56 38.350    28.435911    104.797778     4.78     1.4
2019 06 17 15 57 03.250    28.417814    104.790348     4.27     3.0
2019 06 17 15 57 08.250    28.403292    104.823820     2.36     2.9
2019 06 17 15 57 58.110    28.396775    104.860604     3.09     1.5
2019 06 17 15 58 21.450    28.433972    104.781714     4.39     2.8
2019 06 17 15 59 15.680    28.367861    104.906706     2.58     2.3
2019 06 17 16 00 27.090    28.366974    104.861174    19.51     3.0
2019 06 17 16 01 13.330    28.381348    104.914990     5.81     1.0
2019 06 17 16 02 15.020    28.372772    104.889282     2.29     1.2
2019 06 17 16 02 34.750    28.401921    104.852694      5.8     2.5
2019 06 17 16 03 05.760    28.414012    104.778174     4.69     1.6
2019 06 17 16 03 12.950    28.400423    104.846729     1.06     1.2
2019 06 17 16 04 08.330    28.413241    104.778475     6.29     1.6
2019 06 17 16 04 58.220    28.390395    104.854419     2.82     1.7
2019 06 17 16 04 42.780    28.407088    104.822355     2.75     1.4
2019 06 17 16 05 36.520    28.420703    104.785588     5.24     2.5
2019 06 17 16 06 32.140    28.346775    104.934570     2.53     1.4
2019 06 17 16 07 02.250    28.405180    104.808569     5.87     1.5
2019 06 17 16 07 29.860    28.394759    104.857487     2.95     1.0
2019 06 17 16 08 25.740    28.397528    104.859253     3.03     1.7
2019 06 17 16 09 31.780    28.420188    104.787345     5.21     1.3
2019 06 17 16 09 49.830    28.415458    104.787362      5.3     3.1
2019 06 17 16 10 55.450    28.424927    104.796012     2.54     2.5
2019 06 17 16 11 13.890    28.360427    104.880013     6.76     3.0
2019 06 17 16 11 48.740    28.423417    104.785189     4.76     1.9
2019 06 17 16 12 55.950    28.403613    104.823568     2.04     1.2
2019 06 17 16 13 29.280    28.394128    104.850382     2.75     1.8
2019 06 17 16 14 31.100    28.396000    104.852962     2.64     0.8
2019 06 17 16 16 30.740    28.397300    104.855599     2.56     1.3
2019 06 17 16 17 58.850    28.382257    104.875610     1.41     1.8
2019 06 17 16 18 34.620    28.396912    104.861898     5.31     2.8
2019 06 17 16 19 21.250    28.394893    104.857267      5.2     1.1
2019 06 17 16 19 38.760    28.386159    104.884115     5.06     1.2
2019 06 17 16 20 32.290    28.364830    104.888289     3.94     1.5
2019 06 17 16 21 33.980    28.409076    104.823096     2.14     0.9
2019 06 17 16 23 46.250    28.400466    104.815145      3.1     2.0
2019 06 17 16 24 08.370    28.427549    104.776530     5.07     1.6
2019 06 17 16 24 28.110    28.435771    104.799235     5.24     1.1
2019 06 17 16 25 09.510    28.407345    104.824422     3.49     1.6
2019 06 17 16 25 39.790    28.435073    104.769043      4.2     1.4
2019 06 17 16 25 23.070    28.422465    104.765959     5.02     1.5
2019 06 17 16 26 46.800    28.373964    104.915177     6.21     1.5
2019 06 17 16 28 18.790    28.406089    104.840552     1.93     1.2
2019 06 17 16 29 07.750    28.397321    104.834147     6.07     4.2
2019 06 17 16 30 33.950    28.394883    104.851424     2.41     2.0
2019 06 17 16 31 46.870    28.399274    104.885669     1.97     2.0
2019 06 17 16 32 15.110    28.382735    104.890576     2.72     1.8
2019 06 17 16 32 07.730    28.413983    104.784684     2.45     1.8
2019 06 17 16 33 18.520    28.422575    104.771785     5.56     2.7
2019 06 17 16 33 54.720    28.424738    104.771753     5.66     2.3
2019 06 17 16 35 05.640    28.392216    104.864046     2.15     1.4
2019 06 17 16 36 31.310    28.402289    104.844214     3.19     1.6
2019 06 17 16 37 10.940    28.424827    104.785229     2.79     1.3
2019 06 17 16 37 55.450    28.406156    104.872738      4.6     4.5
2019 06 17 16 41 09.490    28.395050    104.842692     4.14     1.7
2019 06 17 16 42 02.130    28.410350    104.808138     4.39     2.2
2019 06 17 16 41 46.690    28.396293    104.853914     2.62     1.7
2019 06 17 16 42 17.220    28.399921    104.816154     1.75     2.4
2019 06 17 16 43 05.600    28.440322    104.758407     4.84     1.4
2019 06 17 16 44 14.560    28.395890    104.862215     3.06     2.0
2019 06 17 16 44 37.990    28.439001    104.760311     5.44     2.5
2019 06 17 16 45 43.040    28.427378    104.796167     7.84     1.3
2019 06 17 16 46 09.750    28.395066    104.862809     2.96     1.3
2019 06 17 16 46 35.680    28.354893    104.891390     3.11     1.5
2019 06 17 16 47 04.680    28.393992    104.862581     2.94     1.1
2019 06 17 16 47 22.150    28.395286    104.859521     2.98     1.8
2019 06 17 16 48 07.540    28.437531    104.765552      4.1     1.9
2019 06 17 16 48 44.450    28.392926    104.839868     2.02     1.3
2019 06 17 16 48 32.480    28.419788    104.786702     5.21     1.5
2019 06 17 16 49 11.870    28.424384    104.798657      3.0     1.3
2019 06 17 16 49 32.380    28.376217    104.884888     0.62     1.4
2019 06 17 16 50 36.500    28.396775    104.863062     3.09     2.1
2019 06 17 16 51 20.160    28.325466    104.889111      7.8     1.8
2019 06 17 16 51 43.770    28.423612    104.781283     5.52     2.0
2019 06 17 16 52 11.980    28.405961    104.823665     3.05     1.8
2019 06 17 16 52 42.380    28.419934    104.774048     2.03     1.3
2019 06 17 16 52 57.000    28.366829    104.905648     4.42     2.0
2019 06 17 16 53 16.380    28.402645    104.867407     1.82     1.7
2019 06 17 16 54 39.310    28.414390    104.787712     2.22     2.1
2019 06 17 16 56 32.300    28.380957    104.918066     3.39     2.0
2019 06 17 16 56 22.210    28.405200    104.830485     2.97     1.2
2019 06 17 16 57 37.770    28.394130    104.862980     2.98     1.6
2019 06 17 16 57 24.900    28.399626    104.845329     3.12     1.3
2019 06 17 16 58 01.720    28.391595    104.862321     0.25     1.4
2019 06 17 16 58 07.790    28.418807    104.779891     5.38     1.0
2019 06 17 16 59 01.180    28.452797    104.751107     5.94     2.1
2019 06 17 16 58 40.670    28.412775    104.820809     3.71     2.0
2019 06 17 16 59 56.130    28.410429    104.825618     4.17     2.6
2019 06 17 16 59 28.300    28.403896    104.842847     5.31     1.7
2019 06 17 17 01 06.640    28.438696    104.760148     5.45     2.0
2019 06 17 17 01 25.120    28.414211    104.786963     5.23     3.8
2019 06 17 17 03 52.760    28.430959    104.787321     2.67     1.7
2019 06 17 17 04 55.040    28.376949    104.921151     4.62     2.2
2019 06 17 17 04 45.560    28.436428    104.740755     6.64     1.3
2019 06 17 17 05 15.140    28.438230    104.755509     5.34     2.2
2019 06 17 17 05 25.960    28.395811    104.889779     5.02     3.0
2019 06 17 17 06 27.360    28.425321    104.776156     3.58     1.0
2019 06 17 17 06 59.720    28.436953    104.773071     5.04     1.0
2019 06 17 17 07 39.120    28.419309    104.820020     5.66     0.8
2019 06 17 17 08 20.160    28.421627    104.771143     5.56     2.6
2019 06 17 17 09 28.320    28.383706    104.845744     5.12     1.1
2019 06 17 17 10 05.380    28.409837    104.776172     4.82     1.0
2019 06 17 17 10 38.260    28.413371    104.819661     5.71     3.1
2019 06 17 17 10 20.540    28.422233    104.770508     2.94     1.0
2019 06 17 17 11 52.060    28.421381    104.790023     2.41     1.4
2019 06 17 17 12 46.900    28.402665    104.847534     3.22     2.5
2019 06 17 17 12 32.440    28.420380    104.773771      5.3     1.4
2019 06 17 17 13 16.660    28.405853    104.818994     1.92     1.6
2019 06 17 17 14 50.760    28.450922    104.810775     2.49     1.7
2019 06 17 17 15 04.860    28.420424    104.768636      5.8     1.4
2019 06 17 17 15 41.560    28.437370    104.794279     5.87     3.1
2019 06 17 17 17 38.480    28.412500    104.808244     2.35     1.3
2019 06 17 17 18 43.800    28.410244    104.813053      3.9     1.4
2019 06 17 17 18 22.680    28.392493    104.854785     6.38     1.5
2019 06 17 17 19 06.440    28.398079    104.861784     3.16     0.9
2019 06 17 17 19 21.800    28.398297    104.861271     3.15     1.3
2019 06 17 17 20 11.560    28.438538    104.796053     5.21     1.1
2019 06 17 17 20 40.960    28.421313    104.773722      5.6     1.3
2019 06 17 17 21 08.280    28.432599    104.785189     2.83     1.9
2019 06 17 17 21 29.360    28.428337    104.759310     5.76     1.6
2019 06 17 17 21 19.600    28.387384    104.859603     2.54     1.6
2019 06 17 17 23 07.600    28.368390    104.932764     2.96     1.5
2019 06 17 17 23 32.160    28.422589    104.782389     5.31     1.5
2019 06 24 04 43 31.300    28.403904    104.872331     5.81     1.5
2019 06 17 17 24 11.620    28.384965    104.876229     1.53     1.2
2019 06 17 17 25 20.520    28.377159    104.902865     2.81     0.9
2019 06 17 17 26 22.280    28.420034    104.774137     2.02     1.3
2019 06 17 17 26 44.960    28.445201    104.740462      6.8     1.4
2019 06 17 17 28 09.920    28.420927    104.787801     5.37     2.2
2019 06 17 17 29 32.680    28.420414    104.781755     3.65     1.4
2019 06 17 17 30 49.040    28.413208    104.810718     1.89     1.0
2019 06 17 17 30 57.160    28.405275    104.792904     8.65     1.4
2019 06 17 17 30 38.720    28.408907    104.772095     4.59     1.0
2019 06 17 17 31 27.060    28.389376    104.869255     2.51     1.8
2019 06 17 17 31 15.360    28.447530    104.754053     5.65     1.2
2019 06 17 17 31 55.180    28.377932    104.879980    -0.04     1.3
2019 06 17 17 32 06.880    28.426211    104.753052     5.85     1.1
2019 06 17 17 32 15.600    28.410419    104.851156     2.95     1.3
2019 06 17 17 33 15.740    28.400997    104.816073     3.07     2.1
2019 06 17 17 32 55.000    28.389636    104.867147     0.05     1.4
2019 06 17 17 33 43.240    28.420022    104.774756     5.44     1.4
2019 06 17 17 34 08.360    28.418797    104.807886     2.05     0.7
2019 06 17 17 34 18.320    28.425069    104.785653     4.73     0.8
2019 06 17 17 34 48.560    28.386395    104.897282     5.45     2.3
2019 06 17 17 35 11.980    28.414166    104.808097     2.87     1.3
2019 06 17 17 36 39.440    28.427732    104.773169     5.83     1.7
2019 06 17 17 37 17.160    28.444824    104.755298      5.6     1.5
2019 06 17 17 37 08.660    28.358099    104.906535      2.0     1.5
2019 06 17 17 38 07.600    28.431637    104.785588     3.48     3.0
2019 06 17 17 39 26.400    28.385105    104.883870      1.6     1.5
2019 06 17 17 39 36.800    28.388070    104.867367     1.86     1.1
2019 06 17 17 40 40.040    28.403410    104.817725     1.49     1.0
2019 06 17 17 41 24.600    28.390841    104.855119     2.25     1.1
2019 06 17 17 41 14.000    28.434768    104.762891     4.09     0.9
2019 06 17 17 42 36.320    28.412848    104.802694      3.8     1.9
2019 06 17 17 43 55.280    28.430737    104.760693    -0.16     1.1
2019 06 17 17 43 38.620    28.394073    104.867651     5.59     0.6
2019 06 17 17 44 50.360    28.406470    104.879785     4.87     0.8
2019 06 17 17 45 36.960    28.399408    104.848739     4.93     2.1
2019 06 17 17 46 05.560    28.414630    104.824902     5.29     1.5
2019 06 17 17 46 55.400    28.434658    104.750798     5.06     1.2
2019 06 17 17 47 13.840    28.423702    104.806242     3.39     1.1
2019 06 17 17 47 32.240    28.427543    104.796313      3.0     1.0
2019 06 17 17 48 02.360    28.389663    104.852686     3.05     1.7
2019 06 17 17 47 47.160    28.384308    104.871696     2.22     0.3
2019 06 17 17 48 35.700    28.405039    104.829818     2.06     1.3
2019 06 17 17 49 03.060    28.377804    104.906299     1.71     0.9
2019 06 17 17 49 34.760    28.399500    104.909180      2.9     1.0
2019 06 17 17 49 59.920    28.392015    104.864233     2.14     1.0
2019 06 17 17 50 42.880    28.413609    104.813338     4.02     2.2
2019 06 17 17 50 31.560    28.377490    104.909473     5.77     1.3
2019 06 17 17 50 18.400    28.375533    104.888892     3.82     0.9
2019 06 17 17 53 07.520    28.421718    104.761873     2.95     1.9
2019 06 17 17 53 28.280    28.369545    104.923714     1.78     1.5
2019 06 17 17 54 16.760    28.432054    104.761353     5.51     1.0
2019 06 17 17 55 09.720    28.424634    104.754769     5.84     1.4
2019 06 17 17 55 42.680    28.410250    104.819930     5.64     2.0
2019 06 17 17 57 15.460    28.381026    104.868823      1.7     2.1
2019 06 17 17 58 15.600    28.417741    104.768766     5.61     1.4
2019 06 17 17 58 38.520    28.406616    104.803109     5.12     1.1
2019 06 17 17 59 43.360    28.413133    104.808024     3.93     1.3
2019 06 17 17 59 34.740    28.411355    104.836711     5.38     1.5
2019 06 17 17 59 58.380    28.437905    104.799520     6.81     1.1
2019 06 17 18 01 22.520    28.411747    104.820321     4.05     1.5
2019 06 17 18 01 58.300    28.422894    104.769710     5.53     0.9
2019 06 17 18 01 40.800    28.388428    104.866219     2.08     1.3
2019 06 17 18 02 26.380    28.401465    104.817318     1.62     1.5
2019 06 17 18 03 57.960    28.417733    104.808000     4.78     1.3
2019 06 17 18 04 22.560    28.413363    104.801440     3.79     1.6
2019 06 17 18 05 21.340    28.352586    104.887907     3.58     0.8
2019 06 17 18 05 15.440    28.415633    104.815487     6.85     0.7
2019 06 17 18 06 27.440    28.428754    104.774455     3.27     1.1
2019 06 17 18 06 15.000    28.402321    104.830664     2.67     1.4
2019 06 17 18 08 55.320    28.429545    104.813330     8.63     1.1
2019 06 17 18 09 31.920    28.448348    104.752563     6.65     2.3
2019 06 17 18 10 18.680    28.389915    104.864665     1.94     1.0
2019 06 17 18 10 46.020    28.417098    104.810514     3.55     2.0
2019 06 17 18 10 30.980    28.420701    104.799976     2.88     1.6
2019 06 17 18 12 02.320    28.362563    104.850122    20.33     2.4
2019 06 17 18 12 21.880    28.428705    104.793172     5.03     1.8
2019 06 17 18 13 27.520    28.396267    104.856820     5.73     2.7
2019 06 17 18 15 03.140    28.380198    104.862939      1.3     1.9
2019 06 17 18 15 18.600    28.388253    104.878182     1.96     1.3
2019 06 17 18 16 04.320    28.378355    104.885148     0.53     1.3
2019 06 17 18 17 23.940    28.384701    104.855632      2.8     0.6
2019 06 17 18 17 54.540    28.407115    104.827987     3.41     0.7
2019 06 17 18 18 36.560    28.377846    104.886499     3.01     2.6
2019 06 17 18 19 18.940    28.414329    104.803019     5.07     2.7
2019 06 17 18 20 32.940    28.438999    104.759155     5.48     1.4
2019 06 17 18 21 34.840    28.363849    104.902580     2.57     1.2
2019 06 17 18 21 47.920    28.372042    104.912598     2.69     0.8
2019 06 17 18 22 28.960    28.424711    104.787061     4.75     1.2
2019 06 17 18 22 41.320    28.403947    104.830485     2.11     1.2
2019 06 17 18 23 00.800    28.376619    104.905575     2.97     1.4
2019 06 17 18 23 53.900    28.416691    104.849821     6.17     1.0
2019 06 17 18 24 15.200    28.381423    104.868571     1.65     2.0
2019 06 17 18 25 07.160    28.423041    104.772225     2.21     1.6
2019 06 17 18 25 53.040    28.387626    104.860978      2.5     0.8
2019 06 17 18 26 16.040    28.418209    104.792936     5.17     1.2
2019 06 17 18 26 33.920    28.407939    104.818905     3.32     0.9
2019 06 17 18 26 55.280    28.393974    104.861711      2.3     1.0
2019 06 17 18 27 52.380    28.413680    104.814827      3.9     1.8
2019 06 17 18 27 35.480    28.412885    104.814819     3.95     1.0
2019 06 17 18 28 22.560    28.431274    104.773503     2.71     1.2
2019 06 17 18 29 02.120    28.442780    104.740845     5.06     2.2
2019 06 17 18 29 17.320    28.385177    104.879899     1.51     1.7
2019 06 17 18 30 17.760    28.386332    104.863761     2.25     0.8
2019 06 17 18 31 21.100    28.413352    104.779834     4.47     2.0
2019 06 17 18 32 15.040    28.412819    104.802197      2.9     1.2
2019 06 17 18 33 50.920    28.387463    104.862378     2.38     0.7
2019 06 17 18 33 33.840    28.397742    104.856307     5.48     0.5
2019 06 17 18 34 38.140    28.388702    104.868986     5.01     3.0
2019 06 17 18 35 39.360    28.389797    104.865120     1.93     1.1
2019 06 17 18 36 12.540    28.354649    104.932715     2.14     0.9
2019 06 17 18 36 36.160    28.404045    104.848234     4.76     1.0
2019 06 17 18 37 46.560    28.365841    104.943368     3.25     1.2
2019 06 17 18 38 44.800    28.364618    104.887557     3.95     1.6
2019 06 17 18 38 36.840    28.379848    104.868880     1.44     1.4
2019 06 17 18 38 16.160    28.390759    104.863957     1.98     1.2
2019 06 17 18 39 45.680    28.404541    104.846094     5.32     2.1
2019 06 17 18 41 36.500    28.413348    104.809888     2.92     1.2
2019 06 17 18 41 51.200    28.399630    104.816602     2.48     1.6
2019 06 17 18 41 59.220    28.393848    104.861084     2.96     2.0
2019 06 17 18 42 04.080    28.393760    104.859473     2.57     2.2
2019 06 17 18 42 37.480    28.392782    104.887557     3.48     2.1
2019 06 17 18 42 50.080    28.404315    104.833732     2.49     1.9
2019 06 17 18 44 05.940    28.348285    104.894442     3.42     0.6
2019 06 17 18 44 18.440    28.390393    104.872510    -0.26     1.2
2019 06 17 18 44 45.400    28.456962    104.745996     5.03     1.3
2019 06 17 18 45 40.080    28.398812    104.861507     3.16     2.5
2019 06 17 18 46 32.860    28.426174    104.797526     3.81     1.6
2019 06 17 18 47 03.060    28.350580    104.896525     0.67     1.4
2019 06 17 18 46 51.520    28.396649    104.862948     1.76     1.3
2019 06 17 18 47 31.340    28.395331    104.911580     4.13     1.1
2019 06 17 18 47 55.280    28.430184    104.745923     2.72     1.0
2019 06 17 18 48 17.080    28.417708    104.803459     2.68     1.2
2019 06 17 18 49 45.380    28.411631    104.802262     2.93     0.7
2019 06 17 18 50 19.040    28.419981    104.776660     2.95     0.7
2019 06 17 18 51 28.560    28.406685    104.820540     3.26     1.3
2019 06 17 18 52 38.320    28.406285    104.770247     4.86     1.4
2019 06 17 18 52 25.160    28.430756    104.787410     3.02     0.8
2019 06 17 18 52 49.800    28.397607    104.862679     3.18     1.5
2019 06 17 18 53 58.060    28.418321    104.802555      4.2     2.4
2019 06 17 18 55 50.240    28.441644    104.754183     5.59     1.2
2019 06 17 18 56 05.540    28.383689    104.885286     1.86     0.9
2019 06 17 18 56 57.960    28.414746    104.808757     3.06     1.0
2019 06 17 18 57 23.540    28.370178    104.930632     5.04     1.0
2019 06 17 18 58 18.540    28.415102    104.807739     5.16     3.5
2019 06 17 18 59 54.160    28.400631    104.817920     2.49     2.4
2019 06 17 19 00 41.400    28.355074    104.872689     2.92     1.5
2019 06 17 19 00 34.320    28.403550    104.829647     2.48     1.1
2019 06 17 19 01 32.620    28.396440    104.860465     2.98     1.3
2019 06 17 19 01 19.940    28.392698    104.839893     1.99     1.6
2019 06 17 19 02 22.640    28.421566    104.771802     4.92     2.3
2019 06 17 19 02 10.760    28.419584    104.828174     2.38     1.5
2019 06 17 19 03 03.360    28.383622    104.910360     4.48     1.0
2019 06 17 19 03 30.100    28.365220    104.884074      4.1     1.8
2019 06 17 19 04 09.800    28.393823    104.857235     2.76     3.0
2019 06 17 19 05 03.600    28.421193    104.784229     5.33     1.6
2019 06 17 19 05 39.340    28.430532    104.748307     6.28     1.2
2019 06 17 19 06 18.600    28.393355    104.860449     2.24     1.5
2019 06 17 19 06 36.120    28.418032    104.792448     5.12     1.3
2019 06 17 19 07 11.560    28.399556    104.851660      3.2     1.2
2019 06 17 19 07 30.200    28.421236    104.772485     5.56     1.4
2019 06 24 23 23 00.740    28.391903    104.864722     7.12     3.5
2019 06 17 19 09 32.120    28.397109    104.862467     2.17     1.6
2019 06 17 19 09 58.040    28.418235    104.792049     4.87     1.2
2019 06 17 19 10 48.720    28.386552    104.882772     1.89     0.8
2019 06 17 19 11 18.600    28.386401    104.891439     2.48     0.6
2019 06 17 19 11 34.520    28.409314    104.814421     2.58     1.0
2019 06 17 19 12 02.360    28.390045    104.859725     2.59     1.8
2019 06 17 19 12 45.220    28.353676    104.888713     4.29     1.7
2019 06 17 19 12 22.280    28.391494    104.822607     0.98     1.5
2019 06 17 19 13 39.080    28.400749    104.844727      3.1     1.2
2019 06 17 19 14 27.940    28.409951    104.865617     5.52     2.1
2019 06 17 19 15 32.680    28.403347    104.822567     1.78     1.0
2019 06 17 19 15 46.160    28.403320    104.835905     4.21     1.3
2019 06 17 19 16 25.240    28.407408    104.859220     2.91     1.4
2019 06 17 19 17 33.960    28.393697    104.861702     2.92     1.2
2019 06 17 19 17 17.320    28.411456    104.803263     2.83     0.8
2019 06 17 19 18 11.740    28.406895    104.863493     2.01     0.9
2019 06 17 19 19 18.420    28.372443    104.914982     2.63     1.3
2019 06 17 19 19 24.880    28.424068    104.770337     5.65     1.3
2019 06 17 19 20 00.120    28.392574    104.858683     2.25     1.8
2019 06 17 19 20 58.200    28.376943    104.891463     3.01     1.2
2019 06 17 19 20 39.180    28.418931    104.763680     5.81     0.9
2019 06 17 19 21 06.160    28.435494    104.766178     2.23     1.2
2019 06 17 19 21 40.400    28.377401    104.863338     1.72     1.0
2019 06 17 19 22 32.560    28.410103    104.824919     5.62     2.8
2019 06 17 19 23 14.760    28.424023    104.795833      3.1     1.4
2019 06 17 19 23 34.160    28.407237    104.859237     2.88     2.0
2019 06 17 19 24 22.940    28.401919    104.819425     2.47     1.8
2019 06 17 19 25 12.160    28.410213    104.820280     3.59     2.1
2019 06 17 19 25 04.220    28.423773    104.808333     5.36     1.6
2019 06 17 19 26 21.600    28.416046    104.833097     2.57     0.8
2019 06 17 19 25 57.720    28.395150    104.849040     3.03     1.0
2019 06 17 19 26 57.460    28.409760    104.865601     5.55     1.3
2019 06 17 19 27 27.520    28.399473    104.844352     3.06     1.5
2019 06 17 19 28 07.400    28.429002    104.754354     5.62     1.6
2019 06 17 19 28 36.500    28.407532    104.861353     0.51     1.1
2019 06 17 19 29 01.720    28.410653    104.809505     3.96     1.3
2019 06 17 19 31 05.880    28.405916    104.883341     5.06     1.0
2019 06 17 19 31 30.600    28.384580    104.851131      2.4     1.4
2019 06 17 19 32 11.560    28.418306    104.779378     2.71     1.5
2019 06 17 19 32 40.560    28.424998    104.756413     5.97     2.7
2019 06 17 19 34 01.520    28.426227    104.797298     3.81     1.2
2019 06 17 19 34 23.560    28.389612    104.852311     2.56     1.2
2019 06 17 19 34 52.180    28.407080    104.859855     2.86     1.3
2019 06 17 19 35 17.220    28.410413    104.853564     2.92     1.1
2019 06 17 19 35 53.840    28.389775    104.871037     2.17     0.7
2019 06 17 19 37 04.400    28.392367    104.858854      2.3     1.3
2019 06 17 19 39 08.840    28.405927    104.830542     3.68     1.5
2019 06 17 19 39 33.060    28.408527    104.821102     3.13     1.7
2019 06 17 19 40 35.260    28.389797    104.861800     2.93     0.9
2019 06 17 19 41 27.700    28.407432    104.822225     2.14     0.5
2019 06 17 19 42 07.660    28.364712    104.937931     3.11     1.6
2019 06 17 19 41 40.880    28.428469    104.766854     5.83     0.7
2019 06 17 19 42 54.800    28.410777    104.804077     3.49     1.5
2019 06 17 19 43 34.000    28.400254    104.864689      6.5     1.7
2019 06 17 19 43 47.880    28.401796    104.865487     2.14     1.5
2019 06 17 19 45 03.480    28.394537    104.867651     2.42     1.5
2019 06 17 19 45 15.000    28.371802    104.877962      4.2     1.2
2019 06 17 19 46 24.760    28.364494    104.904370     2.15     1.0
2019 06 17 19 47 08.440    28.404230    104.853979     5.95     0.6
2019 06 17 19 47 32.560    28.375598    104.889225     2.72     1.9
2019 06 17 19 48 09.600    28.378184    104.907666     3.27     2.0
2019 06 17 19 48 44.560    28.412903    104.786719     4.64     0.9
2019 06 17 19 49 46.320    28.410215    104.814925     1.66     1.1
2019 06 17 19 49 35.680    28.392041    104.835286     0.01     0.7
2019 06 17 19 50 22.920    28.417057    104.793026     2.68     2.0
2019 06 17 19 50 09.880    28.412750    104.787606     4.51     1.5
2019 06 17 19 51 15.020    28.430125    104.755607     5.51     1.4
2019 06 17 19 51 58.400    28.396421    104.858415     2.71     2.0
2019 06 17 19 53 24.260    28.413674    104.852026     2.97     1.3
2019 06 17 19 53 08.420    28.420764    104.830103     5.01     1.1
2019 06 17 19 54 00.340    28.403027    104.807007     3.75     0.6
2019 06 17 19 53 51.200    28.415002    104.815055     2.99     0.9
2019 06 17 19 54 23.720    28.423210    104.764982     5.56     1.6
2019 06 17 19 55 45.760    28.383411    104.868156     3.49     1.1
2019 06 17 19 56 19.400    28.405861    104.825065     2.92     0.9
2019 06 17 19 57 01.960    28.423537    104.770199     5.81     3.0
2019 06 17 19 57 31.200    28.425094    104.772673     6.11     1.6
2019 06 17 19 58 04.240    28.408789    104.813005     3.84     1.4
2019 06 17 19 58 38.440    28.398128    104.859017     3.13     1.6
2019 06 17 19 59 03.240    28.422506    104.770597     5.54     1.0
2019 06 17 20 00 38.080    28.410461    104.814502     2.68     1.1
2019 06 17 20 01 40.360    28.392914    104.861410     2.91     1.1
2019 06 17 20 02 03.760    28.373118    104.873910     4.33     1.4
2019 06 17 20 03 41.880    28.364575    104.923104     5.04     1.7
2019 06 17 20 03 18.240    28.405774    104.827702     2.82     0.6
2019 06 17 20 04 29.120    28.395551    104.867025     9.03     3.7
2019 06 17 20 07 08.760    28.394590    104.865226     2.98     1.4
2019 06 17 20 07 25.880    28.395457    104.864087     2.99     1.2
2019 06 17 20 07 40.760    28.419710    104.761068     5.63     0.8
2019 06 17 20 08 23.420    28.395854    104.863485      3.0     0.9
2019 06 17 20 08 38.140    28.394147    104.863135     2.93     1.1
2019 06 17 20 08 27.780    28.422845    104.773120     5.57     1.1
2019 06 17 20 09 21.240    28.380912    104.867122     1.68     0.9
2019 06 17 20 10 02.840    28.426310    104.812614     5.73     1.2
2019 06 17 20 10 12.720    28.395164    104.864250     2.97     1.3
2019 06 17 20 09 52.080    28.419682    104.777352     5.68     0.8
2019 06 17 20 11 08.700    28.427372    104.746045      6.3     4.1
2019 06 17 20 13 04.040    28.426206    104.751270     6.22     1.7
2019 06 17 20 14 56.560    28.405048    104.850334     2.76     2.0
2019 06 17 20 15 35.840    28.398260    104.853296     3.21     1.5
2019 06 17 20 15 54.800    28.415141    104.779191     4.91     1.1
2019 06 17 20 16 51.300    28.392904    104.864315     2.12     0.8
2019 06 17 20 17 00.440    28.406860    104.865243      1.8     1.1
2019 06 17 20 17 09.440    28.423197    104.789396      2.7     0.7
2019 06 17 20 17 58.240    28.392643    104.875114     2.35     1.0
2019 06 17 20 18 54.400    28.379590    104.891943     1.84     0.9
2019 06 17 20 19 26.780    28.387561    104.863534     1.73     0.5
2019 06 17 20 19 15.840    28.433541    104.771753     2.81     0.9
2019 06 17 20 20 03.680    28.375781    104.913029      5.6     0.7
2019 06 17 20 20 52.460    28.373315    104.876286     4.15     1.6
2019 06 17 20 21 03.080    28.407385    104.861776     0.55     1.8
2019 06 17 20 21 08.900    28.389449    104.877433     2.13     1.9
2019 06 17 20 22 37.360    28.406683    104.832796     2.53     1.2
2019 06 17 20 23 20.480    28.396397    104.868896     1.14     0.5
2019 06 17 20 24 04.480    28.406582    104.863737     1.99     0.6
2019 06 17 20 24 13.240    28.409084    104.833447     3.84     1.0
2019 06 17 20 25 37.540    28.393237    104.862500     2.85     0.9
2019 06 17 20 25 48.160    28.362528    104.909342     4.57     1.0
2019 06 17 20 27 37.000    28.351548    104.887077     3.32     1.4
2019 06 17 20 28 23.640    28.431873    104.786833     2.74     0.8
2019 06 17 20 29 25.440    28.396177    104.862809     3.01     0.9
2019 06 17 20 29 34.420    28.401904    104.829045     0.64     1.1
2019 06 17 20 31 03.580    28.401809    104.861312     3.09     0.9
2019 06 17 20 31 36.500    28.421877    104.782593     2.88     0.8
2019 06 17 20 31 52.580    28.421688    104.775391     5.62     2.6
2019 06 17 20 32 16.840    28.421224    104.773438     5.39     1.5
2019 06 17 20 32 44.300    28.414219    104.767822     5.32     1.3
2019 06 17 20 32 38.500    28.431337    104.759969     6.86     1.2
2019 06 17 20 33 36.920    28.393776    104.856405     2.95     3.0
2019 06 17 20 33 24.120    28.413159    104.855151     3.04     1.4
2019 06 17 20 34 11.180    28.403723    104.853654     3.05     1.9
2019 06 17 20 34 41.360    28.391042    104.883960     1.82     1.3
2019 06 17 20 35 03.440    28.397160    104.860921     3.12     1.5
2019 06 17 20 36 36.600    28.386076    104.884399      1.7     1.3
2019 06 17 20 37 42.140    28.339726    104.886694     4.34     2.7
2019 06 17 20 37 18.840    28.405817    104.825350     3.12     0.9
2019 06 17 20 39 41.320    28.403890    104.818896     2.48     1.7
2019 06 17 20 39 57.400    28.392497    104.858610     2.24     1.6
2019 06 17 20 40 58.960    28.399502    104.846037     3.06     0.9
2019 06 17 20 41 21.600    28.414817    104.853158     3.04     1.2
2019 06 17 20 43 07.780    28.393319    104.852507     3.36     1.0
2019 06 17 20 43 16.280    28.396560    104.858154     5.27     2.2
2019 06 17 20 44 08.000    28.427889    104.763826     5.52     1.1
2019 06 17 20 45 18.120    28.408862    104.819206     3.22     1.3
2019 06 17 20 44 56.360    28.395284    104.855094     2.92     0.6
2019 06 17 20 45 57.960    28.384583    104.889282     1.85     1.0
2019 06 17 20 47 08.160    28.434617    104.766650     4.06     1.1
2019 06 17 20 48 01.600    28.385588    104.891911     1.99     0.9
2019 06 17 20 48 32.240    28.425002    104.759326     5.28     1.4
2019 06 17 20 49 01.080    28.376272    104.876400     1.16     0.8
2019 06 17 20 49 36.160    28.396810    104.863647     3.13     1.1
2019 06 17 20 51 07.280    28.405090    104.829875     3.55     1.3
2019 06 17 20 52 07.200    28.387616    104.924398     2.77     0.9
2019 06 17 20 52 37.720    28.426005    104.802466     4.22     1.0
2019 06 17 20 52 19.240    28.377824    104.903589     1.89     0.9
2019 06 17 20 52 54.420    28.384932    104.854183     2.53     1.1
2019 06 17 20 53 34.760    28.422032    104.772624     5.59     2.4
2019 06 17 20 54 36.920    28.407300    104.808521     1.76     1.1
2019 06 17 20 54 45.680    28.414160    104.789299     4.96     1.1
2019 06 17 20 55 12.080    28.389980    104.854020      3.0     1.2
2019 06 17 20 55 41.680    28.428251    104.761963     5.56     2.0
2019 06 17 20 55 51.080    28.427289    104.759774     5.51     2.0
2019 06 17 20 56 19.180    28.335356    104.888664     4.07     1.2
2019 06 17 20 57 15.080    28.435999    104.768815     5.52     2.0
2019 06 17 20 58 54.920    28.388253    104.852873     2.97     1.8
2019 06 17 20 58 42.220    28.410514    104.810124     4.03     1.7
2019 06 17 20 59 53.560    28.405817    104.817562     2.52     2.0
2019 06 17 20 59 41.520    28.415662    104.805770     0.37     1.7
2019 06 17 21 00 26.280    28.395911    104.862817      3.0     1.2
2019 06 17 21 00 42.520    28.429966    104.763647     5.31     0.7
2019 06 17 21 02 31.800    28.429169    104.776522     2.94     0.5
2019 06 17 21 02 58.160    28.412813    104.808919     1.54     0.6
2019 06 17 21 03 25.920    28.381040    104.837150     5.68     4.7
2019 06 17 21 04 51.720    28.391730    104.871379      2.3     2.7
2019 06 17 21 06 52.940    28.421824    104.795728     2.66     2.1
2019 06 17 21 06 30.040    28.425389    104.759017      5.7     2.0
2019 06 17 21 07 07.640    28.426235    104.758651     5.68     2.8
2019 06 17 21 08 24.400    28.419659    104.781405     5.14     1.7
2019 06 17 21 08 42.000    28.430910    104.764860     5.85     3.4
2019 06 17 21 10 26.000    28.375521    104.905558     2.78     1.3
2019 06 17 21 10 39.520    28.396639    104.861784     3.06     2.1
2019 06 17 21 11 26.000    28.403640    104.848991      3.4     1.5
2019 06 17 21 10 59.000    28.424579    104.763981     5.13     0.9
2019 06 17 21 11 08.120    28.423785    104.802791     2.76     1.2
2019 06 17 21 12 09.260    28.420412    104.776709     3.16     1.0
2019 06 17 21 12 53.600    28.425151    104.796606     3.76     1.8
2019 06 17 21 12 34.460    28.422247    104.782292      5.3     1.1
2019 06 17 21 12 58.640    28.445426    104.756746     5.58     2.3
2019 06 17 21 13 34.720    28.381549    104.864933     1.79     1.7
2019 06 17 21 15 21.320    28.419043    104.780501     2.81     0.8
2019 06 17 21 16 05.700    28.392312    104.867635     3.07     2.7
2019 06 17 21 17 26.360    28.418522    104.781486     5.81     2.8
2019 06 17 21 17 43.540    28.387242    104.871167     1.58     2.9
2019 06 17 21 18 21.600    28.408394    104.860954     2.48     1.9
2019 06 17 21 19 22.180    28.391565    104.868636     2.86     1.4
2019 06 17 21 20 08.320    28.413342    104.784245     1.04     0.5
2019 06 17 21 21 01.240    28.396092    104.855452     2.62     0.7
2019 06 17 21 21 28.620    28.412262    104.815959     3.67     1.3
2019 06 17 21 22 38.680    28.431458    104.790755     3.06     0.8
2019 06 17 21 22 59.640    28.410498    104.853540     2.92     1.1
2019 06 17 21 23 27.520    28.428198    104.789632     5.52     2.2
2019 06 17 21 24 47.840    28.410980    104.851603     2.96     1.2
2019 06 17 21 26 22.400    28.432229    104.750749     6.31     1.0
2019 06 17 21 26 58.000    28.363757    104.898836     2.71     1.5
2019 06 17 21 28 22.040    28.401864    104.854215     2.92     1.4
2019 06 17 21 28 46.720    28.440824    104.755705     5.52     1.5
2019 06 17 21 29 26.220    28.426296    104.799495     3.71     1.2
2019 06 17 21 29 40.280    28.416764    104.781323     6.22     0.6
2019 06 17 21 30 27.560    28.429954    104.757975     5.59     1.9
2019 06 17 21 30 23.840    28.397302    104.849561     3.57     1.4
2019 06 17 21 31 15.320    28.417426    104.877523     3.22     0.3
2019 06 17 21 31 50.080    28.419989    104.771501     5.46     1.2
2019 06 17 21 32 14.740    28.419017    104.781885     5.69     2.7
2019 06 17 21 34 04.500    28.369491    104.902336     2.57     1.4
2019 06 17 21 34 41.280    28.423716    104.770459     5.51     1.3
2019 06 17 21 36 35.920    28.383309    104.858545    -0.62     0.9
2019 06 17 21 37 18.500    28.412004    104.814535     3.84     1.0
2019 06 17 21 38 57.300    28.391518    104.869727     2.11     0.3
2019 06 17 21 39 25.400    28.366101    104.935490     2.91     1.7
2019 06 17 21 40 06.860    28.391296    104.863257     5.42     1.0
2019 06 17 21 40 39.640    28.381455    104.871379     1.86     2.2
2019 06 17 21 43 17.360    28.373035    104.912809     2.68     0.8
2019 06 17 21 44 24.760    28.413975    104.787166     2.55     1.2
2019 06 17 21 44 56.600    28.407943    104.822477     3.32     1.9
2019 06 17 21 45 21.360    28.387197    104.891024     2.67     1.7
2019 06 17 21 47 16.040    28.378015    104.883789     2.33     0.8
2019 06 17 21 48 09.020    28.380251    104.908480     2.94     1.0
2019 06 17 21 48 37.860    28.367712    104.944116     2.24     0.8
2019 06 17 21 49 08.200    28.388206    104.862923     2.37     2.0
2019 06 25 23 31 41.040    28.412321    104.812191     7.19     4.2
2019 06 17 21 52 26.180    28.413175    104.807910     4.41     2.8
2019 06 17 21 53 37.000    28.408398    104.867065      5.4     1.6
2019 06 17 21 54 32.840    28.422611    104.797168     3.01     2.4
2019 06 17 21 55 25.920    28.367544    104.945907     2.28     1.3
2019 06 17 21 55 19.900    28.392938    104.866691     2.74     0.8
2019 06 17 21 56 16.640    28.419336    104.786239     2.66     0.8
2019 06 17 21 56 22.040    28.410128    104.812549     3.36     1.3
2019 06 17 21 58 24.160    28.399599    104.852157     3.36     1.8
2019 06 17 21 58 00.800    28.391380    104.868831     2.29     0.7
2019 06 17 21 58 17.600    28.419784    104.787793     5.21     2.0
2019 06 17 21 58 33.720    28.422219    104.783643     1.72     1.9
2019 06 17 21 59 34.840    28.411361    104.825692     3.95     1.3
2019 06 17 21 59 24.480    28.448232    104.723519     8.83     0.9
2019 06 17 22 01 51.840    28.431158    104.742293     5.61     1.0
2019 06 17 22 03 12.360    28.411759    104.797054     4.12     1.1
2019 06 17 22 03 48.440    28.410085    104.848918     2.56     0.8
2019 06 17 22 04 23.180    28.410590    104.868229     2.06     0.7
2019 06 17 22 04 34.660    28.424573    104.799495     5.51     3.1
2019 06 17 22 05 11.580    28.420693    104.786711     5.27     2.1
2019 06 17 22 07 42.080    28.360016    104.937980     2.16     0.9
2019 06 17 22 08 23.100    28.418909    104.792660     5.36     0.9
2019 06 17 22 10 32.040    28.423269    104.782194     5.24     1.0
2019 06 17 22 11 19.240    28.390548    104.865576     2.63     0.9
2019 06 17 22 11 26.240    28.416431    104.792603     2.68     1.2
2019 06 17 22 12 07.660    28.361538    104.933691     2.24     0.8
2019 06 17 22 12 19.000    28.407916    104.805461    -0.63     0.9
2019 06 17 22 12 47.160    28.429966    104.787736     5.47     1.8
2019 06 17 22 13 19.140    28.422935    104.770597     5.35     1.9
2019 06 17 22 14 56.020    28.396248    104.862712     3.03     1.8
2019 06 17 22 15 20.920    28.420426    104.784953     5.28     1.3
2019 06 17 22 15 53.560    28.418178    104.791691     4.78     1.4
2019 06 17 22 16 33.020    28.430339    104.791960     3.27     1.5
2019 06 17 22 17 42.900    28.420378    104.783911     5.25     0.8
2019 06 17 22 18 43.840    28.421965    104.796517     5.06     1.9
2019 06 17 22 18 30.960    28.401143    104.860872     5.79     2.0
2019 06 17 22 19 16.420    28.421883    104.772900     5.22     1.4
2019 06 17 22 18 58.280    28.376654    104.877661    -0.23     1.8
2019 06 17 22 19 53.520    28.404181    104.855656     2.88     1.0
2019 06 17 22 20 21.920    28.400222    104.861125     3.21     1.5
2019 06 17 22 20 39.800    28.420870    104.786483     5.18     1.1
2019 06 17 22 21 25.280    28.377806    104.877531    -0.19     1.3
2019 06 17 22 21 04.920    28.380251    104.848291     2.59     0.9
2019 06 17 22 22 25.080    28.418239    104.791821     5.19     2.0
2019 06 17 22 25 48.000    28.432499    104.770719     4.28     1.3
2019 06 17 22 25 28.760    28.431728    104.789242     2.97     0.7
2019 06 17 22 27 00.400    28.417159    104.834465     5.06     1.1
2019 06 17 22 27 29.880    28.435248    104.765715     2.22     1.2
2019 06 17 22 27 56.000    28.413920    104.855249     7.86     0.4
2019 06 17 22 28 54.080    28.372754    104.904826     3.54     1.1
2019 06 17 22 28 34.320    28.402806    104.838346     2.75     0.7
2019 06 17 22 29 33.960    28.389242    104.883659     2.47     0.9
2019 06 17 22 29 59.560    28.378141    104.906657     3.21     1.3
2019 06 17 22 29 48.820    28.419889    104.762061     1.88     0.9
2019 06 17 22 32 12.720    28.379213    104.898991     3.72     1.1
2019 06 17 22 32 29.120    28.403135    104.821672     2.03     1.0
2019 06 17 22 32 57.480    28.401442    104.817790     1.53     1.3
2019 06 17 22 32 50.820    28.391815    104.896753     0.43     1.0
2019 06 17 22 33 18.440    28.366386    104.925146     1.95     0.8
2019 06 17 22 33 39.500    28.377907    104.884660     4.23     1.2
2019 06 17 22 35 02.040    28.414703    104.809578     5.14     2.8
2019 06 17 22 34 43.360    28.400844    104.826750     2.09     1.2
2019 06 17 22 35 49.620    28.401318    104.864461     2.95     1.5
2019 06 17 22 37 25.560    28.412667    104.799731     2.89     1.0
2019 06 17 22 38 05.820    28.395437    104.848999     2.69     1.0
2019 06 17 22 38 14.340    28.429095    104.768636      4.5     1.2
2019 06 17 22 39 15.880    28.367466    104.933317     2.22     1.2
2019 06 17 22 40 24.080    28.421293    104.859212     2.86     1.1
2019 06 17 22 40 52.800    28.383130    104.894523     2.84     0.4
2019 06 17 22 43 51.640    28.443622    104.736523     7.38     0.7
2019 06 17 22 44 23.620    28.417102    104.769865      5.3     1.0
2019 06 17 22 45 25.360    28.405701    104.853035     3.11     0.8
2019 06 17 22 45 57.380    28.441298    104.755298     5.56     1.3
2019 06 17 22 47 22.340    28.398556    104.853971     5.47     0.6
2019 06 17 22 47 32.440    28.395913    104.852759     2.79     0.8
2019 06 17 22 48 30.940    28.395685    104.848031     2.76     0.7
2019 06 17 22 49 57.700    28.413167    104.854460     2.83     0.6
2019 06 17 22 52 36.240    28.409521    104.826530     4.28     1.2
2019 06 17 22 53 32.400    28.394436    104.862785     3.02     0.6
2019 06 17 22 54 10.300    28.456283    104.727718     5.15     1.3
2019 06 17 22 55 33.040    28.396316    104.864811     3.07     0.7
2019 06 17 22 56 52.540    28.382977    104.895036     2.77     0.8
2019 06 17 22 57 43.760    28.391471    104.861694     3.14     1.9
2019 06 17 22 58 11.500    28.385282    104.879679     4.19     2.3
2019 06 17 23 01 41.480    28.409182    104.862142     6.53     1.4
2019 06 17 23 02 27.180    28.401017    104.869629     2.75     0.7
2019 06 17 23 03 52.400    28.417387    104.793840     5.26     2.5
2019 06 17 23 05 59.880    28.415837    104.783911     5.79     1.5
2019 06 17 23 07 06.740    28.418290    104.777262     5.49     2.1
2019 06 17 23 07 44.260    28.417013    104.793441     2.69     1.8
2019 06 17 23 09 50.160    28.418551    104.777547     5.41     1.0
2019 06 17 23 10 15.520    28.340285    104.891496     2.73     0.2
2019 06 17 23 10 44.360    28.381396    104.862736     2.95     1.2
2019 06 17 23 12 41.340    28.349357    104.944019     2.98     1.0
2019 06 17 23 13 16.120    28.350596    104.888281     1.92     0.5
2019 06 17 23 15 55.960    28.407914    104.845296     3.51     0.8
2019 06 17 23 16 47.740    28.352466    104.890723     3.35     0.8
2019 06 17 23 17 23.160    28.415389    104.814217     3.47     0.8
2019 06 17 23 18 12.660    28.414510    104.786434     5.06     1.5
2019 06 17 23 19 17.400    28.384275    104.855965     2.51     1.8
2019 06 17 23 19 51.660    28.361674    104.950293     2.82     1.2
2019 06 17 23 21 37.000    28.419169    104.807422     0.84     0.7
2019 06 17 23 22 03.160    28.376491    104.885409     2.32     0.9
2019 06 17 23 22 58.040    28.376933    104.898747     4.24     0.8
2019 06 17 23 23 39.560    28.428617    104.761540     5.87     1.5
2019 06 17 23 24 03.080    28.412923    104.821810     5.53     3.1
2019 06 17 23 25 08.000    28.381608    104.900187      5.0     0.8
2019 06 17 23 27 15.560    28.427232    104.799447      3.8     2.3
2019 06 26 17 22 00.980    28.436806    104.764844     5.71     2.2
2019 06 17 23 29 31.880    28.384703    104.872786     5.02     3.2
2019 06 17 23 31 48.240    28.433097    104.752954      5.6     1.3
2019 06 17 23 33 12.480    28.389260    104.853923     2.66     0.7
2019 06 17 23 34 33.360    28.386853    104.874333     6.59     5.2
2019 06 17 23 38 09.320    28.415438    104.803776     5.36     2.0
2019 06 17 23 38 40.360    28.420036    104.786556      5.1     1.6
2019 06 17 23 39 25.700    28.402769    104.868433     2.37     2.0
2019 06 17 23 40 50.120    28.409788    104.874349     4.88     1.5
2019 06 17 23 41 32.600    28.396452    104.846899     3.14     2.0
2019 06 17 23 42 25.020    28.389956    104.863127     2.14     1.4
2019 06 17 23 43 30.400    28.397723    104.854622     3.17     1.1
2019 06 17 23 45 26.920    28.408191    104.868262     5.53     2.0
2019 06 17 23 46 19.320    28.384526    104.872363     2.94     2.5
2019 06 17 23 49 14.080    28.390214    104.867326     3.25     1.0
2019 06 17 23 51 49.840    28.389817    104.864787     2.98     1.4
2019 06 17 23 51 27.980    28.392002    104.859652     4.82     1.1
2019 06 17 23 52 12.960    28.395496    104.849211     2.96     1.5
2019 06 17 23 52 22.120    28.396602    104.865332     3.11     1.6
2019 06 17 23 54 17.940    28.389571    104.858512     2.73     0.8
2019 06 17 23 55 01.640    28.410205    104.874878     4.83     0.8
2019 06 17 23 55 46.720    28.439514    104.797119     5.73     2.7
2019 06 17 23 57 23.940    28.391270    104.848649     2.86     1.4
2019 06 17 23 58 18.120    28.395835    104.846411     2.79     1.3
2019 06 18 00 01 08.280    28.388155    104.857609     2.68     3.0
2019 06 18 00 03 33.780    28.388070    104.880241     0.84     1.1
2019 06 18 00 04 12.100    28.422589    104.771948     5.67     1.1
2019 06 18 00 04 55.080    28.413517    104.821908      5.7     1.4
2019 06 18 00 06 25.520    28.399927    104.855688     5.29     2.9
2019 06 18 00 08 28.900    28.355756    104.935750     2.01     1.1
2019 06 18 00 09 02.250    28.417810    104.795312     5.21     1.4
2019 06 18 00 09 40.790    28.383866    104.920125     4.95     1.1
2019 06 18 00 10 47.210    28.421277    104.801554    -0.34     1.0
2019 06 18 00 11 16.770    28.390885    104.871143     1.66     0.8
2019 06 18 00 12 47.340    28.399341    104.854272     5.32     1.1
2019 06 18 00 13 46.010    28.402022    104.872965     5.21     0.7
2019 06 18 00 14 36.940    28.425000    104.756559      6.0     1.3
2019 06 18 00 14 52.790    28.424109    104.802230      5.4     4.0
2019 06 18 00 17 23.050    28.381165    104.863745      2.1     1.6
2019 06 18 00 19 03.720    28.392918    104.868840      2.9     1.5
2019 06 18 00 20 50.060    28.381972    104.905672     4.86     0.6
2019 06 18 00 21 25.770    28.388298    104.850081      2.0     0.6
2019 06 18 00 22 27.020    28.394879    104.856689      2.9     0.4
2019 06 18 00 23 12.990    28.374304    104.941016     2.95     1.2
2019 06 18 00 22 54.250    28.352197    104.943034     3.45     1.0
2019 06 18 00 23 38.850    28.418479    104.776953     5.48     1.3
2019 06 18 00 24 11.430    28.435116    104.770361     3.99     1.1
2019 06 18 00 24 39.530    28.368034    104.918018     1.82     1.3
2019 06 18 00 25 22.030    28.379124    104.876302    -0.19     0.8
2019 06 18 00 26 28.420    28.378469    104.898649     3.69     1.1
2019 06 18 00 26 58.930    28.419830    104.774202      2.9     0.9
2019 06 18 00 27 38.700    28.401119    104.817155     1.54     0.9
2019 06 18 00 28 16.170    28.390753    104.889583     4.98     1.0
2019 06 18 00 28 09.730    28.421472    104.779761     5.46     1.1
2019 06 18 00 29 08.630    28.367605    104.921240     1.95     1.1
2019 06 18 00 29 25.420    28.454325    104.722209     8.81     1.0
2019 06 18 00 30 09.530    28.387754    104.877336     4.16     0.9
2019 06 18 00 32 00.990    28.415889    104.882104     4.96     0.9
2019 06 18 00 35 18.410    28.385272    104.869906     2.36     0.6
2019 06 18 00 36 14.220    28.388243    104.840568     2.52     0.7
2019 06 18 00 36 48.400    28.407717    104.876872     4.67     0.6
2019 06 18 00 37 05.460    28.396407    104.847729     1.73     1.1
2019 06 18 00 37 49.780    28.418919    104.788566     5.17     1.7
2019 06 18 00 39 18.280    28.429702    104.746370      6.7     0.8
2019 06 18 00 39 01.680    28.421051    104.784920     5.32     0.7
2019 06 18 00 39 55.350    28.378013    104.865234      1.6     3.2
2019 06 18 00 41 14.560    28.398690    104.844352     2.94     1.2
2019 06 18 00 42 01.440    28.400942    104.886800     4.84     1.4
2019 06 18 00 42 50.530    28.352761    104.881714     2.53     1.5
2019 06 18 00 44 17.480    28.354738    104.892668     2.75     1.3
2019 06 18 00 44 30.130    28.420752    104.783659     2.83     1.2
2019 06 18 00 45 32.080    28.421216    104.784928     5.29     0.9
2019 06 18 00 45 53.200    28.418154    104.777116     2.85     1.3
2019 06 18 00 46 25.580    28.384981    104.876204      1.9     1.1
2019 06 18 00 46 51.830    28.377159    104.902197     5.66     0.8
2019 06 18 00 47 25.110    28.421265    104.785018     5.34     1.6
2019 06 18 00 51 40.000    28.384174    104.926074     5.17     0.5
2019 06 18 00 51 57.210    28.421082    104.784009      5.2     0.7
2019 06 18 00 52 43.380    28.422711    104.767782     5.46     0.8
2019 06 18 00 53 26.260    28.405813    104.843473     2.43     0.7
2019 06 18 00 55 02.350    28.392373    104.855428     2.87     0.7
2019 06 18 00 58 03.920    28.345058    104.886393     3.89     1.0
2019 06 18 01 00 15.910    28.397744    104.848047      5.7     2.7
2019 06 18 01 02 39.510    28.424207    104.753621      5.9     1.9
2019 06 18 01 03 36.740    28.428038    104.798568     4.38     0.5
2019 06 18 01 04 26.580    28.394055    104.859953     3.27     2.0
2019 06 18 01 04 12.640    28.440592    104.783374     3.57     1.3
2019 06 18 01 05 22.640    28.424459    104.769881     5.65     1.0
2019 06 18 01 05 49.830    28.373448    104.875155     4.27     1.3
2019 06 18 01 08 27.150    28.415584    104.814217     3.99     2.6
2019 06 18 01 08 55.890    28.419611    104.768107     5.59     2.1
2019 06 18 01 10 37.660    28.427100    104.754476     6.49     0.9
2019 06 18 01 11 12.440    28.385048    104.893351     3.02     1.0
2019 06 18 01 10 55.230    28.429840    104.747485     6.35     1.0
2019 06 18 01 12 04.430    28.417993    104.770907     6.12     1.6
2019 06 18 01 13 27.190    28.426522    104.805420     3.83     2.4
2019 06 18 01 13 11.200    28.400649    104.821493     1.58     1.2
2019 06 18 01 15 19.400    28.407456    104.861532     2.87     1.3
2019 06 18 01 15 03.140    28.411859    104.874251     4.82     0.8
2019 06 18 01 16 48.410    28.381887    104.847404     3.74     0.4
2019 06 18 01 17 46.350    28.434875    104.765511     5.45     0.8
2019 06 18 01 18 39.190    28.436367    104.788542     4.01     1.6
2019 06 18 01 18 15.760    28.426072    104.764665     5.95     0.4
2019 06 18 01 18 54.120    28.421336    104.773568     5.54     1.5
2019 06 18 01 20 02.450    28.390706    104.858057     2.89     0.9
2019 06 18 01 20 38.470    28.385577    104.865291     2.97     1.0
2019 06 18 01 20 45.580    28.396419    104.864681     3.07     1.2
2019 06 18 01 21 58.030    28.385378    104.850342     6.33     0.8
2019 06 18 01 23 30.600    28.409383    104.814331     5.25     1.4
2019 06 18 01 25 17.490    28.413499    104.819116     2.17     0.9
2019 06 18 01 27 22.820    28.391142    104.859310     2.57     0.6
2019 06 18 01 28 36.180    28.411904    104.850203     2.95     0.9
2019 06 18 01 28 26.010    28.406919    104.864648     1.78     0.7
2019 06 18 01 30 45.860    28.412207    104.855957     2.44     0.7
2019 06 18 01 31 12.040    28.419214    104.822860     3.34     0.6
2019 06 18 01 31 36.610    28.392403    104.834570     3.88     1.4
2019 06 18 01 32 29.330    28.402791    104.857544     2.88     1.4
2019 06 18 01 33 55.430    28.438287    104.758716     5.44     1.6
2019 06 18 01 34 55.390    28.383272    104.902612     4.76     1.6
2019 06 18 01 35 04.630    28.406822    104.848332     3.05     2.2
2019 06 18 01 35 46.290    28.389058    104.867928     2.61     1.8
2019 06 18 01 35 30.860    28.435565    104.786206      2.9     1.9
2019 06 18 01 37 58.280    28.408986    104.867114     5.53     1.6
2019 06 18 01 38 47.830    28.418321    104.779395     2.84     0.9
2019 06 18 01 41 28.800    28.364339    104.883138      4.7     1.4
2019 06 18 01 41 50.070    28.404128    104.860498     2.45     1.6
2019 06 18 01 41 43.340    28.409566    104.859440     3.66     1.6
2019 06 18 01 42 58.210    28.390405    104.854329     2.82     0.8
2019 06 18 01 43 15.450    28.416921    104.793368     4.64     0.9
2019 06 18 01 44 07.980    28.414376    104.808317     3.49     1.9
2019 06 18 01 45 11.160    28.425073    104.801937     5.08     1.0
2019 06 18 01 49 02.570    28.423427    104.767546     2.33     1.1
2019 06 18 01 49 44.270    28.359235    104.882023     7.33     1.7
2019 06 18 01 53 10.850    28.424654    104.811247     4.16     0.9
2019 06 18 01 54 12.810    28.444287    104.736865     7.36     1.0
2019 06 18 01 56 18.830    28.431966    104.759953     5.58     0.5
2019 06 18 01 58 45.790    28.404968    104.766170     5.91     1.5
2019 06 18 02 01 08.680    28.412807    104.833398     6.85     0.7
2019 06 18 02 02 30.510    28.419702    104.780493     5.24     0.9
2019 06 18 02 02 51.710    28.419078    104.780534     2.78     0.9
2019 06 18 02 03 47.730    28.411554    104.879793      4.7     1.0
2019 06 18 20 43 20.980    28.362659    104.885360     4.76     1.2
2019 06 18 02 05 41.360    28.398016    104.842301     2.07     0.7
2019 06 18 02 06 46.630    28.407017    104.848389     3.13     1.3
2019 06 18 02 06 33.690    28.395487    104.854207     3.87     0.5
2019 06 18 02 09 55.750    28.421568    104.855086     3.07     0.6
2019 06 18 02 10 48.230    28.383791    104.883716     3.13     1.1
2019 06 18 02 12 24.670    28.424540    104.781592     5.06     0.6
2019 06 18 02 13 25.440    28.413503    104.807560      2.0     1.5
2019 06 18 02 15 50.300    28.412746    104.850806     2.94     1.4
2019 06 18 02 16 27.730    28.380440    104.902197     2.97     1.3
2019 06 18 02 17 42.930    28.422799    104.782446      5.3     1.0
2019 06 18 02 18 18.960    28.425462    104.753459     6.45     0.8
2019 06 18 02 19 08.210    28.433114    104.780623     2.85     0.6
2019 06 18 02 20 14.640    28.434353    104.742432     7.13     2.3
2019 06 18 02 21 56.100    28.417208    104.783195     4.92     1.0
2019 06 18 02 22 41.620    28.450739    104.734904      7.0     0.8
2019 06 18 02 23 36.230    28.419155    104.776449     5.84     0.7
2019 06 18 02 25 05.030    28.442279    104.720614     9.21     1.1
2019 06 18 02 26 21.640    28.373741    104.913770     2.28     0.3
2019 06 18 02 27 26.990    28.420150    104.769165     2.26     0.9
2019 06 18 02 32 16.230    28.401908    104.864901     2.86     0.6
2019 06 18 02 33 09.200    28.422866    104.779793     5.34     0.9
2019 06 18 02 34 24.140    28.409937    104.823608     2.88     0.6
2019 06 18 02 35 45.650    28.361021    104.940487     2.11     0.8
2019 06 18 02 37 20.710    28.395903    104.851416      2.8     0.8
2019 06 18 02 37 40.160    28.404185    104.855444     2.88     1.0
2019 06 18 02 38 14.250    28.366170    104.932747     2.52     0.8
2019 06 18 02 39 12.540    28.420227    104.786182     5.03     1.4
2019 06 18 02 39 26.560    28.419629    104.785254     2.74     1.3
2019 06 18 02 40 17.100    28.420020    104.787207     5.23     1.3
2019 06 18 02 41 47.830    28.376308    104.905843      2.3     1.0
2019 06 18 02 43 44.880    28.366949    104.916292     3.03     1.3
2019 06 18 02 46 55.620    28.431527    104.798405     4.95     0.8
2019 06 18 02 47 32.780    28.364661    104.946045     2.53     1.0
2019 06 18 02 48 45.070    28.370974    104.949422      3.1     1.0
2019 06 18 02 49 15.240    28.436251    104.762036     5.37     1.1
2019 06 18 02 50 26.330    28.431527    104.848161     2.61     0.7
2019 06 18 02 51 13.210    28.353569    104.891789     3.47     1.3
2019 06 18 02 50 50.130    28.407534    104.828630     3.38     0.5
2019 06 18 02 51 40.960    28.412130    104.811564     3.75     1.3
2019 06 18 02 53 05.390    28.356769    104.884831     7.26     2.4
2019 06 18 02 52 48.700    28.402795    104.820028     5.24     1.0
2019 06 18 02 54 02.340    28.394954    104.847754      1.9     1.7
2019 06 18 02 55 04.210    28.403587    104.818823     2.65     0.9
2019 06 18 02 55 45.440    28.420854    104.771745     5.36     1.3
2019 06 18 02 56 30.400    28.421468    104.783862     5.24     1.2
2019 06 18 02 58 22.700    28.378668    104.875675    -0.07     1.5
2019 06 18 02 58 52.960    28.366569    104.886816     2.81     1.7
2019 06 18 02 59 45.470    28.394857    104.854183     2.95     1.6
2019 06 18 03 00 50.380    28.392088    104.881266     3.41     2.4
2019 06 18 03 04 17.000    28.422101    104.781234     5.17     0.6
2019 06 18 03 04 53.050    28.379183    104.902384     2.77     1.5
2019 06 18 03 05 35.640    28.439276    104.739437     6.65     1.5
2019 06 18 03 05 45.020    28.413643    104.853621     2.95     1.9
2019 06 18 03 06 29.850    28.378931    104.901945     2.76     1.1
2019 06 18 03 07 07.440    28.412671    104.851904     2.95     1.1
2019 06 18 03 09 32.030    28.423051    104.767619     5.23     1.2
2019 06 18 03 09 45.060    28.379437    104.902515     2.79     1.4
2019 06 18 03 09 59.080    28.430961    104.758521     6.24     1.5
2019 06 18 03 10 14.260    28.372406    104.909245     7.31     1.7
2019 06 18 03 11 15.960    28.426794    104.786654     3.11     1.1
2019 06 18 03 11 55.440    28.408144    104.821802     1.77     0.9
2019 06 18 03 12 42.500    28.431742    104.798934     5.48     1.8
2019 06 18 03 16 08.180    28.362384    104.891170     1.51     0.6
2019 06 18 03 17 35.450    28.382922    104.897534     5.38     0.9
2019 06 18 03 21 42.510    28.379753    104.858439     2.89     0.5
2019 06 18 03 22 53.110    28.369041    104.936401     2.28     0.8
2019 06 18 03 24 46.220    28.421676    104.784521     1.78     1.0
2019 06 18 03 25 42.240    28.434231    104.762476     5.95     1.0
2019 06 18 03 25 22.660    28.435868    104.793359     3.44     0.3
2019 06 18 03 26 48.270    28.389648    104.861947     2.89     0.9
2019 06 18 03 28 44.560    28.427230    104.783154     4.77     1.8
2019 06 18 03 32 49.540    28.414396    104.797119      4.2     1.0
2019 06 18 03 32 39.030    28.415245    104.786735     2.47     1.1
2019 06 18 03 33 45.190    28.386894    104.875838     4.64     1.8
2019 06 18 03 34 42.170    28.391457    104.860913     3.26     1.1
2019 06 18 03 41 02.030    28.427639    104.759505     5.74     1.4
2019 06 18 03 41 33.490    28.428463    104.810026     6.17     0.7
2019 06 18 03 43 53.060    28.425026    104.769067     5.69     2.0
2019 06 18 03 45 38.130    28.396257    104.847087     3.11     1.4
2019 06 18 03 46 52.350    28.413961    104.800146     3.73     1.2
2019 06 18 03 48 57.430    28.402244    104.848226     5.28     0.7
2019 06 18 03 49 46.870    28.439097    104.803166      3.6     0.8
2019 06 18 03 49 34.150    28.416886    104.786092     5.63     0.5
2019 06 18 03 56 53.410    28.419065    104.829679     5.64     1.7
2019 06 18 03 57 37.320    28.435830    104.788118     3.98     1.9
2019 06 18 03 59 47.540    28.418166    104.813493     4.97     0.9
2019 06 18 04 00 23.030    28.419969    104.779842     5.24     2.5
2019 06 18 04 01 56.620    28.389500    104.855632     2.78     1.0
2019 06 18 04 05 01.880    28.406738    104.845768     2.71     0.6
2019 06 18 04 05 50.920    28.417167    104.810718     3.53     1.7
2019 06 18 04 07 01.650    28.379657    104.914079      3.4     0.7
2019 06 18 04 07 32.240    28.424583    104.772331      5.7     1.4
2019 06 18 04 09 01.820    28.423773    104.780827      5.5     2.1
2019 06 18 04 10 31.340    28.435797    104.749268     5.64     1.3
2019 06 18 04 11 36.760    28.395076    104.846159     4.86     1.1
2019 06 18 04 13 54.880    28.419552    104.791130     5.25     1.3
2019 06 18 04 14 02.470    28.419633    104.790828      5.2     1.4
2019 06 18 04 14 26.280    28.421334    104.784172     5.24     1.2
2019 06 18 04 18 19.510    28.429641    104.742513      6.8     1.1
2019 06 18 04 18 59.050    28.420709    104.785645     5.27     2.3
2019 06 18 04 20 01.800    28.407025    104.868392    -1.91     0.9
2019 06 18 04 20 22.020    28.426740    104.768929     1.66     1.2
2019 06 18 04 21 41.150    28.400618    104.825936     5.03     1.0
2019 06 18 04 22 44.020    28.412663    104.824601     5.67     2.8
2019 06 18 04 22 26.370    28.420605    104.785392     5.33     1.0
2019 06 18 04 24 13.010    28.437046    104.801563     3.18     1.0
2019 06 18 04 24 48.520    28.378379    104.876554     1.73     0.8
2019 06 18 04 25 19.850    28.424428    104.757259     5.97     1.6
2019 06 18 04 26 45.790    28.413900    104.786442     4.73     1.5
2019 06 18 04 26 21.260    28.401967    104.834115     1.01     0.5
2019 06 18 04 27 47.830    28.378298    104.911702     3.39     0.6
2019 06 18 04 28 48.700    28.417837    104.849007     6.88     0.6
2019 06 18 04 31 01.810    28.430979    104.783228     2.81     1.6
2019 06 18 04 31 50.750    28.350201    104.928418     2.88     1.5
2019 06 18 04 32 55.760    28.423621    104.780420     5.21     1.1
2019 06 18 04 33 33.360    28.423246    104.770638     5.54     0.7
2019 06 18 04 34 52.020    28.418571    104.785026     2.55     1.0
2019 06 18 04 35 29.400    28.389358    104.855713     2.75     1.0
2019 06 18 04 36 20.310    28.436513    104.764331     2.72     0.7
2019 06 18 04 36 57.740    28.432060    104.757137     5.93     0.4
2019 06 18 04 40 25.480    28.403139    104.819881     2.95     1.3
2019 06 18 04 41 14.740    28.423140    104.771143     5.64     1.2
2019 06 18 04 42 08.580    28.433759    104.765186     2.94     0.9
2019 06 18 04 42 38.230    28.424984    104.786149      3.3     0.7
2019 06 18 04 43 47.410    28.404319    104.834342     2.88     0.9
2019 06 18 04 45 49.270    28.377309    104.884562     3.18     0.9
2019 06 18 04 46 26.730    28.419126    104.782007     5.15     0.9
2019 06 18 04 48 19.880    28.436422    104.773494     3.98     0.7
2019 06 18 04 49 28.950    28.437858    104.787248     0.21     0.5
2019 06 18 04 49 41.400    28.421143    104.784635     5.24     0.9
2019 06 18 04 51 19.420    28.422296    104.782674     5.25     1.3
2019 06 18 04 51 59.890    28.411230    104.852319     2.94     0.9
2019 06 18 04 53 05.710    28.356769    104.931128     2.12     1.0
2019 06 18 04 53 52.340    28.404218    104.827425      2.9     0.5
2019 06 18 04 56 26.280    28.417008    104.773283     5.29     1.0
2019 06 18 05 00 16.740    28.412447    104.821525     4.22     1.1
2019 06 18 05 00 10.720    28.377976    104.923470     5.72     0.6
2019 06 18 05 03 52.170    28.420272    104.784147      2.8     1.4
2019 06 18 05 04 21.930    28.410573    104.880745     4.36     0.9
2019 06 18 05 06 56.780    28.391296    104.882869     3.48     0.4
2019 06 18 05 08 49.350    28.421350    104.784326     5.21     0.6
2019 06 18 05 09 15.220    28.427777    104.756584      5.7     1.0
2019 06 18 05 09 55.010    28.431293    104.761776     1.76     0.6
2019 06 18 05 13 06.730    28.420878    104.788859     5.74     1.2
2019 06 18 05 15 12.880    28.420520    104.771810     5.52     1.0
2019 06 18 05 16 10.360    28.419462    104.779053     5.27     2.4
2019 06 18 05 17 21.910    28.435750    104.759961     5.64     3.0
2019 06 18 05 20 45.970    28.355434    104.898755     3.07     0.3
2019 06 18 05 21 48.630    28.394751    104.887793     4.29     1.5
2019 06 18 05 21 21.000    28.393174    104.887451     2.46     0.5
2019 06 18 05 23 00.680    28.439988    104.767122     5.53     2.5
2019 06 18 05 22 53.250    28.329862    104.888403     3.56     0.4
2019 06 18 05 23 42.890    28.420327    104.784644     5.45     3.8
2019 06 18 05 24 57.200    28.408649    104.842407     3.91     2.5
2019 06 18 05 26 28.150    28.422168    104.781535     5.48     1.5
2019 06 18 05 27 55.850    28.421356    104.783130     2.91     1.0
2019 06 18 05 28 23.800    28.389435    104.917529      5.5     1.7
2019 06 18 05 29 04.980    28.422103    104.782804     5.35     0.9
2019 06 18 05 30 20.030    28.422349    104.781510     5.35     1.7
2019 06 18 05 30 47.220    28.419008    104.792122     5.34     1.9
2019 06 18 05 30 56.380    28.405467    104.819295      3.0     1.4
2019 06 18 05 31 49.330    28.421940    104.783960     5.36     2.2
2019 06 18 05 32 41.170    28.393648    104.888086     4.25     1.0
2019 06 18 05 38 15.720    28.396385    104.832886     4.37     1.7
2019 06 18 05 39 38.660    28.427989    104.757218     5.64     2.6
2019 06 18 05 39 24.850    28.421338    104.784448     5.19     1.1
2019 06 18 05 40 07.100    28.389860    104.919165     5.85     1.4
2019 06 18 05 40 15.050    28.377250    104.903003     4.61     1.4
2019 06 18 05 40 49.730    28.422121    104.783211     5.29     1.0
2019 06 18 05 43 02.980    28.436906    104.777555     2.59     4.0
2019 06 18 05 44 17.200    28.354252    104.892155     3.32     1.1
2019 06 18 05 45 21.870    28.421486    104.784261     5.26     0.7
2019 06 18 05 45 43.340    28.410264    104.859977     3.78     0.5
2019 06 18 05 47 40.060    28.422418    104.781689     5.35     1.0
2019 06 18 05 48 17.600    28.394171    104.884424     4.35     1.2
2019 06 18 05 48 37.660    28.388454    104.887891     4.42     0.9
2019 06 18 05 50 04.650    28.423136    104.782772     5.58     1.0
2019 06 18 05 51 16.070    28.422839    104.782625     5.53     0.7
2019 06 18 05 51 54.580    28.387830    104.876888     4.16     0.7
2019 06 18 05 53 46.560    28.397119    104.862899     3.11     1.1
2019 06 18 05 58 59.920    28.404582    104.819995     3.37     0.2
2019 06 18 06 00 33.240    28.405804    104.822982     3.33     0.4
2019 06 18 06 01 57.830    28.393453    104.862809     3.03     0.7
2019 06 18 06 02 43.220    28.434332    104.744336     6.91     0.9
2019 06 18 06 04 01.480    28.383545    104.897380     2.58     1.0
2019 06 18 06 04 49.300    28.421513    104.784399     5.31     1.2
2019 06 18 06 05 47.010    28.378418    104.914217     5.16     0.8
2019 06 18 06 07 50.080    28.413340    104.808586     8.05     3.3
2019 06 18 06 07 14.380    28.421236    104.784473     5.19     0.9
2019 06 18 06 09 33.810    28.423431    104.780534     5.55     2.8
2019 06 18 06 12 21.440    28.421179    104.790788     5.69     0.8
2019 06 18 06 15 43.870    28.435978    104.789811     2.89     1.2
2019 06 18 06 16 59.240    28.425321    104.783805     4.79     1.4
2019 06 18 06 17 41.340    28.380111    104.874105     2.42     1.5
2019 06 18 06 18 38.760    28.430988    104.745345     6.86     2.2
2019 06 18 06 19 45.530    28.424919    104.754622     6.17     1.6
2019 06 18 06 21 01.590    28.418111    104.833325     6.64     1.2
2019 06 18 06 22 00.970    28.432222    104.747306     6.79     1.2
2019 06 18 06 22 13.720    28.421299    104.784505     5.22     1.3
2019 06 18 06 23 04.930    28.434930    104.749243     5.66     1.7
2019 06 18 06 23 27.970    28.425474    104.757593     5.68     1.2
2019 06 18 06 26 53.290    28.429108    104.754378     6.72     2.0
2019 06 18 06 28 48.020    28.417065    104.795744     5.08     1.2
2019 06 18 06 29 36.160    28.409548    104.812516     3.78     0.8
2019 06 18 06 30 57.110    28.402163    104.872371     5.54     0.9
2019 06 18 06 32 06.070    28.420677    104.807235     3.61     0.8
2019 06 18 06 33 27.860    28.423425    104.783700      5.4     0.9
2019 06 18 06 33 49.650    28.415780    104.760620     5.78     1.2
2019 06 18 06 34 08.990    28.421883    104.783618      5.3     0.9
2019 06 18 06 35 17.740    28.423462    104.782365     5.55     1.1
2019 06 18 06 36 21.830    28.405965    104.825570     3.49     1.0
2019 06 18 06 37 15.080    28.448208    104.749780     5.66     1.4
2019 06 18 06 37 41.590    28.432088    104.746558      7.3     1.4
2019 06 18 06 40 57.730    28.409568    104.862020     6.55     2.1
2019 06 18 06 45 44.810    28.389547    104.868823     5.22     2.0
2019 06 18 06 45 21.060    28.419543    104.791178     5.31     0.8
2019 06 18 06 46 31.860    28.404384    104.828743     2.62     0.9
2019 06 18 06 52 02.520    28.418927    104.781445     2.69     1.1
2019 06 18 06 54 00.880    28.389461    104.868807      5.2     1.1
2019 06 18 06 55 58.890    28.418404    104.780827     5.39     1.7
2019 06 18 06 56 47.170    28.419751    104.770882     5.74     0.9
2019 06 18 06 57 57.430    28.419167    104.780981     5.17     1.2
2019 06 18 06 58 27.040    28.396771    104.844393     2.78     0.6
2019 06 18 07 00 00.710    28.398128    104.851538     5.29     0.9
2019 06 18 07 01 13.120    28.417812    104.790226     2.67     1.4
2019 06 18 07 03 15.090    28.424282    104.784497     4.78     1.5
2019 06 18 07 03 51.990    28.404869    104.853532     3.42     0.4
2019 06 18 07 04 37.120    28.357654    104.918986     4.75     2.0
2019 06 18 07 08 47.630    28.427834    104.776286     3.07     0.7
2019 06 18 07 11 09.340    28.421202    104.784440     5.22     0.9
2019 06 18 07 12 09.970    28.422534    104.786979     5.38     0.7
2019 06 18 07 15 05.110    28.419141    104.780892     2.79     0.4
2019 06 18 07 15 46.940    28.402663    104.852466     0.77     0.6
2019 06 18 07 18 53.580    28.383150    104.868530     3.33     1.3
2019 06 18 07 19 57.950    28.410248    104.822298     3.08     0.5
2019 06 18 07 26 24.860    28.421922    104.793115      2.6     1.2
2019 06 18 07 26 17.700    28.437862    104.761678     5.44     1.2
2019 06 18 07 29 43.760    28.394242    104.838810    10.71     0.4
2019 06 18 07 30 52.780    28.416469    104.785010     4.98     1.5
2019 06 18 07 32 32.120    28.384873    104.874105     2.36     1.0
2019 06 18 07 32 40.460    28.398324    104.848771     3.13     1.1
2019 06 18 07 33 35.800    28.425368    104.798153     3.37     0.8
2019 06 18 07 37 12.570    28.448484    104.748730     5.69     2.1
2019 06 18 07 40 08.430    28.389868    104.918750     5.06     2.0
2019 06 18 07 40 28.500    28.406185    104.821484     2.98     2.1
2019 06 18 07 42 28.210    28.398303    104.854826     5.33     0.8
2019 06 18 07 46 01.040    28.411670    104.842700     3.99     0.6
2019 06 18 07 47 21.690    28.422839    104.783610     5.57     2.0
2019 06 18 07 47 49.600    28.388430    104.880135     5.42     0.7
2019 06 18 07 49 18.210    28.382334    104.907739     4.59     1.0
2019 06 18 07 51 39.440    28.395980    104.852425     5.27     0.9
2019 06 18 07 52 13.450    28.387821    104.850830     3.34     0.6
2019 06 18 07 55 57.190    28.428605    104.757381     5.56     1.2
2019 06 18 07 57 09.860    28.404266    104.843050     4.69     1.4
2019 06 18 07 58 16.440    28.418921    104.790885     5.13     1.2
2019 06 18 07 58 53.620    28.402773    104.811564     1.75     0.9
2019 06 18 08 00 24.630    28.410282    104.850977      3.5     0.3
2019 06 18 08 01 40.090    28.407184    104.823828     3.46     0.8
2019 06 18 08 02 45.910    28.407650    104.858285     3.74     0.7
2019 06 18 08 04 37.510    28.421216    104.785107     5.33     1.3
2019 06 18 08 06 46.720    28.431604    104.748055     5.65     1.3
2019 06 18 08 10 06.710    28.414020    104.833667     3.65     0.8
2019 06 18 08 11 47.190    28.359332    104.896305     2.86     0.7
2019 06 18 08 12 27.890    28.364408    104.908407     1.98     0.7
2019 06 18 08 12 09.240    28.417651    104.818262     4.64     0.5
2019 06 18 08 13 52.660    28.371212    104.921525     6.33     1.0
2019 06 18 08 13 34.260    28.442143    104.754736     5.58     1.4
2019 06 18 08 15 07.820    28.416659    104.793237     4.55     0.6
2019 06 18 08 15 23.360    28.405115    104.820451      1.7     0.9
2019 06 18 08 16 14.830    28.422198    104.783504      5.3     1.3
2019 06 18 08 20 07.840    28.387321    104.869043     2.29     1.8
2019 06 18 08 21 45.880    28.419173    104.775439      2.7     1.5
2019 06 18 08 22 18.910    28.433348    104.740381     6.96     1.1
2019 06 18 08 24 38.910    28.437150    104.788900     4.08     1.2
2019 06 18 08 25 06.050    28.419729    104.790715     5.18     0.7
2019 06 18 08 26 48.940    28.424420    104.799015     4.35     0.7
2019 06 18 08 31 10.230    28.439681    104.756030    -1.27     0.9
2019 06 18 08 32 21.350    28.409670    104.828475     3.16     1.0
2019 06 18 08 34 28.460    28.407945    104.853988     1.14     1.5
2019 06 18 08 34 49.300    28.426115    104.799642     2.82     1.1
2019 06 18 08 37 06.180    28.353668    104.929980     2.81     0.7
2019 06 18 08 39 06.090    28.435801    104.741732     0.75     1.0
2019 06 18 08 40 38.400    28.403164    104.830046     3.05     0.9
2019 06 18 08 43 19.840    28.412669    104.787817     2.43     1.6
2019 06 18 08 44 08.220    28.412225    104.813086     2.92     0.8
2019 06 18 08 44 29.100    28.422996    104.776270      5.4     1.5
2019 06 18 08 45 40.230    28.408765    104.854793     1.08     0.9
2019 06 18 08 46 07.890    28.433854    104.777279     5.39     1.1
2019 06 18 08 46 19.170    28.358230    104.925659    -1.09     0.7
2019 06 18 08 47 33.400    28.423289    104.776432     5.26     0.6
2019 06 18 08 50 33.220    28.391543    104.864119     2.65     1.1
2019 06 18 08 51 03.380    28.442668    104.774805     -1.1     0.9
2019 06 18 08 50 51.830    28.423100    104.777222     5.34     1.2
2019 06 18 08 53 25.860    28.411764    104.783309     1.87     0.7
2019 06 18 08 53 12.560    28.411289    104.849552     5.56     0.5
2019 06 18 08 54 55.540    28.421265    104.853166     5.45     0.5
2019 06 18 08 57 43.410    28.391296    104.870898     2.07     0.3
2019 06 18 08 58 59.210    28.420900    104.786808     5.31     0.7
2019 06 18 09 00 10.130    28.423926    104.790601     5.14     0.7
2019 06 18 09 01 20.660    28.427083    104.748291     6.52     1.1
2019 06 18 09 02 37.710    28.423370    104.852287     6.56     2.4
2019 06 18 09 04 06.860    28.407434    104.855534     1.14     0.9
2019 06 18 09 03 49.750    28.406671    104.845215     0.72     0.9
2019 06 18 09 05 35.840    28.377421    104.875635     0.05     0.7
2019 06 18 09 06 05.140    28.401272    104.849040    10.14     1.6
2019 06 18 09 07 44.310    28.422184    104.783626     5.26     0.8
2019 06 18 09 08 12.070    28.423397    104.782935     5.71     0.5
2019 06 18 09 09 11.110    28.392405    104.863151     2.97     1.0
2019 06 18 09 11 27.730    28.360905    104.897835     2.52     0.7
2019 06 18 09 11 47.250    28.417491    104.850073     4.69     1.1
2019 06 18 09 12 16.120    28.361782    104.904142     5.64     1.9
2019 06 18 09 14 03.510    28.427913    104.759489     5.75     0.8
2019 06 18 09 16 17.520    28.445076    104.738509     5.79     1.6
2019 06 18 09 16 36.810    28.392684    104.862443     4.87     1.2
2019 06 18 09 18 15.610    28.436873    104.789714     5.52     0.8
2019 06 18 09 19 19.270    28.398279    104.885107     4.63     1.9
2019 06 18 09 19 04.100    28.410201    104.848682     2.97     1.1
2019 06 18 09 18 54.350    28.365670    104.926619     2.07     0.8
2019 06 18 09 21 29.000    28.362164    104.903174     2.85     0.6
2019 06 18 09 21 58.780    28.399837    104.823730     1.91     1.0
2019 06 18 09 25 29.140    28.418264    104.800773     3.52     0.5
2019 06 18 09 26 58.800    28.442094    104.759928     5.58     0.7
2019 06 18 09 27 50.820    28.396326    104.847770    11.04     0.8
2019 06 18 09 29 53.750    28.421694    104.781079     5.29     1.0
2019 06 18 09 30 39.930    28.436424    104.773779     4.22     0.7
2019 06 18 09 32 29.260    28.425755    104.757397     5.89     1.2
2019 06 18 09 33 14.380    28.422593    104.785034     4.99     0.6
2019 06 18 09 33 56.700    28.398171    104.886955     5.41     1.1
2019 06 18 09 35 34.860    28.436593    104.771330     3.21     1.4
2019 06 18 09 36 59.490    28.410763    104.814941     2.24     0.2
2019 06 18 09 38 36.170    28.395730    104.852620     3.07     0.5
2019 06 18 09 41 48.570    28.410164    104.820532     3.55     0.3
2019 06 18 09 42 26.180    28.362305    104.898893     3.79     1.1
2019 06 18 09 43 46.770    28.418424    104.777726     5.52     0.9
2019 06 18 09 44 06.030    28.377543    104.883464     3.33     1.0
2019 06 18 09 46 27.710    28.402226    104.847534     5.56     0.7
2019 06 18 09 47 27.120    28.402094    104.846094     4.74     0.5
2019 06 18 09 48 12.920    28.409058    104.832145     3.84     0.9
2019 06 18 09 48 52.220    28.444987    104.755477     5.58     1.1
2019 06 18 09 50 33.890    28.390167    104.877222     3.45     0.6
2019 06 18 09 58 28.130    28.421771    104.784285      5.3     1.6
2019 06 18 10 00 24.120    28.417721    104.773275     4.54     0.8
2019 06 18 10 02 16.060    28.371053    104.880111     4.28     1.6
2019 06 18 10 03 25.330    28.434810    104.768368     3.04     0.7
2019 06 18 10 05 01.970    28.421279    104.771639     5.88     1.3
2019 06 18 10 06 42.990    28.410187    104.821126     4.23     1.0
2019 06 18 10 07 30.070    28.413607    104.800602     3.83     0.8
2019 06 18 10 09 28.370    28.409780    104.822843     4.18     1.1
2019 06 18 10 09 59.730    28.435162    104.774845     5.44     3.1
2019 06 18 10 17 13.270    28.421708    104.783870     5.24     0.9
2019 06 18 10 20 44.440    28.404291    104.794466     7.46     0.4
2019 06 18 10 21 13.380    28.366642    104.904191     1.98     0.9
2019 06 18 10 21 23.960    28.421222    104.784880     5.19     0.9
2019 06 18 10 22 26.290    28.436603    104.768278     5.65     0.8
2019 06 18 10 22 50.970    28.443919    104.739819     7.05     1.0
2019 06 18 10 23 06.170    28.435819    104.788379     3.99     1.1
2019 06 18 10 24 03.820    28.391600    104.836003     3.21     0.9
2019 06 18 10 24 51.550    28.413171    104.853556     2.93     0.9
2019 06 18 10 26 27.700    28.342432    104.884269     4.46     0.9
2019 06 18 10 27 36.590    28.395127    104.859310     3.29     0.8
2019 06 18 10 27 49.700    28.392613    104.874634     3.11     1.2
2019 06 18 10 28 38.070    28.411100    104.850236     2.95     1.5
2019 06 18 10 30 04.970    28.427871    104.749821     6.39     1.4
2019 06 18 10 30 36.670    28.432507    104.753459     3.95     0.6
2019 06 18 10 31 59.940    28.432540    104.774854     4.07     1.3
2019 06 18 10 31 37.540    28.384277    104.888826     0.39     0.7
2019 06 18 10 33 15.540    28.423012    104.767619     5.55     1.9
2019 06 18 10 34 50.580    28.405522    104.881730     3.34     1.0
2019 06 18 10 35 11.840    28.427096    104.757316      5.7     1.0
2019 06 18 10 36 17.820    28.435433    104.780151     5.45     0.7
2019 06 18 10 37 04.600    28.420339    104.773804     5.63     2.3
2019 06 18 10 39 14.440    28.423857    104.794149     2.87     0.9
2019 06 18 10 39 00.730    28.387378    104.858952     2.34     0.5
2019 06 18 10 40 15.750    28.419963    104.774992     2.69     1.1
2019 06 18 10 40 02.080    28.421411    104.784261     5.21     0.5
2019 06 18 10 42 22.780    28.415889    104.789624     4.94     0.9
2019 06 18 10 44 52.860    28.389382    104.876497     1.91     0.8
2019 06 18 10 45 48.310    28.425234    104.824048     7.74     1.7
2019 06 18 10 45 30.980    28.420313    104.774731     5.69     0.9
2019 06 18 10 46 41.270    28.409509    104.816870     6.64     0.6
2019 06 18 10 47 17.300    28.361987    104.932471     2.61     0.8
2019 06 18 10 50 46.210    28.411422    104.840251     4.99     0.7
2019 06 18 10 51 41.420    28.404464    104.850041      3.4     0.3
2019 06 18 10 52 12.680    28.418624    104.777075     5.43     1.4
2019 06 18 10 53 58.440    28.409066    104.856649      5.7     3.7
2019 06 18 10 55 37.910    28.331026    104.884041      1.1     1.2
2019 06 18 11 01 09.930    28.429279    104.775480     2.93     1.3
2019 06 18 11 02 12.860    28.431059    104.784017     2.62     0.7
2019 06 18 11 03 13.140    28.422319    104.782471     5.31     1.4
2019 06 18 11 03 01.240    28.429167    104.749561     6.66     1.3
2019 06 18 11 06 09.880    28.439811    104.764543     4.91     0.9
2019 06 18 11 06 52.930    28.387046    104.868742     1.55     0.9
2019 06 18 11 08 04.750    28.388251    104.856950     2.44     0.6
2019 06 18 11 08 32.560    28.405253    104.826546     3.18     0.8
2019 06 18 11 10 57.360    28.391964    104.884587     2.41     0.8
2019 06 18 11 12 10.540    28.382365    104.878076     1.95     3.0
2019 06 18 11 14 17.520    28.389825    104.860905      2.2     1.2
2019 06 18 11 18 21.150    28.359499    104.927645     2.59     0.6
2019 06 18 11 20 35.830    28.401263    104.853223     3.26     0.5
2019 06 18 11 20 41.630    28.419820    104.783040     5.36     0.7
2019 06 18 11 21 45.340    28.402053    104.816715     2.43     1.3
2019 06 18 11 23 00.110    28.355121    104.889673     3.11     0.1
2019 06 18 11 24 01.250    28.391813    104.866829     3.17     1.6
2019 06 18 11 24 14.680    28.423753    104.769222     5.51     2.0
2019 06 18 11 25 26.850    28.352751    104.947192     2.55     0.8
2019 06 18 11 26 38.840    28.437502    104.795760     4.87     0.7
2019 06 18 11 28 23.430    28.419334    104.777352     5.26     1.0
2019 06 18 11 29 14.930    28.394263    104.857056     2.52     0.3
2019 06 18 11 29 27.460    28.430990    104.752433      6.6     1.3
2019 06 18 11 30 43.330    28.418512    104.778792      5.2     1.2
2019 06 18 11 31 51.710    28.348360    104.943205     4.39     0.9
2019 06 18 11 33 41.070    28.371230    104.891382     3.47     0.5
2019 06 18 11 35 20.340    28.387301    104.861125     2.12     0.6
2019 06 18 11 36 19.120    28.428908    104.756942     5.73     0.7
2019 06 18 11 37 54.410    28.429665    104.752311     5.61     0.9
2019 06 18 11 40 21.160    28.414427    104.852010     2.98     1.5
2019 06 18 11 44 21.550    28.426497    104.759937     6.79     1.0
2019 06 18 11 45 50.930    28.422784    104.771956     5.59     0.4
2019 06 18 11 46 56.670    28.431378    104.737410     7.45     1.1
2019 06 18 11 47 32.500    28.429240    104.775618     2.92     0.7
2019 06 18 11 48 58.250    28.341313    104.884326     4.57     0.6
2019 06 18 11 50 42.700    28.419739    104.772990     2.49     0.7
2019 06 18 11 51 16.940    28.423419    104.771566     5.44     0.9
2019 06 18 11 54 48.440    28.426048    104.756714     7.11     2.6
2019 06 18 11 58 53.860    28.425954    104.752222      6.2     1.6
2019 06 18 11 58 43.690    28.364307    104.928467     2.64     0.9
2019 06 18 12 01 11.830    28.397068    104.860872     3.06     1.1
2019 06 18 12 02 30.490    28.430959    104.751245     3.16     0.7
2019 06 18 12 04 15.890    28.424190    104.771183     5.67     0.8
2019 06 18 12 04 49.630    28.412413    104.813761     3.95     1.3
2019 06 18 12 05 38.630    28.378839    104.910938     3.37     1.2
2019 06 18 12 06 07.700    28.413021    104.786523     4.57     1.0
2019 06 18 12 06 13.870    28.399776    104.842684     0.96     0.8
2019 06 18 12 08 39.940    28.390004    104.863354     2.87     1.0
2019 06 18 12 10 36.910    28.374170    104.910653     5.07     1.2
2019 06 18 12 12 20.700    28.428286    104.796753     3.86     0.6
2019 06 18 12 12 48.890    28.391366    104.831502     4.89     1.0
2019 06 18 12 13 04.890    28.419788    104.807357     3.14     0.7
2019 06 18 12 15 57.640    28.397953    104.830420     5.11     0.2
2019 06 18 12 17 41.270    28.420866    104.772323     5.46     0.8
2019 06 18 12 20 54.860    28.439423    104.836499     8.06     1.0
2019 06 18 12 21 22.040    28.420614    104.781860     5.22     0.7
2019 06 18 12 22 28.860    28.402966    104.830656     2.52     0.8
2019 06 18 12 22 56.730    28.357245    104.902767    15.27     0.9
2019 06 18 12 23 53.780    28.426556    104.833537     5.96     0.6
2019 06 18 12 24 19.300    28.362915    104.894352     2.69     0.5
2019 06 18 12 24 53.760    28.424644    104.754232     6.06     2.0
2019 06 18 12 25 34.890    28.421275    104.793799     2.21     1.3
2019 06 18 12 29 06.010    28.414309    104.836157     2.73     1.1
2019 06 18 12 31 27.230    28.416756    104.792660     4.47     0.4
2019 06 18 12 32 38.540    28.380363    104.899870     2.42     0.7
2019 06 18 12 33 34.740    28.421114    104.773201     5.41     1.1
2019 06 18 12 33 58.260    28.437541    104.785482     3.96     2.0
2019 06 18 12 35 22.300    28.425818    104.752596     4.77     1.0
2019 06 18 12 35 58.100    28.439087    104.786092     5.58     1.4
2019 06 18 12 36 44.720    28.437490    104.784660     3.99     1.3
2019 06 18 12 37 26.180    28.356122    104.886580     7.24     1.6
2019 06 18 12 38 11.040    28.359178    104.889901     4.48     1.8
2019 06 18 12 40 44.930    28.415883    104.787126     2.63     1.4
2019 06 18 12 40 22.140    28.379519    104.868091     1.48     1.0
2019 06 23 04 11 21.050    28.422776    104.771460     5.36     0.8
2019 06 18 12 41 44.910    28.347390    104.937598     2.32     0.4
2019 06 18 12 42 40.480    28.424833    104.770589     5.41     0.9
2019 06 18 12 43 13.780    28.395422    104.854435     2.96     1.2
2019 06 18 12 42 50.040    28.354924    104.930550     2.75     1.0
2019 06 18 12 44 41.330    28.387193    104.882275     4.02     0.2
2019 06 18 12 45 29.270    28.368046    104.946777     3.24     0.3
2019 06 18 12 46 05.420    28.421855    104.783838     5.34     1.4
2019 06 18 12 46 38.710    28.395573    104.853646     2.97     0.9
2019 06 18 12 48 11.660    28.433101    104.773755     4.13     0.7
2019 06 18 12 48 44.120    28.418286    104.782153     2.71     0.9
2019 06 18 12 53 47.550    28.373490    104.923462     3.82     0.4
2019 06 18 12 54 07.850    28.424939    104.772599     5.37     0.8
2019 06 18 12 56 02.160    28.372843    104.922428     1.61     0.5
2019 06 18 12 55 40.420    28.389364    104.842546     2.95     0.4
2019 06 18 12 56 24.880    28.404091    104.827018     3.46     0.9
2019 06 18 12 58 16.940    28.350006    104.934798     2.27     0.6
2019 06 18 12 59 36.040    28.358962    104.889901     4.37     0.7
2019 06 18 13 00 04.290    28.438348    104.782495     2.97     1.5
2019 06 18 12 59 50.750    28.360282    104.890609     3.75     0.6
2019 06 18 13 00 37.130    28.419989    104.789941     5.25     1.7
2019 06 18 13 00 42.800    28.419806    104.790568     5.32     1.8
2019 06 18 13 03 53.760    28.425301    104.755575     6.11     0.8
2019 06 18 13 04 37.220    28.388920    104.862826     3.28     0.5
2019 06 18 13 05 30.110    28.425140    104.751986      6.3     0.7
2019 06 18 13 05 49.230    28.413293    104.849829     2.95     0.9
2019 06 18 13 06 13.240    28.424406    104.782910     2.77     1.0
2019 06 18 13 06 54.680    28.423545    104.781266     5.49     1.5
2019 06 18 13 07 45.120    28.419708    104.839160     1.26     0.5
2019 06 18 13 08 40.800    28.345669    104.946696     3.32     1.1
2019 06 18 13 08 26.240    28.395829    104.857967     1.84     0.8
2019 06 18 13 09 29.430    28.398480    104.847347     3.58     0.7
2019 06 18 13 10 02.910    28.421023    104.782894     5.39     0.6
2019 06 18 13 10 53.020    28.434456    104.744019     6.92     1.1
2019 06 18 13 11 51.950    28.422249    104.782715     5.26     0.6
2019 06 18 13 12 55.850    28.414396    104.836361     2.74     1.0
2019 06 18 13 14 58.470    28.431586    104.785807     4.09     0.6
2019 06 18 13 16 56.030    28.396667    104.831925     5.01     1.3
2019 06 18 13 17 02.230    28.358285    104.925195     2.85     1.2
2019 06 18 13 18 08.290    28.391032    104.913127     3.08     0.7
2019 06 18 13 19 10.410    28.428477    104.800936      5.3     0.9
2019 06 18 13 18 54.100    28.406504    104.846224     2.36     0.5
2019 06 18 13 20 55.590    28.373958    104.873047     4.33     1.9
2019 06 18 13 22 40.370    28.412891    104.810465     8.23     1.4
2019 06 18 13 23 28.590    28.420644    104.789128     5.38     0.9
2019 06 18 13 25 22.650    28.420481    104.775391     5.69     0.9
2019 06 18 13 26 03.970    28.421775    104.782137     5.17     0.7
2019 06 18 13 27 25.980    28.381075    104.884766     3.02     0.6
2019 06 18 13 31 15.730    28.409428    104.819116     3.38     1.3
2019 06 18 13 38 08.540    28.400954    104.841447      2.8     0.9
2019 06 18 13 38 41.880    28.387087    104.878190     2.02     1.3
2019 06 18 13 39 24.570    28.373551    104.876676     4.07     0.9
2019 06 18 13 41 43.970    28.416766    104.809432     2.77     0.9
2019 06 18 13 48 13.120    28.411961    104.814648     3.87     1.6
2019 06 18 13 49 16.130    28.385775    104.880851     4.07     1.4
2019 06 18 13 50 17.540    28.426375    104.749365     5.83     1.4
2019 06 18 13 53 48.180    28.406671    104.852002     3.07     1.1
2019 06 18 13 55 05.630    28.406301    104.853011     3.07     1.2
2019 06 18 13 56 12.560    28.403581    104.834684     2.08     1.0
2019 06 18 13 57 29.770    28.440686    104.800781     5.13     0.9
2019 06 18 13 59 52.180    28.422915    104.771696     5.21     0.9
2019 06 18 14 03 39.870    28.413082    104.811857     2.16     0.7
2019 06 18 14 04 16.130    28.389191    104.883887     2.48     0.9
2019 06 18 14 07 21.420    28.366156    104.952376     3.21     1.0
2019 06 18 14 10 46.820    28.419484    104.772306     2.92     1.1
2019 06 18 14 16 14.330    28.410559    104.815259     2.23     0.9
2019 06 18 14 18 32.480    28.369926    104.927596     1.39     0.5
2019 06 18 14 20 07.280    28.387142    104.876017     1.77     0.6
2019 06 18 14 21 44.040    28.360146    104.886670     4.34     0.9
2019 06 18 14 22 30.280    28.415222    104.781152      1.7     0.8
2019 06 18 14 22 06.050    28.383146    104.825033     4.25     1.1
2019 06 18 14 24 55.900    28.401453    104.868929     2.77     1.7
2019 06 18 14 28 06.890    28.422548    104.769482     5.46     1.0
2019 06 18 14 28 35.110    28.409902    104.826497     4.31     2.0
2019 06 18 14 28 24.020    28.421844    104.768717     5.44     1.9
2019 06 18 14 30 24.160    28.407170    104.803621     0.58     1.0
2019 06 18 14 31 07.290    28.389244    104.886597     2.02     0.8
2019 06 18 14 32 59.130    28.405377    104.828988      3.0     0.4
2019 06 18 14 36 34.900    28.433223    104.829175     1.35     0.8
2019 06 18 14 39 23.550    28.382955    104.885140     2.97     0.6
2019 06 18 14 41 45.210    28.340572    104.883301     4.61     0.6
2019 06 18 14 42 56.520    28.411023    104.812150     3.64     1.1
2019 06 18 14 43 44.470    28.428904    104.773177      0.7     0.8
2019 06 18 14 44 06.920    28.424512    104.806706     5.09     0.8
2019 06 18 14 44 18.930    28.355865    104.941561     1.95     0.6
2019 06 18 14 45 01.700    28.341870    104.886523     2.27     1.0
2019 06 18 14 47 00.190    28.411088    104.809993      2.3     0.8
2019 06 18 14 50 59.140    28.424615    104.804777     3.95     0.8
2019 06 18 14 52 29.970    28.402148    104.861841     0.81     0.6
2019 06 18 14 54 32.880    28.433411    104.774113     4.11     0.7
2019 06 18 14 56 03.880    28.434312    104.767871     4.15     0.7
2019 06 18 14 55 50.430    28.408449    104.833114     3.48     0.8
2019 06 18 14 58 20.590    28.359196    104.934782     2.67     0.6
2019 06 18 15 00 42.280    28.401025    104.844010     2.34     0.8
2019 06 18 15 02 31.880    28.390456    104.854232     2.66     0.6
2019 06 18 15 03 31.290    28.433952    104.778011     4.01     1.1
2019 06 18 15 05 05.490    28.417116    104.792163     4.69     0.8
2019 06 18 15 06 01.750    28.417613    104.791626     4.95     1.3
2019 06 18 15 07 10.430    28.379671    104.880428     1.89     0.6
2019 06 18 15 14 40.000    28.423065    104.862948     7.05     0.4
2019 06 18 15 15 01.330    28.406832    104.856860     1.26     0.6
2019 06 18 15 16 49.980    28.436094    104.769230     4.13     0.7
2019 06 18 15 18 53.560    28.390369    104.889168      5.0     0.8
2019 06 18 15 19 11.570    28.422337    104.782935     5.29     0.6
2019 06 18 15 22 08.180    28.360154    104.890788     3.74     0.8
2019 06 18 15 21 58.050    28.408986    104.786702     9.11     0.9
2019 06 18 15 22 49.010    28.359914    104.890885     3.74     0.6
2019 06 18 15 24 01.850    28.405491    104.834798     2.53     0.6
2019 06 18 15 24 30.500    28.422441    104.807015     4.88     2.2
2019 06 18 15 27 40.320    28.391677    104.887329     1.89     0.6
2019 06 18 15 27 19.800    28.372024    104.876221    -0.54     0.8
2019 06 18 15 28 13.710    28.402838    104.828345     2.38     0.5
2019 06 18 15 28 57.940    28.408689    104.821200     5.62     1.1
2019 06 18 15 29 30.380    28.416895    104.796297     5.09     0.8
2019 06 18 15 30 15.960    28.438495    104.750968     5.94     1.3
2019 06 18 15 36 00.950    28.412431    104.808203     2.36     0.5
2019 06 18 15 38 13.040    28.404159    104.832210     3.09     1.0
2019 06 18 15 38 58.310    28.404299    104.828784      2.6     0.6
2019 06 18 15 39 51.450    28.346684    104.945150     1.58     0.5
2019 06 18 15 41 26.200    28.370799    104.906803     2.95     0.7
2019 06 18 15 42 15.490    28.397780    104.851131     2.46     0.5
2019 06 18 15 43 28.450    28.417340    104.777913     2.88     0.1
2019 06 18 15 44 03.110    28.444651    104.751261     5.54     0.5
2019 06 18 15 45 20.170    28.383130    104.928898     -1.1    -0.0
2019 06 18 15 47 45.600    28.426821    104.779655     4.73     0.9
2019 06 18 15 48 54.980    28.436361    104.772135     5.52     2.4
2019 06 18 15 50 52.050    28.409141    104.821313     2.92     0.9
2019 06 18 15 51 38.830    28.354401    104.930355     1.63     0.7
2019 06 18 15 51 52.900    28.349003    104.888680      4.4     0.7
2019 06 18 15 54 14.590    28.436591    104.764364     5.68     1.3
2019 06 18 15 58 27.960    28.384707    104.887077     2.75     0.3
2019 06 18 15 59 40.010    28.434094    104.772583     4.28     1.1
2019 06 18 15 59 27.880    28.383500    104.867855     2.46     0.3
2019 06 18 16 01 29.450    28.430056    104.742830     7.05     0.8
2019 06 18 16 01 20.890    28.369259    104.884424    -0.73     0.5
2019 06 18 16 03 50.120    28.424455    104.791048     8.16     0.4
2019 06 18 16 04 43.200    28.407399    104.824788      2.1     0.7
2019 06 18 16 06 12.000    28.436991    104.772949     4.28     0.8
2019 06 18 16 06 27.490    28.406337    104.826685     2.81     0.7
2019 06 18 16 07 49.880    28.386544    104.884139     3.14     0.6
2019 06 18 16 08 20.060    28.427114    104.781934     4.76     0.9
2019 06 18 16 10 19.570    28.386808    104.856234     2.51     0.0
2019 06 18 16 10 51.670    28.426147    104.786174     5.92     1.2
2019 06 18 16 11 28.250    28.425503    104.766585     2.14     0.6
2019 06 18 16 12 13.860    28.413167    104.804264     4.44     1.3
2019 06 18 16 12 45.790    28.394944    104.853971     2.83     0.6
2019 06 18 16 13 26.850    28.396065    104.902507     5.67     0.4
2019 06 18 16 18 07.060    28.399320    104.862541     3.19     0.9
2019 06 18 16 18 21.830    28.412718    104.805680     4.42     1.1
2019 06 18 16 18 55.340    28.387333    104.877547     1.88     0.9
2019 06 18 16 20 10.110    28.418941    104.782031     5.06     1.0
2019 06 18 16 19 51.630    28.420959    104.784351     5.22     0.6
2019 06 18 16 20 48.430    28.342881    104.884896     4.43     0.6
2019 06 18 16 21 35.470    28.380182    104.861043     1.48     1.0
2019 06 18 16 21 47.530    28.428831    104.764079     2.06     0.9
2019 06 18 16 22 51.180    28.380961    104.888770     4.56     0.1
2019 06 18 16 23 21.440    28.392234    104.833081     4.86     0.7
2019 06 18 16 28 23.600    28.383612    104.914844     5.54     0.8
2019 06 18 16 29 14.150    28.422536    104.758333     5.94     1.1
2019 06 18 16 29 50.780    28.375260    104.938794     3.34     0.7
2019 06 18 16 30 35.320    28.419535    104.770093     5.78     0.8
2019 06 18 16 30 17.640    28.390318    104.851066    10.68     0.7
2019 06 18 16 31 22.610    28.436391    104.762142      5.4     1.2
2019 06 18 16 31 56.990    28.373960    104.891276     2.39     0.6
2019 06 18 16 33 28.600    28.404850    104.820785     2.96     0.5
2019 06 18 16 33 56.500    28.419946    104.833643     3.77     0.5
2019 06 18 16 34 24.790    28.426011    104.785710     5.95     2.0
2019 06 18 16 36 27.960    28.398879    104.851872     3.34     0.6
2019 06 18 16 36 41.530    28.392611    104.833700     4.88     0.6
2019 06 18 16 38 08.760    28.452793    104.751725     5.93     1.9
2019 06 18 16 39 02.330    28.388595    104.856527     3.72     0.5
2019 06 18 16 39 41.990    28.413747    104.809521     3.29     0.9
2019 06 18 16 43 27.290    28.422642    104.781942     5.42     0.9
2019 06 18 16 51 26.640    28.431903    104.762215     3.28     0.8
2019 06 18 16 52 58.690    28.376575    104.894255      2.6     0.6
2019 06 18 16 55 45.840    28.420500    104.775684     2.17     0.6
2019 06 18 16 55 31.380    28.403729    104.822770     2.78     0.5
2019 06 18 16 56 48.220    28.392230    104.872152     2.09     0.4
2019 06 18 16 58 09.350    28.421670    104.783667     5.25     0.6
2019 06 18 16 58 43.680    28.358952    104.910571     5.37     0.4
2019 06 18 16 59 43.750    28.390063    104.867977     1.96     0.8
2019 06 18 16 59 59.530    28.384452    104.855436     2.49     0.8
2019 06 18 17 00 29.500    28.413027    104.838664      6.3     0.6
2019 06 18 17 01 44.880    28.383722    104.873869     1.29     1.1
2019 06 18 17 03 09.360    28.432151    104.771533     2.95     0.7
2019 06 18 17 05 11.000    28.423846    104.778727     2.55     0.7
2019 06 18 17 05 46.120    28.408380    104.823031     2.96     0.8
2019 06 18 17 06 13.120    28.402098    104.868652     1.67     0.7
2019 06 18 17 07 12.300    28.389787    104.889209     4.99     0.4
2019 06 18 17 07 54.200    28.389825    104.861987     2.84     0.6
2019 06 18 17 08 21.780    28.423381    104.772314     5.54     2.5
2019 06 18 17 09 44.920    28.422552    104.782227     5.33     1.1
2019 06 18 17 10 45.260    28.438450    104.790283     2.08     0.8
2019 06 18 17 14 11.980    28.434884    104.788379     2.95     0.4
2019 06 18 17 15 18.040    28.409642    104.849715      3.0     0.4
2019 06 18 17 15 44.140    28.418144    104.792025     4.94     0.6
2019 06 18 17 17 43.100    28.392039    104.890788     2.24     0.9
2019 06 18 17 18 29.380    28.433032    104.786629     4.17     0.8
2019 06 18 17 18 57.000    28.392714    104.833691     4.87     0.6
2019 06 18 17 19 45.200    28.381527    104.885767     2.89     1.1
2019 06 18 17 20 13.520    28.437323    104.791626     3.93     0.9
2019 06 18 17 22 28.720    28.420050    104.786491     5.15     0.5
2019 06 18 17 23 20.180    28.387313    104.865072     2.58     0.8
2019 06 18 17 24 21.760    28.421733    104.780851     5.25     1.0
2019 06 18 17 26 42.600    28.379051    104.857723     1.28     0.9
2019 06 18 17 27 08.360    28.398503    104.845524     2.97     0.5
2019 06 25 05 15 31.340    28.389362    104.862313     2.82     0.5
2019 06 18 17 28 03.360    28.353038    104.917912     1.78     0.7
2019 06 18 17 29 56.080    28.427848    104.753011     5.88     0.6
2019 06 18 17 30 46.860    28.355184    104.912533     2.25     0.4
2019 06 18 17 31 09.800    28.403963    104.762882     3.08     0.2
2019 06 18 17 31 41.440    28.407259    104.816064     2.14     0.5
2019 06 18 17 33 06.460    28.437775    104.716056     9.13     0.7
2019 06 18 17 35 19.000    28.391530    104.917489     2.72     0.8
2019 06 18 17 36 01.460    28.369566    104.894670     6.11     0.6
2019 06 18 17 36 41.400    28.390861    104.835881     3.57     0.8
2019 06 18 17 37 40.140    28.409296    104.866121     2.48     0.7
2019 06 18 17 38 14.800    28.426959    104.791178     3.51     0.4
2019 06 18 17 39 35.760    28.403414    104.843481     4.58     0.3
2019 06 18 17 40 42.920    28.426461    104.786035     5.89     1.5
2019 06 18 17 40 34.720    28.430259    104.782878     4.47     0.9
2019 06 18 17 41 11.420    28.339856    104.883333     4.58     0.6
2019 06 18 17 41 46.120    28.372788    104.920215     5.62     0.9
2019 06 18 17 41 40.720    28.421936    104.783773     5.36     1.2
2019 06 18 17 44 04.800    28.358763    104.933553     2.37     0.6
2019 06 18 17 44 46.760    28.431262    104.758162    -0.08     0.8
2019 06 18 17 45 02.440    28.394004    104.902083     4.84     0.5
2019 06 18 17 45 57.780    28.382064    104.913574     2.81     0.2
2019 06 18 17 45 32.840    28.391264    104.856160     3.38     0.2
2019 06 18 17 47 03.880    28.428371    104.765763     0.39     0.6
2019 06 18 17 48 42.080    28.417834    104.782682     2.61     1.1
2019 06 18 17 48 32.220    28.342845    104.885490     4.56     1.1
2019 06 18 17 52 01.640    28.391722    104.864282     2.03     0.6
2019 06 18 17 52 29.480    28.376326    104.916911     2.65     0.3
2019 06 18 17 53 55.380    28.381460    104.885205     2.88     0.4
2019 06 18 17 55 03.040    28.381494    104.885002     2.93     0.9
2019 06 18 17 55 40.960    28.422593    104.782259     5.42     1.0
2019 06 18 17 56 25.340    28.352842    104.890405     3.15     0.2
2019 06 18 17 58 14.480    28.425047    104.786792     5.41     0.6
2019 06 18 17 58 39.900    28.428914    104.750317     6.57     0.3
2019 06 18 18 00 10.480    28.426691    104.761678     5.78     0.8
2019 06 18 18 00 49.680    28.390100    104.864063     5.23     0.1
2019 06 18 18 01 18.460    28.419914    104.775024     2.17     0.3
2019 06 18 18 01 29.480    28.429110    104.756209     5.59     0.1
2019 06 18 18 02 29.400    28.340908    104.883594     4.54     0.1
2019 06 18 18 03 16.780    28.354785    104.893660     3.24     1.6
2019 06 18 18 03 54.340    28.421741    104.783659     5.27     1.0
2019 06 18 18 04 12.400    28.371316    104.914583     3.99     0.8
2019 06 18 18 04 55.560    28.376746    104.867163     0.86     0.4
2019 06 18 18 05 50.060    28.421456    104.796419     2.64     0.5
2019 06 18 18 06 27.320    28.390228    104.876799     2.43     0.7
2019 06 18 18 06 44.260    28.368508    104.897778     2.51     0.6
2019 06 18 18 07 21.300    28.362197    104.946151     3.27     1.3
2019 06 18 18 08 39.120    28.450936    104.779508      6.6     1.5
2019 06 18 18 09 28.720    28.420815    104.785124     5.14     1.8
2019 06 18 18 12 08.080    28.423962    104.770199     5.64     0.8
2019 06 18 18 11 48.560    28.394187    104.854533     2.69     0.4
2019 06 18 18 13 56.440    28.397522    104.852067     2.82     0.4
2019 06 18 18 14 31.440    28.431822    104.751099     6.59     1.5
2019 06 18 18 15 41.840    28.355511    104.943905     2.76     0.4
2019 06 18 18 16 41.440    28.387893    104.882943    -1.04     0.2
2019 06 18 18 18 33.600    28.365609    104.879460     3.58     0.4
2019 06 18 18 19 13.560    28.396257    104.862956     3.03     1.1
2019 06 18 18 19 00.540    28.419061    104.782397     5.16     0.7
2019 06 18 18 19 58.240    28.372648    104.874715     0.83     0.5
2019 06 18 18 20 15.740    28.434045    104.779598     3.91     0.6
2019 06 18 18 22 08.360    28.419641    104.789071     5.24     1.5
2019 06 18 18 22 38.560    28.407597    104.825187      2.1     1.0
2019 06 18 18 23 04.200    28.361127    104.889909      3.7     0.5
2019 06 18 18 24 33.900    28.375051    104.843848     2.34     0.2
2019 06 18 18 24 53.880    28.395994    104.863908     3.01     0.6
2019 06 18 18 25 16.240    28.395793    104.861930     2.97     0.3
2019 06 18 18 25 27.640    28.395876    104.862223     2.95     0.8
2019 06 18 18 26 55.880    28.403210    104.855599     2.97     0.6
2019 06 18 18 28 09.560    28.365255    104.900179     2.93     0.3
2019 06 18 18 28 42.960    28.395227    104.857031     2.77     1.2
2019 06 18 18 28 23.420    28.354401    104.892122     3.12     0.6
2019 06 18 18 29 37.040    28.409196    104.837134     3.19     0.4
2019 06 18 18 32 52.760    28.393412    104.858521    -1.28     0.8
2019 06 18 18 35 19.520    28.451265    104.798901      6.8     0.7
2019 06 18 18 35 06.360    28.365851    104.947860     3.27     0.2
2019 06 18 18 35 35.620    28.440997    104.757292     5.72     1.3
2019 06 18 18 36 01.520    28.420567    104.773861     5.39     2.5
2019 06 18 18 36 54.600    28.369177    104.883374     5.96     0.9
2019 06 18 18 38 15.440    28.382534    104.864478     5.37     2.5
2019 06 18 18 38 57.780    28.423291    104.792155     4.69     2.3
2019 06 18 18 39 46.440    28.418406    104.791854      4.9     1.2
2019 06 18 18 40 12.820    28.414793    104.800423     5.08     1.3
2019 06 18 18 41 50.640    28.421041    104.773706     5.42     1.1
2019 06 18 18 42 45.960    28.427974    104.782682     2.19     0.9
2019 06 18 18 43 04.300    28.418915    104.791187     5.09     0.9
2019 06 18 18 43 45.120    28.405367    104.843986      2.3     1.0
2019 06 18 18 43 59.920    28.378320    104.891683    -0.14     0.5
2019 06 18 18 45 32.840    28.397357    104.865047     3.17     0.9
2019 06 18 18 46 08.320    28.396604    104.864697     3.08     0.7
2019 06 18 18 48 32.280    28.405526    104.817920     3.47     1.4
2019 06 18 18 48 22.000    28.403571    104.820166     2.46     0.6
2019 06 18 18 50 38.760    28.393099    104.855599     2.77     0.8
2019 06 18 18 51 16.880    28.441941    104.804867     5.57     0.2
2019 06 18 18 51 55.100    28.383952    104.876416     1.89     1.5
2019 06 18 18 52 39.280    28.406600    104.827840     5.87     2.5
2019 06 18 18 52 53.980    28.418579    104.829647     5.62     2.7
2019 06 18 18 53 46.360    28.416789    104.789673     4.82     1.0
2019 06 18 18 55 47.980    28.433470    104.804671     5.25     2.4
2019 06 18 18 56 11.000    28.428044    104.803239      2.4     1.6
2019 06 18 18 56 33.740    28.439435    104.721476    11.06     2.4
2019 06 18 18 58 13.440    28.433417    104.753328     5.64     1.0
2019 06 18 18 59 50.480    28.424119    104.792480     5.38     0.3
2019 06 18 19 02 43.500    28.410752    104.822388     8.57     3.8
2019 06 18 19 04 46.240    28.418321    104.776595     5.45     1.2
2019 06 18 19 05 34.400    28.419973    104.774349      2.0     0.5
2019 06 18 19 06 21.880    28.367344    104.929858     2.53     0.3
2019 06 18 19 06 55.720    28.403636    104.822990     2.79     0.9
2019 06 18 19 07 05.100    28.367666    104.945833     2.22     0.9
2019 06 18 19 08 25.620    28.406140    104.821224     2.09     0.4
2019 06 18 19 08 36.960    28.443355    104.799373     2.77     0.6
2019 06 18 19 09 24.080    28.387335    104.880461     1.86     1.8
2019 06 18 19 10 13.120    28.422799    104.782308     5.37     1.4
2019 06 18 19 10 28.740    28.384131    104.869401     1.56     1.6
2019 06 18 19 10 07.400    28.359886    104.887183     4.27     0.8
2019 06 18 19 10 50.200    28.348208    104.894092     2.37     1.3
2019 06 18 19 12 50.200    28.422658    104.783130     5.42     0.8
2019 06 18 19 12 43.160    28.392887    104.850781     2.87     0.6
2019 06 18 19 13 14.340    28.422927    104.782821     5.57     0.6
2019 06 18 19 14 02.540    28.381523    104.884627      2.9     0.6
2019 06 18 19 14 36.560    28.406696    104.851994      3.1     0.8
2019 06 18 19 15 20.880    28.340928    104.883097      4.6     1.1
2019 06 18 19 16 57.520    28.383925    104.821183     4.49     0.6
2019 06 18 19 17 38.880    28.424408    104.770402     5.62     1.3
2019 06 18 19 18 18.800    28.443309    104.755094     5.62     1.0
2019 06 18 19 18 44.260    28.443542    104.754663     5.53     0.6
2019 06 18 19 19 44.480    28.391781    104.832821     3.88     0.4
2019 06 18 19 20 31.480    28.355951    104.892684     3.79    -0.1
2019 06 18 19 21 16.640    28.416783    104.781429     2.77     0.3
2019 06 18 19 21 52.280    28.431854    104.749919     5.48     0.4
2019 06 18 19 22 39.340    28.430332    104.748893     5.64     0.8
2019 06 18 19 23 24.760    28.409652    104.850505     3.07     1.9
2019 06 18 19 24 28.400    28.405648    104.853369     3.09     0.6
2019 06 18 19 25 29.720    28.414718    104.817944     5.46     3.6
2019 06 18 19 25 15.800    28.384650    104.871851     2.75     0.5
2019 06 18 19 26 59.400    28.413649    104.814022     3.89     1.6
2019 06 18 19 27 50.880    28.429657    104.772103    -0.76     1.1
2019 06 18 19 28 23.500    28.384979    104.887557     2.07     1.0
2019 06 18 19 28 52.160    28.393660    104.823503     6.05     2.5
2019 06 18 19 30 25.900    28.411011    104.818660     4.69     1.2
2019 06 18 19 31 22.520    28.422557    104.769108     5.19     0.7
2019 06 18 19 31 15.280    28.422304    104.785848     5.63     0.8
2019 06 18 19 33 17.500    28.422268    104.773088     5.63     1.8
2019 06 18 19 32 55.880    28.406352    104.820133     3.26     1.0
2019 06 18 19 33 57.840    28.433358    104.786060     1.29     0.6
2019 06 18 19 34 44.840    28.412410    104.806665      2.4     1.0
2019 06 18 19 34 40.720    28.376343    104.924959     4.14     0.6
2019 06 18 19 35 26.080    28.392356    104.833008     3.88     0.6
2019 06 18 19 36 08.000    28.407825    104.820142     2.88     1.2
2019 06 18 19 38 30.180    28.420105    104.801139     3.36     0.4
2019 06 18 19 43 00.480    28.424158    104.770996      5.6     0.7
2019 06 18 19 43 10.080    28.403831    104.828377     2.05     0.9
2019 06 18 19 43 51.200    28.418496    104.792090     5.22     0.5
2019 06 18 19 45 17.760    28.375104    104.946354     3.25     0.3
2019 06 18 19 46 31.800    28.430676    104.736776     7.89     1.4
2019 06 18 19 48 37.640    28.397327    104.864217     3.08     1.6
2019 06 18 19 49 02.720    28.397416    104.863110     3.16     0.8
2019 06 18 19 51 08.160    28.433940    104.775627     5.41     1.1
2019 06 18 19 52 24.660    28.430540    104.737720     8.43     1.1
2019 06 18 19 52 06.920    28.389272    104.909953     1.59     0.5
2019 06 18 19 53 15.240    28.445461    104.727271     8.45     2.1
2019 06 18 19 53 31.880    28.446118    104.732918     7.82     1.2
2019 06 18 19 54 15.920    28.384180    104.888892     1.97     0.7
2019 06 18 19 54 56.380    28.445258    104.728255     8.43     1.2
2019 06 18 19 54 51.420    28.392253    104.871029     2.09     0.8
2019 06 18 19 56 17.860    28.421055    104.764551     4.63     0.6
2019 06 18 19 56 59.320    28.435114    104.787988     5.57     0.9
2019 06 18 19 57 44.600    28.428239    104.764714     5.08     0.8
2019 06 18 19 57 30.520    28.418276    104.791227     4.77     1.3
2019 06 18 19 58 46.100    28.355271    104.944214     2.76     0.5
2019 06 18 20 00 08.800    28.418502    104.789974     4.79     0.8
2019 06 18 20 00 42.280    28.418941    104.782145     5.09     1.8
2019 06 18 20 00 37.760    28.407192    104.797380     4.35     1.6
2019 06 18 20 02 13.480    28.412309    104.847453     3.94     0.2
2019 06 18 20 03 49.340    28.418197    104.782593     2.71     0.8
2019 06 18 20 04 08.880    28.421580    104.784294     5.21     0.6
2019 06 18 20 04 54.320    28.386281    104.873641     3.46    -0.1
2019 06 18 20 05 52.740    28.342625    104.883602     4.43     0.0
2019 06 18 20 06 02.480    28.379279    104.916968     4.97     0.5
2019 06 18 20 06 32.160    28.395581    104.863615     3.36     0.5
2019 06 18 20 07 02.080    28.379834    104.887801     2.65     0.2
2019 06 18 20 07 55.680    28.368538    104.932039      3.0     0.5
2019 06 18 20 08 19.960    28.409418    104.820011     2.28     0.1
2019 06 18 20 09 43.400    28.405719    104.865405     6.88     0.3
2019 06 18 20 09 33.800    28.397215    104.836507     4.72     0.6
2019 06 18 20 11 12.280    28.394273    104.845947     2.79     0.9
2019 06 18 20 13 46.320    28.378290    104.891903     2.37     1.0
2019 06 18 20 13 59.999    28.388413    104.862313     1.79     0.6
2019 06 18 20 16 42.560    28.402889    104.827905     3.26     0.7
2019 06 18 20 16 16.280    28.412297    104.800382     2.93     0.2
2019 06 18 20 17 22.340    28.427067    104.754736     5.96     1.8
2019 06 18 20 18 11.940    28.395943    104.864445     3.01     0.8
2019 06 18 20 19 34.160    28.396785    104.862923     3.07     0.4
2019 06 18 20 19 49.500    28.395984    104.847249     2.42     0.6
2019 06 18 20 20 58.240    28.363436    104.928581     2.63     1.0
2019 06 18 20 22 14.360    28.422426    104.760710      5.6     0.6
2019 06 18 20 22 42.880    28.431938    104.745280     7.86     0.6
2019 06 18 20 23 16.180    28.364960    104.900252     2.31     0.4
2019 06 18 20 23 57.120    28.375267    104.920882     4.31     0.2
2019 06 18 20 24 56.400    28.416123    104.795199     5.26     0.6
2019 06 18 20 25 16.120    28.413519    104.816463     3.35     0.4
2019 06 18 20 25 33.340    28.438808    104.790894     4.02     0.6
2019 06 18 20 26 17.600    28.421454    104.784530     5.28     1.1
2019 06 18 20 27 22.920    28.412807    104.815698     3.88     1.8
2019 06 18 20 27 50.800    28.421293    104.784489     5.25     1.6
2019 06 18 20 28 47.660    28.412453    104.815999     3.87     1.6
2019 06 18 20 30 00.760    28.394737    104.843717     1.89     0.3
2019 06 18 20 30 53.200    28.429681    104.737020     8.38     1.1
2019 06 18 20 31 40.200    28.444368    104.741992     5.37     1.0
2019 06 18 20 32 29.140    28.391235    104.856771     2.86     0.8
2019 06 18 20 35 18.280    28.390511    104.872339     2.01     0.7
2019 06 26 11 55 10.630    28.415745    104.732113    11.41     0.9
2019 06 18 20 36 57.280    28.372624    104.912126     2.69     0.9
2019 06 18 20 38 24.720    28.365643    104.919377     2.68     0.4
2019 06 18 20 42 10.760    28.397868    104.844613     3.24     0.7
2019 06 18 20 42 32.440    28.369869    104.897201     2.12     0.6
2019 06 18 20 43 54.400    28.417381    104.777661     2.87     0.5
2019 06 18 20 43 33.000    28.436393    104.789624     2.96     0.6
2019 06 18 20 45 13.440    28.379950    104.903499     2.82     0.1
2019 06 18 20 46 19.940    28.412016    104.812891     3.32     0.7
2019 06 18 20 48 43.000    28.421582    104.782072     5.12     0.7
2019 06 18 20 49 38.100    28.347845    104.884123     5.72     3.1
2019 06 18 20 54 37.120    28.357784    104.893359     3.72     0.4
2019 06 18 20 54 14.480    28.404458    104.829565     3.08     0.4
2019 06 18 20 54 56.820    28.415525    104.795467     4.92     1.1
2019 06 18 20 55 51.420    28.387185    104.876025     1.03     0.4
2019 06 18 20 57 05.460    28.409194    104.810685     1.92     0.4
2019 06 18 21 01 20.080    28.397032    104.863192     3.05     1.0
2019 06 18 21 03 05.420    28.381649    104.864095     1.81     0.4
2019 06 18 21 02 46.160    28.398208    104.862093     2.77     0.6
2019 06 18 21 03 55.600    28.430048    104.737809     8.41     0.4
2019 06 18 21 05 10.900    28.382910    104.868660     6.42    -0.0
2019 06 18 21 05 33.380    28.399670    104.861654     3.25     0.5
2019 06 18 21 06 19.760    28.397697    104.865226     2.21     0.6
2019 06 18 21 07 05.560    28.411226    104.837606     2.18     0.8
2019 06 18 21 07 48.680    28.368563    104.947127     2.23     0.2
2019 06 18 21 08 22.520    28.418193    104.779077     2.69     0.4
2019 06 18 21 08 49.700    28.398275    104.861491     3.21     0.3
2019 06 18 21 09 20.160    28.422813    104.769100     2.66     0.7
2019 06 18 21 10 10.000    28.344216    104.891048     2.86     0.5
2019 06 18 21 09 52.320    28.404539    104.829761     2.06     0.0
2019 06 18 21 10 55.160    28.396558    104.865633     3.11     1.2
2019 06 18 21 11 42.620    28.344411    104.882072     2.64     0.3
2019 06 18 21 14 03.420    28.417891    104.777661     5.41     0.5
2019 06 18 21 14 35.700    28.419568    104.786491     5.07     0.9
2019 06 18 21 14 15.260    28.425364    104.764445     5.43     0.1
2019 06 18 21 14 54.040    28.392285    104.872176     2.09     0.2
2019 06 18 21 16 19.920    28.412791    104.815568     3.86     1.4
2019 06 18 21 17 39.540    28.361959    104.914071     2.26     0.7
2019 06 18 21 18 26.820    28.432802    104.753280     5.63     0.6
2019 06 18 21 20 14.540    28.433651    104.750203     5.71     1.0
2019 06 26 20 05 20.960    28.421883    104.784009     5.34     0.6
2019 06 18 21 21 20.120    28.366366    104.900822     2.33     0.5
2019 06 18 21 22 51.560    28.355247    104.893831     2.59     0.3
2019 06 18 21 23 24.560    28.412823    104.815145     3.87     1.4
2019 06 18 21 24 21.840    28.432851    104.755192     2.71     1.2
2019 06 18 21 25 33.320    28.422001    104.783366     5.24     0.6
2019 06 18 21 25 43.080    28.331071    104.885075     5.17     0.2
2019 06 18 21 26 47.520    28.378493    104.856413     3.06     0.5
2019 06 18 21 27 14.240    28.395713    104.828678     5.15     0.4
2019 06 18 21 27 56.480    28.403265    104.856055      2.9     0.4
2019 06 18 21 29 18.620    28.382790    104.896021     2.88     0.8
2019 06 18 21 29 41.540    28.428813    104.780192     4.74     0.6
2019 06 18 21 32 27.280    28.358484    104.894181     2.89     0.2
2019 06 18 21 35 05.820    28.407151    104.848625     3.17     2.3
2019 06 18 21 35 35.720    28.397803    104.863062     1.22     1.3
2019 06 18 21 36 49.720    28.414323    104.795426     5.07     0.4
2019 06 18 21 37 38.480    28.408740    104.815430     3.77     0.2
2019 06 18 21 39 03.860    28.393547    104.862492      3.0     0.7
2019 06 18 21 40 22.480    28.392808    104.860758     2.19     0.7
2019 06 18 21 40 58.980    28.411605    104.851335      3.0     0.6
2019 06 18 21 41 15.760    28.378212    104.891878     2.34     0.1
2019 06 18 21 43 29.080    28.416235    104.799870     4.63     1.1
2019 06 18 21 44 10.640    28.419607    104.773079     6.39     0.5
2019 06 18 21 45 56.480    28.360284    104.904183     2.52     0.5
2019 06 18 21 46 46.680    28.379539    104.862956     1.25     1.1
2019 06 18 21 47 52.960    28.409810    104.828809     4.24     0.9
2019 06 18 21 49 48.520    28.420734    104.787614     4.63     0.5
2019 06 18 21 50 00.620    28.404447    104.854622     2.87     0.7
2019 06 18 21 52 14.060    28.391262    104.868294     1.96     0.6
2019 06 18 21 53 17.800    28.363869    104.932145     3.99     1.6
2019 06 18 21 56 47.920    28.424251    104.783683     4.71     0.8
2019 06 18 21 57 49.780    28.389880    104.854907     2.81     1.5
2019 06 18 22 01 22.400    28.424815    104.793945     5.37     1.6
2019 06 18 22 02 20.720    28.366941    104.885579     0.88     0.8
2019 06 18 22 02 04.920    28.414201    104.836043     2.72     0.7
2019 06 18 22 02 47.920    28.367641    104.921395     1.94     1.1
2019 06 18 22 03 00.560    28.399369    104.821110     2.63     1.2
2019 06 18 22 05 00.280    28.418455    104.780119     5.21     0.5
2019 06 18 22 08 53.140    28.419352    104.774495     4.37     0.6
2019 06 18 22 10 30.680    28.404529    104.819271     1.72     0.6
2019 06 18 22 11 07.800    28.420964    104.783480     5.21     0.4
2019 06 18 22 15 07.360    28.426544    104.762793     2.64     0.9
2019 06 18 22 16 46.100    28.370579    104.897396     2.02     0.1
2019 06 18 22 20 29.600    28.396431    104.866976     3.08     0.8
2019 06 18 22 21 38.300    28.404799    104.819417     1.77     0.6
2019 06 18 22 24 09.240    28.341284    104.884204     4.57    -0.1
2019 06 18 22 30 26.680    28.420490    104.775423     5.47     1.0
2019 06 18 22 30 40.980    28.416353    104.785107     4.92     1.1
2019 06 18 22 31 00.480    28.380713    104.886841     4.08     0.8
2019 06 18 22 35 48.040    28.380668    104.886930     4.04     0.5
2019 06 18 22 36 17.600    28.425708    104.749105     6.35     0.6
2019 06 18 22 38 01.920    28.423627    104.769320     5.49     0.6
2019 06 18 22 38 56.360    28.421464    104.771899     2.65     0.9
2019 06 18 22 39 49.120    28.420831    104.780078     4.96     1.0
2019 06 18 22 42 11.760    28.344043    104.883553     4.27     0.1
2019 06 18 22 44 07.040    28.422398    104.783569     5.49     2.5
2019 06 18 22 44 44.960    28.422080    104.782829      5.3     1.0
2019 06 18 22 44 59.760    28.422060    104.782943     5.38     0.9
2019 06 18 22 45 40.760    28.437526    104.790234     4.03     0.8
2019 06 18 22 47 20.280    28.387624    104.876693     1.89     0.4
2019 06 18 22 48 09.620    28.428925    104.758748      2.4     0.7
2019 06 18 22 48 35.880    28.384285    104.879468     4.25     1.4
2019 06 18 22 48 18.140    28.422021    104.783244      5.3     0.9
2019 06 18 22 49 17.180    28.412612    104.829541     5.83     1.3
2019 06 18 22 51 57.720    28.417641    104.759766     6.67     0.2
2019 06 18 22 54 09.920    28.411348    104.872363     5.41     0.3
2019 06 18 22 55 02.120    28.429950    104.747282     6.62     0.5
2019 06 18 22 56 20.160    28.416030    104.798234     4.18     0.7
2019 06 18 22 56 09.760    28.359351    104.933398     2.72     0.5
2019 06 18 22 57 14.440    28.437651    104.795435     4.86     0.3
2019 06 18 22 58 10.640    28.387925    104.859456     2.63     0.9
2019 06 18 22 57 56.040    28.413033    104.826603     2.29     0.6
2019 06 18 22 58 37.920    28.436186    104.744466     7.11     0.8
2019 06 18 22 59 58.800    28.426727    104.760246     5.46     0.5
2019 06 18 22 59 37.440    28.340037    104.882129     4.64     0.7
2019 06 18 23 01 12.880    28.440798    104.758993      4.3     0.7
2019 06 18 23 05 16.200    28.431573    104.797323     4.18     0.6
2019 06 18 23 06 59.999    28.459515    104.722868     8.01     0.8
2019 06 18 23 08 01.680    28.390511    104.895988     4.93     0.5
2019 06 18 23 07 57.320    28.416410    104.801034     8.52     0.6
2019 06 18 23 10 26.840    28.374609    104.860441     0.82     0.8
2019 06 18 23 11 29.520    28.422455    104.782365      5.3     0.7
2019 06 18 23 12 40.200    28.359739    104.934212     2.14     0.9
2019 06 18 23 13 28.600    28.402500    104.905526      3.0     0.5
2019 06 18 23 14 56.680    28.418856    104.854346     6.47     2.3
2019 06 18 23 17 27.960    28.355629    104.943709     3.29     0.8
2019 06 18 23 18 55.880    28.403467    104.856291      2.9     0.4
2019 06 18 23 22 22.540    28.351414    104.896696     2.53     0.7
2019 06 18 23 23 11.640    28.391003    104.849227     2.85     0.8
2019 06 18 23 24 55.400    28.356923    104.905005     2.31     0.5
2019 06 18 23 25 26.440    28.409420    104.812720     3.79     1.0
2019 06 18 23 27 37.880    28.384686    104.875301     2.34     0.7
2019 06 18 23 27 54.600    28.401752    104.858024     2.83     0.8
2019 06 18 23 32 45.680    28.387693    104.889608     4.38     0.3
2019 06 18 23 37 40.560    28.433720    104.750212      5.6     1.2
2019 06 18 23 41 44.180    28.433285    104.750692     6.77     1.0
2019 06 18 23 43 13.240    28.427543    104.789746     5.76     0.8
2019 06 18 23 44 17.040    28.447203    104.728800     7.77     0.8
2019 06 18 23 44 58.080    28.372636    104.872843     4.38     1.0
2019 06 18 23 45 47.400    28.376955    104.897257     1.55     0.5
2019 06 18 23 47 59.880    28.415236    104.787109      2.5     1.0
2019 06 18 23 48 17.800    28.414134    104.787280     4.55     1.0
2019 06 18 23 49 07.780    28.429716    104.775521     3.11     0.7
2019 06 18 23 49 01.960    28.392100    104.844328     3.01     0.8
2019 06 18 23 50 07.780    28.435189    104.767000     4.02     1.2
2019 06 18 23 50 52.840    28.407365    104.822868     3.35     1.6
2019 06 18 23 53 34.440    28.419189    104.766642     5.32     1.6
2019 06 18 23 54 04.000    28.411684    104.818693     2.47     1.4
2019 06 19 00 00 43.580    28.425621    104.798511     4.27     1.5
2019 06 19 00 01 20.490    28.417719    104.858162     5.57     0.8
2019 06 19 00 02 26.750    28.413182    104.803638     4.24     0.9
2019 06 19 00 03 14.260    28.424097    104.789591      4.7     0.6
2019 06 19 00 05 59.750    28.383820    104.878524     4.21     0.7
2019 06 19 00 06 54.780    28.398590    104.862777     3.11     0.9
2019 06 19 00 07 25.550    28.425637    104.750252      6.0     0.7
2019 06 19 00 07 53.400    28.424790    104.799984     3.68     1.4
2019 06 19 00 08 37.290    28.425061    104.749414     6.21     1.0
2019 06 19 00 09 40.080    28.439634    104.756665     4.15     0.5
2019 06 19 00 09 23.230    28.429020    104.759074     5.11     0.6
2019 06 19 00 11 06.690    28.416943    104.793457     4.62     0.6
2019 06 19 00 15 02.800    28.410813    104.815072      4.7     1.2
2019 06 19 00 17 18.950    28.383677    104.892489     5.61     0.4
2019 06 19 00 18 05.350    28.382503    104.880111     2.62     0.6
2019 06 19 00 21 07.850    28.384739    104.886060     1.56     1.0
2019 06 19 00 22 01.420    28.427055    104.797697     5.05     1.4
2019 06 19 00 28 04.150    28.428943    104.770313      5.6     0.6
2019 06 19 00 30 03.340    28.384186    104.879305     4.24     0.8
2019 06 19 00 30 50.010    28.380062    104.902970     5.72     0.7
2019 06 19 00 30 35.310    28.405556    104.817415     3.42     1.0
2019 06 19 00 31 20.460    28.376245    104.872388      3.8     0.9
2019 06 19 00 34 09.350    28.382841    104.891732     3.08     0.7
2019 06 19 00 36 09.460    28.422174    104.782804     5.31     1.2
2019 06 19 00 40 12.080    28.404456    104.815706     2.63     0.7
2019 06 19 00 41 05.100    28.343475    104.885173     4.28     0.4
2019 06 19 00 42 33.550    28.398368    104.861011     3.14     0.3
2019 06 19 00 45 07.520    28.430959    104.745280     6.97     0.9
2019 06 19 00 46 18.590    28.384062    104.878792     4.24     1.1
2019 06 19 00 46 46.420    28.415401    104.787419     4.77     0.8
2019 06 19 00 47 43.180    28.415700    104.786947     4.78     0.8
2019 06 19 00 51 10.440    28.387939    104.876457     7.97     3.3
2019 06 19 00 56 25.240    28.446476    104.750529     5.66     1.0
2019 06 19 00 57 38.360    28.397359    104.860335     4.96     0.9
2019 06 19 01 01 16.720    28.428739    104.794499     2.72     0.8
2019 06 19 01 01 55.590    28.413892    104.778410     5.66     0.6
2019 06 19 01 03 24.850    28.416420    104.807503     4.97     0.9
2019 06 19 01 06 42.330    28.401312    104.825179     3.49     1.6
2019 06 19 01 06 25.690    28.419843    104.775537     5.32     1.0
2019 06 19 01 07 39.160    28.360988    104.889705     3.81     0.8
2019 06 19 01 07 54.520    28.402439    104.820020      1.9     0.9
2019 06 19 01 08 54.190    28.363359    104.900781     2.55     1.2
2019 06 19 01 11 01.460    28.342725    104.885563     4.34     0.7
2019 06 19 01 12 04.890    28.405591    104.817228     3.49     0.9
2019 06 19 01 13 33.210    28.417981    104.768221     2.05     1.2
2019 06 19 01 15 52.230    28.368719    104.914876     2.58     0.5
2019 06 19 01 17 14.110    28.365055    104.933089     2.59     0.9
2019 06 19 01 18 07.410    28.350169    104.888810     3.11     0.4
2019 06 19 01 18 30.080    28.337703    104.884644     4.41     1.2
2019 06 19 01 18 54.550    28.402826    104.824780     2.73     0.6
2019 06 19 01 21 06.680    28.399190    104.823918     2.13     1.2
2019 06 19 01 20 48.620    28.423869    104.802230     3.66     0.6
2019 06 19 01 23 00.130    28.427360    104.787467     5.51     2.3
2019 06 19 12 43 31.060    28.403794    104.826929     3.25     0.6
2019 06 19 01 25 31.690    28.373263    104.883675     3.07     0.8
2019 06 19 01 26 12.620    28.408112    104.809619      1.8     0.9
2019 06 19 01 29 42.260    28.371425    104.957170     2.83     1.1
2019 06 19 01 30 27.300    28.418433    104.780900     5.09     0.4
2019 06 19 01 32 30.550    28.419484    104.767977     5.28     1.3
2019 06 19 01 33 54.240    28.417837    104.789217     2.43     0.6
2019 06 19 01 33 40.950    28.344747    104.945247     1.52     0.8
2019 06 19 01 35 25.900    28.423775    104.772225      5.6     1.1
2019 06 19 01 36 01.070    28.423431    104.783830     2.21     1.2
2019 06 19 01 36 10.160    28.422951    104.772534     5.46     1.4
2019 06 19 01 37 08.680    28.434975    104.770101     5.51     1.2
2019 06 19 01 37 34.300    28.416441    104.811092     4.15     0.7
2019 06 19 01 39 42.510    28.372211    104.906038     4.91     0.9
2019 06 19 01 40 27.390    28.398201    104.845898     5.69     0.5
2019 06 19 01 41 57.480    28.423700    104.767928     5.63     0.9
2019 06 19 01 42 07.060    28.428798    104.744076     7.44     1.2
2019 06 19 01 45 27.850    28.366766    104.928581     0.28     0.6
2019 06 19 01 47 37.140    28.419165    104.767586     5.34     1.1
2019 06 19 01 48 26.440    28.426642    104.797624     3.89     0.5
2019 06 19 01 52 32.630    28.418020    104.777140    -0.99     0.3
2019 06 19 01 55 19.810    28.372575    104.950911     3.37     1.2
2019 06 19 01 56 03.060    28.416632    104.790869     2.15     0.7
2019 06 19 01 57 08.710    28.411204    104.810360     3.95     2.6
2019 06 19 02 01 51.330    28.372945    104.881331     4.78     1.4
2019 06 19 02 05 19.210    28.437732    104.763241     7.35     3.1
2019 06 19 02 07 17.400    28.384019    104.885319     3.25     1.0
2019 06 19 02 08 25.080    28.435138    104.768400     4.25     0.8
2019 06 19 02 10 16.060    28.416052    104.774862      4.7     1.7
2019 06 19 02 12 18.930    28.406510    104.851261     3.12     1.1
2019 06 19 02 13 29.620    28.345117    104.945044     1.53     0.6
2019 06 19 02 13 05.810    28.413643    104.797062     4.14     1.2
2019 06 19 02 14 05.300    28.428833    104.801261     3.76     1.0
2019 06 19 02 18 06.870    28.452920    104.735278     6.82     0.3
2019 06 19 02 18 30.100    28.407664    104.809147     1.82     1.4
2019 06 19 02 18 46.350    28.393052    104.868441     4.76     0.4
2019 06 19 02 19 14.810    28.409340    104.810140     3.57     0.6
2019 06 19 02 20 04.090    28.431431    104.771753     5.22     0.6
2019 06 19 02 22 48.370    28.438025    104.786271     3.92     1.0
2019 06 19 02 25 45.590    28.409330    104.810091     3.57     2.6
2019 06 19 02 26 00.370    28.410234    104.810872     3.57     3.0
2019 06 19 02 28 10.910    28.404260    104.820801     2.04     0.9
2019 06 19 02 33 09.930    28.411338    104.811971     3.86     1.2
2019 06 19 02 32 50.610    28.378764    104.887166     2.59     1.0
2019 06 19 02 34 12.730    28.419043    104.815072      4.1     0.8
2019 06 19 02 35 53.930    28.424060    104.759912     2.29     1.4
2019 06 19 02 39 05.630    28.372937    104.907772     1.61     0.7
2019 06 19 02 40 07.270    28.419316    104.790243     5.21     0.9
2019 06 19 02 45 54.870    28.384676    104.863257     1.72     0.7
2019 06 19 02 46 09.820    28.421985    104.784530     5.07     0.8
2019 06 19 02 46 34.330    28.356942    104.939746     3.39     0.5
2019 06 19 02 50 35.130    28.420194    104.764299     6.39     1.7
2019 06 19 02 53 37.090    28.413047    104.851034     2.95     1.0
2019 06 19 02 54 57.400    28.389927    104.873242     2.22     1.2
2019 06 19 02 54 34.730    28.427891    104.759928     6.36     0.6
2019 06 19 02 57 17.430    28.389980    104.854386     2.56     1.0
2019 06 19 02 58 58.710    28.388759    104.866724     2.08     0.5
2019 06 20 02 33 10.920    28.434637    104.762256      5.6     1.2
2019 06 19 02 59 51.770    28.424194    104.823096     1.09     1.0
2019 06 19 03 02 52.460    28.377950    104.884546      3.5     0.8
2019 06 19 03 05 04.340    28.370693    104.947852     3.01     0.6
2019 06 19 03 08 23.010    28.411300    104.845565     2.77     0.4
2019 06 19 03 09 41.350    28.435258    104.766895      5.5     2.5
2019 06 19 03 10 39.190    28.416376    104.819198     3.41     2.2
2019 06 19 03 11 24.870    28.365161    104.903076     2.17     0.8
2019 06 19 03 12 48.430    28.412376    104.790584     4.71     1.1
2019 06 19 03 17 28.600    28.432107    104.770955     3.47     0.8
2019 06 19 03 19 15.340    28.406942    104.808464     1.81     1.2
2019 06 19 03 20 01.240    28.374030    104.926912     3.65     0.9
2019 06 19 03 20 26.600    28.359979    104.902539     2.48     1.1
2019 06 19 03 24 54.720    28.371195    104.896289     2.21     0.8
2019 06 19 03 27 29.990    28.347929    104.886947     2.38     0.7
2019 06 19 03 30 37.720    28.424235    104.779028     5.63     0.6
2019 06 19 03 35 35.010    28.419834    104.775545     5.37     0.7
2019 06 19 03 36 38.300    28.407021    104.809945     1.43     0.8
2019 06 19 03 36 58.530    28.346875    104.950350      2.6     0.6
2019 06 19 03 39 07.310    28.406946    104.809416     2.11     0.4
2019 06 19 03 39 58.010    28.394450    104.877588     4.96     0.7
2019 06 19 03 41 44.320    28.384092    104.884155     3.92     0.5
2019 06 19 03 43 18.230    28.408895    104.783317     4.37     0.7
2019 06 19 03 43 53.970    28.424172    104.781266     5.77     0.5
2019 06 19 03 45 01.710    28.389874    104.876497     2.69     0.8
2019 06 19 03 44 38.860    28.397209    104.840063     2.97     0.6
2019 06 19 03 47 15.110    28.424310    104.755778     5.98     1.5
2019 06 19 03 48 31.790    28.422579    104.782308     5.45     0.9
2019 06 19 03 49 58.240    28.441280    104.778646     4.13     1.3
2019 06 19 03 49 38.270    28.426949    104.774276     4.46     0.6
2019 06 19 03 53 47.830    28.447603    104.751343     3.82     0.7
2019 06 19 03 54 08.340    28.362636    104.902327     5.65     1.0
2019 06 19 03 55 39.480    28.434465    104.766561     4.37     1.1
2019 06 19 03 56 55.410    28.406319    104.834595     4.91     0.8
2019 06 19 03 57 23.480    28.403546    104.820150     6.48     0.5
2019 06 19 03 58 02.370    28.435710    104.764901     5.56     0.6
2019 06 19 04 01 02.270    28.356476    104.891911     3.82     1.0
2019 06 19 04 03 04.380    28.396254    104.847721      3.2     0.7
2019 06 19 04 04 22.500    28.404726    104.825098     2.83     0.5
2019 06 19 04 12 01.010    28.390629    104.860872     5.18     2.4
2019 06 19 04 18 15.930    28.417181    104.804102      4.4     0.9
2019 06 19 04 21 05.190    28.406639    104.852303     3.09     1.4
2019 06 19 04 21 20.640    28.404299    104.830355     2.88     1.0
2019 06 19 04 23 45.470    28.382808    104.881185     2.62     1.1
2019 06 19 04 24 05.470    28.415729    104.780216     5.65     0.6
2019 06 19 04 28 30.380    28.405396    104.854215     2.96     0.8
2019 06 19 04 31 24.070    28.374652    104.897705     2.58     0.7
2019 06 19 04 32 54.240    28.394057    104.867196     3.35     0.7
2019 06 19 04 34 40.100    28.402486    104.871338     0.88     1.2
2019 06 19 04 35 09.390    28.409855    104.816577     2.21     1.0
2019 06 19 04 38 05.850    28.447514    104.739355    10.38     0.7
2019 06 19 04 39 44.430    28.423053    104.764811     5.55     0.7
2019 06 19 04 40 45.830    28.388963    104.848706     2.51     0.8
2019 06 19 04 42 08.990    28.417029    104.769751     5.62     0.6
2019 06 19 04 52 31.200    28.401628    104.837980     2.21     0.4
2019 06 19 04 53 10.870    28.422829    104.824520     5.25     1.0
2019 06 19 04 58 10.690    28.403233    104.828923     3.01     1.6
2019 06 19 04 59 21.190    28.423311    104.766829     2.33     1.2
2019 06 19 05 01 26.670    28.420321    104.786393     5.09     0.6
2019 06 19 05 02 43.100    28.417733    104.780924     5.05     1.0
2019 06 19 05 03 23.060    28.417609    104.781144      5.0     0.9
2019 06 19 05 06 27.600    28.437268    104.776823     5.31     0.4
2019 06 19 05 11 15.720    28.413656    104.803003     4.46     1.4
2019 06 19 05 11 56.080    28.360803    104.936092     4.06     0.5
2019 06 19 05 13 28.780    28.433455    104.756510      2.7     1.0
2019 06 19 05 14 32.400    28.396893    104.857544     2.92     2.1
2019 06 19 05 18 20.380    28.414386    104.797160     4.18     0.9
2019 06 19 05 19 13.700    28.487158    104.759847     6.71     0.7
2019 06 19 05 20 33.520    28.343813    104.886271     1.78     0.4
2019 06 19 05 22 43.110    28.393553    104.890885    -3.16     0.7
2019 06 19 05 22 32.950    28.398612    104.851066      5.0     0.4
2019 06 19 05 25 04.210    28.403007    104.841431     4.08     0.8
2019 06 19 05 25 29.000    28.366591    104.898722     2.56     0.7
2019 06 19 05 26 21.390    28.486938    104.760140     6.73     1.1
2019 06 19 05 27 25.250    28.388426    104.859245      2.4     1.3
2019 06 19 05 28 11.260    28.429317    104.808496     5.46     0.8
2019 06 19 05 29 46.310    28.376345    104.898674     4.78     0.5
2019 06 19 05 30 40.720    28.412799    104.788379      5.0     0.3
2019 06 19 05 32 43.250    28.420618    104.780851     5.47     3.1
2019 06 19 05 34 47.540    28.420162    104.777393      5.2     1.4
2019 06 19 05 36 09.840    28.422734    104.781307      5.4     0.9
2019 06 19 05 37 17.170    28.413464    104.792668      8.5     3.2
2019 06 19 05 37 44.640    28.422325    104.760815     5.62     0.9
2019 06 19 05 41 14.920    28.420577    104.780021     5.22     1.2
2019 06 19 05 42 07.350    28.436123    104.767342      5.5     0.5
2019 06 19 05 42 22.290    28.381781    104.886255     2.83     1.1
2019 06 19 05 43 09.670    28.420074    104.806641     3.51     0.9
2019 06 19 05 43 37.670    28.405656    104.817603     3.47     0.7
2019 06 19 05 44 25.760    28.401654    104.820451     2.52     0.7
2019 06 19 05 44 46.120    28.383822    104.865299     1.84     0.8
2019 06 19 05 46 42.270    28.422351    104.780721     5.49     0.7
2019 06 19 05 47 03.340    28.401168    104.863851     3.45     0.7
2019 06 19 05 53 20.500    28.413963    104.783219     5.77     0.6
2019 06 19 05 54 23.230    28.422937    104.765877     5.57     0.5
2019 06 19 05 57 13.200    28.423368    104.754875     6.35     3.1
2019 06 19 06 01 23.990    28.391335    104.908561     5.58     0.8
2019 06 19 06 04 28.110    28.385185    104.882943     3.63     0.7
2019 06 19 06 04 52.440    28.442312    104.715894     8.41     0.8
2019 06 19 06 05 47.200    28.404159    104.859814     2.19     0.7
2019 06 19 06 10 57.340    28.422329    104.756925      6.0     1.0
2019 06 19 06 14 34.500    28.359090    104.928402     3.01     0.5
2019 06 19 06 17 55.500    28.411123    104.816618     2.15     0.6
2019 06 19 06 21 23.590    28.405518    104.814665     2.69     0.6
2019 06 19 06 22 05.420    28.385870    104.868766     2.09     1.0
2019 06 19 06 23 40.930    28.341880    104.884880     4.46     0.9
2019 06 19 06 25 46.850    28.368347    104.923063      3.5     1.5
2019 06 19 06 27 16.090    28.399443    104.845662     3.11     1.0
2019 06 19 06 32 37.420    28.353961    104.894092     2.66     0.9
2019 06 19 06 33 12.740    28.383270    104.889282     2.65     0.6
2019 06 19 06 33 48.830    28.388277    104.864193     2.43     0.6
2019 06 19 06 35 45.410    28.375301    104.874284     3.86     0.4
2019 06 19 06 37 21.770    28.417944    104.848983     5.51     1.1
2019 06 19 06 39 02.780    28.443608    104.738835     7.11     1.1
2019 06 19 06 38 48.560    28.417234    104.800146     4.62     0.8
2019 06 19 06 41 39.740    28.402376    104.828548     2.59     0.5
2019 06 19 06 42 39.270    28.426524    104.757381     4.67     1.2
2019 06 19 06 44 58.750    28.422064    104.784302     5.22     0.9
2019 06 19 06 45 27.060    28.436949    104.765422     5.57     0.8
2019 06 19 06 51 56.890    28.404274    104.829842     3.04     0.9
2019 06 19 06 52 12.490    28.416852    104.772721     5.25     1.4
2019 06 19 06 53 28.410    28.412767    104.854224     2.91     0.6
2019 06 19 06 57 08.300    28.339939    104.882788     4.61     0.5
2019 06 19 06 57 22.540    28.390249    104.880745     2.45     0.8
2019 06 19 06 57 44.860    28.420233    104.816813      4.3     0.8
2019 06 19 06 58 46.130    28.374764    104.926099     3.77     0.7
2019 06 19 07 00 16.590    28.390361    104.850553     4.57     0.7
2019 06 19 07 00 30.260    28.432454    104.869043     5.28     0.4
2019 06 19 07 02 07.130    28.370367    104.907609     1.92     0.3
2019 06 19 07 05 30.140    28.402997    104.871240     5.55     0.7
2019 06 19 07 06 14.710    28.396737    104.851481     4.29     0.3
2019 06 19 07 07 53.400    28.427352    104.731380     8.33     0.5
2019 06 19 07 08 18.340    28.404854    104.854956     4.34     0.3
2019 06 19 07 12 26.320    28.435824    104.769051     5.48     0.5
2019 06 19 07 12 43.780    28.436015    104.752881     5.63     0.6
2019 06 19 07 15 02.350    28.431466    104.735059     7.51     1.4
2019 06 19 07 17 00.810    28.416026    104.799455     4.69     0.6
2019 06 19 07 18 27.330    28.408714    104.828703     3.39     0.9
2019 06 19 07 22 02.690    28.420693    104.829769     3.55     0.7
2019 06 19 07 23 03.660    28.362193    104.902035    -1.38     0.3
2019 06 19 07 23 24.810    28.449662    104.730973     7.98     1.1
2019 06 19 07 25 19.150    28.405239    104.815340     5.42     0.8
2019 06 19 07 27 23.690    28.410889    104.827669     5.47     1.1
2019 06 19 07 28 38.190    28.367965    104.918172     1.73     0.7
2019 06 19 07 31 32.890    28.366168    104.922754     1.99     0.6
2019 06 19 07 32 00.470    28.360862    104.933521     2.72     1.1
2019 06 19 07 32 25.430    28.356885    104.934814     2.66     1.2
2019 06 19 07 33 31.070    28.402913    104.822477     3.72     0.9
2019 06 19 07 35 36.260    28.412128    104.853931     2.92     0.4
2019 06 19 07 42 14.500    28.423069    104.771704     5.46     0.8
2019 06 19 07 44 51.700    28.417440    104.843449     6.29     0.3
2019 06 19 07 45 27.580    28.409886    104.828166     4.25     1.0
2019 06 19 07 47 33.350    28.428149    104.790332     3.65     0.8
2019 06 19 07 51 11.440    28.420833    104.785872     5.14     1.1
2019 06 19 07 51 58.490    28.397213    104.813745     2.44     0.9
2019 06 19 07 52 14.050    28.441569    104.778857     4.05     0.7
2019 06 19 07 53 12.970    28.362097    104.903158     2.78     0.5
2019 06 19 07 54 17.120    28.424377    104.784326     4.69     0.9
2019 06 19 07 56 58.820    28.413761    104.798169     2.31     0.8
2019 06 19 07 57 42.800    28.405552    104.830990     3.11     1.2
2019 06 19 07 58 57.570    28.409495    104.833171     3.44     1.0
2019 06 19 08 06 49.390    28.411717    104.807690    -2.24     0.7
2019 06 19 08 07 24.610    28.420605    104.776432     5.33     0.9
2019 06 19 08 08 23.570    28.417295    104.782194     5.19     0.5
2019 06 19 08 10 10.980    28.404948    104.836654     2.95     0.8
2019 06 19 08 10 36.660    28.397203    104.836572     4.74     2.2
2019 06 19 08 12 13.160    28.414313    104.836906      7.2     0.4
2019 06 19 08 18 09.310    28.421480    104.775024     5.42     0.7
2019 06 19 08 20 18.750    28.411509    104.812297      3.6     2.0
2019 06 19 08 23 16.880    28.401455    104.820589     1.55     0.8
2019 06 19 08 25 22.580    28.395170    104.854085     2.94     1.0
2019 06 19 08 29 36.470    28.432334    104.774097      5.4     2.3
2019 06 19 08 30 56.830    28.423315    104.770093     5.57     1.9
2019 06 19 08 34 10.480    28.368929    104.895581      3.1     0.3
2019 06 19 08 37 33.540    28.397080    104.836727     4.44     0.4
2019 06 19 08 39 13.450    28.414577    104.827344     2.95     0.8
2019 06 19 08 39 41.010    28.393793    104.830941     4.43     0.8
2019 06 19 08 41 12.600    28.413182    104.853646     2.73     0.9
2019 06 19 08 43 08.060    28.363279    104.900781     5.34     0.8
2019 06 19 08 43 37.770    28.378298    104.884489     0.41     0.8
2019 06 19 08 45 06.230    28.434782    104.770483     0.08     0.6
2019 06 19 08 45 51.170    28.426691    104.863208     5.88     0.4
2019 06 19 08 48 16.540    28.398136    104.862044     3.71     0.3
2019 06 19 08 51 10.880    28.417993    104.779712     5.52     0.4
2019 06 19 08 53 41.920    28.431502    104.749129     5.59     0.5
2019 06 19 08 55 04.620    28.384965    104.881453     3.21     0.3
2019 06 19 08 55 59.150    28.385913    104.880721      4.2     1.1
2019 06 19 08 58 30.310    28.399221    104.855811     1.89     0.7
2019 06 19 09 00 00.550    28.426534    104.773397      4.9     0.8
2019 06 19 09 03 47.900    28.429108    104.740299     7.62     0.6
2019 06 19 09 04 50.140    28.358997    104.958504     3.42     0.9
2019 06 19 09 08 21.900    28.417918    104.777612     5.32     0.4
2019 06 19 09 11 34.410    28.423946    104.765503     3.13     0.8
2019 06 19 09 12 12.250    28.366121    104.924170     1.97     0.9
2019 06 19 09 13 50.180    28.431097    104.745378     6.84     0.5
2019 06 19 09 16 15.340    28.375724    104.885962     1.09     0.6
2019 06 19 09 16 50.530    28.427144    104.820361     2.21     0.2
2019 06 19 09 17 40.650    28.458720    104.749056     5.74     0.7
2019 06 19 09 18 15.800    28.426992    104.781136     2.86     0.9
2019 06 19 09 18 28.580    28.434768    104.750488     5.75     0.8
2019 06 19 09 18 37.700    28.400875    104.861515     3.51     1.2
2019 06 19 09 19 34.070    28.406185    104.828597    -1.48     0.5
2019 06 19 09 20 01.480    28.426099    104.781584     2.63     0.7
2019 06 19 09 20 11.720    28.397237    104.860018     1.91     0.5
2019 06 19 09 22 22.400    28.458535    104.748145     5.78     0.8
2019 06 19 09 25 18.430    28.420274    104.771777     5.33     0.6
2019 06 19 09 25 40.870    28.424650    104.748796     6.35     0.5
2019 06 19 09 33 04.270    28.425380    104.791927     4.17     1.0
2019 06 19 09 34 00.840    28.413475    104.849764     2.98     0.7
2019 06 19 09 34 46.170    28.457489    104.744507     5.16     0.9
2019 06 19 09 36 19.220    28.440448    104.786947     5.75     0.7
2019 06 19 09 36 50.590    28.425000    104.750667      6.0     0.9
2019 06 19 09 39 55.370    28.427547    104.751717     5.62     0.7
2019 06 19 09 40 31.910    28.421285    104.771232     5.02     0.9
2019 06 19 09 45 20.790    28.434420    104.763403     5.27     0.6
2019 06 19 09 58 52.150    28.416734    104.793547     4.64     1.3
2019 06 19 09 59 11.620    28.416441    104.791691     1.93     1.1
2019 06 19 09 59 40.370    28.416823    104.792513     4.61     1.4
2019 06 19 10 00 07.670    28.435339    104.750130     5.75     0.9
2019 06 19 10 01 57.090    28.436428    104.768229     5.51     1.1
2019 06 19 10 08 14.470    28.386713    104.866211     1.92     0.7
2019 06 19 10 10 17.250    28.382843    104.879972     4.25     1.0
2019 06 19 10 12 40.750    28.366107    104.922420     1.98     0.9
2019 06 19 10 12 28.690    28.425330    104.770085     5.71     0.6
2019 06 19 10 17 12.270    28.423273    104.770557     5.48     1.0
2019 06 19 10 18 35.520    28.423248    104.761377     5.38     0.4
2019 06 19 10 21 10.720    28.422498    104.777083     2.34     0.2
2019 06 19 10 22 31.960    28.431366    104.742700     6.88     2.2
2019 06 19 10 25 13.860    28.420660    104.807178     0.88     0.9
2019 06 19 10 26 01.890    28.439478    104.728898     7.22     0.5
2019 06 19 10 26 42.280    28.388151    104.878459     3.73     1.1
2019 06 19 10 27 37.310    28.434467    104.750928     5.76     0.6
2019 06 19 10 32 25.780    28.425543    104.769930     5.35     0.5
2019 06 19 10 33 02.600    28.365188    104.897664     5.73     1.2
2019 06 19 10 33 51.940    28.446828    104.727873     7.78     0.6
2019 06 19 10 37 07.770    28.422880    104.781421     5.42     0.9
2019 06 19 10 39 02.050    28.440291    104.790145     1.89     0.8
2019 06 19 10 40 44.880    28.366496    104.877588      8.1     0.5
2019 06 19 10 41 22.970    28.412073    104.805770     3.71     0.3
2019 06 19 10 42 20.870    28.368284    104.899902     2.57     1.0
2019 06 19 10 42 52.280    28.397331    104.864323     2.21     1.1
2019 06 19 10 45 24.410    28.419413    104.786947     4.93     1.4
2019 06 19 10 46 00.300    28.430642    104.757609     5.67     0.9
2019 06 19 10 46 06.890    28.404323    104.828328     4.41     0.9
2019 06 19 10 46 34.390    28.404903    104.879150     5.58     0.9
2019 06 19 10 48 09.740    28.417680    104.797144     4.49     1.0
2019 06 19 10 49 06.490    28.409509    104.820044     1.81     0.1
2019 06 19 10 49 38.510    28.458071    104.746582     5.77     1.2
2019 06 19 10 50 14.070    28.413487    104.793774     6.24     0.2
2019 06 19 10 51 24.790    28.395711    104.919596     1.78     0.5
2019 06 19 10 56 01.230    28.416872    104.782690     2.57     1.2
2019 06 19 10 56 40.230    28.432357    104.857235     6.04     0.3
2019 06 19 10 57 37.880    28.387115    104.850863      2.1     0.7
2019 06 19 11 00 30.790    28.421771    104.784790     5.39     2.5
2019 06 19 11 00 58.390    28.422913    104.781177     5.37     2.0
2019 06 19 11 02 01.190    28.419822    104.783008     5.12     1.1
2019 06 19 11 02 23.020    28.413448    104.800146     3.59     1.1
2019 06 19 11 03 18.350    28.412512    104.808097     2.36     1.0
2019 06 19 11 04 15.350    28.422034    104.784196     5.48     2.8
2019 06 19 11 07 55.490    28.402714    104.837606    -2.01     0.2
2019 06 19 11 11 51.260    28.437911    104.744775     5.53     0.6
2019 06 19 11 12 11.400    28.360856    104.881226     1.88     0.9
2019 06 19 11 12 44.270    28.413715    104.821029     5.69     2.2
2019 06 19 11 21 22.730    28.422984    104.782764     5.51     1.0
2019 06 19 11 22 12.220    28.399072    104.815633     4.82     0.3
2019 06 19 11 24 32.590    28.378333    104.905819     3.26     0.6
2019 06 19 11 28 32.710    28.409261    104.853442     2.92     0.5
2019 06 19 11 32 09.780    28.358510    104.955160     3.92     1.1
2019 06 19 11 35 15.840    28.423020    104.763053     5.55     1.7
2019 06 19 11 35 59.640    28.343724    104.892464     1.59     0.5
2019 06 19 11 39 58.960    28.389608    104.853459     2.55     0.9
2019 06 19 11 42 24.580    28.424131    104.771745     5.41     1.1
2019 06 19 11 44 52.010    28.411094    104.824910     3.79     0.8
2019 06 19 11 45 36.500    28.366715    104.931413     2.49     0.7
2019 06 19 11 46 22.540    28.380029    104.834766     3.53     0.6
2019 06 23 19 15 51.140    28.393384    104.844450     2.99     0.3
2019 06 19 11 52 32.600    28.392348    104.860360     2.16     0.5
2019 06 19 11 55 04.330    28.409070    104.830444     5.89     0.7
2019 06 19 11 56 57.400    28.416823    104.802124     4.93     0.5
2019 06 19 11 57 40.630    28.423728    104.782658     5.72     0.5
2019 06 19 11 58 30.950    28.429683    104.737044     8.39     0.5
2019 06 19 11 59 32.350    28.421794    104.783626     5.26     0.4
2019 06 19 12 01 46.930    28.422658    104.780843     5.24     1.9
2019 06 19 12 02 24.510    28.423560    104.780998     5.43     1.2
2019 06 19 12 04 30.610    28.378986    104.928101     3.01     0.5
2019 06 19 12 06 51.620    28.393532    104.858773      2.7     0.7
2019 06 19 12 08 19.820    28.436338    104.790096     2.98     1.5
2019 06 19 12 09 45.670    28.423897    104.780233     5.65     1.6
2019 06 19 12 10 51.840    28.445319    104.728996     7.57     0.9
2019 06 19 12 11 03.760    28.422577    104.782967     5.23     0.9
2019 06 19 12 11 54.680    28.430400    104.737679     8.47     0.9
2019 06 19 12 11 32.640    28.414591    104.810059     4.29     0.9
2019 06 19 12 11 17.270    28.423132    104.782544      5.4     3.0
2019 06 19 12 12 58.580    28.421360    104.784603     5.27     0.3
2019 06 19 12 14 30.000    28.408061    104.835229     3.13     0.2
2019 06 19 12 15 22.860    28.382465    104.884106     2.88     0.5
2019 06 19 12 18 44.760    28.421761    104.768840     5.18     0.8
2019 06 19 12 19 42.390    28.384265    104.833936      4.2     0.2
2019 06 19 12 20 59.170    28.413184    104.823372     2.53     0.8
2019 06 19 12 21 58.980    28.406622    104.809456      1.4     0.7
2019 06 19 12 21 45.980    28.400161    104.862044     1.21     0.5
2019 06 19 12 22 30.950    28.429671    104.736711     8.39     0.8
2019 06 19 12 24 09.330    28.381986    104.884220     2.92     0.9
2019 06 19 12 29 34.390    28.393087    104.861060     2.15     0.6
2019 06 19 12 29 43.340    28.398299    104.864250     3.13     0.7
2019 06 19 12 31 27.890    28.342147    104.884945     4.33     0.3
2019 06 19 12 32 03.370    28.414262    104.810588     4.35     0.1
2019 06 19 12 33 13.770    28.422133    104.762956     5.55     0.4
2019 06 19 12 33 37.300    28.394452    104.865706     7.75     0.3
2019 06 19 12 33 27.100    28.424990    104.781364     6.07     1.3
2019 06 19 12 34 23.510    28.350903    104.889836     2.67     0.3
2019 06 19 12 35 50.610    28.381120    104.885946     3.99     1.5
2019 06 19 12 37 17.130    28.429873    104.736987     8.39     1.5
2019 06 19 12 37 34.430    28.354850    104.889893     3.13     2.6
2019 06 19 12 38 41.350    28.406191    104.868091     5.43     0.8
2019 06 19 12 39 22.840    28.422638    104.780265     5.21     1.5
2019 06 19 12 41 35.900    28.354281    104.887907     1.47     0.2
2019 06 19 12 42 50.600    28.379043    104.883154     1.61     0.1
2019 06 19 12 43 12.690    28.357908    104.890063     3.85     0.1
2019 06 19 12 43 41.760    28.406262    104.824259     2.71     0.5
2019 06 19 12 44 16.540    28.418162    104.777140     2.83     0.4
2019 06 19 12 44 29.230    28.346214    104.889844     4.09     0.1
2019 06 19 12 45 12.050    28.370113    104.876904    -0.62    -0.0
2019 06 19 12 45 36.190    28.421810    104.762891     5.54     0.5
2019 06 19 12 48 23.960    28.394271    104.862590     2.82    -0.0
2019 06 19 12 49 07.590    28.422339    104.773812     5.53     1.8
2019 06 19 12 52 08.310    28.421405    104.773844      5.5     1.6
2019 06 19 12 54 34.500    28.421781    104.772860     5.34     0.3
2019 06 19 12 54 49.800    28.392017    104.854541     2.96     0.8
2019 06 19 12 55 28.070    28.392320    104.844352      3.0     0.4
2019 06 19 12 55 46.800    28.429126    104.765381     5.47     0.4
2019 06 19 12 56 54.630    28.386983    104.865934     2.76     1.0
2019 06 19 12 57 11.540    28.424188    104.781169     5.79     0.5
2019 06 19 12 57 37.680    28.422504    104.782056     5.33     1.3
2019 06 19 12 58 59.330    28.423470    104.781706     5.69     0.4
2019 06 19 12 59 36.640    28.429541    104.736621     8.34     0.1
2019 06 19 13 00 29.670    28.438121    104.737899     7.27     0.5
2019 06 19 13 01 23.540    28.407306    104.850041     3.13     1.4
2019 06 19 13 03 19.500    28.422272    104.762427     5.52     0.4
2019 06 19 13 05 39.400    28.393970    104.881299     -0.9     0.2
2019 06 19 13 06 37.850    28.406814    104.827743     1.89     0.2
2019 06 19 13 07 11.030    28.426265    104.736589     8.33     0.3
2019 06 19 13 07 54.790    28.421916    104.809945     2.12     0.5
2019 06 19 13 08 20.120    28.386287    104.864046      2.4     1.0
2019 06 19 13 10 16.870    28.411281    104.816300     4.33     2.2
2019 06 19 13 11 18.510    28.395728    104.828589     4.52     0.6
2019 06 19 13 12 27.140    28.395199    104.901090     2.46     0.5
2019 06 19 13 12 51.320    28.426469    104.767700     3.52     0.5
2019 06 19 13 17 43.930    28.395528    104.845597     3.16     0.3
2019 06 19 13 20 34.510    28.430448    104.738175     8.44     0.6
2019 06 19 13 26 48.100    28.423041    104.781038     5.42     0.7
2019 06 19 13 26 30.220    28.404932    104.854248      3.0     0.3
2019 06 19 13 28 01.510    28.433067    104.742676     6.97     0.6
2019 06 19 13 30 09.710    28.430117    104.737354     8.42     1.5
2019 06 19 13 30 47.910    28.374729    104.917122     3.05     0.7
2019 06 19 13 31 49.300    28.362134    104.883602     1.51    -0.2
2019 06 19 13 32 14.380    28.356175    104.892074     4.55     0.5
2019 06 19 13 33 39.760    28.377205    104.895785     2.39     0.4
2019 06 19 13 35 08.580    28.344946    104.886344      4.2     0.4
2019 06 19 13 36 20.670    28.375425    104.914754     5.36     0.8
2019 06 19 13 37 27.960    28.351457    104.891154     2.66     0.7
2019 06 19 13 37 14.940    28.343382    104.885824     4.49     0.0
2019 06 19 13 37 40.720    28.412059    104.856380     6.29     1.3
2019 06 19 13 38 31.860    28.428648    104.793164     5.33     1.4
2019 06 19 13 38 57.350    28.423065    104.780892     5.37     1.6
2019 06 19 13 41 52.720    28.422909    104.782202     5.41     1.5
2019 06 19 13 44 10.990    28.369737    104.889803      1.5     0.8
2019 06 19 13 45 55.610    28.388393    104.910441     2.88     0.7
2019 06 19 13 46 55.830    28.422727    104.781820     5.42     0.5
2019 06 19 13 48 21.470    28.423726    104.781991      5.5     1.0
2019 06 19 13 50 10.040    28.387764    104.858919     2.58    -0.0
2019 06 19 13 51 43.640    28.373781    104.881877     5.23     0.2
2019 06 19 13 54 24.820    28.429449    104.768050     4.92     0.7
2019 06 19 13 55 40.360    28.426996    104.751310     6.32     1.1
2019 06 19 13 59 50.120    28.435398    104.766211     4.04     0.4
2019 06 19 13 59 41.740    28.425608    104.730811     10.0     0.6
2019 06 19 14 00 12.700    28.425163    104.832218     5.72     0.3
2019 06 19 14 01 42.620    28.446704    104.750334     5.66     0.7
2019 06 19 14 02 29.610    28.406185    104.821077     2.82     0.5
2019 06 19 14 02 50.950    28.423114    104.781380     5.44     0.3
2019 06 19 14 03 53.670    28.422748    104.780249     5.24     0.5
2019 06 19 14 04 25.590    28.398775    104.863265     2.77     0.3
2019 06 19 14 06 26.820    28.365625    104.919702     2.02     0.1
2019 06 19 14 08 55.320    28.409273    104.820589     1.87     0.3
2019 06 19 14 10 29.330    28.406419    104.825228     3.14     0.6
2019 06 19 14 10 47.530    28.424923    104.781193     5.83     0.7
2019 06 19 14 12 21.410    28.422351    104.764811     5.08     0.8
2019 06 19 14 12 43.030    28.422854    104.764469     5.09     0.8
2019 06 19 14 14 16.540    28.423250    104.781478     5.47     0.6
2019 06 19 14 14 00.930    28.421771    104.763265      5.0     0.5
2019 06 19 14 17 20.630    28.425564    104.793579     4.81     0.2
2019 06 19 14 17 45.900    28.389071    104.908521     4.18     0.4
2019 06 19 14 18 46.300    28.369295    104.848356     3.78     0.3
2019 06 19 14 19 25.760    28.402063    104.828019     2.98     0.4
2019 06 19 14 20 28.890    28.423008    104.781364      5.4     0.5
2019 06 19 14 27 41.230    28.435785    104.751034     2.76     1.4
2019 06 19 14 29 45.010    28.431785    104.736548     8.39     0.4
2019 06 19 14 32 11.650    28.375759    104.880933     2.57     0.6
2019 06 19 14 34 12.510    28.435689    104.764119     5.53     0.9
2019 06 19 14 34 32.770    28.438735    104.789640     2.99     0.7
2019 06 19 14 35 11.980    28.429966    104.750081      5.7     0.5
2019 06 19 14 37 19.040    28.430084    104.736564      8.4     0.4
2019 06 19 14 38 46.650    28.430404    104.738127     8.43     1.5
2019 06 19 14 41 38.450    28.395097    104.849268     2.74     0.5
2019 06 19 14 42 23.860    28.440965    104.742887      5.2     0.8
2019 06 19 14 44 42.740    28.457371    104.741309    10.16     0.9
2019 06 19 14 45 19.600    28.365989    104.932324      2.2     0.7
2019 06 19 14 48 09.250    28.379224    104.896037      2.5     0.4
2019 06 19 14 50 47.350    28.388340    104.895150     1.45     0.6
2019 06 19 14 51 46.130    28.345235    104.891105     0.36     0.2
2019 06 19 14 52 13.790    28.392474    104.918433     4.88     0.0
2019 06 19 14 52 52.660    28.422127    104.782845      5.3     0.8
2019 06 19 14 56 42.420    28.422764    104.774430     4.14     0.3
2019 06 19 14 59 18.790    28.423071    104.781812     5.48     1.5
2019 06 19 15 00 35.800    28.391351    104.913965     3.09     0.8
2019 06 19 15 00 18.270    28.385830    104.886475     3.15     0.5
2019 06 19 15 02 12.350    28.431350    104.736759      8.4     0.4
2019 06 19 15 02 59.590    28.424679    104.761320     5.63     0.5
2019 06 19 15 03 54.590    28.408398    104.854411     1.77     1.0
2019 06 19 15 03 31.410    28.410693    104.784969     3.93     0.5
2019 06 19 15 04 22.740    28.375700    104.907813     7.24     1.6
2019 06 19 15 05 16.970    28.376862    104.866235     0.88     0.4
2019 06 19 15 07 23.970    28.422607    104.754191     4.62     0.6
2019 06 19 15 07 09.130    28.431838    104.736491     8.42     0.3
2019 06 19 15 07 53.220    28.419010    104.790080      4.7     0.3
2019 06 19 15 09 41.310    28.399038    104.815755     4.82     0.6
2019 06 19 15 10 41.350    28.414862    104.797738     3.77     0.7
2019 06 19 15 14 20.960    28.401809    104.819344     1.91     0.1
2019 06 19 15 15 22.650    28.381946    104.884521     2.85     0.4
2019 06 19 15 16 00.050    28.441138    104.751107     8.77    -0.1
2019 06 19 15 18 16.270    28.425232    104.783146     5.87     0.2
2019 06 19 15 19 23.900    28.402997    104.822835      3.4     0.0
2019 06 19 15 20 14.600    28.374526    104.908976     1.85     0.0
2019 06 19 15 20 37.340    28.395451    104.855786     3.84     0.3
2019 06 19 15 21 11.380    28.435612    104.763989     2.27     0.2
2019 06 19 15 22 38.670    28.439390    104.760002     5.47     1.7
2019 06 19 15 26 28.000    28.422843    104.781486     5.39     0.4
2019 06 19 15 32 29.540    28.404419    104.828125     2.65     0.6
2019 06 19 15 34 13.940    28.396248    104.851961     2.82     0.4
2019 06 19 15 34 01.980    28.390057    104.854207     2.49     0.1
2019 06 19 15 36 22.810    28.418518    104.790747     5.21     1.9
2019 06 19 15 36 59.960    28.424744    104.799056     2.99     0.8
2019 06 19 15 37 34.490    28.418770    104.791553     5.26     1.9
2019 06 19 15 39 13.080    28.414492    104.829606     5.62     1.6
2019 06 19 15 41 28.110    28.425789    104.753719     6.06     1.3
2019 06 19 15 42 57.260    28.434481    104.748682     2.85     0.4
2019 06 19 15 44 40.000    28.425096    104.793986     3.84     0.3
2019 06 19 15 47 14.760    28.417837    104.792863     5.31     0.8
2019 06 19 15 47 45.920    28.416099    104.824927     5.53     1.9
2019 06 19 15 48 37.000    28.392222    104.852336     5.17     0.9
2019 06 19 15 49 03.400    28.401090    104.857739     2.98     0.4
2019 06 19 15 49 35.740    28.422152    104.776994     2.78     0.4
2019 06 19 15 52 55.420    28.430302    104.736784     8.38     0.7
2019 06 19 15 53 18.690    28.423356    104.780607     4.41     0.5
2019 06 19 15 53 52.440    28.400828    104.856283     3.52     0.3
2019 06 19 15 55 05.500    28.360494    104.942570     3.41     0.4
2019 06 19 15 55 51.510    28.389150    104.856006     2.94     0.3
2019 06 19 15 56 07.790    28.408278    104.815788     3.67     0.3
2019 06 19 15 58 32.950    28.430369    104.737337      8.4     1.1
2019 06 19 15 59 18.770    28.371887    104.961133     9.21     0.1
2019 06 19 15 59 29.280    28.406907    104.822038     0.99    -0.1
2019 06 19 16 00 48.050    28.421407    104.759627     5.73     0.8
2019 06 19 16 01 21.420    28.440576    104.795793     5.33     2.2
2019 06 19 16 01 52.980    28.432951    104.743815     6.97     1.1
2019 06 25 16 21 01.170    28.407163    104.841203     0.98     0.6
2019 06 19 16 05 16.620    28.387675    104.863794     1.71     1.0
2019 06 19 16 05 08.150    28.352362    104.888184     2.97     0.3
2019 06 19 16 05 55.920    28.397587    104.894946     2.71     1.6
2019 06 19 16 05 41.460    28.431319    104.740682     6.89     0.8
2019 06 19 16 06 49.080    28.430540    104.760840     5.57     1.1
2019 06 19 16 07 42.510    28.392466    104.852205     2.71     0.5
2019 06 19 16 08 24.800    28.417293    104.790739     2.69     0.2
2019 06 19 16 08 58.890    28.427523    104.794417     4.02     0.5
2019 06 19 16 09 18.840    28.403426    104.827604      2.8     0.6
2019 06 19 16 09 55.040    28.430393    104.736475     8.38     1.4
2019 06 19 16 10 56.540    28.433270    104.743433      7.0     0.7
2019 06 19 16 10 48.670    28.404643    104.821346     1.73     0.5
2019 06 19 16 12 01.360    28.409328    104.818929     6.31     0.3
2019 06 19 16 13 56.000    28.419318    104.770988     5.01     0.5
2019 06 19 16 16 31.810    28.417084    104.792196     4.55     0.1
2019 06 19 16 20 26.290    28.404635    104.854606     3.05     0.5
2019 06 19 16 20 33.130    28.407633    104.859627     2.54     0.8
2019 06 19 16 22 24.800    28.418701    104.777425     5.12     0.2
2019 06 19 16 24 45.710    28.413562    104.800187      3.8     0.3
2019 06 19 16 26 43.500    28.422817    104.761833     3.94     0.1
2019 06 19 16 27 08.870    28.423189    104.781266     5.44     1.4
2019 06 19 16 26 57.740    28.404041    104.825684      1.5     1.1
2019 06 19 16 28 34.650    28.419112    104.789876      5.1     0.7
2019 06 19 16 29 44.920    28.387158    104.865381     2.83     0.4
2019 06 19 16 31 38.330    28.433327    104.770549      3.0     1.0
2019 06 19 16 33 36.460    28.422599    104.782438     5.36     0.7
2019 06 19 16 38 32.860    28.373462    104.902856     2.35     0.7
2019 06 19 16 39 12.780    28.424878    104.781624     5.85     0.2
2019 06 19 16 40 06.270    28.414282    104.863037     4.03     0.5
2019 06 19 16 42 00.550    28.430554    104.738281     8.45     0.4
2019 06 19 16 43 09.370    28.422290    104.755062     5.75     0.4
2019 06 19 16 44 08.400    28.406694    104.844954     1.25     0.1
2019 06 19 16 45 02.550    28.420978    104.770353     5.09     0.9
2019 06 19 16 45 25.080    28.430247    104.736035     8.35     0.6
2019 06 19 16 49 18.780    28.414636    104.804175     2.75     0.5
2019 06 19 16 50 10.010    28.373438    104.902669     1.52    -0.2
2019 06 19 16 51 29.100    28.430927    104.735872     8.38     0.1
2019 06 19 16 51 21.530    28.397445    104.867505     1.07    -0.1
2019 06 19 16 53 16.180    28.438792    104.791431     5.49     1.2
2019 06 19 16 53 57.090    28.372717    104.888322     2.26     0.7
2019 06 19 16 54 13.110    28.404315    104.840723     3.05     0.6
2019 06 19 16 54 38.030    28.430935    104.735840     8.37     0.7
2019 06 19 16 56 18.710    28.348319    104.884644     3.43     0.8
2019 06 19 16 56 09.040    28.356425    104.900277     2.88     0.4
2019 06 19 16 57 40.710    28.386949    104.865332     2.79     0.3
2019 06 19 16 58 25.290    28.436503    104.779232     5.71     2.2
2019 06 19 17 00 24.580    28.435563    104.790910     2.93     0.7
2019 06 19 17 00 41.000    28.396181    104.843221     2.59     0.8
2019 06 19 17 02 19.560    28.438969    104.791829     5.46     0.2
2019 06 19 17 04 00.240    28.416980    104.784342     4.87     0.8
2019 06 19 17 03 52.680    28.387193    104.868726     4.31    -0.0
2019 06 19 17 04 23.060    28.402909    104.876774     2.15     0.6
2019 06 19 17 05 34.060    28.426683    104.736580      8.4     0.1
2019 06 19 17 05 48.200    28.421600    104.783765     5.22     0.2
2019 06 19 17 06 56.140    28.421785    104.777710     5.16     0.6
2019 06 19 17 07 57.360    28.427478    104.772998     5.44     0.1
2019 06 19 17 08 07.680    28.393467    104.832308     4.31     0.6
2019 06 19 17 08 34.480    28.418927    104.774032     5.84     0.4
2019 06 19 17 09 00.400    28.426019    104.909692     7.02     0.2
2019 06 19 17 11 31.680    28.430528    104.736361     8.38     0.6
2019 06 19 17 12 27.480    28.385052    104.883944     1.53     0.4
2019 06 19 17 13 13.820    28.361253    104.903906     2.97     0.3
2019 06 19 17 14 16.840    28.430125    104.735840     8.43     0.5
2019 06 19 17 16 47.440    28.416913    104.783919      4.9     0.6
2019 06 19 17 17 18.600    28.435097    104.785718     2.92     0.2
2019 06 19 17 17 54.620    28.365889    104.903914     2.75     2.6
2019 06 19 17 20 47.120    28.420325    104.752474     6.13     0.5
2019 06 19 17 22 27.800    28.431755    104.743197      6.4     1.9
2019 06 19 17 22 20.440    28.436367    104.788826     4.06     1.0
2019 06 19 17 24 56.840    28.431647    104.752718      4.7     0.0
2019 06 19 17 25 48.360    28.417147    104.801245     2.86    -0.1
2019 06 19 17 25 32.320    28.399428    104.813672     1.19    -0.0
2019 06 19 17 26 22.000    28.437476    104.762695     5.52     0.9
2019 06 19 17 26 54.040    28.381451    104.884578     2.89     1.7
2019 06 19 17 30 20.800    28.430208    104.736483     8.46     3.3
2019 06 19 17 32 16.360    28.429806    104.735954     8.36     1.0
2019 06 19 17 33 25.760    28.430701    104.735628     8.36     1.0
2019 06 19 17 34 08.800    28.430849    104.735848     8.36     1.1
2019 06 19 17 35 15.840    28.418066    104.779932     5.29     0.4
2019 06 19 17 38 33.280    28.424465    104.769637     5.62     1.5
2019 06 19 17 38 26.120    28.422778    104.757145     5.96     0.9
2019 06 19 17 40 00.520    28.435124    104.785693     2.33     0.8
2019 06 19 17 41 16.660    28.363446    104.900456     2.48     0.8
2019 06 19 17 41 41.080    28.404181    104.827970     2.74     0.7
2019 06 26 06 43 11.350    28.424786    104.754150     5.65     3.3
2019 06 19 17 49 37.520    28.424640    104.785360     2.78     0.8
2019 06 19 17 50 34.280    28.425083    104.753784     5.95     2.2
2019 06 19 17 52 31.520    28.430345    104.748966     5.69     0.9
2019 06 19 17 52 16.000    28.417228    104.789437     1.97     0.8
2019 06 19 17 52 54.420    28.408354    104.854679     1.79     1.5
2019 06 19 17 54 57.920    28.406946    104.851717     3.08     1.0
2019 06 19 17 56 02.400    28.422998    104.760303     5.29     2.0
2019 06 19 17 59 56.460    28.438772    104.746924     5.88     0.7
2019 06 19 18 01 15.680    28.445300    104.745052      5.4     0.9
2019 06 19 18 01 52.200    28.430442    104.735482     8.35     0.8
2019 06 19 18 02 53.360    28.430876    104.735612     8.38     0.3
2019 06 19 18 06 16.140    28.422896    104.757560     5.68     0.5
2019 06 19 18 07 15.420    28.422337    104.762223     5.56     0.8
2019 06 19 18 07 46.400    28.413953    104.783561     1.48     0.4
2019 06 19 18 10 13.600    28.423177    104.780949     5.43     0.9
2019 06 19 18 11 08.420    28.402195    104.819214     3.41     1.1
2019 06 19 18 11 55.240    28.420848    104.832690     4.78     3.2
2019 06 19 18 13 55.520    28.421169    104.757601     6.16     0.8
2019 06 19 18 15 33.760    28.418400    104.765348     1.74    -0.1
2019 06 19 18 16 55.660    28.395443    104.834562     4.34     0.9
2019 06 19 18 17 35.600    28.363749    104.992806     6.34     1.0
2019 06 19 18 18 11.600    28.415851    104.778996     1.86     1.1
2019 06 19 18 18 05.660    28.423582    104.762085     5.71     1.0
2019 06 19 18 19 53.840    28.423281    104.761117     5.63     0.4
2019 06 19 18 21 45.800    28.421454    104.758228     6.05     0.9
2019 06 19 18 22 24.440    28.356736    104.940926     2.03     0.1
2019 06 19 18 25 53.240    28.432912    104.770662     3.08     0.8
2019 06 19 18 26 19.100    28.393099    104.835164     4.63     0.9
2019 06 19 18 27 15.800    28.354232    104.983740      8.8     0.2
2019 06 19 18 28 36.460    28.423653    104.758293     4.78     2.0
2019 06 19 18 31 03.400    28.405247    104.820736     3.02     1.2
2019 06 19 18 31 24.620    28.412683    104.825187     5.85     1.7
2019 06 19 18 32 10.420    28.363302    104.900537     2.54     0.5
2019 06 19 18 36 12.960    28.418247    104.771842     2.92     0.3
2019 06 19 18 37 07.840    28.355186    104.931063     2.11     0.8
2019 06 19 18 37 53.440    28.432141    104.742228     6.42     0.2
2019 06 19 18 39 13.560    28.426487    104.823022     5.96     1.2
2019 06 19 18 41 48.680    28.429128    104.765601     5.31     0.8
2019 06 19 18 42 40.680    28.403288    104.819515     2.96     1.0
2019 06 19 18 43 30.520    28.403141    104.819466     3.05     0.9
2019 06 19 18 44 21.740    28.435555    104.766626     0.19     0.3
2019 06 19 18 44 33.240    28.383010    104.851066     1.57     0.3
2019 06 19 18 45 43.640    28.429895    104.755705     2.39     0.5
2019 06 19 18 46 41.400    28.393634    104.848617	3.06    0.7
2019 06 19 18 49 00.280    28.457127    104.737899     5.23     0.6
2019 06 19 18 49 14.060    28.431712    104.738477     8.52     0.6
2019 06 19 18 50 02.600    28.420850    104.775822     5.22     0.2
2019 06 19 18 50 50.680    28.402706    104.818856     1.67     0.2
2019 06 19 18 51 47.120    28.441549    104.730843     7.48     1.0
2019 06 19 18 51 56.460    28.403202    104.816398     1.57     0.2
2019 06 19 18 55 45.840    28.417499    104.771590     5.43     2.0
2019 06 19 18 57 49.820    28.418341    104.776912     5.49     2.2
2019 06 19 18 59 09.880    28.394423    104.780428     4.14     0.8
2019 06 19 19 00 39.560    28.416345    104.771655     5.22     0.8
2019 06 19 19 01 24.520    28.395363    104.834342     4.61     0.8
2019 06 19 19 04 06.500    28.431242    104.738013     8.47     0.4
2019 06 19 19 07 46.220    28.417448    104.792863     4.72     0.3
2019 06 19 19 09 32.060    28.416856    104.772746     5.29     0.9
2019 06 19 19 10 57.480    28.443524    104.752368     5.63     1.7
2019 06 19 19 13 47.000    28.392442    104.814478     6.86     0.1
2019 06 19 19 14 21.300    28.412227    104.851099     2.96     0.2
2019 06 19 19 15 37.600    28.435807    104.794670     5.37     1.3
2019 06 19 19 16 48.120    28.425226    104.803166     1.84     0.2
2019 06 19 19 17 07.360    28.418085    104.777995     5.32     0.3
2019 06 19 19 18 42.360    28.431340    104.744987     2.92     0.2
2019 06 19 19 19 12.040    28.412006    104.850667     2.95     0.2
2019 06 19 19 20 02.120    28.424121    104.757642     6.06     0.9
2019 06 19 19 21 01.780    28.432613    104.742928     6.96     0.6
2019 06 19 19 22 22.720    28.412254    104.820833     5.59     0.8
2019 06 19 19 23 56.480    28.398067    104.830965     1.08     0.1
2019 06 19 19 26 13.760    28.417004    104.769930     5.31     0.3
2019 06 19 19 28 02.800    28.405267    104.854386     3.08     0.4
2019 06 19 19 29 03.400    28.405800    104.854362     3.13    -0.2
2019 06 19 19 31 13.560    28.422331    104.782340     5.32     1.0
2019 06 19 19 31 57.360    28.428310    104.742383     8.11     0.2
2019 06 19 19 33 05.880    28.401027    104.822152     2.37     0.0
2019 06 19 19 34 09.520    28.425985    104.763338     2.55     0.7
2019 06 19 19 35 26.320    28.423570    104.783122     5.71     2.4
2019 06 19 19 35 09.000    28.423879    104.755249     6.26     0.0
2019 06 19 19 36 20.040    28.422282    104.782495      5.3     1.5
2019 06 19 19 37 15.980    28.399603    104.818587     2.16     0.3
2019 06 19 19 38 36.840    28.396987    104.841219     3.55     1.0
2019 06 19 19 39 25.360    28.366087    104.930892     2.91     0.4
2019 06 19 19 39 54.360    28.447658    104.729045     7.71     0.6
2019 06 19 19 39 45.680    28.392499    104.858667     2.67     0.6
2019 06 19 19 40 47.960    28.431173    104.736393     8.44     2.6
2019 06 19 19 40 24.360    28.413853    104.803052     3.36    -0.2
2019 06 19 19 42 03.080    28.378792    104.927808     5.53     0.9
2019 06 19 19 42 34.320    28.417971    104.770671     5.23     1.0
2019 06 19 19 45 25.760    28.395083    104.834172     4.57     0.4
2019 06 19 19 47 05.700    28.420888    104.768302     0.19     0.2
2019 06 19 19 48 33.520    28.398169    104.829427     4.65     0.5
2019 06 19 19 50 05.380    28.393614    104.854427     2.64     0.2
2019 06 19 19 51 37.600    28.354360    104.891520     2.38    -0.1
2019 06 19 19 53 43.420    28.436778    104.741097     5.71     1.2
2019 06 19 19 55 31.600    28.434467    104.741007     7.37     2.9
2019 06 19 19 57 56.000    28.423844    104.779964     2.25     0.9
2019 06 19 20 00 30.160    28.434204    104.750806     5.65     0.9
2019 06 19 20 01 06.340    28.431392    104.746021     6.69     1.0
2019 06 19 20 01 44.440    28.432597    104.747469     6.78     1.5
2019 06 19 20 02 31.000    28.417849    104.770703     5.33     1.6
2019 06 19 20 03 15.640    28.415696    104.769759     5.24     0.7
2019 06 19 20 03 39.900    28.429934    104.746183     6.69     0.6
2019 06 19 20 03 24.840    28.429439    104.746493     6.72     0.5
2019 06 19 20 05 06.640    28.434668    104.751953     0.25     0.4
2019 06 19 20 06 17.320    28.437465    104.751058    -0.89     0.3
2019 06 19 20 06 49.840    28.400761    104.811792      6.4     0.8
2019 06 19 20 07 39.780    28.416237    104.863468      4.2     0.9
2019 06 19 20 08 23.480    28.431382    104.745345     6.96     0.4
2019 06 19 20 11 16.740    28.400515    104.821761     3.22     0.5
2019 06 19 20 12 33.680    28.370369    104.945915     3.11     0.5
2019 06 19 20 13 07.800    28.421903    104.783000     5.29     0.3
2019 06 19 20 14 24.160    28.417639    104.772559     5.26     0.3
2019 06 19 20 16 35.480    28.395813    104.816488     5.16     0.6
2019 06 19 20 17 07.880    28.424658    104.780330      5.8     0.0
2019 06 19 20 16 48.320    28.366482    104.895825     3.68     0.2
2019 06 19 20 18 19.060    28.434460    104.748755     5.65     1.5
2019 06 19 20 20 30.540    28.408600    104.837248     1.65    -0.1
2019 06 19 20 21 01.520    28.377934    104.890934     5.97     0.9
2019 06 19 20 21 10.240    28.418709    104.776481     5.39     0.7
2019 06 19 20 21 52.560    28.422115    104.782576     5.27     0.2
2019 06 19 20 24 33.760    28.400682    104.812012     6.43     1.0
2019 06 19 20 25 19.120    28.423073    104.756559     5.78     0.6
2019 06 19 20 26 51.400    28.385594    104.882104     2.19     0.6
2019 06 19 20 28 10.400    28.394572    104.854557     3.04     0.0
2019 06 19 20 27 50.360    28.411491    104.850391     2.92     0.1
2019 06 19 20 30 12.360    28.417131    104.773861     5.29     0.6
2019 06 19 20 31 51.620    28.379525    104.888110      2.5     0.6
2019 06 19 20 34 48.740    28.410122    104.807381     2.47     0.2
2019 06 19 20 35 25.480    28.392265    104.850627     2.99     0.7
2019 06 19 20 36 50.860    28.375745    104.887012     1.09     0.2
2019 06 19 20 37 22.340    28.421419    104.784253     5.23     0.1
2019 06 19 20 39 46.120    28.370217    104.895850     2.24     0.5
2019 06 19 20 43 27.280    28.356222    104.941357     0.27     0.9
2019 06 19 20 44 45.720    28.423777    104.758154     6.02     0.1
2019 06 19 20 46 33.240    28.394958    104.873901     1.55     2.0
2019 06 19 20 47 23.080    28.431722    104.760164     2.51     0.8
2019 06 19 20 53 33.060    28.408934    104.783423     5.49    -0.2
2019 06 19 20 54 07.560    28.422176    104.756258     5.81     0.7
2019 06 19 20 55 11.320    28.419210    104.803800     4.56    -0.0
2019 06 19 20 56 27.080    28.398258    104.851294     2.89     0.4
2019 06 19 20 57 01.440    28.401481    104.821916     1.88     0.4
2019 06 19 20 56 54.320    28.373417    104.925952     4.16     0.7
2019 06 19 20 57 50.680    28.427004    104.763973     5.56     0.6
2019 06 19 20 58 44.240    28.417857    104.771110     5.32     1.3
2019 06 19 20 59 43.120    28.385154    104.883854     4.21     0.6
2019 06 19 21 00 02.600    28.353916    104.933000     2.79     0.2
2019 06 19 21 00 35.800    28.368258    104.947827     3.29     0.4
2019 06 19 21 01 12.360    28.424164    104.759261      6.2     0.2
2019 06 19 21 04 34.440    28.424935    104.772542     6.04     2.0
2019 06 19 21 09 35.640    28.434507    104.748071     0.38     0.4
2019 06 19 21 10 19.900    28.391754    104.833309     2.17     0.3
2019 06 19 21 11 48.400    28.422679    104.782316     5.37     0.5
2019 06 19 21 12 25.580    28.387193    104.887891      1.4     0.0
2019 06 19 21 12 51.440    28.361692    104.928182     2.02     0.9
2019 06 19 21 13 23.140    28.430693    104.739233     6.05     0.3
2019 06 19 21 14 20.960    28.362309    104.987842     5.52     0.4
2019 06 19 21 15 10.700    28.430627    104.769198     3.33     0.1
2019 06 19 21 15 19.200    28.360238    104.894596     2.79     0.3
2019 06 19 21 17 07.240    28.395644    104.834342     4.67     1.1
2019 06 19 21 16 47.000    28.429508    104.735929     8.36     0.4
2019 06 19 21 17 15.920    28.425220    104.754362      4.8     1.1
2019 06 19 21 18 07.640    28.397520    104.837329     4.57     0.2
2019 06 19 21 18 42.480    28.423334    104.753573     6.19     0.1
2019 06 19 21 19 16.400    28.394167    104.865055     2.92     0.4
2019 06 19 21 19 58.680    28.421316    104.780379     2.87     1.0
2019 06 19 21 19 49.360    28.411204    104.844206     5.11     0.5
2019 06 19 21 21 20.120    28.395076    104.834204     4.33     0.4
2019 06 19 21 22 13.380    28.421486    104.763582     3.86     0.8
2019 06 19 21 24 09.940    28.434898    104.740210     4.74     0.4
2019 06 19 21 26 01.360    28.416677    104.786857     1.97     0.2
2019 06 19 21 27 33.440    28.432562    104.751896      5.6     0.8
2019 06 19 21 28 58.000    28.382792    104.885588     2.71     0.4
2019 06 19 21 31 01.760    28.364109    104.900993     2.41     0.8
2019 06 19 21 30 40.740    28.430579    104.763599     3.16    -0.1
2019 06 19 21 31 55.300    28.390405    104.860116     2.93     1.1
2019 06 19 21 32 26.760    28.409819    104.823079     1.71     0.6
2019 06 19 21 33 44.260    28.384271    104.937240     3.71     0.7
2019 06 19 21 34 23.460    28.377472    104.874007     0.98     0.7
2019 06 19 21 35 20.880    28.412002    104.821940      3.2     0.4
2019 06 19 21 35 49.980    28.408870    104.821948     2.31     0.3
2019 06 19 21 36 30.640    28.432068    104.746639     6.81     1.8
2019 06 19 21 39 21.300    28.425431    104.760881      9.9     0.2
2019 06 19 21 40 11.300    28.404871    104.817188     2.71     0.3
2019 06 19 21 39 50.720    28.413898    104.808879      1.1     0.5
2019 06 19 21 41 07.640    28.412417    104.829989     5.86     2.0
2019 06 19 21 42 25.960    28.403520    104.814103      2.7     0.2
2019 06 19 21 44 18.320    28.424880    104.784440     2.89     0.4
2019 06 19 21 44 55.880    28.408254    104.828768      1.8     0.1
2019 06 19 21 49 24.680    28.432505    104.761385      4.2     0.2
2019 06 19 21 49 16.860    28.377122    104.875635     0.01     0.6
2019 06 19 21 49 45.040    28.409847    104.857088     3.12     0.3
2019 06 19 21 50 29.740    28.430762    104.778288     4.91     0.8
2019 06 19 21 50 50.420    28.429604    104.741577     7.47     0.5
2019 06 19 21 52 03.220    28.407365    104.824756     2.88     1.0
2019 06 19 21 55 17.040    28.421967    104.784652     5.22     0.4
2019 06 19 21 56 29.280    28.398006    104.859928     2.84     0.6
2019 06 19 21 56 55.800    28.424835    104.751367     6.27     0.5
2019 06 19 21 58 17.520    28.397308    104.846151     3.27     0.7
2019 06 19 21 59 10.300    28.389547    104.879419     2.42     0.4
2019 06 19 21 59 56.520    28.430587    104.735669     8.39     0.2
2019 06 19 22 00 36.040    28.431067    104.751815     2.23     0.7
2019 06 19 22 00 18.140    28.366221    104.921045     1.45     0.5
2019 06 19 22 01 07.980    28.397666    104.835254     1.65     0.2
2019 06 19 22 02 02.560    28.425938    104.788118     3.12     0.8
2019 06 19 22 02 38.620    28.419507    104.770304     5.57     2.0
2019 06 19 22 02 26.600    28.435681    104.787199     4.06     1.1
2019 06 19 22 06 25.920    28.346916    104.877596     5.67     0.5
2019 06 19 22 06 56.120    28.390122    104.837174     2.69     0.2
2019 06 19 22 15 14.600    28.387160    104.874325     0.21     0.8
2019 06 19 22 18 16.780    28.346897    104.884326     4.56     0.7
2019 06 19 22 18 47.440    28.417165    104.870459     3.75     0.7
2019 06 19 22 21 27.360    28.448081    104.719084    10.34     1.5
2019 06 19 22 26 29.640    28.384591    104.919393     5.12     2.0
2019 06 19 22 29 14.160    28.422184    104.782837     5.32     0.6
2019 06 19 22 30 16.560    28.404110    104.780518     5.68     0.6
2019 06 19 22 32 55.920    28.405054    104.821574     1.76     1.1
2019 06 19 22 36 45.320    28.353805    104.886637     3.56     0.6
2019 06 19 22 44 21.680    28.412972    104.811759      4.2     0.8
2019 06 19 22 45 53.520    28.422215    104.782658     5.26     0.1
2019 06 19 22 50 15.180    28.431740    104.731787     8.21     0.7
2019 06 19 22 51 20.920    28.404034    104.789697     0.87     0.2
2019 06 19 22 52 32.560    28.416785    104.793783     4.58     0.2
2019 06 19 22 53 21.800    28.415078    104.797502     3.92     0.9
2019 06 19 22 54 12.880    28.430253    104.735295     8.35     1.9
2019 06 19 22 55 07.880    28.426072    104.825431     1.36     0.4
2019 06 19 22 58 51.360    28.421452    104.783789      5.2     0.3
2019 06 19 22 59 18.800    28.431207    104.734310     8.34     0.4
2019 06 19 23 01 06.180    28.430575    104.771688    -0.85     0.2
2019 06 19 23 01 37.400    28.402199    104.832682     4.61     0.2
2019 06 19 23 02 53.660    28.392474    104.909521     1.81     0.7
2019 06 19 23 03 32.720    28.437461    104.797583     3.15     0.6
2019 06 19 23 08 01.400    28.358563    104.948332     2.91     0.6
2019 06 19 23 10 33.360    28.420695    104.757967     6.07     1.5
2019 06 19 23 12 23.840    28.371198    104.945565      3.1     0.8
2019 06 19 23 13 54.080    28.407186    104.823014     2.07     0.4
2019 06 19 23 14 24.420    28.418441    104.770752     5.23     0.9
2019 06 19 23 14 37.640    28.409558    104.821769     2.28     1.2
2019 06 19 23 15 18.480    28.420382    104.757731      6.1     1.0
2019 06 19 23 20 58.120    28.384043    104.875798     1.86     1.8
2019 06 19 23 22 30.140    28.420406    104.758293     6.06     1.2
2019 06 19 23 24 01.460    28.380314    104.886141     2.53     0.7
2019 06 19 23 24 55.760    28.359261    104.932121     2.17     0.6
2019 06 19 23 27 00.600    28.421261    104.762777     4.99     0.6
2019 06 19 23 27 39.400    28.413322    104.809684     3.33     0.5
2019 06 19 23 29 13.160    28.412181    104.812272     3.75     0.4
2019 06 19 23 30 28.280    28.421242    104.762891     4.98     0.6
2019 06 19 23 31 23.560    28.417067    104.783553     2.42     0.2
2019 06 19 23 32 02.920    28.395770    104.837321     5.51     0.6
2019 06 19 23 32 49.360    28.390721    104.744116     3.97     0.3
2019 06 19 23 34 58.000    28.419513    104.789762     5.25     0.8
2019 06 19 23 35 40.680    28.428941    104.736336     8.35     0.3
2019 06 19 23 39 14.440    28.410730    104.816056      3.0     0.4
2019 06 19 23 40 39.120    28.385280    104.876139     4.16     1.9
2019 06 19 23 47 22.880    28.410830    104.822176     3.05     0.2
2019 06 19 23 50 07.880    28.431244    104.745304     6.81     1.4
2019 06 19 23 52 38.900    28.420487    104.776644     5.48     0.5
2019 06 19 23 53 36.040    28.431718    104.748633     6.47     0.4
2019 06 19 23 54 52.440    28.386672    104.877173     3.47     0.5
2019 06 19 23 55 57.360    28.442224    104.729378     7.98     0.2
2019 06 19 23 58 00.040    28.412439    104.857292     3.99     0.9
2019 06 19 23 58 56.040    28.437378    104.788688     5.59     1.4
2019 06 19 23 59 38.020    28.413379    104.824048     2.54     0.8
2019 06 20 00 03 48.980    28.428640    104.758659     4.11     0.3
2019 06 20 00 04 49.540    28.418252    104.781901     5.08     0.5
2019 06 20 00 08 16.270    28.374534    104.912923     2.65     0.8
2019 06 20 00 09 48.920    28.448334    104.728125     8.95     0.7
2019 06 20 00 10 55.320    28.421773    104.770353     5.41     0.3
2019 06 20 00 16 25.550    28.420410    104.798584     2.79     0.7
2019 06 20 00 16 14.910    28.429114    104.755379     2.56     0.2
2019 06 20 00 17 03.250    28.416420    104.802905     3.41     0.9
2019 06 20 00 17 51.120    28.435962    104.772493     5.48     1.5
2019 06 20 00 20 38.260    28.428709    104.782121    -0.13     0.3
2019 06 20 00 21 35.600    28.422854    104.763013      4.7     0.3
2019 06 20 00 24 45.910    28.416007    104.770931     5.31     0.7
2019 06 20 00 25 52.430    28.432863    104.746899     7.16     1.5
2019 06 20 00 28 08.570    28.417216    104.782422     0.22     0.4
2019 06 20 00 29 02.190    28.380945    104.885164     4.01     1.0
2019 06 20 00 30 11.140    28.422371    104.757674     5.65     0.7
2019 06 20 00 32 30.520    28.422294    104.764998     3.13     1.3
2019 06 20 00 32 35.400    28.419680    104.755184     6.06     1.6
2019 06 20 00 37 49.610    28.416862    104.793433     4.56     0.6
2019 06 20 00 39 18.030    28.420909    104.770630     5.25     0.3
2019 06 20 00 41 30.640    28.390251    104.861719     2.85     0.7
2019 06 20 00 42 05.190    28.427903    104.762288     6.72     0.7
2019 06 20 00 42 51.290    28.423789    104.771354     5.56     1.3
2019 06 20 00 42 58.730    28.417326    104.770329      5.2     0.7
2019 06 20 00 43 56.420    28.419739    104.755135     6.03     0.4
2019 06 20 00 45 15.790    28.421920    104.783464     5.28     0.4
2019 06 20 00 46 42.130    28.390955    104.876042     1.88     0.5
2019 06 20 00 48 13.870    28.388894    104.863053     2.66     0.4
2019 06 20 00 48 53.960    28.389132    104.862183     2.77     0.4
2019 06 20 00 49 22.180    28.422148    104.782992     5.29     0.4
2019 06 20 00 54 43.050    28.408032    104.851383      3.0     0.8
2019 06 20 00 56 57.700    28.430524    104.736051     8.39     0.2
2019 06 20 01 02 50.010    28.380589    104.864486     1.24     1.4
2019 06 20 01 03 40.870    28.421181    104.753735    10.21     0.5
2019 06 20 01 06 57.870    28.381423    104.883358     2.92     0.9
2019 06 20 01 10 17.510    28.425911    104.794580     2.73     0.8
2019 06 20 01 11 17.310    28.344080    104.888151     4.15     0.6
2019 06 20 01 12 18.910    28.420170    104.761393      3.9     1.0
2019 06 20 01 11 58.440    28.380634    104.902669     2.96     1.0
2019 06 20 01 12 49.460    28.391844    104.844141     2.99     0.4
2019 06 20 01 14 27.870    28.417367    104.772290     2.91     0.6
2019 06 20 01 17 50.530    28.430910    104.754590     5.72     1.4
2019 06 20 01 21 56.430    28.417578    104.770687      5.4     2.9
2019 06 20 01 21 33.530    28.385626    104.894727     3.06     1.1
2019 06 20 01 22 38.600    28.385830    104.866927     1.73     1.7
2019 06 20 01 23 37.720    28.412258    104.854272     2.98     1.0
2019 06 20 01 24 12.300    28.358938    104.884644    10.15     0.4
2019 06 20 01 24 41.470    28.416829    104.772648      5.2     0.9
2019 06 20 01 25 34.340    28.415470    104.769824     5.29     0.9
2019 06 20 01 33 50.130    28.422439    104.778206     5.32     1.0
2019 06 20 01 34 26.800    28.398971    104.872998     3.56     0.8
2019 06 20 01 38 10.870    28.440100    104.754663     5.83     0.5
2019 06 20 01 39 00.360    28.416046    104.817578     5.38     1.0
2019 06 20 01 42 52.840    28.421088    104.770695     5.53     0.7
2019 06 20 01 45 06.710    28.418294    104.782365     5.09     0.9
2019 06 20 01 45 34.110    28.421340    104.775334     5.04     0.4
2019 06 20 01 51 01.430    28.425228    104.752287     6.19     0.9
2019 06 20 01 53 32.330    28.417194    104.774772     2.17     0.0
2019 06 20 01 54 51.180    28.429427    104.736149     8.37     1.3
2019 06 20 01 56 31.090    28.421759    104.770483     5.26     0.7
2019 06 20 01 59 25.290    28.417784    104.773332      5.2     0.5
2019 06 20 02 01 34.650    28.416962    104.781152     6.15     0.5
2019 06 20 02 02 06.270    28.425228    104.752441     6.28     2.7
2019 06 20 02 02 53.100    28.427242    104.754256     5.85     1.4
2019 06 20 02 03 19.280    28.436106    104.790202     2.88     0.9
2019 06 20 02 05 30.880    28.416038    104.771346     5.28     1.3
2019 06 20 02 08 34.200    28.419200    104.804810     2.57     0.9
2019 06 20 02 09 34.940    28.417383    104.769303     5.35     0.6
2019 06 20 02 11 46.770    28.395028    104.869515     2.41     1.2
2019 06 20 02 14 01.000    28.421523    104.763485     5.51     0.3
2019 06 20 02 15 21.050    28.399668    104.855029     2.84     0.9
2019 06 20 02 15 44.650    28.402545    104.874259    -0.97     0.5
2019 06 20 02 16 25.160    28.421627    104.762687     5.02     1.0
2019 06 20 02 16 16.400    28.433604    104.739290     8.73     0.8
2019 06 20 02 16 47.360    28.412893    104.784603     2.85     1.2
2019 06 20 02 19 53.290    28.412970    104.824707     2.26     0.4
2019 06 20 02 22 28.500    28.420290    104.797209     5.08     1.0
2019 06 20 02 24 07.080    28.414162    104.917773     8.15     0.9
2019 06 20 23 02 11.360    28.389640    104.857373     2.93     0.9
2019 06 20 02 38 07.620    28.395880    104.864958      4.4     0.9
2019 06 20 02 43 41.330    28.421000    104.771346     5.43     0.9
2019 06 20 02 45 54.240    28.422906    104.796029     2.68     0.9
2019 06 20 02 49 17.910    28.406891    104.801229     6.01     0.4
2019 06 20 02 50 49.840    28.425399    104.768978      5.3     1.1
2019 06 20 02 52 39.190    28.425503    104.751440     6.28     0.7
2019 06 20 02 53 10.020    28.422911    104.774821     3.22     0.2
2019 06 20 02 55 14.760    28.365137    104.934033     2.18     1.4
2019 06 20 02 59 24.410    28.417159    104.768620     5.26     0.9
2019 06 20 03 02 01.310    28.436595    104.762158     5.41     1.3
2019 06 20 03 02 15.980    28.429897    104.750529     5.58     1.1
2019 06 20 03 02 51.340    28.430035    104.746541     6.66     1.4
2019 06 20 03 04 48.340    28.360421    104.951204      9.0     0.8
2019 06 20 03 05 43.910    28.430011    104.745703     6.61     0.4
2019 06 20 03 06 36.670    28.431187    104.745190     6.78     2.0
2019 06 20 03 06 22.240    28.406519    104.828206     2.17     0.5
2019 06 20 03 09 11.750    28.429484    104.749276     6.62     0.4
2019 06 20 03 10 24.370    28.415706    104.786442     5.28     2.4
2019 06 20 03 14 38.660    28.417761    104.773511     5.19     0.9
2019 06 20 03 15 14.120    28.426184    104.751636      6.3     2.0
2019 06 20 03 14 55.720    28.397373    104.816895     2.89     0.8
2019 06 20 03 16 59.730    28.416760    104.777856     2.27     0.1
2019 06 20 03 18 14.810    28.430992    104.738184     8.51     0.8
2019 06 20 03 18 31.820    28.426082    104.750977     6.31     1.4
2019 06 20 03 21 01.200    28.414919    104.771077     5.37     1.5
2019 06 20 03 20 42.290    28.414353    104.787410     4.67     0.1
2019 06 20 03 22 22.380    28.417643    104.785067      5.9     1.7
2019 06 20 03 27 00.280    28.403215    104.819141      2.6     0.5
2019 06 20 03 28 11.100    28.436591    104.766081     4.04     1.0
2019 06 20 03 31 36.480    28.362026    104.933309     3.01     0.5
2019 06 20 03 32 10.010    28.415210    104.786540     2.32     0.8
2019 06 20 03 33 02.320    28.434428    104.742969     7.01     1.2
2019 06 20 03 33 56.210    28.385419    104.868221     4.35     1.3
2019 06 20 03 34 18.550    28.363550    104.938493     1.97     0.9
2019 06 20 03 36 14.740    28.381187    104.864722     1.36     1.9
2019 06 20 03 37 41.980    28.414429    104.787394      4.7     0.5
2019 06 20 03 37 16.850    28.405046    104.821720     2.34     0.5
2019 06 20 03 41 21.500    28.397223    104.841960     3.56     0.6
2019 06 20 03 45 40.060    28.415104    104.767887     5.25     1.4
2019 06 20 03 46 43.540    28.418833    104.771370      5.2     0.4
2019 06 20 03 46 57.470    28.414884    104.785335     5.79     0.4
2019 06 20 03 49 13.130    28.391486    104.888281     2.29     0.6
2019 06 20 03 50 06.910    28.420705    104.776139     5.33     0.8
2019 06 20 03 50 01.100    28.384639    104.891610     2.92     0.9
2019 06 20 03 50 49.840    28.426127    104.751619     6.29     1.2
2019 06 20 03 53 06.730    28.418949    104.771232     5.14     0.6
2019 06 20 03 52 56.770    28.380817    104.865072     1.36     1.2
2019 06 20 03 55 31.200    28.425816    104.752450     6.21     0.8
2019 06 20 03 56 55.140    28.406801    104.850708     3.11     0.6
2019 06 20 03 57 36.480    28.417051    104.769743     5.33     1.8
2019 06 20 03 57 26.140    28.392627    104.862899     3.31     1.4
2019 06 20 03 58 02.480    28.393345    104.867407     5.54     0.9
2019 06 20 03 59 47.760    28.415786    104.770638     5.31     1.1
2019 06 20 04 01 54.220    28.405853    104.857064     2.91     1.0
2019 06 20 04 03 21.870    28.417000    104.792952     5.13     2.0
2019 06 20 04 04 16.160    28.430723    104.744678     6.84     2.0
2019 06 20 04 08 28.420    28.412425    104.747786     7.34     0.8
2019 06 20 04 09 14.430    28.420197    104.757064     5.98     0.6
2019 06 20 04 10 20.910    28.426267    104.758895     5.52     1.0
2019 06 20 04 12 47.450    28.434320    104.750008     0.32     0.5
2019 06 20 04 14 07.170    28.422937    104.777515     5.77     0.1
2019 06 20 04 16 08.710    28.417128    104.774202      5.3     0.8
2019 06 20 04 16 35.020    28.420211    104.758301     6.13     1.6
2019 06 20 04 20 52.940    28.401754    104.818717      3.4     1.5
2019 06 20 04 22 43.460    28.417395    104.785059     4.83     0.3
2019 06 20 04 23 54.880    28.408228    104.818791     3.46     0.5
2019 06 20 04 28 19.800    28.412156    104.778141     7.64     0.7
2019 06 20 04 32 06.620    28.417879    104.773494     5.23     0.8
2019 06 20 04 33 06.850    28.374542    104.950993     3.59     0.8
2019 06 20 04 32 53.960    28.433112    104.774414     0.75     0.6
2019 06 20 04 33 40.850    28.425279    104.750635      6.3     0.4
2019 06 20 04 35 59.610    28.430680    104.746330     6.77     2.2
2019 06 20 04 35 40.810    28.364447    104.930990     2.38     1.1
2019 06 20 04 36 32.230    28.420734    104.753385     7.06     1.0
2019 06 20 04 41 21.920    28.360565    104.936076     4.02     1.2
2019 06 20 04 44 45.720    28.385486    104.879801      4.3     0.2
2019 06 20 04 45 14.690    28.424799    104.750675     6.29     1.3
2019 06 20 04 46 07.610    28.435752    104.742887     7.46     3.1
2019 06 20 04 47 41.310    28.429706    104.750423     5.56     1.9
2019 06 20 04 48 30.090    28.419881    104.742171     6.91     0.8
2019 06 20 04 49 10.440    28.433162    104.751245      5.6     2.3
2019 06 20 04 49 37.040    28.433523    104.753670     5.62     1.9
2019 06 20 04 51 11.020    28.414034    104.785612     4.81     0.8
2019 06 20 04 56 57.380    28.429889    104.747754     5.61     1.9
2019 06 20 04 58 04.990    28.425348    104.794897     4.43     0.7
2019 06 20 04 57 38.460    28.421670    104.784481      5.1     0.9
2019 06 20 04 59 21.820    28.420998    104.784416     5.17     0.9
2019 06 20 05 00 32.940    28.435712    104.765641     5.51     1.6
2019 06 20 05 02 00.280    28.427966    104.786068      2.6     0.9
2019 06 20 05 02 50.780    28.428927    104.751538     5.62     0.6
2019 06 20 05 06 24.470    28.431323    104.735368     8.36     0.8
2019 06 20 05 12 36.880    28.373199    104.899056     2.98     0.6
2019 06 20 05 12 56.980    28.377504    104.875911     2.95     0.8
2019 06 20 05 13 57.310    28.419997    104.787020      5.0     0.6
2019 06 20 05 13 49.770    28.422133    104.779842     5.34     0.3
2019 06 20 05 17 12.590    28.424280    104.751750     6.31     3.6
2019 06 20 05 19 52.540    28.431313    104.747852     2.83     1.6
2019 06 20 05 19 31.140    28.426575    104.750806      6.3     1.1
2019 06 20 05 21 19.080    28.417240    104.774805     5.13     0.6
2019 06 20 05 21 48.480    28.417906    104.773291     5.18     0.8
2019 06 20 05 22 12.060    28.417216    104.774430     5.23     0.9
2019 06 20 05 22 40.760    28.424068    104.753727      6.3     0.9
2019 06 20 05 24 33.780    28.389142    104.879224     3.72     0.3
2019 06 20 05 25 14.670    28.429669    104.744523     6.64     0.8
2019 06 20 05 26 14.680    28.389901    104.833301     4.47     1.0
2019 06 20 05 25 57.220    28.416750    104.784823     4.81     0.6
2019 06 20 05 27 02.720    28.422599    104.780656     5.49     0.8
2019 06 20 05 28 58.900    28.423332    104.780941     5.45     1.4
2019 06 20 05 29 58.060    28.407436    104.824479     3.52     0.4
2019 06 20 05 30 49.310    28.417466    104.791659     4.52     0.3
2019 06 20 05 31 31.810    28.364235    104.881372     1.69     0.8
2019 06 20 05 32 36.700    28.426253    104.750114     6.24     0.6
2019 06 20 05 33 51.310    28.416418    104.785352     4.92     1.0
2019 06 20 05 34 16.480    28.430345    104.743628     6.69     1.0
2019 06 20 05 35 35.830    28.424202    104.782528     5.73     0.6
2019 06 20 05 36 16.530    28.436222    104.769523     5.49     1.8
2019 06 20 05 37 58.350    28.436509    104.768197     5.51     2.0
2019 06 20 05 39 25.110    28.425370    104.749552     6.39     1.1
2019 06 20 05 39 37.430    28.420640    104.758260     5.94     0.6
2019 06 20 05 43 53.870    28.390560    104.858252      2.3     1.0
2019 06 20 05 44 36.280    28.417928    104.780021     5.09     0.5
2019 06 20 05 45 26.880    28.395526    104.835360     4.82     0.9
2019 06 20 05 45 19.250    28.405815    104.814445     9.82     0.2
2019 06 20 05 46 28.150    28.423136    104.781893      5.5     1.4
2019 06 20 05 55 26.120    28.421210    104.751571     6.13     0.8
2019 06 20 05 56 21.000    28.393333    104.864730     3.76     0.4
2019 06 20 05 57 42.250    28.378569    104.927458     5.57     1.1
2019 06 20 05 58 15.900    28.372121    104.945443     2.91     1.0
2019 06 20 05 59 38.760    28.423183    104.743457     5.88     0.6
2019 06 20 05 59 58.690    28.422243    104.764876     5.56     0.5
2019 06 20 06 00 42.010    28.401318    104.818449     2.56     0.3
2019 06 20 06 01 50.370    28.384462    104.877832      1.4     2.1
2019 06 20 06 01 38.420    28.423763    104.783903     5.25     1.1
2019 06 20 06 02 41.760    28.385740    104.879899      1.9     0.9
2019 06 20 06 04 49.860    28.419505    104.786035     2.73     1.3
2019 06 20 06 04 29.130    28.422192    104.782601     5.37     1.0
2019 06 20 06 07 14.120    28.422597    104.751261     6.22     0.8
2019 06 20 06 09 30.830    28.435590    104.768262     5.49     1.0
2019 06 20 06 10 24.540    28.417057    104.768620     5.39     0.5
2019 06 20 06 12 43.570    28.419560    104.778988     2.89     1.6
2019 06 20 06 13 11.680    28.421141    104.763721     5.55     1.2
2019 06 20 06 19 48.500    28.405737    104.853654      3.1     1.0
2019 06 20 06 26 55.120    28.427073    104.760026     3.21     1.3
2019 06 20 06 27 43.180    28.426917    104.744857     6.07     0.6
2019 06 20 06 28 32.030    28.416994    104.768742     5.34     0.9
2019 06 20 06 28 58.200    28.419615    104.799666    10.83     3.9
2019 06 20 06 30 13.670    28.416705    104.769344     5.43     1.7
2019 06 20 06 31 56.630    28.422760    104.748739     6.44     1.0
2019 06 20 06 32 44.240    28.423877    104.749650     6.28     1.0
2019 06 20 06 34 40.340    28.421657    104.752165     5.99     0.3
2019 06 20 06 35 30.540    28.420553    104.753247     6.11     0.5
2019 06 20 06 36 55.710    28.420970    104.756657     5.67     0.9
2019 06 20 06 37 25.990    28.379649    104.899740     3.38     1.1
2019 06 20 06 38 27.050    28.423889    104.802425     3.64     1.2
2019 06 20 06 40 39.600    28.425730    104.746875     6.54     0.7
2019 06 20 06 41 13.850    28.425590    104.748389     6.41     1.2
2019 06 20 06 41 39.380    28.426314    104.747233     6.46     0.9
2019 06 20 06 43 53.790    28.419025    104.798869     2.91     0.4
2019 06 20 06 45 25.340    28.424723    104.750985     6.08     1.7
2019 06 20 06 47 41.560    28.421474    104.753402     6.13     0.3
2019 06 20 06 49 20.240    28.424034    104.747925     6.47     0.8
2019 06 20 06 49 49.950    28.380688    104.878231      2.5     1.1
2019 06 20 06 50 24.770    28.413959    104.862061     2.17     0.9
2019 06 20 06 52 00.170    28.428369    104.768815     5.58     2.6
2019 06 20 06 54 14.860    28.428345    104.758244     5.16     1.5
2019 06 20 06 54 06.820    28.412476    104.767212     7.17     1.0
2019 06 20 06 55 16.420    28.436188    104.764705     5.54     1.2
2019 06 20 06 55 58.040    28.397634    104.814754     7.79     0.3
2019 06 20 06 56 25.380    28.429848    104.809098      2.9     0.6
2019 06 20 06 58 28.830    28.429165    104.738672     7.85     1.1
2019 06 20 06 58 15.050    28.428701    104.740194      7.6     0.6
2019 06 20 07 00 22.920    28.429100    104.740169     7.66     0.9
2019 06 20 07 03 51.170    28.422359    104.763232     5.57     0.8
2019 06 20 07 05 29.550    28.427736    104.760091     5.76     0.3
2019 06 20 07 07 15.820    28.411788    104.772786     5.78     0.5
2019 06 20 07 17 29.430    28.419458    104.780379     5.22     1.6
2019 06 20 07 19 29.380    28.391819    104.832275     4.92     1.3
2019 06 20 07 19 41.900    28.444952    104.758830     5.45     1.0
2019 06 20 07 21 48.940    28.413743    104.786410     4.76     2.4
2019 06 20 07 22 10.970    28.413873    104.786035     4.55     1.7
2019 06 20 07 23 40.890    28.412799    104.787443     4.35     0.6
2019 06 20 07 27 10.900    28.430894    104.735457     8.38     0.7
2019 06 20 07 27 35.660    28.417175    104.774585     5.27     2.0
2019 06 20 07 28 12.620    28.382808    104.879508      1.0     0.6
2019 06 20 07 30 29.970    28.423120    104.757015     5.75     0.7
2019 06 20 07 30 55.830    28.420953    104.771338     5.53     0.6
2019 06 20 07 33 01.630    28.403076    104.803410     5.52     0.5
2019 06 20 07 34 00.820    28.391243    104.851343     1.77     0.4
2019 06 20 07 34 19.300    28.426733    104.734839     8.27     0.5
2019 06 20 07 36 18.150    28.426400    104.802295     3.73     0.9
2019 06 20 07 37 06.430    28.413965    104.841862     4.35     0.4
2019 06 20 07 39 20.490    28.424939    104.770549     5.41     1.3
2019 06 20 07 40 46.400    28.397097    104.855070     5.22     1.2
2019 06 20 07 41 28.180    28.434224    104.770654     4.16     1.1
2019 06 20 07 47 02.280    28.381032    104.884082     4.08     0.4
2019 06 20 07 48 15.880    28.418089    104.782300     4.91     0.4
2019 06 20 07 49 06.470    28.371442    104.864054     2.58     0.6
2019 06 20 07 50 05.840    28.372670    104.893506     3.33     1.4
2019 06 20 07 50 15.040    28.421183    104.771379     5.08     1.2
2019 06 20 07 53 00.420    28.421358    104.770239     5.03     0.3
2019 06 20 07 53 35.760    28.416073    104.782316     5.84     1.4
2019 06 20 07 53 46.510    28.418276    104.778931     2.69     1.4
2019 06 20 07 55 44.180    28.428406    104.748421     6.79     0.5
2019 06 20 07 56 36.320    28.425848    104.748022     6.43     1.1
2019 06 20 07 56 24.520    28.423155    104.755127     5.75     0.7
2019 06 20 07 58 38.490    28.418774    104.769336     4.98     0.2
2019 06 20 08 00 42.450    28.412048    104.781494     5.71     1.2
2019 06 20 08 00 26.130    28.433114    104.744287     6.99     0.5
2019 06 20 08 01 12.590    28.423165    104.766056     5.56     2.2
2019 06 20 08 03 16.690    28.421796    104.765308      5.0     0.6
2019 06 20 08 04 40.540    28.402364    104.829891     2.53     0.6
2019 06 20 08 04 56.940    28.416056    104.788192     2.61     3.3
2019 06 20 08 09 40.620    28.413043    104.852075     2.95     0.5
2019 06 20 08 10 40.480    28.405361    104.821004     2.98     1.0
2019 06 20 08 14 02.410    28.404659    104.831445     3.08     1.3
2019 06 20 08 16 23.990    28.391073    104.859342     2.94     0.8
2019 06 20 08 16 41.440    28.434926    104.770011     4.18     1.2
2019 06 20 08 18 23.870    28.423773    104.750212     6.23     0.8
2019 06 20 08 19 15.980    28.405646    104.814925     2.75     1.0
2019 06 23 10 16 11.020    28.416589    104.774528     2.11     0.7
2019 06 20 08 24 15.900    28.379268    104.868742      1.2     0.5
2019 06 20 08 27 20.030    28.400391    104.827319     1.57     0.8
2019 06 20 08 28 54.040    28.428835    104.747673     6.84     0.9
2019 06 20 08 29 25.400    28.421405    104.771867     5.58     0.6
2019 06 20 08 29 43.190    28.405202    104.827962     1.34     0.4
2019 06 20 08 31 15.270    28.395496    104.847892     3.13     1.2
2019 06 20 08 32 48.450    28.416538    104.771663     5.06     1.2
2019 06 20 08 34 49.220    28.418414    104.770264     2.11     0.9
2019 06 20 08 39 39.240    28.426432    104.747656     6.64     2.5
2019 06 20 08 42 12.810    28.425669    104.750480      6.3     0.8
2019 06 20 08 50 36.610    28.412142    104.806030     2.46     0.7
2019 06 20 08 53 59.720    28.414107    104.768685     5.09     2.6
2019 06 20 08 54 59.190    28.418618    104.769352      5.3     1.2
2019 06 20 08 56 56.030    28.430621    104.736003      8.4     0.8
2019 06 20 08 58 36.360    28.384816    104.865959     2.41     0.9
2019 06 20 08 59 15.810    28.378343    104.891976     2.37     0.9
2019 06 20 09 02 29.540    28.416209    104.771476     5.31     1.1
2019 06 20 09 03 09.690    28.422172    104.782397     5.29     1.0
2019 06 20 09 03 36.900    28.419271    104.769751     5.37     0.5
2019 06 20 09 03 50.680    28.418197    104.780322     5.15     0.9
2019 06 20 09 07 43.280    28.328941    104.889941     4.15     0.4
2019 06 20 09 08 30.540    28.423118    104.750618     6.24     0.7
2019 06 20 09 10 23.180    28.430355    104.744466     5.93     0.8
2019 06 20 09 11 23.120    28.423537    104.781234     5.52     1.9
2019 06 20 09 11 48.900    28.408960    104.806299     2.04     2.0
2019 06 20 09 12 44.480    28.417074    104.768693     3.13     0.6
2019 06 20 09 13 58.110    28.422420    104.782699      5.4     0.2
2019 06 20 09 15 16.120    28.401695    104.857072     2.89     0.5
2019 06 20 09 16 02.030    28.429740    104.742033     6.79     1.6
2019 06 20 09 19 21.670    28.430404    104.736686     8.37     1.0
2019 06 20 09 19 37.160    28.413652    104.806738     4.01     1.1
2019 06 20 09 23 00.550    28.432450    104.736719     8.26     1.8
2019 06 20 09 23 54.910    28.415668    104.769889      5.3     0.8
2019 06 20 09 24 47.610    28.424908    104.798983     3.59     0.8
2019 06 20 09 26 02.570    28.420282    104.774780     2.92     0.5
2019 06 20 09 26 40.560    28.419916    104.776880     5.34     1.3
2019 06 20 09 27 01.570    28.423936    104.771476     0.26     0.3
2019 06 20 09 27 57.530    28.369570    104.917163     4.02     0.5
2019 06 20 09 28 39.210    28.417442    104.767904     5.42     0.3
2019 06 20 09 31 14.840    28.423547    104.772241     5.55     1.0
2019 06 20 09 33 19.640    28.417631    104.778182     5.34     0.6
2019 06 20 09 34 14.020    28.415900    104.819531     2.11     0.4
2019 06 20 09 34 57.030    28.415533    104.797144     3.93     0.9
2019 06 20 09 36 34.690    28.411133    104.809676     2.57     0.8
2019 06 20 09 37 16.280    28.414618    104.768766     5.32     1.4
2019 06 20 09 38 18.580    28.422461    104.751099     6.16     0.3
2019 06 20 09 40 31.810    28.388426    104.880452     3.66     0.3
2019 06 20 09 41 52.770    28.430965    104.738590     8.48     0.4
2019 06 20 09 41 32.340    28.419377    104.786418     4.93     0.2
2019 06 20 09 45 59.390    28.421167    104.755013     6.05     0.4
2019 06 20 09 46 44.280    28.408606    104.822949     2.87     0.8
2019 06 20 09 50 15.110    28.426534    104.747266     6.53     1.0
2019 06 20 09 50 32.920    28.414608    104.797990     4.34     0.8
2019 06 20 09 52 44.990    28.423328    104.752311     6.14     0.9
2019 06 20 09 54 40.260    28.418876    104.769010     5.38     0.9
2019 06 20 10 01 19.050    28.422420    104.762907      2.4     1.0
2019 06 20 10 05 11.010    28.344761    104.886833     4.25     0.7
2019 06 20 10 06 21.900    28.419220    104.763232     5.37     1.9
2019 06 20 10 07 52.620    28.419238    104.764071     5.35     1.6
2019 06 20 10 09 02.010    28.421592    104.764266     5.52     1.5
2019 06 20 10 09 41.470    28.421511    104.763314     5.51     1.6
2019 06 20 10 09 27.500    28.422241    104.763973     5.54     1.1
2019 06 20 10 11 32.690    28.408150    104.823511     2.97     1.1
2019 06 20 10 11 58.400    28.420921    104.755583     5.91     0.8
2019 06 20 10 15 01.770    28.414640    104.770410      5.3     1.3
2019 06 20 10 16 14.320    28.419141    104.771427     3.42     0.3
2019 06 20 10 16 00.070    28.385059    104.895182      4.6     0.5
2019 06 20 10 19 19.360    28.424548    104.762158     5.54     1.3
2019 06 20 10 24 11.470    28.422146    104.764274     5.53     0.9
2019 06 20 10 26 28.220    28.408453    104.823853     2.96     1.3
2019 06 20 10 26 56.450    28.418075    104.782487      5.0     1.5
2019 06 20 10 28 01.270    28.392745    104.834302     3.86     1.0
2019 06 20 10 29 10.290    28.418123    104.782609     2.66     0.8
2019 06 20 10 31 02.210    28.431970    104.786279     2.55     0.6
2019 06 20 10 32 41.220    28.438088    104.784603     4.52     0.8
2019 06 20 10 37 45.960    28.418616    104.769377     5.34     0.6
2019 06 20 10 38 08.320    28.408384    104.793880      5.6     0.5
2019 06 20 10 38 39.870    28.392314    104.857601     2.99     1.2
2019 06 20 10 38 20.720    28.402258    104.826294     1.19     0.7
2019 06 20 10 41 43.830    28.421755    104.763590     5.53     0.9
2019 06 20 10 44 28.010    28.354531    104.886523     2.16     0.5
2019 06 20 10 44 46.370    28.422437    104.765161     5.54     1.8
2019 06 20 10 45 40.440    28.423134    104.761971     5.75     1.1
2019 06 20 10 49 41.250    28.414490    104.772192     4.98     1.1
2019 06 20 10 52 04.220    28.401430    104.827995      2.1     1.3
2019 06 20 10 53 03.830    28.394779    104.834009     2.79     0.4
2019 06 20 10 54 19.610    28.394824    104.836190     2.04     0.6
2019 06 20 10 55 13.680    28.417869    104.766593     2.05     1.0
2019 06 20 10 56 13.080    28.419735    104.786605     5.07     1.1
2019 06 20 10 57 09.070    28.411001    104.817082     3.12     0.8
2019 06 20 10 57 42.770    28.416305    104.767887     5.28     1.1
2019 06 20 10 59 27.300    28.415835    104.769604     2.07     1.0
2019 06 20 11 01 58.980    28.436080    104.777832     5.44     1.4
2019 06 20 11 04 52.400    28.437160    104.743921     8.47     3.2
2019 06 20 11 08 20.850    28.390737    104.860547      1.4     0.8
2019 06 20 11 10 54.880    28.415660    104.770109     5.33     0.8
2019 06 20 11 11 40.500    28.435549    104.771989     5.63     0.7
2019 06 20 11 15 20.650    28.414917    104.769694     5.83     0.5
2019 06 20 11 17 12.100    28.419153    104.790194     4.84     0.8
2019 06 20 11 17 50.590    28.401782    104.824862     2.09     0.8
2019 06 20 11 18 16.160    28.419558    104.764347     5.36     2.5
2019 06 20 11 19 24.460    28.400482    104.772738      6.1     1.0
2019 06 20 11 20 01.680    28.420374    104.771265     2.91     0.7
2019 06 20 11 22 53.570    28.417830    104.774251      5.3     0.7
2019 06 20 11 25 02.100    28.421098    104.751782     6.14     1.0
2019 06 20 11 26 56.570    28.429374    104.749878     6.21     1.4
2019 06 20 11 28 37.620    28.416132    104.775155     1.19     0.7
2019 06 20 11 29 09.990    28.419403    104.765275     5.38     1.5
2019 06 20 11 29 54.900    28.396289    104.835107     4.74     2.2
2019 06 20 11 32 53.760    28.424860    104.773014      5.3     0.7
2019 06 20 11 34 04.300    28.435114    104.758179     6.97     0.7
2019 06 20 11 34 40.630    28.417387    104.770378     2.14     0.9
2019 06 20 11 39 58.190    28.399847    104.841715     1.82     0.5
2019 06 20 11 40 40.740    28.432609    104.768359     3.86     0.2
2019 06 20 11 40 30.440    28.406594    104.766878     2.17     0.5
2019 06 20 11 41 58.890    28.423474    104.751424     6.21     0.3
2019 06 20 11 47 22.650    28.419248    104.770272     5.26     0.2
2019 06 20 11 48 50.100    28.418953    104.770736      5.4     2.1
2019 06 20 11 55 17.270    28.368341    104.905233     3.03     0.5
2019 06 20 11 57 33.490    28.419096    104.771501     5.54     3.2
2019 06 20 12 00 36.500    28.365076    104.926147     2.09     0.9
2019 06 20 12 02 57.330    28.418693    104.769067     5.09     0.4
2019 06 20 12 03 52.060    28.417751    104.767285     5.29     0.9
2019 06 20 12 04 55.690    28.418604    104.763851     2.04     0.6
2019 06 20 12 05 24.430    28.417942    104.762516     2.13     1.1
2019 06 20 12 05 49.010    28.418134    104.760946     4.23     2.0
2019 06 20 12 07 11.310    28.417946    104.757576      5.4     0.6
2019 06 20 12 07 24.900    28.430605    104.750993     5.72     0.6
2019 06 20 12 07 57.280    28.421470    104.784399      5.2     0.7
2019 06 20 12 11 08.580    28.422249    104.765177     0.44     0.6
2019 06 20 12 11 56.670    28.430168    104.746965     6.29     0.3
2019 06 20 12 13 06.460    28.378164    104.898641     2.06     1.3
2019 06 20 12 14 20.950    28.408671    104.761825     4.76     0.4
2019 06 20 12 15 10.660    28.419446    104.771981     5.15     1.2
2019 06 20 12 17 46.930    28.431710    104.784928     3.31     0.5
2019 06 20 12 19 55.410    28.422386    104.780160     5.27     0.8
2019 06 20 12 20 39.710    28.416459    104.793319     4.47     1.4
2019 06 20 12 21 31.350    28.417800    104.757894     1.67     0.7
2019 06 20 12 22 12.590    28.420473    104.771069      2.8     1.1
2019 06 20 12 23 40.790    28.433087    104.766504    -1.12     1.1
2019 06 20 12 23 28.050    28.417106    104.774813     5.11     0.9
2019 06 20 12 24 19.500    28.416726    104.792830     4.72     0.9
2019 06 20 12 28 28.430    28.418758    104.769564     5.32     1.0
2019 06 20 12 28 01.650    28.415334    104.824772     3.09     0.6
2019 06 20 12 29 35.650    28.418038    104.768058      2.9     0.5
2019 06 20 12 29 56.570    28.417316    104.775448     5.18     0.7
2019 06 20 12 30 02.470    28.417678    104.772559     5.33     1.4
2019 06 20 12 30 32.680    28.413082    104.776969     6.21     0.8
2019 06 20 12 32 26.230    28.349007    104.927653     4.17     1.1
2019 06 20 12 33 35.710    28.417133    104.773958     5.28     0.6
2019 06 20 12 34 15.160    28.415059    104.738867     5.86    -0.2
2019 06 20 12 36 03.110    28.370744    104.908765      2.0     0.6
2019 06 20 12 36 35.310    28.405198    104.798674      4.5     0.7
2019 06 20 12 37 50.290    28.357587    104.912264     3.98     0.5
2019 06 20 12 39 03.800    28.419287    104.762687     5.37     1.7
2019 06 20 12 39 41.360    28.417460    104.774870     2.11     0.8
2019 06 20 12 41 33.850    28.440267    104.791829     5.52     1.0
2019 06 20 12 42 39.280    28.417902    104.763721     3.98     0.6
2019 06 20 12 43 27.060    28.418050    104.762777      2.1     0.7
2019 06 20 12 43 34.420    28.417706    104.762297     2.12     0.8
2019 06 20 12 46 56.330    28.419065    104.759660     5.35     1.4
2019 06 20 12 47 14.570    28.417360    104.762541     2.17     1.5
2019 06 20 12 49 53.920    28.415104    104.779785     6.09     0.8
2019 06 20 12 55 15.670    28.416618    104.783496     2.59     0.3
2019 06 20 12 58 46.130    28.430516    104.735506     8.43     3.8
2019 06 20 13 03 03.220    28.417851    104.762606     2.06     0.8
2019 06 20 13 03 15.590    28.420133    104.767733     2.78     0.9
2019 06 20 13 03 28.590    28.418014    104.765291    -0.39     0.8
2019 06 20 13 03 40.340    28.420632    104.760303     5.01     0.5
2019 06 20 13 04 14.640    28.422831    104.750448      6.3     1.4
2019 06 20 13 05 47.710    28.375446    104.890063     3.07     0.7
2019 06 20 13 07 40.270    28.417314    104.762248     2.18     1.4
2019 06 20 13 07 27.670    28.392489    104.848429     3.02     1.0
2019 06 20 13 08 16.620    28.360559    104.887467     4.36     1.9
2019 06 20 13 08 44.100    28.388074    104.866064      2.5     1.7
2019 06 20 13 09 54.070    28.424554    104.782959     4.35     0.6
2019 06 20 13 10 22.090    28.395201    104.899390     2.56     1.1
2019 06 20 13 11 12.700    28.417623    104.767977     5.22     0.4
2019 06 20 13 12 29.010    28.418115    104.775285     2.89     1.1
2019 06 20 13 12 12.790    28.397827    104.845890     3.15     0.4
2019 06 20 13 13 18.660    28.423722    104.749764     6.31     2.4
2019 06 20 13 13 38.970    28.421969    104.751758     6.17     1.4
2019 06 20 13 14 47.590    28.434764    104.777336     5.44     1.6
2019 06 20 13 15 11.050    28.430273    104.733040     8.25     2.0
2019 06 20 13 18 20.950    28.427028    104.734294     8.31     0.9
2019 06 20 13 19 26.060    28.415818    104.769051     2.06     1.2
2019 06 20 13 19 50.620    28.432548    104.774894     4.07     0.9
2019 06 20 13 19 36.630    28.441701    104.740405     6.92     1.0
2019 06 20 13 21 07.950    28.425289    104.754321      6.1     2.5
2019 06 20 13 21 49.410    28.422526    104.765072     5.51     2.4
2019 06 20 13 22 49.090    28.368976    104.943107     3.02     2.2
2019 06 20 13 22 16.190    28.369668    104.887223     5.69     1.9
2019 06 20 13 24 27.400    28.421834    104.766227      5.5     0.4
2019 06 20 13 26 38.300    28.418907    104.768905     5.34     0.7
2019 06 20 13 27 37.900    28.417867    104.775203     5.29     1.4
2019 06 20 13 28 30.470    28.429014    104.764103     5.77     0.7
2019 06 20 13 29 12.980    28.417904    104.774040     5.31     1.2
2019 06 20 13 31 16.620    28.409332    104.822518     2.28     0.3
2019 06 20 13 33 43.390    28.398232    104.845231     3.01     0.5
2019 06 20 13 36 18.120    28.431531    104.738338      8.5     0.7
2019 06 20 13 37 17.260    28.422793    104.769507     5.51     0.8
2019 06 20 13 42 15.020    28.423008    104.770719    -0.32     0.6
2019 06 20 13 45 49.620    28.417208    104.778133     2.92     1.0
2019 06 20 13 47 43.950    28.411287    104.821379     1.82     1.1
2019 06 20 13 48 16.900    28.402346    104.826554     1.19     0.5
2019 06 20 13 49 12.030    28.417261    104.774406     5.29     0.4
2019 06 20 13 49 37.740    28.447302    104.729541     7.58     0.3
2019 06 20 13 50 16.170    28.419525    104.764779      5.4     2.7
2019 06 20 13 51 15.240    28.421637    104.762899     0.49     1.2
2019 06 20 13 51 55.620    28.420280    104.771965     2.92     2.0
2019 06 20 13 52 34.640    28.419956    104.766333     2.74     1.1
2019 06 20 13 52 43.880    28.416193    104.761540     1.04     0.9
2019 06 20 13 54 06.210    28.424337    104.766821     1.38     0.8
2019 06 25 15 56 01.070    28.424111    104.767912     5.44     1.2
2019 06 20 13 57 30.720    28.423682    104.766895     5.56     0.7
2019 06 20 13 58 04.950    28.360142    104.932576      2.7     0.6
2019 06 20 13 58 42.600    28.418176    104.776034     2.63     0.3
2019 06 20 13 59 30.790    28.392981    104.833049     5.01     0.8
2019 06 20 14 00 43.220    28.367045    104.917529     1.83     1.0
2019 06 20 14 01 16.930    28.413342    104.754679     5.92     4.0
2019 06 20 14 02 24.850    28.421993    104.763306     4.96     2.0
2019 06 20 14 02 48.850    28.416064    104.756315     0.59     1.6
2019 06 20 14 03 58.520    28.416154    104.747591      2.6     1.1
2019 06 20 14 04 08.330    28.412301    104.737174     1.09     1.3
2019 06 20 14 05 49.700    28.417094    104.755819     0.32     0.8
2019 06 20 14 07 07.490    28.361859    104.889486     1.84     0.8
2019 06 20 14 08 40.460    28.415061    104.767887      5.3     0.7
2019 06 20 14 09 12.910    28.407292    104.755900     1.87     0.6
2019 06 20 14 10 08.440    28.426095    104.743563     5.93     1.5
2019 06 20 14 10 58.820    28.417924    104.760767     3.97     1.6
2019 06 20 14 12 37.860    28.412443    104.812646     4.33     0.2
2019 06 20 14 12 58.160    28.434314    104.737370     7.06     0.6
2019 06 20 14 13 11.710    28.420742    104.757259     4.09     0.8
2019 06 20 14 14 07.830    28.370825    104.895801     2.21     0.7
2019 06 20 14 14 44.700    28.417092    104.774919     5.28     0.8
2019 06 20 14 17 02.050    28.420030    104.769002     2.81     1.0
2019 06 20 14 17 39.140    28.360950    104.946021     3.38     1.3
2019 06 20 14 20 35.210    28.418463    104.758919     5.37     2.1
2019 06 20 14 20 14.860    28.420038    104.767342     2.73     0.3
2019 06 20 14 21 17.970    28.415074    104.764006     2.74     1.0
2019 06 20 14 22 01.110    28.419448    104.760474     5.36     2.6
2019 06 20 14 22 53.160    28.380835    104.871517     2.59     1.3
2019 06 20 14 23 36.670    28.436123    104.766081     4.04     1.1
2019 06 20 14 25 04.860    28.382859    104.871818     2.24     0.6
2019 06 20 14 25 31.440    28.417407    104.766886     5.51     2.5
2019 06 20 14 28 14.170    28.402582    104.843595     2.47     0.6
2019 06 20 14 31 24.200    28.408199    104.772567     3.32     0.7
2019 06 20 14 31 45.680    28.419173    104.789893     4.77     0.9
2019 06 20 14 33 45.620    28.428381    104.768994     4.68     0.3
2019 06 20 14 33 56.340    28.421067    104.763322     5.37     0.4
2019 06 20 14 33 39.540    28.353353    104.946810     4.62     0.5
2019 06 20 14 36 24.860    28.419495    104.759147     5.39     0.9
2019 06 20 14 36 45.410    28.423358    104.769059     5.04     0.7
2019 06 20 14 37 24.340    28.358504    104.892586     4.62     0.6
2019 06 20 14 38 14.530    28.421684    104.764282     4.98     0.6
2019 06 20 14 38 05.940    28.416174    104.772095     5.23     0.6
2019 06 20 14 39 25.140    28.418620    104.769352      5.2     0.3
2019 06 20 14 39 42.490    28.418646    104.770361     3.45     0.2
2019 06 20 14 40 23.350    28.377759    104.891423     0.44     0.4
2019 06 20 14 41 32.120    28.400441    104.843709     2.94     0.2
2019 06 20 14 41 56.110    28.419718    104.798153     3.13     0.3
2019 06 20 14 42 49.230    28.410691    104.811483     2.65     0.6
2019 06 20 14 43 39.910    28.417485    104.782894     2.55     0.5
2019 06 20 14 46 06.890    28.408236    104.824406     5.64     1.0
2019 06 20 14 48 13.610    28.414524    104.758358     6.14     2.2
2019 06 20 14 47 54.210    28.417399    104.769238      5.3     0.2
2019 06 20 14 48 08.730    28.392668    104.862345     2.43     0.3
2019 06 20 14 49 44.050    28.418650    104.764811     4.06     1.1
2019 06 20 14 49 26.860    28.365070    104.896322     2.35     1.0
2019 06 20 14 50 18.210    28.351398    104.888078     3.03     0.4
2019 06 20 14 51 19.200    28.420030    104.776172     2.88     1.1
2019 06 20 14 54 02.220    28.417175    104.757983     4.03     1.5
2019 06 20 14 55 45.510    28.417391    104.766691     5.31     1.1
2019 06 20 14 55 30.450    28.406932    104.826953     3.55     0.8
2019 06 20 14 56 31.740    28.417218    104.766447     5.35     0.6
2019 06 20 14 57 20.500    28.386884    104.860449     1.75     0.6
2019 06 20 14 59 46.280    28.397174    104.815454     1.86     0.5
2019 06 20 15 00 03.140    28.357035    104.900789     2.75     0.9
2019 06 20 15 00 37.000    28.405750    104.829468     2.11     0.7
2019 06 20 15 02 05.340    28.364840    104.931510     2.18     0.9
2019 06 20 15 03 31.250    28.398612    104.870215     2.74     0.2
2019 06 20 15 04 13.910    28.417365    104.759098     4.05     1.2
2019 06 20 15 04 01.660    28.412970    104.787248      4.4     0.4
2019 06 20 15 04 50.550    28.374886    104.949373     3.65     1.2
2019 06 20 15 05 27.290    28.421145    104.766268     5.12     0.3
2019 06 20 15 06 24.610    28.418791    104.832585     3.57     1.2
2019 06 20 15 07 51.150    28.391307    104.824121    10.48     0.9
2019 06 20 15 08 57.040    28.407511    104.850562     3.05     0.8
2019 06 20 15 09 30.620    28.414811    104.769312     5.34     1.4
2019 06 20 15 10 31.330    28.423592    104.767822     5.55     2.0
2019 06 20 15 12 00.550    28.421871    104.764185     5.04     0.6
2019 06 20 15 13 01.290    28.423905    104.766341      5.6     1.3
2019 06 20 15 12 46.920    28.427148    104.789250     3.06     0.6
2019 06 20 15 16 14.400    28.416034    104.771769     5.27     0.2
2019 06 20 15 19 44.980    28.389687    104.881356     2.46     0.4
2019 06 20 15 21 12.370    28.414689    104.768555     5.07     0.6
2019 06 20 15 22 56.380    28.430939    104.735173     8.38     0.6
2019 06 20 15 24 06.600    28.422858    104.766276     5.34     0.5
2019 06 20 15 24 31.660    28.416978    104.768905     5.48     1.6
2019 06 20 15 27 46.360    28.415837    104.783236     5.83     1.4
2019 06 20 15 29 31.170    28.355337    104.896208     3.04     0.6
2019 06 20 15 29 46.780    28.394163    104.844222     1.66     0.2
2019 06 20 15 30 22.090    28.417135    104.793538     4.73     1.3
2019 06 20 15 32 29.790    28.422231    104.764966     5.54    -0.0
2019 06 20 15 33 14.780    28.407481    104.861499     2.85     0.9
2019 06 20 15 34 16.440    28.420127    104.767660     2.78     0.3
2019 06 20 15 34 50.660    28.411884    104.824251     4.13     1.8
2019 06 20 15 34 25.260    28.418115    104.762622     2.05     0.6
2019 06 20 15 35 47.140    28.397748    104.815308     1.86     0.5
2019 06 20 15 37 30.390    28.427976    104.762712     5.54     0.4
2019 06 20 15 37 19.810    28.403805    104.823568     1.91     0.2
2019 06 20 15 37 49.050    28.378274    104.875399     4.94     0.8
2019 06 20 15 38 28.980    28.416803    104.766455     5.45     1.6
2019 06 20 15 39 06.750    28.406816    104.851058     3.13     0.9
2019 06 20 15 40 15.840    28.428615    104.762378     5.54     1.0
2019 06 20 15 44 15.430    28.418431    104.775838     2.89     0.7
2019 06 20 15 44 50.920    28.420249    104.770508     2.68     0.4
2019 06 20 15 45 21.820    28.366777    104.881779     3.97     0.3
2019 06 20 15 45 12.860    28.416536    104.769165     2.07     0.5
2019 06 20 15 48 39.430    28.427427    104.784554     3.15     0.6
2019 06 20 15 49 19.320    28.415747    104.766715     5.36     0.8
2019 06 20 15 51 24.690    28.356372    104.934847     2.81     0.8
2019 06 20 15 54 37.330    28.404818    104.826335     1.65     0.3
2019 06 20 15 56 40.490    28.439699    104.731014     7.39     0.6
2019 06 20 15 58 06.990    28.418050    104.774658     2.92     0.3
2019 06 20 15 59 00.710    28.418935    104.757145      1.2     0.9
2019 06 20 16 03 04.760    28.377254    104.886971     5.39     1.0
2019 06 20 16 03 49.740    28.415369    104.766577     5.33     1.0
2019 06 20 16 04 57.050    28.415737    104.766414     5.26     1.8
2019 06 20 16 04 43.030    28.415381    104.766919     5.27     0.5
2019 06 20 16 05 38.460    28.415584    104.767277      5.3     1.2
2019 06 20 16 07 20.180    28.422044    104.783407     5.22     1.1
2019 06 20 16 08 54.960    28.415120    104.767350     5.25     2.0
2019 06 20 16 09 54.430    28.416366    104.768221     2.09     1.1
2019 06 20 16 11 33.800    28.387199    104.892806     5.61     1.3
2019 06 20 16 12 27.130    28.415035    104.800073      4.9     2.7
2019 06 20 16 14 41.700    28.426640    104.742782     7.68     1.5
2019 06 20 16 15 14.200    28.416595    104.768091     3.15     1.1
2019 06 20 16 16 26.220    28.355117    104.942594     1.88     0.6
2019 06 20 16 17 01.810    28.400342    104.846444     3.23     0.3
2019 06 20 16 17 22.160    28.414565    104.802246     4.51     1.2
2019 06 20 16 18 16.510    28.413995    104.769474     5.85     1.6
2019 06 20 16 21 53.550    28.419529    104.770532     5.29     0.4
2019 06 20 16 22 54.640    28.376925    104.890592      0.0     0.2
2019 06 20 16 23 21.390    28.416439    104.786100      0.4     0.3
2019 06 20 16 23 46.720    28.408860    104.813802     3.56     0.2
2019 06 20 16 24 25.020    28.417480    104.765942     5.44     0.5
2019 06 20 16 24 36.420    28.425732    104.751489     5.26     0.5
2019 06 20 16 25 02.560    28.406616    104.852157     3.09     1.3
2019 06 20 16 27 08.360    28.431116    104.758602     5.67     0.8
2019 06 20 16 27 38.310    28.417997    104.765780     5.32     1.1
2019 06 20 16 29 11.050    28.431490    104.761483     3.24     1.4
2019 06 20 16 31 56.710    28.405310    104.816618     2.67     0.6
2019 06 20 16 32 27.600    28.439056    104.731144     7.33     0.1
2019 06 20 16 33 12.320    28.419649    104.759603     5.47     1.1
2019 06 20 16 33 41.760    28.397626    104.843717     8.29     0.6
2019 06 20 16 34 07.050    28.367924    104.913574     1.44     0.5
2019 06 20 16 35 28.790    28.417660    104.765910     5.43     1.5
2019 06 20 16 35 44.760    28.414793    104.770817     5.29     2.2
2019 06 20 16 36 56.260    28.421566    104.781193     5.26     0.8
2019 06 20 16 38 01.120    28.418252    104.766073     5.41     1.2
2019 06 20 16 38 36.700    28.421606    104.744482     7.38     1.3
2019 06 20 16 39 15.650    28.413920    104.750285     5.48     0.2
2019 06 20 16 40 17.820    28.420801    104.764901     4.08    -0.0
2019 06 20 16 40 34.690    28.416034    104.766528     5.21     0.3
2019 06 20 16 42 48.780    28.419432    104.763631     5.34     0.5
2019 06 20 16 46 39.860    28.434896    104.767057     4.02     0.9
2019 06 20 16 48 30.430    28.417863    104.767489     5.29     0.2
2019 06 20 16 51 18.310    28.350444    104.886694     4.83     1.5
2019 06 20 16 52 54.950    28.410091    104.820540      3.5     1.0
2019 06 20 16 53 31.410    28.426465    104.751375      5.9     1.0
2019 06 20 16 53 21.420    28.377698    104.898201     5.58     0.6
2019 06 20 16 55 47.920    28.423112    104.804590     3.56     0.6
2019 06 20 16 56 49.490    28.406930    104.825138      2.0     0.3
2019 06 20 16 58 15.760    28.408632    104.841829     2.44     0.9
2019 06 20 17 00 51.160    28.436137    104.747347     5.73     0.3
2019 06 20 17 04 05.400    28.385645    104.877840     4.16     0.9
2019 06 20 17 04 52.880    28.423399    104.750382     6.29     0.5
2019 06 20 17 05 28.600    28.424011    104.755933     5.78     0.3
2019 06 20 17 06 00.360    28.424390    104.749740     6.27     0.2
2019 06 20 17 06 59.000    28.422365    104.781502     5.29     1.0
2019 06 20 17 07 49.700    28.420949    104.774764     2.56     0.8
2019 06 20 17 12 14.880    28.380935    104.886759     2.63     0.4
2019 06 20 17 12 46.280    28.418280    104.767155      5.4     2.2
2019 06 20 17 15 35.160    28.421478    104.766675     5.05     0.2
2019 06 20 17 18 04.740    28.419629    104.769767     0.89     0.7
2019 06 20 17 18 48.720    28.418134    104.767106     5.17    -0.2
2019 06 20 17 19 16.680    28.418435    104.766976     5.46     2.7
2019 06 20 17 21 00.760    28.418294    104.766602     5.32     0.5
2019 06 20 17 21 25.040    28.410858    104.824325     1.04     0.5
2019 06 20 17 24 16.120    28.437156    104.759766     4.06     0.4
2019 06 20 17 24 43.360    28.395677    104.834969      4.6     0.4
2019 06 20 17 26 07.120    28.421507    104.772021     5.81     0.9
2019 06 20 17 28 14.120    28.389549    104.857625     2.96     1.0
2019 06 20 17 30 13.460    28.403278    104.847217     4.74     0.2
2019 06 20 17 31 35.000    28.395630    104.865975     2.34     0.2
2019 06 20 17 34 03.760    28.417291    104.766756      5.5     3.0
2019 06 20 17 36 15.080    28.372255    104.876563     1.58     1.3
2019 06 20 17 38 58.260    28.371611    104.874772     4.29     0.7
2019 06 20 17 38 41.840    28.417088    104.771818     2.87     0.3
2019 06 20 17 39 12.520    28.419598    104.771818     5.55     2.2
2019 06 20 17 41 38.540    28.362431    104.945622     3.34     0.5
2019 06 20 17 43 01.580    28.415269    104.767204      5.2     0.2
2019 06 20 17 43 30.220    28.414852    104.774805     5.09     0.1
2019 06 20 17 44 12.800    28.392228    104.853345     2.89     0.3
2019 06 20 17 45 04.460    28.416174    104.767220     5.42     0.7
2019 06 20 17 46 27.080    28.416425    104.793319     4.47     0.9
2019 06 20 17 49 17.660    28.425297    104.757625      3.3     1.0
2019 06 20 17 50 28.060    28.363603    104.877417     8.99     0.1
2019 06 20 17 53 45.240    28.421985    104.764575     5.52     1.1
2019 06 20 17 53 55.320    28.421806    104.771558     2.07     0.9
2019 06 20 17 54 29.920    28.413108    104.832446     6.17     1.6
2019 06 20 17 55 41.920    28.389695    104.877368     5.72     1.5
2019 06 20 17 59 16.620    28.429641    104.732389      8.2     0.7
2019 06 20 18 01 51.000    28.415181    104.768929     5.23     0.9
2019 06 20 18 03 02.340    28.390743    104.881136     6.72     2.1
2019 06 20 18 04 15.200    28.403792    104.825269     2.71     0.8
2019 06 20 18 05 19.080    28.434462    104.745630     8.23     0.3
2019 06 20 18 07 01.360    28.445490    104.728532     7.67     0.9
2019 06 20 18 07 40.280    28.430255    104.744727     5.92     0.5
2019 06 20 18 08 29.600    28.416248    104.793840     4.46     0.2
2019 06 20 18 09 21.880    28.417645    104.760669     4.02     0.9
2019 06 20 18 10 26.800    28.434285    104.776628     5.42     1.6
2019 06 20 18 11 51.640    28.415098    104.765755     5.37     0.8
2019 06 20 18 12 25.280    28.419995    104.763289     5.26     0.2
2019 06 20 18 13 39.600    28.391813    104.832186     4.84    -0.1
2019 06 20 18 16 47.000    28.416675    104.780827     4.85    -0.1
2019 06 20 18 17 00.640    28.418260    104.767537     3.73     0.2
2019 06 20 18 17 39.560    28.415668    104.769914     5.26     0.4
2019 06 20 18 18 45.280    28.421737    104.754712      5.8     1.3
2019 06 20 18 18 38.400    28.419027    104.773161     5.36     1.1
2019 06 20 18 20 52.300    28.417537    104.779867     3.74     0.4
2019 06 20 18 21 22.000    28.410848    104.805094     2.99     1.0
2019 06 20 18 22 13.080    28.409426    104.805306     1.76    -0.1
2019 06 20 18 23 06.480    28.415334    104.785221     4.58     0.2
2019 06 20 18 24 40.640    28.362801    104.896476     16.1    -0.2
2019 06 20 18 24 51.640    28.432422    104.750431     5.34    -0.1
2019 06 20 18 25 44.000    28.420343    104.752287     6.14     1.5
2019 06 20 18 25 27.440    28.424064    104.775627     2.62     0.8
2019 06 20 18 26 09.440    28.420219    104.753434     6.08     0.7
2019 06 20 18 27 05.120    28.420817    104.752100     6.14     0.7
2019 06 20 18 28 41.540    28.438123    104.788086     2.91     2.5
2019 06 20 18 29 58.640    28.417493    104.772144     5.16     1.1
2019 06 20 18 31 17.540    28.436867    104.790959     3.91     0.3
2019 06 20 18 32 03.880    28.351245    104.932373     1.67     0.4
2019 06 20 18 33 51.880    28.420660    104.752734     6.07     0.3
2019 06 20 18 34 14.640    28.425968    104.747396     6.46     0.6
2019 06 20 18 34 08.520    28.385093    104.848771      1.4     0.6
2019 06 20 18 35 22.700    28.416907    104.770174     5.31     0.8
2019 06 20 18 36 35.040    28.423606    104.753491     5.85     0.1
2019 06 20 18 39 11.000    28.433592    104.748617      5.7     0.2
2019 06 20 18 40 11.120    28.398747    104.816667     0.79     0.0
2019 06 20 18 40 23.380    28.416418    104.794287     4.59     0.3
2019 06 20 18 41 03.040    28.432745    104.743514     7.09     2.0
2019 06 20 18 40 48.000    28.422225    104.755054     1.56     0.4
2019 06 20 18 42 58.840    28.427566    104.765120     5.53     2.2
2019 06 20 18 45 28.200    28.431893    104.785799      2.8     0.6
2019 06 20 18 46 27.640    28.409737    104.844336     2.42     0.6
2019 06 20 18 46 56.640    28.421499    104.784375     5.21     0.1
2019 06 20 18 47 13.620    28.431191    104.740177     6.83     0.9
2019 06 20 18 48 17.140    28.430326    104.749300     5.62     0.9
2019 06 20 18 49 03.840    28.422774    104.760986     3.07     0.3
2019 06 20 18 50 18.260    28.371991    104.924308     4.55     0.2
2019 06 20 18 52 47.680    28.360661    104.899056     2.77    -0.1
2019 06 20 18 55 07.080    28.360811    104.899292     2.74     1.0
2019 06 20 18 56 49.960    28.419110    104.768408     5.41     0.8
2019 06 20 18 57 36.480    28.424803    104.754500     5.77     0.8
2019 06 20 18 57 31.200    28.359894    104.937443     2.36     0.3
2019 06 20 18 58 12.740    28.338114    104.889412     5.04     0.2
2019 06 20 18 58 28.280    28.426090    104.737980     8.59    -0.4
2019 06 20 18 59 43.060    28.414948    104.758228     6.19     0.1
2019 06 20 19 01 57.820    28.430084    104.780721     2.71     0.4
2019 06 20 19 02 10.360    28.434454    104.750212     0.19     0.3
2019 06 20 19 02 53.040    28.440415    104.754899     4.46     0.3
2019 06 20 19 04 54.240    28.417572    104.836825     3.77     0.6
2019 06 20 19 05 26.760    28.410309    104.783805      4.3     0.2
2019 06 20 19 06 11.540    28.423161    104.772184    -0.44     0.3
2019 06 20 19 07 32.080    28.423287    104.771655     5.42     1.5
2019 06 20 19 08 19.540    28.425783    104.757707     5.74     0.6
2019 06 20 19 08 02.140    28.357947    104.902189      3.2     0.7
2019 06 20 19 08 27.880    28.430603    104.781470     2.72     0.8
2019 06 20 19 09 26.180    28.427146    104.754313     2.83     0.4
2019 06 20 19 11 09.480    28.388633    104.910238     2.88     0.4
2019 06 20 19 11 36.680    28.358065    104.893481     3.11     0.8
2019 06 20 19 11 25.960    28.434121    104.743107     7.64     0.8
2019 06 20 19 12 46.500    28.429187    104.740308    10.71     1.1
2019 06 20 19 13 27.520    28.420778    104.772762     2.14     0.6
2019 06 20 19 14 06.720    28.422793    104.772103     2.69     1.1
2019 06 20 19 14 51.440    28.423112    104.751611     5.94     0.4
2019 06 20 19 16 08.820    28.355992    104.893197     2.76     0.1
2019 06 20 19 16 33.800    28.394328    104.831079     4.86     0.8
2019 06 20 19 17 53.240    28.416575    104.780868     2.46     0.1
2019 06 20 19 20 34.840    28.414655    104.768376     5.34     0.6
2019 06 20 19 21 07.680    28.422595    104.769084     5.51     1.2
2019 06 20 19 22 52.840    28.417999    104.765951     5.47     0.2
2019 06 20 19 23 03.960    28.446458    104.777726     2.41     0.8
2019 06 20 19 24 50.180    28.441610    104.796899     5.62     3.1
2019 06 20 19 26 18.860    28.344301    104.883895     1.72     1.3
2019 06 20 19 27 04.280    28.440047    104.788713     3.99     1.1
2019 06 20 19 27 20.160    28.437323    104.789176     3.06     1.4
2019 06 20 19 27 34.320    28.417159    104.767928     2.04     0.8
2019 06 20 19 28 21.280    28.393968    104.830583     4.81     0.7
2019 06 20 19 28 01.220    28.428184    104.745199     5.54     0.1
2019 06 20 19 28 54.760    28.447223    104.790845     5.46     3.6
2019 06 20 19 33 13.480    28.422414    104.779508     5.35     1.6
2019 06 20 19 33 03.040    28.411995    104.810482     2.33     0.4
2019 06 20 19 33 48.480    28.422819    104.780884     5.31     0.6
2019 06 20 19 38 26.640    28.415971    104.771729     5.28     0.2
2019 06 20 19 39 12.840    28.423698    104.751489      6.2     1.0
2019 06 20 19 42 04.760    28.424412    104.756478     5.82     0.3
2019 06 20 19 43 37.680    28.431722    104.788835     4.09     0.0
2019 06 20 19 46 12.080    28.429606    104.785417      5.5     1.4
2019 06 20 19 47 02.580    28.418640    104.769580     5.41     0.2
2019 06 20 19 49 01.680    28.420650    104.735026     7.46     0.2
2019 06 20 19 49 51.720    28.438824    104.786296     2.88     1.2
2019 06 20 19 51 12.000    28.403843    104.823739     8.81     1.5
2019 06 20 19 52 54.360    28.421808    104.770158     5.66     1.1
2019 06 20 19 53 47.380    28.427614    104.817887      8.6     0.1
2019 06 20 19 54 23.160    28.368583    104.961076     2.58     0.0
2019 06 20 19 54 07.940    28.417780    104.778174     5.42     0.3
2019 06 20 19 54 55.160    28.388778    104.895142     5.27     0.8
2019 06 20 19 55 41.880    28.429417    104.733569     8.26     2.2
2019 06 20 19 56 40.220    28.367855    104.924699     2.71     2.3
2019 06 20 19 57 33.080    28.424693    104.751685     5.95     0.8
2019 06 20 20 00 06.000    28.438890    104.790894     2.85     0.6
2019 06 28 08 02 20.990    28.411064    104.814006      3.4     0.6
2019 06 20 20 01 17.820    28.416807    104.793677     4.49     0.7
2019 06 20 20 01 45.240    28.436869    104.789347     4.01     0.9
2019 06 20 20 03 01.700    28.449974    104.747062     5.26     0.4
2019 06 20 20 04 06.320    28.423767    104.749211     6.34     2.8
2019 06 20 20 06 09.840    28.426961    104.758236     3.39     0.4
2019 06 20 20 08 42.400    28.372266    104.914624     2.66     0.5
2019 06 20 20 09 39.960    28.446918    104.796875     4.59    -0.0
2019 06 20 20 10 54.800    28.387944    104.891911     2.65    -0.1
2019 06 20 20 11 31.880    28.420575    104.771281     5.39     1.4
2019 06 20 20 11 21.640    28.436981    104.791463     3.94     0.5
2019 06 20 20 11 57.280    28.418473    104.776595     5.49     2.6
2019 06 20 20 13 19.680    28.421800    104.750920     6.23     2.3
2019 06 20 20 15 12.440    28.422644    104.758968     3.21     0.5
2019 06 28 10 01 51.120    28.422003    104.778092     2.29     0.3
2019 06 20 20 17 22.340    28.434125    104.791610     5.67     3.3
2019 06 20 20 18 13.760    28.434507    104.786930     2.55     1.3
2019 06 20 20 18 54.640    28.417853    104.782926     4.98     1.9
2019 06 20 20 19 00.280    28.417841    104.782837     2.58     2.1
2019 06 20 20 20 10.600    28.435834    104.787842     3.98     0.9
2019 06 20 20 22 11.800    28.425450    104.750456     6.31     2.3
2019 06 20 20 22 48.800    28.441294    104.794995     5.45     1.2
2019 06 20 20 24 19.180    28.444344    104.770557    -1.66     0.5
2019 06 20 20 25 43.320    28.376280    104.898901     3.11     0.4
2019 06 20 20 26 18.280    28.418874    104.766260     5.31     0.6
2019 06 20 20 27 12.640    28.434308    104.789290     5.71     1.1
2019 06 20 20 28 48.140    28.414819    104.777018     5.99     0.7
2019 06 20 20 30 48.000    28.381083    104.884766     3.02     0.7
2019 06 20 20 31 12.960    28.386973    104.863184     1.62     0.4
2019 06 20 20 33 18.920    28.423702    104.778011      0.9     0.0
2019 06 20 20 34 55.660    28.440401    104.788615     4.04     0.7
2019 06 20 20 34 37.460    28.416258    104.767000     2.77     0.0
2019 06 20 20 35 47.800    28.434310    104.785677     3.56     0.3
2019 06 20 20 36 45.720    28.405623    104.785425      3.7     0.3
2019 06 20 20 37 19.600    28.343152    104.885254     4.31     0.2
2019 06 20 20 39 04.880    28.352688    104.927970     2.15     0.3
2019 06 20 20 39 26.420    28.430701    104.755461     5.59     0.6
2019 06 20 20 40 06.400    28.439195    104.764868     2.12     0.0
2019 06 20 20 42 51.800    28.417330    104.791764      4.6     0.8
2019 06 20 20 43 47.920    28.439107    104.789990     2.86     1.4
2019 06 20 20 46 58.160    28.396582    104.837939     8.36     0.9
2019 06 20 20 47 21.020    28.407933    104.848747     2.88     0.5
2019 06 20 20 47 48.200    28.402877    104.818530     5.51     0.1
2019 06 20 20 48 41.460    28.395917    104.836499     2.01     0.6
2019 06 20 20 48 17.220    28.446838    104.739331     5.52     0.3
2019 06 20 20 49 02.040    28.409406    104.810710     3.88     1.0
2019 06 20 20 51 28.880    28.423997    104.747900     6.49    -0.1
2019 06 20 20 52 51.040    28.426874    104.751147     5.92     0.4
2019 06 20 20 54 26.560    28.407056    104.810238      2.5     0.4
2019 06 20 20 55 10.880    28.419767    104.768807     2.23     0.6
2019 06 20 20 58 21.680    28.366264    104.937622     2.21     0.5
2019 06 20 21 01 03.920    28.423985    104.763314      2.7     0.2
2019 06 20 21 02 08.600    28.440812    104.793799     3.15     0.6
2019 06 20 21 04 26.700    28.362012    104.933724     2.78     0.3
2019 06 20 21 05 42.320    28.419954    104.778247     2.92     0.4
2019 06 20 21 06 22.960    28.420579    104.778060     5.42     1.0
2019 06 20 21 06 52.300    28.427844    104.774276     1.17     0.1
2019 06 20 21 07 37.160    28.364233    104.908455     2.31     0.6
2019 06 20 21 08 09.280    28.381527    104.883219     2.65     0.8
2019 06 20 21 09 35.100    28.422548    104.771549      5.4     0.4
2019 06 20 21 15 19.680    28.364174    104.915055     8.45    -0.1
2019 06 20 21 18 45.360    28.434108    104.787549     4.49     1.1
2019 06 20 21 18 36.720    28.422715    104.744971     3.83     0.5
2019 06 20 21 19 51.160    28.381746    104.882633     2.74     0.6
2019 06 20 21 20 24.040    28.382711    104.881169     2.71     0.5
2019 06 20 21 21 48.400    28.360380    104.886556     4.31     0.8
2019 06 20 21 23 52.920    28.398020    104.839030     2.68     1.1
2019 06 20 21 24 20.260    28.367226    104.911320     4.14     2.2
2019 06 20 21 25 18.880    28.340955    104.976139     1.79     0.4
2019 06 20 21 25 48.260    28.360651    104.931901     2.74     0.4
2019 06 20 21 27 04.880    28.419397    104.759546     7.01     0.4
2019 06 20 21 28 36.240    28.365572    104.923560     5.11     1.8
2019 06 20 21 31 15.600    28.391327    104.858927     2.96     0.9
2019 06 20 21 31 54.580    28.429917    104.737866     6.22     0.7
2019 06 20 21 33 39.160    28.347876    104.885286     5.74     2.8
2019 06 20 21 35 37.000    28.417611    104.780876     4.94     1.1
2019 06 20 21 37 05.160    28.401630    104.850952     3.65     1.0
2019 06 20 21 37 44.920    28.434719    104.786125     5.57     1.4
2019 06 20 21 38 52.980    28.422087    104.780965     5.36     0.1
2019 06 20 21 41 29.620    28.411395    104.852743     3.04     0.7
2019 06 20 21 44 20.760    28.417519    104.774691     2.01     0.2
2019 06 20 21 45 44.860    28.426931    104.779191     2.94     0.2
2019 06 20 21 47 33.060    28.385531    104.881600     1.55    -0.2
2019 06 20 21 47 12.560    28.351921    104.930298     2.85     0.4
2019 06 20 21 52 26.600    28.407402    104.820671     2.76     1.1
2019 06 20 21 53 18.940    28.401516    104.814486     2.55     0.1
2019 06 20 21 56 21.240    28.383907    104.876929     3.16     1.4
2019 06 20 21 57 33.880    28.433431    104.769263      4.1     0.3
2019 06 20 21 58 08.840    28.424986    104.778158     5.14     0.8
2019 06 20 22 01 08.320    28.422723    104.751831     6.13     0.8
2019 06 20 22 01 27.840    28.411855    104.767936     6.24     0.3
2019 06 20 22 08 09.520    28.379386    104.870117     1.43     0.4
2019 06 20 22 08 43.720    28.396080    104.866048     1.72     0.1
2019 06 20 22 10 21.820    28.420262    104.854126     5.52     0.6
2019 06 29 05 01 40.840    28.402775    104.852694     2.95     0.6
2019 06 20 22 11 51.520    28.410799    104.828263     8.39     3.1
2019 06 20 22 15 14.000    28.418951    104.785986     2.76     1.1
2019 06 20 22 16 46.880    28.419175    104.787386     5.07     1.0
2019 06 20 22 17 45.560    28.415230    104.764958     5.36     0.6
2019 06 20 22 17 28.740    28.405214    104.825887     2.29     0.5
2019 06 20 22 20 30.940    28.419364    104.786873     4.93     0.8
2019 06 20 22 21 48.920    28.437457    104.784163     2.93     0.9
2019 06 20 22 23 24.840    28.436298    104.762687     3.98     0.0
2019 06 20 22 24 17.680    28.383521    104.878044     4.16     1.1
2019 06 20 22 24 40.700    28.383742    104.878141     4.22     0.9
2019 06 20 22 25 52.000    28.422697    104.777417     2.69     1.0
2019 06 20 22 26 18.380    28.383360    104.877262     4.24     0.7
2019 06 20 22 27 11.600    28.437655    104.766968     5.67     1.8
2019 06 20 22 28 31.840    28.425578    104.775846     3.61     0.4
2019 06 20 22 28 39.640    28.417513    104.772819     2.89     0.6
2019 06 20 22 29 12.320    28.383734    104.877954     4.23    -0.0
2019 06 20 22 32 56.160    28.421100    104.773568     5.43     0.3
2019 06 20 22 36 05.560    28.395610    104.847314     3.04     0.6
2019 06 20 22 37 23.300    28.424341    104.749829     6.24     0.1
2019 06 20 22 38 23.220    28.373684    104.898421      3.0     0.4
2019 06 20 22 38 02.820    28.401703    104.818009     2.65     0.6
2019 06 20 22 40 10.440    28.424491    104.770850     5.79     2.4
2019 06 20 22 39 50.900    28.417824    104.777726     5.33     0.6
2019 06 20 22 42 38.480    28.365959    104.933521     2.82     1.0
2019 06 20 22 43 19.840    28.434975    104.767407     4.15     1.1
2019 06 20 22 43 47.780    28.372054    104.895662     2.18     1.0
2019 06 20 22 44 01.980    28.429242    104.738501      6.3     1.3
2019 06 20 22 47 09.200    28.430355    104.734814     8.49     0.6
2019 06 20 22 48 22.460    28.416193    104.765055      5.4     2.3
2019 06 20 22 49 20.280    28.416935    104.768978     5.34     1.9
2019 06 20 22 49 41.300    28.416980    104.770109     5.33     1.7
2019 06 20 22 50 38.280    28.404604    104.825537     1.58     0.7
2019 06 20 22 51 14.020    28.412533    104.808138     2.36     0.6
2019 06 20 22 53 18.000    28.417088    104.767277     2.11     0.2
2019 06 20 22 53 08.800    28.379513    104.901912     2.67     0.3
2019 06 20 22 54 04.600    28.419413    104.787118     4.88     0.6
2019 06 20 22 54 21.760    28.390729    104.880770     1.86     0.0
2019 06 20 22 55 20.800    28.382365    104.882007      2.7     0.5
2019 06 20 22 56 49.380    28.435738    104.786987     7.08     3.5
2019 06 20 22 56 27.640    28.418840    104.769019     3.81     0.9
2019 06 20 22 59 29.800    28.373816    104.897786     3.01     1.4
2019 06 20 23 00 19.060    28.416079    104.771395     5.22     1.2
2019 06 20 23 00 51.640    28.418884    104.774585     2.91     0.6
2019 06 20 23 01 06.000    28.425773    104.796452     6.11     0.4
2019 06 20 23 03 51.500    28.336161    104.902694     7.94     2.2
2019 06 20 23 04 29.700    28.416142    104.767472     2.06     0.7
2019 06 20 23 05 35.720    28.415141    104.785685     5.78     1.8
2019 06 20 23 06 44.160    28.347583    104.948617     2.61     0.2
2019 06 20 23 07 35.800    28.432599    104.783203     4.08     0.7
2019 06 20 23 07 47.660    28.391349    104.875863     1.64     0.8
2019 06 20 23 10 16.600    28.411920    104.821777     3.33     0.9
2019 06 20 23 12 11.480    28.422367    104.753581     6.11     0.9
2019 06 20 23 12 43.040    28.422292    104.753971     6.08     1.4
2019 06 20 23 14 49.760    28.400053    104.828345     3.55     0.3
2019 06 20 23 15 42.760    28.382621    104.880371     2.65     0.5
2019 06 20 23 16 54.000    28.418319    104.767912     3.72     0.8
2019 06 20 23 17 40.240    28.426711    104.749048     6.38     0.6
2019 06 20 23 17 57.480    28.422498    104.782349     5.45     0.6
2019 06 20 23 19 31.280    28.414122    104.769067     5.35     2.2
2019 06 20 23 21 00.400    28.414482    104.769784     2.24     0.7
2019 06 20 23 23 21.440    28.367991    104.918400     1.77     1.0
2019 06 20 23 23 57.440    28.421309    104.744458      5.9     2.3
2019 06 20 23 30 11.920    28.385189    104.870426     1.78     0.8
2019 06 20 23 31 11.020    28.406266    104.900944     5.12     0.7
2019 06 20 23 37 45.200    28.427195    104.791659     2.43     0.6
2019 06 20 23 41 11.040    28.343913    104.886865     4.21     0.2
2019 06 20 23 41 41.200    28.420624    104.752913     6.11     0.9
2019 06 20 23 43 51.160    28.380493    104.951937     2.91     0.6
2019 06 20 23 44 56.720    28.422386    104.743652      5.9     2.1
2019 06 20 23 47 19.080    28.403792    104.823503     2.83     0.2
2019 06 20 23 52 51.920    28.438831    104.776156    -0.23     0.6
2019 06 20 23 53 38.040    28.416709    104.764657     5.26     1.2
2019 06 20 23 56 08.240    28.417932    104.774219     5.31     1.0
2019 06 20 23 58 30.960    28.367641    104.940869     2.35     0.8
2019 06 21 00 03 18.370    28.417857    104.809814     1.93     0.5
2019 06 21 00 09 56.780    28.410836    104.851652     5.39     1.6
2019 06 21 02 25 01.200    28.436729    104.764551     5.53     1.5
2019 06 21 00 20 52.770    28.417326    104.745549     5.83     0.4
2019 06 21 00 23 50.330    28.421686    104.772469     2.45     0.5
2019 06 21 00 29 10.020    28.414600    104.786092     5.81     0.9
2019 06 21 00 29 57.390    28.357627    104.893571     3.84     1.8
2019 06 21 00 31 12.810    28.404659    104.860620      5.2     0.6
2019 06 21 00 33 11.110    28.406372    104.825545     1.85     1.0
2019 06 21 00 34 46.490    28.421539    104.781567     2.84     1.3
2019 06 21 00 35 20.870    28.430823    104.784098     2.76     0.6
2019 06 21 00 35 49.610    28.403615    104.857682     2.86     0.7
2019 06 21 00 37 26.010    28.342800    104.885238     4.37     0.4
2019 06 21 04 54 30.960    28.431563    104.785693     2.91     0.5
2019 06 21 00 50 42.110    28.417096    104.773006      2.9     0.3
2019 06 21 00 52 22.360    28.424860    104.792529     4.13     1.7
2019 06 21 00 53 53.700    28.417120    104.774788     5.18     0.8
2019 06 21 00 57 18.030    28.421676    104.744214      5.9     1.7
2019 06 21 00 59 26.840    28.390623    104.883244     4.04     0.8
2019 06 21 01 06 26.370    28.392165    104.829712      4.4     1.1
2019 06 21 01 15 43.200    28.391573    104.831323     4.86     1.3
2019 06 21 01 23 41.230    28.389390    104.862622      1.7     0.8
2019 06 21 01 25 42.170    28.419570    104.776668     5.28     0.3
2019 06 21 01 30 45.980    28.402976    104.818473     5.52     1.0
2019 06 21 01 30 59.740    28.394444    104.780436     4.17     0.8
2019 06 21 01 32 02.200    28.439728    104.789046     0.45     0.7
2019 06 21 01 37 13.580    28.423543    104.788322     1.66     0.9
2019 06 21 01 38 19.290    28.415149    104.823486     5.64     0.2
2019 06 21 01 47 41.390    28.355182    104.897738      3.1     1.0
2019 06 21 01 51 38.070    28.422536    104.754004     1.82     0.9
2019 06 21 01 53 47.930    28.397219    104.907048      5.6     0.9
2019 06 21 01 54 44.390    28.419670    104.782829     5.39     3.2
2019 06 21 01 55 13.680    28.418306    104.780298     4.94     2.1
2019 06 21 01 57 11.510    28.444220    104.829801     9.12     1.7
2019 06 21 01 58 10.490    28.359469    104.942220     3.19     0.9
2019 06 21 01 58 52.200    28.416097    104.779159     1.84     0.6
2019 06 21 02 01 36.920    28.419861    104.781234     5.45     3.5
2019 06 21 02 02 00.690    28.422203    104.783065     5.29     2.2
2019 06 21 02 02 41.610    28.420044    104.784489     2.77     1.8
2019 06 21 02 03 29.550    28.421476    104.784505     5.25     1.0
2019 06 21 02 07 47.800    28.436879    104.784131    -2.17     0.9
2019 06 21 02 09 03.540    28.422343    104.781616     5.33     1.0
2019 06 21 02 08 37.510    28.450964    104.793669     4.19     0.8
2019 06 21 02 10 26.710    28.421448    104.778296     5.36     0.8
2019 06 21 02 13 07.960    28.421332    104.784562     5.22     0.5
2019 06 21 02 18 09.180    28.435474    104.760889      4.1     0.6
2019 06 21 02 22 48.550    28.422162    104.750317     6.26     0.5
2019 06 21 02 28 26.620    28.400126    104.848576     1.79     1.4
2019 06 21 02 32 19.800    28.416958    104.773470     5.26     0.8
2019 06 21 02 32 57.370    28.418412    104.783569     4.67     0.6
2019 06 21 02 33 12.200    28.418060    104.777799     5.33     0.1
2019 06 21 02 33 57.080    28.415995    104.773356      2.0     0.2
2019 06 21 02 35 18.660    28.423602    104.772184     5.42     1.9
2019 06 21 02 37 59.640    28.336410    104.984131     1.47     0.6
2019 06 21 02 40 01.990    28.407609    104.825309     2.67     1.0
2019 06 21 02 42 46.540    28.446930    104.728068      7.8     1.5
2019 06 21 02 44 05.520    28.428103    104.756006     5.13     0.5
2019 06 21 02 45 28.940    28.424168    104.747803      6.5     2.1
2019 06 21 02 48 37.150    28.422154    104.767456     5.03     1.4
2019 06 21 02 49 14.630    28.422241    104.778296     5.29     1.2
2019 06 21 02 49 23.180    28.418052    104.768921     2.15     1.2
2019 06 21 02 51 36.250    28.421417    104.766260     5.04     1.2
2019 06 21 02 55 37.570    28.426249    104.764469     4.06     0.7
2019 06 21 02 57 44.750    28.433954    104.786353     5.55     1.0
2019 06 21 02 59 20.230    28.421814    104.766813     5.14     1.0
2019 06 21 03 00 44.200    28.445485    104.729720     7.58     0.6
2019 06 21 03 04 27.750    28.427728    104.792660     2.69     1.1
2019 06 21 03 06 14.060    28.425228    104.748568     6.39     1.6
2019 06 21 03 11 58.030    28.421965    104.780680     5.34     0.5
2019 06 21 03 13 30.820    28.417320    104.782992     5.21     0.9
2019 06 21 03 16 15.730    28.403680    104.827197     2.71     0.8
2019 06 21 03 18 30.560    28.421543    104.780290     3.39     1.1
2019 06 21 03 20 43.520    28.433464    104.775033     3.94     0.7
2019 06 21 03 21 20.750    28.421792    104.780843     5.29     1.2
2019 06 21 03 26 58.530    28.362203    104.903434      2.5     1.0
2019 06 21 03 28 41.150    28.421865    104.743921     5.91     0.4
2019 06 21 03 29 31.340    28.451388    104.740462      5.5     0.5
2019 06 21 03 30 22.050    28.417615    104.765316     2.91     0.4
2019 06 21 03 33 39.200    28.422943    104.743384     5.88     0.8
2019 06 21 03 34 34.270    28.437252    104.763973     5.69     2.0
2019 06 21 03 37 57.210    28.423637    104.773356    -0.38     0.7
2019 06 21 03 44 59.690    28.420632    104.776294     5.41     0.6
2019 06 21 03 47 01.440    28.402763    104.827604     2.22     1.0
2019 06 21 03 51 07.290    28.421602    104.783887     5.22     0.7
2019 06 21 03 53 12.630    28.417190    104.809676     0.29     0.7
2019 06 21 03 57 32.540    28.403379    104.818620     5.54     0.3
2019 06 21 04 03 09.660    28.427362    104.796720     5.49     0.9
2019 06 21 04 05 40.320    28.416911    104.764657     5.41     1.5
2019 06 21 04 09 52.310    28.422257    104.772689     5.47     0.8
2019 06 21 04 11 49.150    28.433291    104.849740     7.87     0.6
2019 06 21 04 14 07.880    28.436599    104.789022     6.15     1.0
2019 06 21 04 16 47.980    28.424933    104.758700     3.37     0.7
2019 06 21 04 19 25.920    28.420514    104.774870     5.36     0.8
2019 06 21 04 20 38.630    28.417688    104.765348     5.43     0.4
2019 06 21 04 21 49.030    28.414736    104.765202     5.32     1.0
2019 06 21 04 22 51.800    28.421488    104.814087    10.75     0.8
2019 06 21 04 24 21.740    28.394712    104.885978     0.96     0.9
2019 06 21 04 24 44.390    28.425238    104.770272      5.4     0.6
2019 06 21 04 25 27.580    28.403448    104.828760     2.79     0.7
2019 06 21 04 29 15.490    28.416608    104.763973      5.4     0.5
2019 06 21 04 30 35.630    28.429856    104.747314     3.27     1.7
2019 06 21 04 35 36.220    28.428975    104.734587     8.25     0.8
2019 06 21 04 40 07.860    28.385026    104.881771     3.06     0.4
2019 06 21 04 41 29.970    28.415289    104.767269     5.37     0.7
2019 06 21 04 46 45.560    28.428489    104.740755     7.62     0.1
2019 06 21 04 54 34.020    28.394200    104.830485     4.82     1.1
2019 06 21 04 58 55.190    28.434141    104.773608     5.38     1.3
2019 06 21 04 58 48.670    28.377763    104.878760     -0.2     1.1
2019 06 21 05 01 24.760    28.416964    104.789299      4.5     1.0
2019 06 21 05 07 44.670    28.412734    104.793384     3.28     0.6
2019 06 21 05 11 23.470    28.433968    104.785791     0.64     0.9
2019 06 21 05 11 55.960    28.411180    104.785929     4.51     1.5
2019 06 21 05 17 48.390    28.438228    104.737679     8.41     2.2
2019 06 21 05 18 58.040    28.407621    104.860433     1.48     0.7
2019 06 21 05 23 19.710    28.440070    104.791707     2.98     1.7
2019 06 21 05 25 03.000    28.435461    104.750610     5.69     1.5
2019 06 21 05 30 34.170    28.356136    104.893685     3.82     2.0
2019 06 21 05 36 02.910    28.400136    104.830054     2.97     1.4
2019 06 21 05 37 33.690    28.422150    104.858000     6.48     1.0
2019 06 21 05 39 35.820    28.369515    104.945321     3.64     0.7
2019 06 21 05 40 00.230    28.416561    104.763924     5.35     1.5
2019 06 21 05 45 28.630    28.417613    104.765812     5.41     1.4
2019 06 21 05 51 06.020    28.416091    104.753727     3.99     1.6
2019 06 21 05 50 45.800    28.408185    104.823348     1.64     0.4
2019 06 21 05 52 40.630    28.402773    104.921379     2.63     0.6
2019 06 21 05 53 57.480    28.392700    104.856673     2.99     1.1
2019 06 21 05 59 17.810    28.360374    104.886938     4.26     1.2
2019 06 21 06 06 12.460    28.417841    104.766984      5.4     0.6
2019 06 21 06 08 01.410    28.417383    104.764290     5.25     0.4
2019 06 21 06 10 27.170    28.428092    104.772062    -0.26     0.8
2019 06 21 06 10 11.170    28.420473    104.776921      5.2     0.6
2019 06 21 06 10 38.600    28.418140    104.779395     5.43     0.8
2019 06 21 06 11 08.010    28.433187    104.734562     8.41     0.5
2019 06 21 06 13 01.010    28.389886    104.881820      2.2     1.0
2019 06 21 06 16 12.690    28.422241    104.765348     4.96     1.4
2019 06 21 06 20 10.940    28.419722    104.776904     2.91     1.4
2019 06 21 06 24 17.660    28.410026    104.845280     2.53     1.0
2019 06 21 06 26 59.150    28.422223    104.786426     5.13     0.6
2019 06 21 06 28 29.990    28.421533    104.785376     2.81     1.2
2019 06 21 06 29 24.850    28.416925    104.786491     5.91     2.3
2019 06 21 06 35 08.300    28.418506    104.780379     5.18     0.7
2019 06 21 06 39 55.710    28.413609    104.767505     5.22     0.9
2019 06 21 06 41 21.120    28.417126    104.763997     5.41     0.6
2019 06 21 06 43 58.970    28.416642    104.763184     5.43     1.5
2019 06 21 06 47 26.290    28.417126    104.764518      5.4     1.8
2019 06 21 06 48 34.230    28.418093    104.779867     5.05     0.6
2019 06 21 06 51 51.010    28.400077    104.849308     5.22     1.9
2019 06 21 06 51 39.280    28.433929    104.763452     3.92     0.9
2019 06 21 06 54 13.160    28.415920    104.764209     5.33     0.6
2019 06 21 06 56 09.060    28.441471    104.758765     5.51     0.9
2019 06 21 06 59 14.420    28.439140    104.761328     5.47     0.6
2019 06 21 07 02 09.640    28.412573    104.764811     6.24     1.1
2019 06 21 07 02 48.810    28.399512    104.827026     3.66     0.6
2019 06 21 07 05 23.370    28.427002    104.789941      5.8     0.7
2019 06 21 07 07 05.460    28.414097    104.786556     5.78     0.6
2019 06 21 07 09 55.860    28.438822    104.771118     7.46     3.5
2019 06 21 07 15 06.980    28.434562    104.770353     5.82     2.8
2019 06 21 07 15 32.220    28.434666    104.758708     5.21     1.6
2019 06 21 07 21 08.800    28.435876    104.761263     5.58     1.0
2019 06 21 07 20 53.350    28.421875    104.783846     5.29     0.4
2019 06 21 07 22 24.540    28.421918    104.783529     5.34     0.7
2019 06 21 07 27 50.930    28.416941    104.784326     4.84     0.6
2019 06 21 07 28 12.470    28.417535    104.767619     2.12     0.6
2019 06 21 07 29 19.230    28.434690    104.784774     4.01     1.1
2019 06 21 07 34 47.500    28.395941    104.844255    -2.83     0.2
2019 06 21 07 44 32.670    28.436650    104.789657     2.95     0.6
2019 06 21 07 47 14.660    28.408228    104.826172     3.23     0.6
2019 06 21 07 48 41.580    28.434814    104.766545     4.18     1.0
2019 06 21 07 50 50.840    28.416199    104.796615     4.04     0.5
2019 06 21 07 58 54.630    28.395233    104.835555     4.78     0.6
2019 06 21 08 00 01.480    28.424882    104.776562      5.7     0.5
2019 06 21 08 07 10.830    28.424569    104.761589     5.57     1.4
2019 06 21 08 12 54.420    28.426676    104.754614     5.94     1.0
2019 06 21 08 14 50.230    28.423053    104.760539     5.71     0.6
2019 06 21 08 24 10.790    28.434552    104.760929     3.11     1.2
2019 06 21 08 29 27.130    28.410065    104.820841     1.85     1.0
2019 06 21 08 30 52.200    28.364571    104.907479     2.02     0.6
2019 06 21 08 34 38.120    28.379287    104.875830     1.28     1.0
2019 06 21 08 35 44.150    28.434060    104.768294     3.13     0.5
2019 06 21 08 44 07.010    28.418396    104.766911      5.3     1.1
2019 06 21 08 45 44.480    28.413928    104.851969     2.95     1.4
2019 06 21 08 47 42.660    28.416418    104.762337     5.39     2.3
2019 06 21 08 54 24.290    28.428522    104.757389     2.53     0.7
2019 06 24 14 25 40.950    28.430027    104.737923      6.2     1.1
2019 06 21 09 04 55.520    28.398588    104.842806     4.57     0.6
2019 06 21 09 16 20.680    28.400523    104.860042     3.19     2.0
2019 06 21 09 23 07.720    28.417240    104.763672     5.39     0.8
2019 06 21 09 29 13.440    28.400411    104.777531     5.59     1.8
2019 06 21 09 39 39.190    28.437213    104.784009    -2.33     0.6
2019 06 21 09 42 58.550    28.387425    104.856486     2.93     1.0
2019 06 21 09 43 59.040    28.417454    104.781689     4.97     0.6
2019 06 21 09 45 22.150    28.420632    104.771818     2.85     0.9
2019 06 21 09 48 27.010    28.354958    104.895988     3.14     1.2
2019 06 21 09 49 00.980    28.408921    104.830322     2.97     0.9
2019 06 21 09 50 28.400    28.383748    104.878532     4.09     0.9
2019 06 21 09 53 07.390    28.433641    104.768660     3.11     0.8
2019 06 21 09 55 15.420    28.434249    104.767887     3.17     1.0
2019 06 21 09 58 56.950    28.400568    104.827132     2.09     1.6
2019 06 21 10 06 35.300    28.407509    104.826400     1.67     0.4
2019 06 21 10 08 02.180    28.424845    104.778198     5.11     0.9
2019 06 21 10 13 00.620    28.421016    104.773926     5.42     0.7
2019 06 21 10 16 22.650    28.437984    104.763843     5.57     1.2
2019 06 21 10 17 14.520    28.430772    104.776017     2.96     0.7
2019 06 21 10 19 04.880    28.420589    104.775627     5.47     0.9
2019 06 21 10 19 44.510    28.392179    104.857861     2.97     0.8
2019 06 21 10 25 36.270    28.397091    104.834106     8.02     1.1
2019 06 21 10 32 31.840    28.403210    104.847770     5.31     1.0
2019 06 21 10 36 57.460    28.419704    104.772681     2.26     0.8
2019 06 21 10 44 53.200    28.419602    104.772461      2.2     1.3
2019 06 21 10 44 29.980    28.367643    104.921598     1.91     0.9
2019 06 21 10 48 01.130    28.447575    104.742139     8.09     0.9
2019 06 21 10 49 24.960    28.421586    104.778410     5.62     0.8
2019 06 21 10 50 32.170    28.434167    104.747729     5.81     0.9
2019 06 21 10 53 11.260    28.421611    104.780526     2.85     0.7
2019 06 21 10 55 00.250    28.421224    104.766138     5.42     0.5
2019 06 21 10 56 28.340    28.419371    104.774658     5.69     1.6
2019 06 21 11 06 30.950    28.413114    104.872567     5.44     0.6
2019 06 21 11 12 52.310    28.421928    104.764404     0.51     0.8
2019 06 21 11 14 00.970    28.398177    104.844092     3.21     0.9
2019 06 21 11 13 41.900    28.420974    104.751839     6.16     0.7
2019 06 21 11 17 28.340    28.405363    104.820947     2.22     0.6
2019 06 21 11 20 49.620    28.408319    104.908854     6.81     1.2
2019 06 21 11 21 29.600    28.434393    104.786768      4.1     0.9
2019 06 21 11 23 25.240    28.423511    104.750521     6.39     0.4
2019 06 21 11 27 10.040    28.355739    104.895435      3.1     0.7
2019 06 21 11 29 57.450    28.384465    104.870353     2.39     1.0
2019 06 21 11 31 52.510    28.420256    104.825220     6.41     1.1
2019 06 21 11 33 17.970    28.417959    104.769515     1.81     0.2
2019 06 21 11 38 08.070    28.410909    104.818595     2.56     0.4
2019 06 21 11 40 37.000    28.437406    104.765894     5.56     1.0
2019 06 21 11 40 56.700    28.444564    104.726131      7.7     1.1
2019 06 21 11 42 31.490    28.419501    104.761702     5.39     1.5
2019 06 21 11 43 58.180    28.436727    104.770166      5.5     1.2
2019 06 21 11 46 25.740    28.402765    104.816943     2.83    -0.1
2019 06 21 11 47 48.540    28.415118    104.764364      5.4     1.1
2019 06 21 11 56 00.970    28.421159    104.771558     5.31     0.9
2019 06 21 11 57 35.140    28.414809    104.809090      4.0     0.9
2019 06 21 11 57 19.220    28.420306    104.822843     2.01     0.2
2019 06 21 11 58 43.520    28.429427    104.793132     5.26     1.7
2019 06 21 11 59 02.710    28.422738    104.767204     4.99     1.8
2019 06 21 11 59 27.870    28.420890    104.769450     5.91     1.1
2019 06 21 12 01 12.500    28.456476    104.751099      6.2     0.9
2019 06 21 12 06 31.730    28.422866    104.768042     5.22     0.9
2019 06 21 12 07 42.010    28.399577    104.835360     4.29     0.7
2019 06 21 12 08 21.960    28.390440    104.860067     2.94     1.4
2019 06 21 12 08 28.320    28.420673    104.771379     4.98     1.0
2019 06 21 12 10 04.150    28.425682    104.770101     4.86     0.6
2019 06 21 12 11 17.920    28.425830    104.748543     6.47     0.2
2019 06 26 01 52 01.050    28.436021    104.780396    -0.36     0.1
2019 06 21 12 17 54.270    28.386334    104.867969     2.38     0.6
2019 06 21 12 18 43.890    28.416471    104.763973     5.33     1.1
2019 06 21 12 19 46.420    28.378052    104.831820     0.65     0.6
2019 06 21 12 23 43.470    28.389787    104.870109      1.6     0.4
2019 06 21 12 24 39.670    28.421861    104.766610      5.5     0.8
2019 06 21 12 25 07.550    28.421722    104.765405     4.97     0.6
2019 06 21 12 25 43.910    28.423273    104.768188     5.29     0.6
2019 06 21 12 27 10.140    28.435992    104.768001      5.5     1.6
2019 06 21 12 28 07.240    28.414787    104.769181     5.44     1.7
2019 06 21 12 29 02.250    28.355878    104.890723     3.05     1.2
2019 06 21 12 28 55.190    28.422528    104.782406     5.38     1.0
2019 06 21 12 32 22.290    28.416526    104.795435     4.75     0.6
2019 06 21 12 35 39.080    28.422744    104.764071     5.66     0.7
2019 06 21 12 36 09.770    28.424164    104.747160     6.58    -0.0
2019 06 21 12 40 53.750    28.422097    104.764111     5.05     1.5
2019 06 21 12 42 03.740    28.422868    104.763346     5.55     1.5
2019 06 21 12 48 35.470    28.425582    104.782064     2.71     0.4
2019 06 21 12 48 10.680    28.368624    104.898022     2.53     1.1
2019 06 21 12 49 54.750    28.367946    104.897982     2.51     0.4
2019 06 21 12 51 14.160    28.426890    104.749211     6.04     0.7
2019 06 21 12 51 51.820    28.421297    104.771883     5.43     1.1
2019 06 21 12 54 51.140    28.429215    104.731901     8.15     0.1
2019 06 21 12 57 54.950    28.416372    104.765617     5.43     2.1
2019 06 26 06 24 11.220    28.417668    104.766048     5.52     2.3
2019 06 21 13 03 07.920    28.410740    104.814705     4.54     0.3
2019 06 21 13 03 48.140    28.417238    104.769556     2.11     0.3
2019 06 21 13 04 49.490    28.415167    104.767358     5.29     0.7
2019 06 21 13 05 29.100    28.422080    104.764331      5.5     0.4
2019 06 21 13 06 15.330    28.415550    104.767041     5.33     0.3
2019 06 21 13 07 21.630    28.414773    104.765259     5.21     0.5
2019 06 21 13 08 26.910    28.429887    104.776660     2.85     1.0
2019 06 21 13 08 02.190    28.419100    104.778923     5.23     0.6
2019 06 21 13 09 30.260    28.417253    104.763607     5.45     0.6
2019 06 21 13 11 51.040    28.389042    104.874455     2.45     0.3
2019 06 21 13 12 34.830    28.423458    104.782170     5.59     0.9
2019 06 21 13 15 38.100    28.418671    104.769653     5.38     1.1
2019 06 21 13 17 11.960    28.351992    104.886768     2.74     0.6
2019 06 21 13 17 29.540    28.416205    104.768140     5.35     1.3
2019 06 21 13 18 14.120    28.415926    104.767863     5.34     0.6
2019 06 21 13 18 45.360    28.416817    104.768620     5.45     1.5
2019 06 21 13 19 50.960    28.360223    104.889518     2.96     0.8
2019 06 21 13 19 36.810    28.415393    104.772380     2.04     0.7
2019 06 21 13 20 41.230    28.421936    104.751929     6.14     1.0
2019 06 21 13 21 33.030    28.411367    104.743197     6.54     0.1
2019 06 21 13 23 30.130    28.417912    104.765576     5.31     0.8
2019 06 21 13 25 55.360    28.435002    104.785148     4.11     1.9
2019 06 21 13 27 00.360    28.404911    104.833268     2.88     0.6
2019 06 21 13 28 35.480    28.423985    104.783805     5.49     1.9
2019 06 21 13 29 40.900    28.405080    104.826554     3.16     0.8
2019 06 21 13 29 54.600    28.415513    104.769873     5.34     1.0
2019 06 21 13 31 10.480    28.413157    104.804338     4.43     1.3
2019 06 21 13 31 58.330    28.392019    104.856958     2.97     0.5
2019 06 21 13 33 29.170    28.422186    104.760718     5.56     0.5
2019 06 21 13 35 03.530    28.415328    104.804338     5.49     2.4
2019 06 21 13 39 06.270    28.389996    104.854045     2.66     1.1
2019 06 21 13 39 41.580    28.434324    104.768400     3.14     0.3
2019 06 21 13 40 57.540    28.418939    104.770361     5.21     0.2
2019 06 21 13 46 04.970    28.424298    104.779663     5.51     1.5
2019 06 21 13 46 46.350    28.437301    104.758325     5.06     1.3
2019 06 21 13 50 03.660    28.354397    104.892619     3.03     0.5
2019 06 21 13 53 05.860    28.420321    104.781405     4.81     0.4
2019 06 21 13 57 39.880    28.423250    104.750016     6.29     1.0
2019 06 21 13 59 22.620    28.414665    104.825293     4.73     0.9
2019 06 21 13 58 58.630    28.392796    104.893742     4.03     0.5
2019 06 21 13 59 59.800    28.422837    104.782308     5.39     1.2
2019 06 21 14 01 59.070    28.431360    104.789771     2.67     0.5
2019 06 21 14 04 25.690    28.450061    104.750911     5.66     0.9
2019 06 21 14 05 48.630    28.419491    104.776693     5.28     0.3
2019 06 21 14 06 25.080    28.419731    104.789152     4.92     0.2
2019 06 21 14 09 27.260    28.424243    104.747241     6.57     0.6
2019 06 21 14 11 11.980    28.424286    104.780990     5.52     1.0
2019 06 21 14 12 30.860    28.422915    104.781673     5.49     0.3
2019 06 21 14 12 20.230    28.411646    104.763534     4.46     0.4
2019 06 21 14 15 16.890    28.429688    104.765535    -1.92     0.5
2019 06 21 14 16 22.570    28.422489    104.781193     5.18     0.2
2019 06 21 14 16 34.010    28.441488    104.795361      3.1     0.6
2019 06 21 14 24 58.570    28.437762    104.764559     5.58     0.5
2019 06 21 14 30 23.030    28.417873    104.765731     5.51     1.7
2019 06 21 14 32 50.470    28.419533    104.780770     5.31     1.0
2019 06 21 14 34 56.800    28.352427    104.886507     2.28     0.6
2019 06 21 14 36 53.850    28.393418    104.867098     5.61     1.0
2019 06 21 14 39 43.620    28.431160    104.739152     8.54     1.7
2019 06 21 14 39 38.060    28.432330    104.739429      8.6     1.7
2019 06 21 14 40 30.290    28.438611    104.737630     7.59     1.0
2019 06 21 14 43 28.820    28.386403    104.829614    -0.11     0.2
2019 06 21 14 45 16.250    28.384102    104.910832      1.9    -0.0
2019 06 21 14 45 57.390    28.356512    104.892383     2.98     0.6
2019 06 21 14 47 51.640    28.430092    104.764852      2.1     1.1
2019 06 21 14 48 28.400    28.422066    104.762882     5.55     0.8
2019 06 21 14 50 01.390    28.359495    104.937264     4.08     0.2
2019 06 21 14 50 36.460    28.436922    104.765324     5.54     1.3
2019 06 21 14 51 12.630    28.383140    104.877091     4.22     0.7
2019 06 21 14 52 58.910    28.417841    104.764632     5.47     0.7
2019 06 21 14 54 25.670    28.434566    104.759652    -1.07     0.3
2019 06 21 14 54 49.880    28.422972    104.779468     5.31     0.6
2019 06 21 14 56 34.510    28.418490    104.765991     5.46     1.4
2019 06 21 14 57 51.760    28.383712    104.878361     4.29     0.7
2019 06 21 15 00 20.580    28.417131    104.792342     4.35     0.2
2019 06 21 15 02 11.090    28.393695    104.885059     2.53     0.6
2019 06 21 15 03 35.780    28.414771    104.797412      4.3     0.4
2019 06 21 15 04 57.740    28.364130    104.912866     2.52     0.3
2019 06 21 15 05 37.850    28.403469    104.858008     2.86     1.3
2019 06 21 15 06 36.220    28.377930    104.910693     5.83     0.5
2019 06 21 15 16 22.250    28.422184    104.779419     5.28     0.8
2019 06 21 15 17 45.810    28.354291    104.891048     3.06     0.5
2019 06 21 15 20 02.980    28.407257    104.845955     3.11     1.0
2019 06 21 15 20 25.510    28.388806    104.852539     2.43     0.8
2019 06 21 15 21 34.800    28.423861    104.774040     4.46     0.3
2019 06 21 15 22 05.200    28.378324    104.884139     3.65     0.4
2019 06 21 15 25 36.100    28.419908    104.786841     5.01     0.4
2019 06 21 15 30 28.230    28.422807    104.743335     5.89     0.9
2019 06 21 15 30 53.960    28.421407    104.756299     5.75     0.9
2019 06 21 15 31 57.090    28.346397    104.947274     0.67     0.7
2019 06 21 15 33 53.610    28.357743    104.891496     2.96     0.2
2019 06 21 15 39 40.290    28.407487    104.848608     2.96     0.7
2019 06 21 15 39 58.770    28.393032    104.833496     4.83     0.8
2019 06 21 15 40 12.420    28.421511    104.765902     5.72     0.6
2019 06 21 15 41 22.600    28.359806    104.911076     1.48     0.4
2019 06 21 15 45 14.890    28.419893    104.786605     5.13     1.1
2019 06 21 15 45 22.270    28.383476    104.878638      4.2     1.2
2019 06 21 15 45 50.020    28.422430    104.779411     5.25     0.9
2019 06 21 15 47 30.510    28.383423    104.880640     0.55     0.5
2019 06 21 15 48 00.480    28.352250    104.888387     3.22     0.0
2019 06 21 15 49 13.290    28.389380    104.877710      3.5     0.8
2019 06 21 15 51 33.890    28.444545    104.750594     5.44     1.0
2019 06 21 15 52 42.460    28.417181    104.783455     4.87     0.2
2019 06 21 15 53 45.120    28.422538    104.763403     5.57     0.9
2019 06 21 15 56 11.980    28.430048    104.744710     5.93     1.6
2019 06 21 15 57 02.520    28.416502    104.766235     2.09     1.5
2019 06 21 16 00 29.070    28.434428    104.752604     5.64     1.1
2019 06 21 16 04 03.950    28.364787    104.929818     2.59     1.0
2019 06 21 16 05 09.760    28.392275    104.857373     2.97     0.8
2019 06 21 16 07 56.400    28.392377    104.746981     3.14     0.2
2019 06 21 16 09 19.540    28.429895    104.745060     5.93     0.3
2019 06 21 16 11 07.380    28.402012    104.857381     2.38    -0.0
2019 06 21 16 11 58.910    28.365900    104.903101     2.28     0.6
2019 06 21 16 12 24.480    28.418477    104.746118      5.2     0.1
2019 06 21 16 13 02.730    28.375671    104.865820     1.73     0.4
2019 06 21 16 14 05.960    28.443740    104.753198     5.57     0.6
2019 06 21 16 15 40.180    28.440379    104.791602     4.59     1.0
2019 06 21 16 15 25.110    28.415074    104.788281      1.6     0.7
2019 06 21 16 16 50.500    28.422982    104.781860     5.49     0.4
2019 06 21 16 19 04.750    28.385754    104.868848     2.63     0.4
2019 06 21 16 21 23.010    28.383272    104.877132     4.23     1.5
2019 06 21 16 24 30.060    28.423924    104.762882      5.2     0.9
2019 06 21 16 26 00.060    28.384619    104.872331     2.41     0.7
2019 06 21 16 29 15.050    28.436316    104.791292     3.98     0.9
2019 06 21 16 30 47.980    28.393433    104.841699     1.53     0.0
2019 06 21 16 34 02.680    28.370233    104.870947     4.76    -0.2
2019 06 21 16 33 54.280    28.412140    104.773071     6.32     0.0
2019 06 21 16 36 24.930    28.435158    104.765934     3.01     0.3
2019 06 21 16 38 44.380    28.429893    104.744954     5.94     0.3
2019 06 21 16 39 22.780    28.369574    104.884481     -0.8    -0.0
2019 06 21 16 39 56.680    28.383248    104.877214     4.24     0.6
2019 06 21 16 42 51.430    28.421678    104.752466     6.65     2.2
2019 06 21 16 42 30.170    28.383305    104.877091     4.23     1.1
2019 06 21 16 44 05.910    28.345671    104.889022     3.96     0.9
2019 06 21 16 45 37.330    28.408152    104.833325     2.14     0.2
2019 06 21 16 45 19.950    28.423936    104.751400     6.24    -0.1
2019 06 21 16 46 29.480    28.361084    104.907430      3.0     0.3
2019 06 21 16 47 28.080    28.424563    104.751025     6.25     0.7
2019 06 21 16 47 20.450    28.425258    104.747201     6.52     0.4
2019 06 21 16 48 13.480    28.345860    104.887891      4.1     0.1
2019 06 21 16 49 03.810    28.380227    104.888973     2.48     0.5
2019 06 21 16 49 48.040    28.421171    104.773739     5.55     2.5
2019 06 21 16 50 18.900    28.379067    104.923446    -1.64     1.1
2019 06 21 16 51 19.260    28.420667    104.774772     5.54     2.1
2019 06 21 16 53 52.940    28.373358    104.904492     2.15     0.3
2019 06 21 16 55 21.780    28.402753    104.863273     5.23     0.9
2019 06 21 16 55 37.110    28.420022    104.752563     6.14     0.9
2019 06 21 16 56 07.350    28.366223    104.900431      2.5     0.5
2019 06 21 16 57 00.730    28.384491    104.881323     4.31     0.9
2019 06 21 17 00 50.600    28.384224    104.880273     4.29     0.9
2019 06 21 17 00 40.540    28.417301    104.769336     5.35     0.6
2019 06 21 17 01 25.320    28.369934    104.869792     4.79     0.0
2019 06 21 17 02 10.120    28.419753    104.752995     6.12     2.4
2019 06 21 17 02 38.320    28.419637    104.752637     6.17     0.8
2019 06 21 17 05 49.600    28.413965    104.808252     3.39     1.8
2019 06 21 17 07 46.800    28.423319    104.763330     5.32     1.0
2019 06 21 17 08 47.520    28.355896    104.896387     3.03     0.3
2019 06 21 17 09 27.260    28.419722    104.752856     6.12     0.8
2019 06 21 17 12 13.840    28.420245    104.752816     6.16     1.4
2019 06 21 17 13 01.080    28.405615    104.829020     3.03     1.0
2019 06 21 17 14 31.680    28.377588    104.957642     4.29     0.3
2019 06 21 17 14 41.680    28.440920    104.790991      1.2     0.1
2019 06 21 17 14 22.260    28.370085    104.899048     1.92     0.5
2019 06 21 17 15 28.300    28.415525    104.763965     5.35     1.9
2019 06 21 17 17 33.480    28.417653    104.765560     5.52     2.0
2019 06 21 17 18 25.360    28.362146    104.864893      2.3     0.6
2019 06 21 17 19 12.440    28.364044    104.933203     2.54     0.2
2019 06 21 17 18 55.440    28.391754    104.933105      2.7     0.4
2019 06 21 17 20 11.440    28.415326    104.766781     5.36     0.6
2019 06 21 17 20 48.520    28.415220    104.766007     5.14     0.6
2019 06 21 17 21 56.600    28.423083    104.748535     6.43     1.8
2019 06 21 17 26 16.480    28.427985    104.791479     2.98     0.8
2019 06 21 17 27 11.320    28.389819    104.895207     2.12     0.4
2019 06 21 17 29 43.360    28.398173    104.914535     4.46     0.2
2019 06 21 17 31 45.640    28.371389    104.927051     0.49     0.5
2019 06 21 17 33 01.160    28.383541    104.877637     4.25     0.9
2019 06 21 17 33 39.540    28.383665    104.878052     4.22     0.9
2019 06 21 17 34 12.060    28.421965    104.841870      3.3     0.2
2019 06 21 17 34 34.800    28.425682    104.769759     5.39     0.4
2019 06 21 17 34 59.960    28.420378    104.775236     2.91     0.1
2019 06 21 17 35 29.960    28.369816    104.869230    -0.31     0.1
2019 06 21 17 37 20.880    28.408938    104.821436     2.86     0.3
2019 06 21 17 38 22.360    28.388222    104.859204     1.73     0.3
2019 06 21 17 38 48.840    28.418663    104.766284     5.53     2.0
2019 06 21 17 40 26.720    28.383268    104.886084     1.58     0.9
2019 06 21 17 40 15.360    28.357123    104.900781     1.84     0.0
2019 06 21 17 41 13.160    28.416903    104.767139     5.36     0.5
2019 06 21 17 42 22.960    28.420374    104.753605     6.09     2.2
2019 06 21 17 45 06.280    28.410010    104.815169     3.64     1.0
2019 06 21 17 46 04.100    28.422565    104.779370     5.26     1.0
2019 06 21 17 47 16.780    28.425435    104.764876     4.41     0.3
2019 06 21 17 47 46.240    28.409585    104.833968     2.53    -0.2
2019 06 21 17 48 40.560    28.431297    104.752563     6.16    -0.0
2019 06 21 17 49 14.720    28.419940    104.776717     2.87     0.7
2019 06 21 17 49 39.280    28.338499    104.884709     4.48     0.5
2019 06 21 17 50 21.800    28.413159    104.801750     3.82     1.4
2019 06 21 17 52 15.920    28.383051    104.877417     4.27     0.5
2019 06 21 17 53 09.780    28.343026    104.886068     4.27     0.4
2019 06 21 17 52 58.480    28.369511    104.906112     2.14     0.3
2019 06 21 17 56 22.260    28.396120    104.782056     4.13     1.2
2019 06 21 17 58 04.240    28.428005    104.763045     -0.7     0.7
2019 06 21 18 00 03.360    28.394228    104.849268     2.83     0.4
2019 06 21 18 00 45.420    28.384674    104.864958     0.72     0.6
2019 06 21 18 01 08.800    28.391349    104.863672     1.71     1.1
2019 06 21 18 04 12.640    28.414541    104.769987     5.32     0.3
2019 06 21 18 03 59.660    28.416364    104.765788     2.03     0.1
2019 06 21 18 05 25.560    28.368522    104.905176     4.89     2.4
2019 06 21 18 08 32.240    28.421358    104.766561     4.98     0.3
2019 06 21 18 08 42.120    28.383413    104.877360     4.28     0.8
2019 06 21 18 11 11.780    28.368520    104.906852     2.28     0.2
2019 06 21 18 11 55.960    28.347489    104.922705     2.93     0.4
2019 06 21 18 11 41.600    28.383563    104.880811     4.37     0.6
2019 06 21 18 14 13.920    28.371598    104.877344    -0.53     0.2
2019 06 21 18 15 41.160    28.424192    104.769385     4.83     0.3
2019 06 21 18 17 23.680    28.393880    104.850244     2.93     0.7
2019 06 21 18 18 27.080    28.415379    104.769409      5.2     0.6
2019 06 21 18 21 22.240    28.428365    104.772632     2.52     0.2
2019 06 21 18 23 24.880    28.413869    104.871444     1.63     0.4
2019 06 21 18 26 41.500    28.423405    104.769458     5.06     0.4
2019 06 21 18 27 48.580    28.354867    104.890910     3.03     0.5
2019 06 21 18 28 40.160    28.369887    104.901107     2.57     0.3
2019 06 21 18 32 11.140    28.422485    104.780029     5.34     0.7
2019 06 21 18 33 59.200    28.422455    104.772144     5.42     0.8
2019 06 21 18 34 48.640    28.417698    104.783944     2.47     0.2
2019 06 21 18 35 25.600    28.429492    104.732951     8.26     2.5
2019 06 21 18 37 33.720    28.400997    104.829761     1.56     0.3
2019 06 21 18 37 49.080    28.385606    104.874886     0.53     1.1
2019 06 21 18 38 39.160    28.412813    104.800618     2.86     0.1
2019 06 21 18 40 18.160    28.433020    104.787337      5.6     0.9
2019 06 21 18 41 11.760    28.430709    104.747982     5.67     0.3
2019 06 21 18 42 15.120    28.399587    104.918042      5.7     0.6
2019 06 21 18 43 03.040    28.410561    104.813127     4.07     0.4
2019 06 21 18 51 52.560    28.420079    104.769377     2.28     0.5
2019 06 21 18 52 36.560    28.376265    104.887077     2.52     0.4
2019 06 21 18 54 52.880    28.437113    104.761792     5.37     0.7
2019 06 21 18 55 41.720    28.367657    104.939860     2.84     1.1
2019 06 21 18 56 40.860    28.409326    104.815967     2.86    -0.0
2019 06 21 18 57 26.760    28.372148    104.939925     2.67     0.9
2019 06 21 18 58 39.060    28.415739    104.764111     5.23     0.2
2019 06 21 18 59 33.280    28.381217    104.899235     1.92     0.3
2019 06 21 19 00 31.940    28.415763    104.804834      4.4     1.8
2019 06 21 19 03 36.160    28.364901    104.935425     2.57     0.2
2019 06 21 19 05 07.980    28.351727    104.887036     3.61     1.7
2019 06 21 19 07 40.500    28.384922    104.879663     1.47     0.5
2019 06 21 19 14 43.840    28.417977    104.790739     4.58     0.3
2019 06 21 19 15 27.600    28.416494    104.763574     5.38     0.1
2019 06 21 19 17 38.200    28.391701    104.932918     2.73     0.7
2019 06 21 19 23 49.880    28.363957    104.948999     3.46     0.7
2019 06 21 19 24 26.240    28.389231    104.857039     2.89     0.8
2019 06 21 19 29 53.000    28.414923    104.795793     4.83     0.1
2019 06 21 19 30 10.980    28.439783    104.789933     5.52     1.2
2019 06 21 19 30 24.660    28.356771    104.892765     2.95     0.9
2019 06 21 19 31 38.320    28.354722    104.892822     2.64     0.3
2019 06 21 19 32 03.360    28.406132    104.839412     2.31     0.4
2019 06 21 19 32 33.400    28.355613    104.893180      2.7     0.4
2019 06 21 19 33 50.440    28.353937    104.895321     2.13     0.1
2019 06 21 19 35 54.240    28.381616    104.870174     1.32     0.4
2019 06 21 19 39 25.920    28.371212    104.908154     1.97     0.3
2019 06 21 19 41 45.880    28.415576    104.803475     4.82     1.8
2019 06 21 19 43 45.300    28.396480    104.848682     2.69     0.4
2019 06 21 19 45 53.760    28.392035    104.933309      2.7     0.9
2019 06 21 19 45 24.960    28.416913    104.775781     4.93     1.0
2019 06 21 19 47 20.360    28.420778    104.771273     5.62    -0.3
2019 06 21 19 51 27.420    28.412325    104.768400     6.32     1.6
2019 06 21 19 53 41.080    28.400197    104.818726     2.16     0.3
2019 06 21 19 54 28.960    28.395640    104.835034     4.62     0.8
2019 06 21 19 55 57.840    28.411336    104.820898     3.29     0.5
2019 06 21 19 56 40.380    28.438291    104.791309     5.49     1.3
2019 06 21 19 59 31.480    28.377877    104.896672     2.35     0.4
2019 06 21 20 00 40.480    28.367293    104.893677     3.45     0.3
2019 06 21 20 04 01.000    28.421574    104.762972     5.51     0.4
2019 06 21 20 04 18.400    28.421122    104.762964     5.53     0.5
2019 06 21 20 05 05.320    28.354893    104.893066      2.7     0.3
2019 06 21 20 05 59.800    28.425002    104.785750     4.92     1.8
2019 06 21 20 05 40.260    28.420422    104.764526     4.85     0.6
2019 06 21 20 08 07.440    28.421071    104.780330     2.72     0.5
2019 06 21 20 09 54.960    28.431567    104.788363     7.46     3.1
2019 06 21 20 12 12.360    28.426239    104.780908     2.84     0.7
2019 06 21 20 13 37.360    28.423433    104.769824     0.56     0.2
2019 06 21 20 14 14.800    28.416349    104.766016     2.01     0.1
2019 06 21 20 14 41.680    28.360946    104.916951     1.52    -0.4
2019 06 21 20 15 50.080    28.420687    104.776221     5.43     0.5
2019 06 21 20 17 21.720    28.436338    104.760986     5.66     2.0
2019 06 21 20 17 47.200    28.395469    104.853866     2.88     1.2
2019 06 21 20 18 18.880    28.399571    104.854777     5.24     1.3
2019 06 21 20 20 08.840    28.391032    104.868302     1.95     0.1
2019 06 21 20 21 45.740    28.435427    104.761857     5.56     1.2
2019 06 21 20 23 30.140    28.426711    104.782869     4.69     0.3
2019 06 21 20 25 34.480    28.363989    104.927091     2.12     0.6
2019 06 21 20 33 01.800    28.396210    104.853410     2.98     0.7
2019 06 21 20 33 44.680    28.368347    104.915275     1.88     0.3
2019 06 29 11 45 11.100    28.395915    104.853459     2.95     0.2
2019 06 21 20 37 53.520    28.432422    104.777059     4.36     0.3
2019 06 21 20 38 35.440    28.403153    104.856600    10.36     0.0
2019 06 21 20 41 15.320    28.355540    104.891610     2.88     0.5
2019 06 21 20 43 08.480    28.421198    104.752612     6.11    -0.0
2019 06 21 20 46 35.440    28.394285    104.852751     2.98     0.5
2019 06 21 20 47 45.400    28.408083    104.802702     2.32     0.3
2019 06 21 20 50 12.400    28.430961    104.803849     8.61     0.2
2019 06 21 20 50 41.400    28.424013    104.770386    -1.12     0.4
2019 06 21 20 54 02.180    28.433396    104.748356     6.61     1.1
2019 06 21 20 59 51.120    28.395996    104.847689     3.22     1.4
2019 06 21 21 02 34.640    28.348442    104.925187     2.54     0.5
2019 06 21 21 03 21.220    28.431531    104.746859     5.61     0.6
2019 06 21 21 04 27.020    28.422679    104.772038     5.59     3.0
2019 06 21 21 07 23.160    28.370463    104.902075     2.59     0.7
2019 06 21 21 08 06.100    28.420310    104.773315     2.86     0.3
2019 06 21 21 08 30.200    28.426729    104.762948     5.64     0.3
2019 06 21 21 08 43.620    28.425861    104.757121     5.88    -0.0
2019 06 21 21 09 45.960    28.393563    104.857560     2.86     0.4
2019 06 21 21 11 29.040    28.419796    104.764657     5.12     0.4
2019 06 21 21 13 17.720    28.429588    104.760669     1.25     0.3
2019 06 21 21 14 18.920    28.431732    104.742082     6.86    -0.1
2019 06 21 21 14 41.320    28.420188    104.774097     2.03     0.7
2019 06 21 21 15 00.160    28.424471    104.761768     5.56     2.0
2019 06 21 21 15 57.040    28.421307    104.754476     4.16     0.4
2019 06 21 21 16 22.160    28.433598    104.742904     6.49     0.4
2019 06 21 21 16 52.640    28.432257    104.766813      1.3     0.8
2019 06 21 21 18 11.460    28.428821    104.759448     1.37     0.3
2019 06 21 21 20 13.840    28.391642    104.933057     2.73     0.6
2019 06 21 21 21 19.040    28.425114    104.769971     5.45     0.4
2019 06 21 21 22 44.040    28.397909    104.793962     3.92     0.3
2019 06 21 21 25 11.640    28.420030    104.851278     1.47    -0.2
2019 06 21 21 26 04.760    28.420860    104.779850     5.32     0.4
2019 06 21 21 28 44.960    28.425358    104.752319     6.03     1.7
2019 06 21 21 31 21.240    28.354124    104.894303      2.6     0.1
2019 06 21 21 36 30.880    28.436328    104.765552     4.06     0.3
2019 06 21 21 36 42.180    28.421114    104.763770     5.41     0.2
2019 06 21 21 37 46.200    28.350301    104.896842     2.03     0.3
2019 06 21 21 38 18.400    28.384896    104.878825     2.93    -0.0
2019 06 21 21 40 17.800    28.401351    104.862476     5.35     0.8
2019 06 21 21 41 32.280    28.416951    104.783952     4.85     0.3
2019 06 21 21 44 36.420    28.436405    104.771712     0.23     0.3
2019 06 21 21 46 27.860    28.412364    104.783179     1.93     0.2
2019 06 21 21 46 11.140    28.395148    104.835449     4.82    -0.3
2019 06 21 21 47 09.440    28.361780    104.931787     2.16     0.6
2019 06 21 21 49 53.680    28.395095    104.854557     2.91     0.7
2019 06 21 21 51 29.920    28.338617    104.881974     4.67     0.5
2019 06 21 21 51 58.820    28.428682    104.765576    -0.68     0.2
2019 06 21 21 52 30.100    28.420357    104.772388     5.12     0.7
2019 06 21 21 52 52.140    28.420115    104.772900     2.89     0.7
2019 06 21 21 53 38.880    28.427026    104.799202     3.78     1.2
2019 06 21 21 55 25.680    28.412437    104.820809     3.46     1.2
2019 06 21 22 08 53.820    28.438037    104.763118     5.59     1.6
2019 06 21 22 09 45.160    28.434135    104.771240     4.14     1.1
2019 06 21 22 10 42.260    28.338472    104.882153     4.66     0.2
2019 06 21 22 11 26.480    28.354464    104.983870     7.12     0.4
2019 06 30 05 22 30.960    28.424795    104.766113     4.59     0.2
2019 06 21 22 13 50.160    28.408521    104.833244     2.14     0.2
2019 06 21 22 22 27.440    28.386196    104.867660     2.36     0.5
2019 06 21 22 27 51.020    28.371765    104.849829     2.99     0.8
2019 06 21 22 30 34.560    28.377641    104.892342     3.06     0.9
2019 06 21 22 32 12.640    28.378099    104.911784     2.83     0.7
2019 06 21 22 33 04.280    28.387856    104.876432     1.11     0.9
2019 06 21 22 40 17.080    28.425234    104.770329     5.41     0.9
2019 06 21 22 42 51.240    28.408748    104.820793     1.74     0.4
2019 06 21 22 45 21.380    28.397616    104.852197     2.84     1.3
2019 06 21 22 49 05.600    28.431683    104.834448      9.1     3.3
2019 06 21 22 48 55.360    28.378141    104.891349     1.61     0.2
2019 06 21 22 52 19.640    28.379828    104.889250     5.92     0.2
2019 06 21 22 53 15.520    28.417757    104.765373      5.3     0.7
2019 06 21 22 54 06.640    28.417249    104.783309     5.02     1.3
2019 06 21 22 56 31.620    28.435624    104.768180     4.19     1.0
2019 06 21 22 59 28.080    28.430035    104.744808     5.93     0.8
2019 06 21 23 01 03.280    28.364305    104.931982     2.17     1.0
2019 06 21 23 00 45.280    28.364441    104.902865     2.29     0.6
2019 06 21 23 01 58.180    28.391219    104.854411     2.76     0.4
2019 06 21 23 05 39.260    28.381553    104.883716     2.91     0.8
2019 06 21 23 05 22.200    28.433417    104.785653     1.35     0.4
2019 06 21 23 07 11.080    28.420583    104.839803     3.49     0.4
2019 06 21 23 06 45.880    28.421566    104.801611     5.14     0.4
2019 06 21 23 09 24.560    28.419204    104.805876     3.36     0.7
2019 06 21 23 12 37.580    28.430686    104.738704     8.44     0.9
2019 06 21 23 16 11.800    28.412113    104.773006     6.52     0.3
2019 06 21 23 19 45.640    28.427972    104.794678     3.01     0.4
2019 06 21 23 22 08.080    28.427126    104.793864     5.39     1.3
2019 06 21 23 24 09.660    28.407717    104.816813     2.39     0.6
2019 06 21 23 30 59.820    28.423228    104.783138     5.29     0.6
2019 06 21 23 32 08.840    28.416683    104.776888     3.57     0.3
2019 06 21 23 32 44.140    28.408683    104.820996     9.46     0.9
2019 06 21 23 33 15.560    28.416329    104.799414     3.66     0.5
2019 06 21 23 35 13.240    28.436631    104.761849     4.25     0.9
2019 06 21 23 36 46.800    28.392240    104.931763     2.74     1.5
2019 06 21 23 38 16.060    28.434686    104.771313     4.18     0.7
2019 06 21 23 42 10.100    28.417306    104.781763     4.97     0.2
2019 06 21 23 43 37.460    28.338753    104.881901      4.7     0.6
2019 06 21 23 44 08.680    28.426683    104.747160     6.48     1.1
2019 06 21 23 44 58.880    28.391219    104.858993     2.93     1.0
2019 06 21 23 46 55.560    28.339010    104.881641     4.68     0.3
2019 06 21 23 53 25.000    28.420264    104.841024     3.43     0.7
2019 06 21 23 57 37.360    28.420762    104.826904     5.44     1.4
2019 06 21 23 59 28.640    28.423643    104.762012     2.99     1.4
2019 06 22 00 00 53.630    28.432113    104.760978     4.22     0.3
2019 06 22 00 01 54.660    28.387319    104.839445     4.03     0.3
2019 06 22 00 02 47.380    28.420170    104.772754      2.9     0.8
2019 06 22 00 10 19.010    28.411857    104.802018     4.79     0.7
2019 06 22 00 13 51.470    28.339189    104.881966     4.66     0.2
2019 06 22 00 16 54.450    28.405760    104.818042     2.85     0.6
2019 06 22 00 17 16.500    28.367045    104.932878     3.42     1.0
2019 06 22 00 18 38.080    28.381726    104.884001      2.9     0.9
2019 06 22 00 25 17.620    28.393424    104.848324     5.64     0.7
2019 06 22 00 31 31.150    28.338997    104.881624      4.7     1.6
2019 06 22 00 35 18.610    28.356512    104.890780     2.59     0.3
2019 06 22 00 43 51.610    28.434186    104.771102     4.18     1.1
2019 06 22 00 53 07.600    28.436330    104.765438     5.68     1.2
2019 06 22 00 57 31.420    28.421299    104.771940     5.43     1.4
2019 06 22 00 59 00.040    28.346696    104.883626     3.51     2.5
2019 06 22 01 01 06.400    28.421641    104.772005     5.43     0.8
2019 06 22 01 01 27.610    28.420213    104.763737     4.97     0.8
2019 06 22 01 02 40.920    28.419053    104.779191     5.49     0.7
2019 06 22 01 07 40.460    28.378790    104.926978     3.02     0.9
2019 06 22 01 14 47.720    28.435459    104.772404     5.31     0.8
2019 06 22 01 18 05.420    28.405145    104.827572     3.06     0.6
2019 06 22 01 18 55.140    28.384723    104.881649     4.24     0.9
2019 06 22 01 22 22.130    28.431114    104.746582     7.04     1.2
2019 06 22 01 23 28.870    28.426864    104.783260     4.76     0.6
2019 06 22 01 28 04.870    28.422536    104.802913     7.91     3.5
2019 06 22 01 28 57.350    28.420227    104.764526     5.49     2.0
2019 06 22 01 29 24.390    28.423480    104.801099     7.56     3.5
2019 06 22 01 34 36.170    28.421423    104.764372      5.5     2.2
2019 06 22 01 36 43.540    28.421228    104.763420     4.93     0.6
2019 06 22 01 40 12.740    28.361405    104.945142      3.4     1.2
2019 06 22 01 41 13.610    28.420587    104.771631     2.88     0.8
2019 06 22 01 42 01.700    28.420862    104.771663     5.25     0.9
2019 06 22 01 47 48.730    28.403920    104.838802     4.05     0.5
2019 06 22 01 49 12.400    28.364469    104.951335     3.27     0.7
2019 06 22 01 51 32.460    28.389545    104.848486     2.88     1.0
2019 06 22 01 52 44.690    28.423195    104.761792     3.22     0.8
2019 06 22 01 54 07.530    28.422829    104.743237     5.89     1.7
2019 06 22 01 57 21.900    28.418846    104.776978     2.74     1.1
2019 06 22 01 57 49.970    28.422646    104.761662     5.59     0.9
2019 06 22 02 01 59.890    28.394238    104.854492     2.89     0.9
2019 06 22 02 04 03.110    28.435203    104.761393     5.54     1.0
2019 06 22 02 06 51.120    28.401550    104.848291     5.22     0.6
2019 06 22 02 08 34.900    28.421794    104.767204     5.13     0.5
2019 06 22 02 09 26.940    28.340037    104.881917     4.68     1.2
2019 06 22 02 12 49.760    28.400267    104.855640     5.32     1.1
2019 06 22 02 12 56.060    28.416329    104.764412      5.5     1.2
2019 06 22 02 13 45.250    28.435154    104.784408     4.13     0.6
2019 06 22 02 14 54.230    28.354425    104.932397     1.57    -0.1
2019 06 22 02 15 44.100    28.425557    104.747860     6.43     2.9
2019 06 22 02 23 25.430    28.386825    104.838273      4.0     1.5
2019 06 22 02 25 14.690    28.414827    104.766007     4.93     0.5
2019 06 22 02 32 11.910    28.407876    104.826750     2.95     0.7
2019 06 22 02 36 58.580    28.399347    104.847412     3.06     0.9
2019 06 22 02 43 59.880    28.403717    104.856576     2.92     0.9
2019 06 22 02 46 39.080    28.385370    104.874162     0.86     0.1
2019 06 22 02 58 07.400    28.416024    104.790324     4.77     1.0
2019 06 22 03 02 35.020    28.414968    104.770589     5.77     0.6
2019 06 22 03 15 01.680    28.438314    104.791414     5.02     2.2
2019 06 22 03 21 11.120    28.434867    104.770313     5.47     1.0
2019 06 22 03 24 53.670    28.421370    104.756600     5.25     0.2
2019 06 22 03 26 19.850    28.339398    104.882454     4.65     0.9
2019 06 22 03 26 42.170    28.436265    104.769442     5.51     1.4
2019 06 22 03 32 26.320    28.422026    104.771794     5.38     0.9
2019 06 22 03 34 46.020    28.372679    104.946232     3.02     0.6
2019 06 22 03 35 57.140    28.365037    104.930257     4.13     1.1
2019 06 22 03 40 02.460    28.405235    104.786230     4.95     0.2
2019 06 22 03 42 31.070    28.419368    104.766211     2.23     1.0
2019 06 22 03 44 15.570    28.419324    104.786458     4.95     0.5
2019 06 22 03 48 41.750    28.441290    104.754899     5.54     0.4
2019 06 22 03 49 35.730    28.339783    104.882511     4.67     1.5
2019 06 22 03 50 23.400    28.353294    104.889779     2.94     2.8
2019 06 22 03 51 40.970    28.339901    104.883179     4.55     0.5
2019 06 22 03 52 39.010    28.416382    104.794507     4.57     0.9
2019 06 22 03 54 40.890    28.425031    104.770101     5.46     1.6
2019 06 22 04 03 54.290    28.417712    104.765177     5.29     0.8
2019 06 22 04 08 27.060    28.410431    104.850724     2.98     1.3
2019 06 22 04 09 45.250    28.406095    104.846647     1.59     0.6
2019 06 22 04 11 10.860    28.415344    104.767904     6.36     0.3
2019 06 22 04 13 31.860    28.416195    104.799447     4.61     1.6
2019 06 22 04 14 23.570    28.419200    104.768392     5.42     0.7
2019 06 22 04 15 57.120    28.443642    104.755298     5.55     0.7
2019 06 22 04 15 50.710    28.347052    104.890747     1.41     0.3
2019 06 22 04 16 43.120    28.417657    104.781120     4.93     0.3
2019 06 22 04 18 02.800    28.430184    104.803141     6.47     0.9
2019 06 22 04 19 56.130    28.338300    104.883952     4.64     0.3
2019 06 22 04 25 09.340    28.422668    104.767920     5.24     0.9
2019 06 22 04 33 49.880    28.392295    104.842000     0.23     1.2
2019 06 22 04 37 32.870    28.424068    104.784749     2.76     1.2
2019 06 22 04 41 55.690    28.427779    104.784058     2.84     0.4
2019 06 22 04 42 39.060    28.435333    104.752083     5.52     1.0
2019 06 22 04 47 12.010    28.391663    104.857170     2.22     0.2
2019 06 22 04 50 05.780    28.417255    104.764551     2.87     0.9
2019 06 22 04 58 28.530    28.407037    104.814722     3.12     0.5
2019 06 22 04 58 24.420    28.397782    104.833927     4.97     0.3
2019 06 22 05 04 11.030    28.366345    104.897673     2.33     0.5
2019 06 22 05 04 51.830    28.433378    104.784587     4.16     0.7
2019 06 22 05 06 19.710    28.415096    104.797241      3.8     0.1
2019 06 22 05 10 21.950    28.414659    104.823592     3.18     1.3
2019 06 22 05 11 16.960    28.417118    104.764876     5.39     0.5
2019 06 22 05 14 27.300    28.391475    104.869222     1.44     0.4
2019 06 22 05 28 14.780    28.416217    104.763745     5.23     0.4
2019 06 22 05 31 37.330    28.425793    104.765706     5.67     1.1
2019 06 22 05 33 53.240    28.395734    104.854639     2.95     0.6
2019 06 22 05 36 16.580    28.411503    104.802433     2.82     0.1
2019 06 22 05 42 35.570    28.433144    104.784692     4.16     1.0
2019 06 22 05 44 00.320    28.338765    104.881868     4.72     1.2
2019 06 22 05 56 26.070    28.421434    104.840365     3.52     0.7
2019 06 22 05 58 13.120    28.415243    104.772160     5.83     1.8
2019 06 22 06 01 57.820    28.417912    104.774976     5.23     0.6
2019 06 22 06 06 54.410    28.367426    104.933252     2.21     1.2
2019 06 22 06 06 34.710    28.443437    104.751416     5.93     0.9
2019 06 22 06 09 30.400    28.417450    104.775895     5.26     0.8
2019 06 22 06 14 01.200    28.376402    104.893384     5.72     0.8
2019 06 22 06 27 55.560    28.386239    104.880363     4.16     1.1
2019 06 22 06 31 04.300    28.414709    104.768758     5.32     1.0
2019 06 22 06 36 13.160    28.423936    104.747510     6.53     1.5
2019 06 22 06 36 44.080    28.436808    104.749528     6.56     0.7
2019 06 22 06 38 01.710    28.419120    104.796208    -0.44     0.9
2019 06 22 06 42 51.950    28.424103    104.747021     6.61     0.5
2019 06 22 06 43 15.520    28.410604    104.806478     1.44     0.2
2019 06 22 06 47 02.340    28.419954    104.764412     5.45     2.0
2019 06 22 06 48 10.300    28.420388    104.764746     5.52     0.9
2019 06 22 06 48 44.180    28.420410    104.766520     5.46     1.6
2019 06 22 06 50 46.380    28.361200    104.884538     2.17     0.8
2019 06 22 06 54 03.710    28.434019    104.769425     4.14     0.4
2019 06 22 06 55 43.290    28.423033    104.795378     5.24     0.9
2019 06 22 06 56 12.930    28.420772    104.768620     5.65     1.8
2019 06 22 06 57 49.750    28.420837    104.766610     5.08     0.9
2019 06 22 06 59 39.600    28.422013    104.775798     2.81     1.2
2019 06 22 07 06 15.570    28.363629    104.925863     1.93     0.6
2019 06 22 07 06 39.970    28.416341    104.848926     3.09     1.0
2019 06 22 07 11 56.800    28.432196    104.775252     4.05     0.9
2019 06 22 07 17 39.310    28.424540    104.767367     0.55     0.5
2019 06 22 07 17 48.250    28.424288    104.758870     0.34     0.5
2019 06 22 07 20 29.390    28.432544    104.775057     4.13     1.0
2019 06 22 07 32 36.620    28.420109    104.763118     5.45     0.3
2019 06 22 07 39 25.880    28.364956    104.943091     2.22     0.9
2019 06 22 07 44 08.260    28.421163    104.754297      6.1     1.7
2019 06 22 07 46 20.020    28.366453    104.916707     1.77     1.1
2019 06 22 07 47 12.640    28.439742    104.757161     5.51     1.0
2019 06 22 07 48 13.780    28.434652    104.767586     4.14     1.2
2019 06 22 07 49 03.480    28.413316    104.750692     6.74     2.8
2019 06 22 07 48 40.300    28.425983    104.775090     5.09     1.3
2019 06 22 07 48 48.870    28.431236    104.792253      3.1     0.8
2019 06 22 07 50 14.530    28.419973    104.755249     6.03     1.6
2019 06 22 07 50 49.250    28.419926    104.755526     6.03     2.6
2019 06 22 07 50 26.220    28.422620    104.743237     5.91     1.4
2019 06 22 07 54 17.530    28.420166    104.754793     6.05     1.1
2019 06 22 07 54 02.140    28.418129    104.769434     2.38     1.0
2019 06 22 07 54 48.770    28.421252    104.756600     6.04     1.1
2019 06 22 08 02 35.860    28.423057    104.766113     5.25     0.9
2019 06 22 08 06 04.040    28.405282    104.853792     3.04     0.8
2019 06 22 08 07 54.170    28.423977    104.765365     5.54     1.4
2019 06 22 08 09 21.120    28.423234    104.766951     2.34     1.2
2019 06 22 08 12 00.990    28.422980    104.765007     5.57     1.1
2019 06 22 08 13 31.490    28.422255    104.764844     5.52     2.0
2019 06 22 08 18 45.880    28.413149    104.823608      2.5     0.4
2019 06 22 08 19 31.530    28.417074    104.776440     5.24     0.6
2019 06 22 08 21 38.190    28.418311    104.764299     2.87     0.5
2019 06 22 08 21 52.090    28.341416    104.883366     4.61     0.5
2019 06 22 08 24 45.860    28.421055    104.753735      6.1     0.7
2019 06 22 08 27 37.830    28.421971    104.755127     6.09     1.0
2019 06 22 08 27 14.710    28.421104    104.759961     5.63     0.7
2019 06 22 08 28 10.340    28.420424    104.756657     6.01     1.2
2019 06 22 08 29 39.520    28.410931    104.806274     1.48     0.3
2019 06 22 08 30 12.660    28.390658    104.851009      2.9     0.8
2019 06 22 08 34 25.480    28.423863    104.769507     5.57     1.1
2019 06 22 08 42 22.430    28.429268    104.740462     7.67     1.4
2019 06 22 08 42 19.820    28.386041    104.876310     3.89     1.1
2019 06 22 08 45 53.560    28.429405    104.738835      7.9     1.0
2019 06 22 08 47 08.430    28.423004    104.764396     5.58     0.4
2019 06 22 08 48 02.260    28.388359    104.856453     2.74     1.0
2019 06 22 08 50 37.850    28.421405    104.767456     5.46     0.8
2019 06 22 08 53 51.580    28.417603    104.770768      5.5     0.5
2019 06 22 08 54 51.450    28.413538    104.854915     4.98     0.9
2019 06 22 08 54 34.400    28.421863    104.754858      6.1     0.2
2019 06 22 08 57 43.550    28.402702    104.818774     5.49     0.5
2019 06 22 09 03 17.440    28.438715    104.761190     5.44     0.9
2019 06 22 09 04 34.740    28.423389    104.770076     1.43     0.6
2019 06 22 09 07 17.640    28.420691    104.772087     5.23     0.4
2019 06 22 09 11 54.080    28.433840    104.734888     8.41     0.8
2019 06 22 09 21 51.490    28.421088    104.785050     5.26     1.9
2019 06 22 09 31 27.280    28.421263    104.839575     3.53     0.7
2019 06 22 09 32 19.710    28.416500    104.793864     4.55     0.3
2019 06 22 09 34 16.060    28.417322    104.763354     5.45     0.5
2019 06 22 09 35 49.370    28.421629    104.783659     5.26     1.4
2019 06 22 09 36 40.040    28.410508    104.811938     3.92     1.4
2019 06 22 09 37 53.890    28.417849    104.776554     2.08     0.6
2019 06 22 09 41 44.910    28.420992    104.784367     5.12     0.5
2019 06 22 09 42 11.580    28.423773    104.796045      5.1     1.5
2019 06 22 09 45 23.590    28.404576    104.852848     3.01     1.0
2019 06 22 09 45 57.630    28.405605    104.853410     3.05     1.0
2019 06 22 09 48 01.170    28.405009    104.854354     3.03     0.8
2019 06 22 09 50 38.840    28.423281    104.787467     2.34     0.1
2019 06 22 09 50 14.590    28.421208    104.784627     5.18     0.4
2019 06 22 09 53 30.650    28.401141    104.848877     3.09     1.0
2019 06 22 09 56 08.360    28.421796    104.760588     5.93     1.4
2019 06 22 09 56 52.930    28.423313    104.763281     4.87     1.4
2019 06 22 10 00 04.960    28.423641    104.764958     2.42     0.5
2019 06 22 10 02 34.050    28.418728    104.767749     3.91     0.2
2019 06 22 10 08 42.400    28.416229    104.785270     5.88     2.7
2019 06 22 10 14 19.920    28.338055    104.884212     4.61     0.6
2019 06 22 10 15 42.360    28.431175    104.792196     3.96     0.6
2019 06 22 10 17 12.480    28.418618    104.777287     2.68     0.4
2019 06 22 10 16 54.040    28.406142    104.815137      2.6     0.3
2019 06 22 10 21 25.590    28.385791    104.882666     4.15     1.2
2019 06 22 10 24 40.540    28.431966    104.737964     8.53     0.8
2019 06 22 10 25 26.460    28.354972    104.892863     3.14     0.8
2019 06 22 10 26 02.660    28.356702    104.889355     2.52     0.2
2019 06 22 10 30 52.330    28.406480    104.759733     5.28     1.2
2019 06 22 10 37 38.070    28.423293    104.745150     3.82     0.6
2019 06 22 10 39 05.440    28.352456    104.928141     2.91     0.8
2019 06 22 10 40 39.730    28.368437    104.945825     1.26     0.5
2019 06 22 10 41 09.220    28.394944    104.849805     3.22     0.8
2019 06 22 10 44 28.930    28.421273    104.766439     4.98     0.5
2019 06 22 10 45 44.070    28.385559    104.864071     2.39     0.7
2019 06 22 10 47 35.960    28.394720    104.846322     3.24     0.6
2019 06 22 10 50 30.790    28.399528    104.918734      5.7     0.6
2019 06 22 10 53 00.570    28.422664    104.799316     2.91     0.3
2019 06 22 10 52 33.660    28.345325    104.885620     3.66     0.1
2019 06 22 10 55 16.180    28.338558    104.883805     4.65     0.4
2019 06 22 10 57 01.220    28.433083    104.734937     8.43     2.3
2019 06 22 10 58 20.870    28.434145    104.734253     8.47     1.3
2019 06 22 11 00 12.550    28.435476    104.739600     6.47     0.2
2019 06 22 11 08 51.970    28.339286    104.871419     4.73     0.4
2019 06 22 11 14 05.890    28.412531    104.849056     2.97     0.6
2019 06 22 11 15 04.900    28.376721    104.888135     2.11     0.6
2019 06 22 11 28 29.840    28.433698    104.735173     8.46     0.9
2019 06 22 11 32 08.390    28.381919    104.832218     5.65     3.2
2019 06 22 11 32 34.160    28.431065    104.764950      4.5     0.4
2019 06 22 11 41 31.970    28.413979    104.810327     3.46     1.7
2019 06 22 11 43 09.800    28.400773    104.840698     3.17     1.1
2019 06 22 11 43 20.620    28.416813    104.793693     4.55     1.5
2019 06 22 11 45 31.820    28.420197    104.771200     4.16     0.9
2019 06 22 11 47 53.390    28.407530    104.841382     2.24     0.6
2019 06 22 11 57 02.950    28.371084    104.914323     1.69     0.6
2019 06 22 11 58 42.750    28.418073    104.774943     2.89     0.3
2019 06 22 12 03 44.540    28.360205    104.893506      2.9     0.4
2019 06 22 12 05 16.000    28.419550    104.789201     5.26     2.1
2019 06 22 12 05 05.060    28.421281    104.755566     6.05     0.8
2019 06 22 12 06 52.830    28.393636    104.830591     4.86     1.9
2019 06 22 12 09 26.030    28.443756    104.760645      2.4     0.6
2019 06 22 12 11 41.520    28.420131    104.764990     5.35     2.0
2019 06 22 12 15 31.730    28.414445    104.813118      3.9     1.6
2019 06 22 12 22 16.700    28.391608    104.925708     5.11     0.2
2019 06 22 12 23 34.190    28.379995    104.894442     4.33     0.9
2019 06 22 12 28 42.400    28.379199    104.886662     2.63     0.4
2019 06 22 12 30 26.340    28.391333    104.827262     9.03     3.7
2019 06 22 12 31 54.290    28.390350    104.831510     4.93     1.7
2019 06 22 12 33 00.410    28.393504    104.834530     4.83     1.1
2019 06 22 12 33 47.890    28.389543    104.830168     4.92     0.9
2019 06 22 12 34 12.040    28.393907    104.834855     4.89     0.8
2019 06 22 12 34 48.640    28.394169    104.834814     4.91     1.7
2019 06 22 12 35 32.210    28.393691    104.834945     4.86     0.8
2019 06 22 12 36 05.360    28.394120    104.834074     4.78     0.4
2019 06 22 12 36 50.790    28.394788    104.828605     5.05     0.6
2019 06 22 12 37 51.520    28.394590    104.828491     5.13     0.4
2019 06 22 12 39 05.610    28.380239    104.895540     5.97     1.5
2019 06 22 12 42 13.600    28.380251    104.834342     4.02     0.0
2019 06 22 12 43 46.480    28.394155    104.834318     4.78     0.5
2019 06 22 12 44 29.830    28.424286    104.758854     0.36     0.4
2019 06 22 12 45 07.410    28.419690    104.764811     2.92     0.7
2019 06 22 12 47 05.240    28.383708    104.878345     4.32     1.2
2019 06 22 12 47 40.950    28.399685    104.860750     7.95     0.8
2019 06 22 12 48 45.050    28.396159    104.838045     8.88     2.7
2019 06 22 12 51 05.600    28.393618    104.848291     3.02     0.6
2019 06 22 12 51 41.580    28.417367    104.767179     2.13     0.5
2019 06 22 12 52 28.820    28.400775    104.817114     1.69     1.0
2019 06 22 12 58 20.140    28.337042    104.883040     4.66     0.1
2019 06 22 13 00 16.570    28.435982    104.769515      5.5     0.4
2019 06 22 13 02 05.320    28.394185    104.834212     4.83     1.2
2019 06 22 13 02 24.080    28.375562    104.873657     3.09     1.3
2019 06 22 13 03 39.460    28.389524    104.830648     4.92     0.8
2019 06 22 13 04 58.960    28.380062    104.884115      2.4     0.3
2019 06 22 13 05 11.330    28.375456    104.942790     3.27     0.6
2019 06 22 13 07 01.850    28.417354    104.790446     2.63     0.8
2019 06 22 13 10 18.870    28.390609    104.831779     4.95     1.6
2019 06 22 13 14 38.360    28.395754    104.834245     7.26     0.6
2019 06 22 13 15 33.690    28.415741    104.822795     5.66     0.7
2019 06 22 13 18 33.470    28.341437    104.883968     4.47     0.4
2019 06 22 13 18 45.580    28.390200    104.830493     4.95     2.4
2019 06 22 13 18 39.230    28.411318    104.773364      6.3     1.6
2019 06 22 13 22 46.740    28.397349    104.843376     2.77     1.0
2019 06 22 13 29 35.470    28.421631    104.766081     3.25     0.4
2019 06 22 13 32 42.680    28.430717    104.773307     1.95     0.5
2019 06 22 13 37 06.480    28.363155    104.934456     2.65     0.6
2019 06 22 13 37 50.290    28.393713    104.831852      4.7     0.9
2019 06 22 13 44 12.290    28.362284    104.930542     2.19     0.8
2019 06 22 13 44 45.860    28.433988    104.734733     8.45     0.9
2019 06 22 13 45 17.280    28.368514    104.940356     2.34     0.2
2019 06 22 13 46 50.400    28.429942    104.776758     5.93     1.9
2019 06 22 13 50 00.860    28.391638    104.833040      4.9     0.8
2019 06 22 13 51 47.480    28.362229    104.933781     2.44     0.6
2019 06 22 13 57 05.390    28.416471    104.764689     2.88     0.4
2019 06 22 13 57 41.090    28.336737    104.882617     4.69     0.5
2019 06 22 13 57 53.700    28.371682    104.894906     2.19     0.8
2019 06 22 14 08 01.650    28.420498    104.772428     5.41     1.2
2019 06 22 14 14 13.180    28.430621    104.797111     2.83     0.7
2019 06 22 14 15 55.650    28.438920    104.788550     4.18     0.5
2019 06 22 14 16 09.900    28.412307    104.778076     4.55     0.2
2019 06 22 14 17 44.140    28.424398    104.767318     -0.6     0.2
2019 06 22 14 17 27.700    28.399530    104.917350     5.68     0.5
2019 06 22 14 19 43.730    28.416427    104.772477     5.23     0.5
2019 06 22 14 21 12.550    28.422528    104.769051     5.52     0.9
2019 06 22 14 23 04.360    28.421277    104.771590     5.44     2.5
2019 06 22 14 24 39.130    28.423826    104.768896     5.56     0.5
2019 06 22 14 28 15.730    28.434373    104.769043     4.15     0.6
2019 06 22 14 29 56.390    28.447870    104.780868     5.74     5.2
2019 06 22 14 32 20.320    28.437079    104.790332     3.09     3.3
2019 06 22 14 32 59.960    28.439062    104.777279     2.95     2.7
2019 06 22 14 33 52.210    28.416964    104.769157     2.08     2.7
2019 06 22 14 34 45.930    28.430353    104.787931     5.58     2.8
2019 06 22 14 35 43.220    28.371753    104.893091      1.9     1.9
2019 06 22 14 36 28.140    28.415251    104.787712     1.82     1.8
2019 06 22 14 36 49.940    28.427299    104.775456     1.33     1.6
2019 06 22 14 37 14.090    28.423273    104.808944     3.04     1.5
2019 06 22 14 38 33.490    28.417253    104.771655     2.11     1.6
2019 06 22 14 38 20.690    28.428892    104.791935     2.53     1.2
2019 06 22 14 39 13.690    28.439307    104.798201     2.37     1.5
2019 06 22 14 39 43.660    28.489036    104.778988     4.07     1.3
2019 06 22 14 40 39.100    28.434973    104.791423     2.61     1.2
2019 06 22 14 40 47.900    28.431714    104.783171     2.88     1.0
2019 06 22 14 41 32.960    28.429897    104.782853     2.82     0.9
2019 06 22 14 41 18.920    28.440493    104.794881     2.88     0.8
2019 06 22 14 41 38.860    28.440658    104.794246      3.2     1.0
2019 06 22 14 42 57.270    28.442682    104.792782     5.52     2.6
2019 06 22 14 43 26.930    28.439484    104.785669     5.82     1.6
2019 06 22 14 44 13.750    28.416209    104.771639     5.23     1.2
2019 06 22 14 44 57.370    28.448356    104.808561     6.06     1.9
2019 06 22 14 44 33.470    28.346397    104.894157      2.8     0.7
2019 06 22 14 45 49.290    28.431496    104.781624     2.85     1.2
2019 06 22 14 46 00.750    28.430316    104.780745     2.91     1.3
2019 06 22 14 47 07.720    28.451058    104.811344     5.37     1.4
2019 06 22 14 47 51.990    28.439406    104.794840     2.97     2.3
2019 06 22 14 48 19.390    28.414581    104.768636     5.32     1.8
2019 06 22 14 49 03.730    28.439825    104.780851     2.92     2.0
2019 06 22 14 50 02.450    28.421783    104.762101     4.99     1.3
2019 06 22 14 50 29.170    28.436058    104.792700     3.32     1.7
2019 06 22 14 51 02.390    28.416597    104.768302     5.35     1.2
2019 06 22 14 51 32.630    28.416388    104.765959     2.12     0.9
2019 06 22 14 51 58.690    28.433010    104.784489     4.14     2.2
2019 06 22 14 53 32.940    28.426267    104.758268    -0.28     0.7
2019 06 22 14 53 10.580    28.416840    104.769149     5.37     0.8
2019 06 22 14 53 40.940    28.443009    104.788232     3.43     1.6
2019 06 22 14 54 37.720    28.441030    104.793595      3.2     1.3
2019 06 22 14 55 36.990    28.337872    104.882869     4.68     2.0
2019 06 22 14 56 39.500    28.417660    104.769987     3.23     0.8
2019 06 22 14 56 14.810    28.489512    104.776042     3.94     0.9
2019 06 22 14 56 56.700    28.440479    104.797233     3.96     1.8
2019 06 22 14 57 34.270    28.459302    104.786906     2.41     1.5
2019 06 22 14 58 22.900    28.438788    104.795125     3.28     1.0
2019 06 22 14 58 36.470    28.422860    104.769499     5.14     0.9
2019 06 22 14 59 08.290    28.411129    104.773258     6.38     2.6
2019 06 22 15 01 02.080    28.419263    104.769808     5.87     1.6
2019 06 22 15 01 43.190    28.394489    104.876733     5.62     0.9
2019 06 22 15 02 20.220    28.418483    104.772949     2.91     0.8
2019 06 22 15 03 28.740    28.437685    104.786621      3.7     0.6
2019 06 22 15 04 04.470    28.408972    104.819824     2.46     0.4
2019 06 22 15 04 41.590    28.474219    104.768058     5.66     0.6
2019 06 22 15 07 36.400    28.416921    104.773047      5.3     1.0
2019 06 22 15 08 34.690    28.427167    104.783944     3.15     1.0
2019 06 22 15 09 01.540    28.418644    104.774113     2.92     0.7
2019 06 22 15 09 18.730    28.415804    104.770524     5.27     0.9
2019 06 22 15 09 44.800    28.426599    104.783626     3.13     0.9
2019 06 22 15 10 14.010    28.416113    104.771427     5.23     1.3
2019 06 22 15 10 52.970    28.414750    104.768685     5.32     1.6
2019 06 22 15 11 49.450    28.425616    104.788843     1.59     0.4
2019 06 22 15 12 33.160    28.437215    104.783081     2.94     1.1
2019 06 22 15 13 18.930    28.415556    104.766634     5.39     0.5
2019 06 22 15 13 45.140    28.437510    104.782983     3.94     1.2
2019 06 22 15 15 24.390    28.432068    104.786833     2.74     0.3
2019 06 22 15 16 25.010    28.430282    104.791390     2.92     0.3
2019 06 22 15 16 49.170    28.417086    104.783179     2.67     0.7
2019 06 22 15 17 01.530    28.448081    104.786157      5.8     0.8
2019 06 22 15 17 36.960    28.443709    104.799137      5.4     1.9
2019 06 22 15 19 09.650    28.441821    104.797070     3.04     0.4
2019 06 22 15 18 54.130    28.439716    104.796240     2.77     0.9
2019 06 22 15 21 40.320    28.446061    104.805054     2.03     1.2
2019 06 22 15 22 18.070    28.398739    104.818026     1.77     0.7
2019 06 22 15 22 26.590    28.441345    104.794214     3.21     0.9
2019 06 22 15 23 06.630    28.435834    104.792139     4.12     0.8
2019 06 22 15 23 31.310    28.419718    104.771289     5.62     2.3
2019 06 22 15 25 35.290    28.449575    104.800610     7.19     3.2
2019 06 22 15 26 55.050    28.443089    104.783187     5.83     2.9
2019 06 22 15 28 29.480    28.438743    104.794263     2.89     1.1
2019 06 22 15 28 45.490    28.435864    104.787199     2.26     0.9
2019 06 22 15 31 00.170    28.431272    104.781584     2.92     0.8
2019 06 22 15 31 14.240    28.424642    104.782804     4.78     1.2
2019 06 22 15 31 54.510    28.437783    104.798356     3.08     0.5
2019 06 22 15 33 27.860    28.428025    104.776742     2.86     0.7
2019 06 22 15 33 49.150    28.454769    104.782951     2.41     0.6
2019 06 22 15 34 24.200    28.414897    104.853833     2.95     0.7
2019 06 28 10 01 21.700    28.493140    104.787793      8.9     0.9
2019 06 22 15 37 21.380    28.462555    104.788534     2.59     0.9
2019 06 22 15 38 39.320    28.395056    104.858049     2.67     1.0
2019 06 22 15 38 59.690    28.448570    104.806608     5.76     1.5
2019 06 22 15 39 23.870    28.434353    104.792782     5.94     1.2
2019 06 22 15 40 34.010    28.420372    104.771875     5.33     0.9
2019 06 22 15 41 11.890    28.389203    104.853792     2.61     0.4
2019 06 22 15 42 48.640    28.453481    104.785994    -0.61     0.2
2019 06 22 15 43 10.640    28.439836    104.785726     3.27     0.9
2019 06 22 15 44 23.900    28.438326    104.794450     2.99     0.6
2019 06 22 15 45 12.980    28.451070    104.799373     4.69     0.7
2019 06 22 15 46 08.530    28.410000    104.810311     3.58     1.7
2019 06 22 15 46 52.800    28.430068    104.790812     2.91     1.2
2019 06 22 15 47 03.010    28.440607    104.809570     5.51     1.6
2019 06 22 15 48 46.780    28.429315    104.800806     3.67     1.0
2019 06 22 15 51 29.740    28.418339    104.769059     2.17     0.9
2019 06 22 15 51 17.100    28.415013    104.788094      2.6     0.2
2019 06 22 15 53 00.630    28.393766    104.832357     4.76     1.6
2019 06 22 15 53 43.230    28.425568    104.783040     4.79     1.6
2019 06 22 15 56 06.760    28.426917    104.762882     5.51     1.9
2019 06 22 15 56 50.910    28.439701    104.797746     2.91     0.9
2019 06 22 15 57 42.020    28.437026    104.795939      3.1     1.4
2019 06 22 15 58 07.690    28.433470    104.777490     -1.0     0.8
2019 06 22 15 59 35.880    28.420542    104.772526     2.94     0.8
2019 06 22 15 59 41.070    28.441510    104.793132     5.35     1.1
2019 06 22 16 01 03.670    28.487142    104.765649     8.38     1.6
2019 06 22 16 01 18.230    28.440243    104.794824     5.67     1.6
2019 06 22 16 02 36.350    28.457585    104.785978     5.98     1.7
2019 06 22 16 02 57.180    28.445355    104.795190      5.9     1.2
2019 06 22 16 04 00.590    28.433303    104.780119     4.63     0.6
2019 06 22 16 04 29.950    28.442088    104.781885     1.99     0.6
2019 06 22 16 05 34.690    28.422732    104.783016     5.31     1.0
2019 06 22 16 06 39.240    28.444106    104.808895     5.54     0.5
2019 06 22 16 07 58.910    28.392883    104.833122     4.86     0.7
2019 06 22 16 08 41.820    28.428664    104.787427     2.88     0.4
2019 06 22 16 08 29.760    28.437821    104.796126     5.18     0.7
2019 06 22 16 09 39.150    28.428265    104.760588     2.04     0.9
2019 06 22 16 09 16.700    28.417452    104.793709      4.8     0.5
2019 06 22 16 10 31.480    28.450378    104.787272     3.72     0.7
2019 06 22 16 11 01.370    28.427771    104.796297     3.87     0.9
2019 06 22 16 12 04.750    28.424489    104.789526     2.72     0.9
2019 06 22 16 12 51.760    28.445056    104.786776     5.86     3.2
2019 06 22 16 12 28.730    28.451933    104.785913      5.9     0.9
2019 06 22 16 16 45.240    28.434049    104.793351     3.41     0.6
2019 06 22 16 18 07.900    28.354161    104.930086     2.17     1.0
2019 06 22 16 20 35.260    28.352570    104.892505     1.59     0.4
2019 06 22 16 20 44.690    28.389551    104.916195     3.89     0.7
2019 06 22 16 21 29.270    28.447205    104.786393     5.93     0.3
2019 06 22 16 22 10.240    28.434717    104.802661     3.86     0.7
2019 06 22 16 22 48.060    28.437506    104.792415      2.8     0.2
2019 06 22 16 23 24.680    28.391805    104.829997     4.68     0.6
2019 06 22 16 25 03.380    28.491553    104.777393     5.13     1.0
2019 06 22 16 24 38.230    28.442122    104.796069      3.0     0.4
2019 06 22 16 27 48.130    28.443032    104.773381     3.36     0.9
2019 06 22 16 27 38.340    28.439785    104.802002     4.21     0.7
2019 06 22 16 29 07.770    28.441429    104.792782     3.19     0.6
2019 06 22 16 29 47.260    28.431571    104.786597     2.71     0.3
2019 06 22 16 30 36.720    28.427728    104.759635     5.52     0.9
2019 06 22 16 31 56.850    28.434233    104.793441     3.44     0.6
2019 06 22 16 35 27.930    28.446059    104.789111     5.72     0.6
2019 06 22 16 36 09.790    28.445496    104.795589     5.33     0.6
2019 06 22 16 37 14.960    28.420518    104.772070     2.88     1.0
2019 06 22 16 36 57.540    28.374969    104.917790     2.39     0.4
2019 06 22 16 38 11.800    28.420791    104.776725     5.29     0.4
2019 06 22 16 40 12.270    28.382867    104.925358     2.48     0.4
2019 06 22 16 41 17.980    28.432992    104.734245     8.41     0.9
2019 06 22 16 41 41.420    28.419548    104.776172     2.53     0.9
2019 06 22 16 41 50.330    28.389705    104.833887     4.82     0.9
2019 06 22 16 42 19.840    28.428971    104.777051     2.87     0.3
2019 06 22 16 44 41.410    28.454704    104.788721      5.8    -0.0
2019 06 22 16 44 57.960    28.436243    104.793937     6.27     0.6
2019 06 22 16 46 09.380    28.428845    104.762158     5.57     2.1
2019 06 22 16 46 04.020    28.427570    104.761279     5.54     1.9
2019 06 22 16 47 09.250    28.439691    104.798853     5.65     1.0
2019 06 22 16 48 30.900    28.421918    104.767871     5.28     0.8
2019 06 22 16 49 20.160    28.419232    104.766927      5.5     2.0
2019 06 22 16 51 23.670    28.428784    104.787842     5.41     1.1
2019 06 22 16 51 00.190    28.439187    104.801652     2.38     0.2
2019 06 22 16 51 49.430    28.447133    104.803198     4.69     0.6
2019 06 22 16 53 31.480    28.416962    104.769637     5.24     0.3
2019 06 22 16 53 14.450    28.447833    104.805485     4.44     0.4
2019 06 22 16 55 01.240    28.351589    104.945076     2.65     1.8
2019 06 22 16 54 34.410    28.475716    104.769043     5.94     0.2
2019 06 22 16 56 20.940    28.440236    104.779354     1.08     1.0
2019 06 22 16 55 59.640    28.378920    104.879565     1.27     0.6
2019 06 22 16 57 13.990    28.394261    104.830729      4.8     2.2
2019 06 22 16 58 16.750    28.359745    104.932023     2.75     0.6
2019 06 22 16 58 52.520    28.423733    104.780583     5.23     1.3
2019 06 22 16 58 48.020    28.448354    104.806795     3.25     1.0
2019 06 22 16 59 44.600    28.438867    104.771940    -1.23     0.5
2019 06 22 17 00 18.800    28.414490    104.798446     3.83     1.0
2019 06 22 17 01 19.520    28.441770    104.791211     4.58     0.5
2019 06 22 17 04 04.120    28.451896    104.788761     5.81     0.4
2019 06 22 17 03 54.600    28.419922    104.766349     5.25     0.5
2019 06 22 17 08 17.840    28.429572    104.762809     5.52     1.0
2019 06 22 17 08 55.060    28.443449    104.796997     2.13     0.2
2019 06 22 17 09 21.180    28.448452    104.785327     5.82     0.6
2019 06 22 17 10 15.760    28.441972    104.809131     5.68     0.6
2019 06 22 17 11 01.940    28.371305    104.895435     2.19     0.8
2019 06 22 17 12 41.880    28.416075    104.797054     4.95     3.2
2019 06 22 17 15 56.980    28.416046    104.763184     5.21     1.1
2019 06 22 17 15 48.080    28.445180    104.790487     4.99     0.8
2019 06 22 17 17 31.940    28.337736    104.881844     4.75    -0.0
2019 06 22 17 17 07.680    28.431301    104.786759     1.53     0.3
2019 06 22 17 18 04.580    28.440017    104.786523     3.23     1.1
2019 06 22 17 17 52.920    28.436562    104.795654      3.6     0.5
2019 06 22 17 19 24.960    28.428548    104.797526     4.92     0.6
2019 06 22 17 19 10.360    28.441813    104.781445     3.75     0.5
2019 06 22 17 19 44.720    28.429667    104.780843     2.81     0.9
2019 06 22 17 20 38.360    28.441199    104.783089     5.72     1.1
2019 06 22 17 20 53.200    28.413534    104.794523     8.74     1.0
2019 06 22 17 21 17.980    28.443205    104.787386     2.92     0.8
2019 06 22 17 24 31.720    28.420986    104.785864     5.17     0.7
2019 06 22 17 25 27.180    28.481976    104.770109      6.6     0.7
2019 06 22 17 26 06.880    28.428737    104.786011     5.52     0.5
2019 06 22 17 27 25.300    28.389939    104.830127     8.78     3.0
2019 06 22 17 28 04.560    28.389553    104.830046     4.88     1.6
2019 06 22 17 30 14.760    28.393105    104.830509     4.84     0.8
2019 06 22 17 31 05.520    28.441311    104.784823     6.46     1.8
2019 06 22 17 32 23.460    28.357406    104.882552     3.52     0.4
2019 06 22 17 35 07.280    28.429803    104.763688      4.5     0.1
2019 06 22 17 35 40.160    28.442550    104.786906     3.52     0.2
2019 06 22 17 36 19.760    28.437358    104.803939     2.77     0.4
2019 06 22 17 37 29.840    28.383315    104.877734     4.37     0.8
2019 06 22 17 37 48.880    28.389524    104.830387     5.02     0.1
2019 06 22 17 38 30.040    28.421153    104.771867     5.45     1.8
2019 06 22 17 38 20.720    28.442893    104.776383    -1.58     0.8
2019 06 22 17 39 41.720    28.422770    104.809375     2.86     0.4
2019 06 22 17 40 47.720    28.431864    104.790731     5.71     1.2
2019 06 22 17 40 56.400    28.389109    104.829761     4.79     1.1
2019 06 22 17 42 25.160    28.450346    104.785368     5.77     0.2
2019 06 22 17 44 51.220    28.428339    104.792049     3.82     0.3
2019 06 22 17 44 29.080    28.435647    104.770109     4.21     0.1
2019 06 22 17 47 45.000    28.430302    104.744434     1.79     0.2
2019 06 22 17 48 17.800    28.420878    104.772070     5.42     1.0
2019 06 22 17 47 54.760    28.427065    104.736759      9.0     0.4
2019 06 22 17 49 13.040    28.417983    104.768058     3.67     0.1
2019 06 22 17 49 56.080    28.447424    104.805656     3.74     0.9
2019 06 22 17 50 36.200    28.430678    104.763843      3.2     0.6
2019 06 22 17 51 18.600    28.400323    104.818978     3.57     0.3
2019 06 22 17 52 07.400    28.441054    104.795312     2.91     0.3
2019 06 22 17 53 51.060    28.491209    104.777441     5.07     0.7
2019 06 22 17 55 57.940    28.428892    104.777271      2.9     0.7
2019 06 22 17 55 36.320    28.338680    104.882251     4.68     0.1
2019 06 22 17 56 29.060    28.429112    104.800163     5.29     0.3
2019 06 22 17 57 18.060    28.442723    104.799764     5.39     1.8
2019 06 22 18 01 25.240    28.420233    104.768221      5.6     2.3
2019 06 22 18 01 06.540    28.374937    104.891642     4.95     1.0
2019 06 22 18 03 22.120    28.420249    104.771956     5.14     0.9
2019 06 22 18 04 31.240    28.483053    104.770003     6.58     0.4
2019 06 22 18 05 16.200    28.420984    104.779574     5.49     2.5
2019 06 22 18 06 28.080    28.423043    104.774186     0.58     0.6
2019 06 22 18 07 34.100    28.420274    104.766715     5.47     1.5
2019 06 22 18 10 37.600    28.435565    104.794792     3.17     0.5
2019 06 22 18 11 45.600    28.420416    104.776912     5.31     1.8
2019 06 22 18 12 06.900    28.446165    104.806193     3.65     1.4
2019 06 22 18 15 27.320    28.417104    104.775130     5.29     0.8
2019 06 22 18 16 27.360    28.428367    104.795557     3.82     0.1
2019 06 22 18 18 00.620    28.386859    104.855843     2.46     0.3
2019 06 22 18 18 27.220    28.434391    104.735116     8.45     3.0
2019 06 22 18 19 46.660    28.412720    104.808569     3.96     1.1
2019 06 22 18 20 21.040    28.408624    104.815104     5.98     3.7
2019 06 22 18 23 04.680    28.407139    104.821110     3.52     1.4
2019 06 22 18 23 58.480    28.413019    104.809977      2.3     0.7
2019 06 22 18 25 09.480    28.430328    104.791919     5.71     1.1
2019 06 22 18 25 26.140    28.414889    104.795353     2.05     0.9
2019 06 22 18 26 03.640    28.412585    104.807756     4.38     0.4
2019 06 22 18 26 36.760    28.412498    104.810937     4.55     0.6
2019 06 22 18 27 51.520    28.458738    104.789168      5.9     0.4
2019 06 22 18 28 04.600    28.411182    104.804712     2.82     0.4
2019 06 22 18 29 46.520    28.433586    104.780021     4.69     1.0
2019 06 22 18 30 52.120    28.431675    104.774691      6.0     1.4
2019 06 22 18 30 28.320    28.358608    104.892196     3.13     0.5
2019 06 22 18 32 06.240    28.412413    104.808219     2.34     0.5
2019 06 22 18 33 38.360    28.377142    104.900578     5.51     0.7
2019 06 22 18 34 57.800    28.410738    104.809408     2.36     0.7
2019 06 22 18 36 47.940    28.440790    104.783732     4.04     0.8
2019 06 22 18 41 20.800    28.439368    104.793132     4.47     0.4
2019 06 22 18 42 29.800    28.449963    104.786263     6.07     2.6
2019 06 22 18 45 38.940    28.441850    104.783301     5.65     0.7
2019 06 22 18 47 36.540    28.439124    104.796696     5.35     0.2
2019 06 22 18 48 09.120    28.434576    104.787809     5.58     0.6
2019 06 22 18 48 42.520    28.370603    104.953735    10.16    -0.3
2019 06 22 18 49 14.600    28.418264    104.768953     2.14     0.5
2019 06 22 18 49 36.680    28.411269    104.811938     3.32     0.4
2019 06 22 18 50 17.120    28.435459    104.769808     4.19     1.4
2019 06 22 18 50 09.240    28.358594    104.887565     2.68     0.3
2019 06 22 18 50 39.780    28.459052    104.789421     5.94     1.5
2019 06 22 18 51 40.720    28.414290    104.808748     1.16     0.2
2019 06 22 18 52 07.640    28.433956    104.736263     8.48     1.9
2019 06 22 18 53 06.960    28.422603    104.751050     6.22     0.6
2019 06 22 18 53 36.140    28.434233    104.788070     5.59     1.0
2019 06 22 18 54 27.960    28.411247    104.804272     3.13     0.3
2019 06 22 18 55 08.520    28.445266    104.794743     4.79     0.4
2019 06 22 18 56 16.960    28.441815    104.782088     5.66     0.4
2019 06 22 18 56 55.160    28.444849    104.789795     5.47     0.4
2019 06 22 18 57 31.480    28.445032    104.790462     5.67     1.0
2019 06 22 18 58 53.920    28.439728    104.785075      5.5     0.3
2019 06 22 18 59 38.320    28.432355    104.783504     4.11     0.8
2019 06 22 19 00 45.120    28.419796    104.778149     2.86     0.9
2019 06 22 19 01 05.380    28.441160    104.794238     6.06     1.6
2019 06 22 19 01 29.600    28.426225    104.749080     6.19     1.7
2019 06 22 19 03 57.280    28.438881    104.793457     2.78     0.3
2019 06 22 19 04 59.280    28.431885    104.785531     2.91     0.4
2019 06 22 19 06 20.240    28.439722    104.810189     5.51     0.8
2019 06 22 19 08 01.720    28.351619    104.888053     3.54     1.0
2019 06 22 19 10 21.360    28.441431    104.793221     2.97     0.0
2019 06 22 19 11 06.740    28.447233    104.788566     5.81     1.9
2019 06 22 19 10 48.360    28.431545    104.771476     3.88     0.5
2019 06 22 19 13 14.720    28.434422    104.741366     6.43     0.7
2019 06 22 19 13 23.880    28.384922    104.886947     0.27     1.0
2019 06 22 19 16 20.060    28.427675    104.758618     5.55     1.2
2019 06 22 19 17 14.140    28.439262    104.793693      3.0     0.7
2019 06 22 19 17 53.480    28.488916    104.777433     4.96     0.7
2019 06 22 19 18 18.940    28.442021    104.781885     5.66     0.7
2019 06 22 19 18 54.260    28.429077    104.775936     2.31     0.6
2019 06 22 19 19 42.820    28.444073    104.787590     3.45     1.0
2019 06 22 19 19 55.460    28.391785    104.925643     5.14     0.9
2019 06 22 19 21 55.620    28.419698    104.777808     2.74     0.7
2019 06 22 19 22 53.520    28.455489    104.783447     2.49     0.5
2019 06 22 19 23 14.360    28.419505    104.772412     2.18     0.7
2019 06 22 19 24 23.740    28.427525    104.796541     3.82     0.6
2019 06 22 19 25 25.100    28.354348    104.927588     2.83     2.1
2019 06 22 19 29 35.840    28.355023    104.929582     2.84     1.5
2019 06 22 19 30 21.600    28.426402    104.792106     5.34     1.3
2019 06 22 19 30 41.160    28.439195    104.791838     2.89     1.0
2019 06 22 19 31 26.880    28.432973    104.819930     1.15     0.6
2019 06 22 19 33 31.900    28.417299    104.801587     1.53     0.6
2019 06 22 19 35 32.640    28.429679    104.786995     5.03     0.6
2019 06 22 19 37 11.000    28.490660    104.778532     5.06     0.4
2019 06 22 19 38 03.400    28.437429    104.789469     2.98     0.8
2019 06 22 19 39 15.500    28.439943    104.781087     5.52     2.3
2019 06 22 19 41 58.640    28.424095    104.772323    -0.39    -0.1
2019 06 22 19 44 26.960    28.420748    104.767961     5.46     1.0
2019 06 22 19 45 03.140    28.398067    104.837028     4.51     0.5
2019 06 22 19 46 42.200    28.412278    104.802376     3.44     0.5
2019 06 22 19 47 10.220    28.424099    104.756966      5.6     0.6
2019 06 22 19 50 19.340    28.447255    104.788997     5.77     1.5
2019 06 22 19 51 08.920    28.436928    104.790706     2.97     1.1
2019 06 22 19 54 25.760    28.421281    104.771077      5.0     0.1
2019 06 22 19 58 49.080    28.422156    104.771826     5.33     0.8
2019 06 22 19 59 27.440    28.441579    104.779997     2.71     1.0
2019 06 22 20 00 07.340    28.413513    104.807194     3.99     0.1
2019 06 22 20 00 38.920    28.393184    104.834847     4.91     0.5
2019 06 22 20 00 59.960    28.366121    104.924325     1.98     0.5
2019 06 22 20 03 13.020    28.430703    104.775277     3.67     0.6
2019 06 22 20 03 59.520    28.392198    104.858162     2.97     1.3
2019 06 22 20 05 42.480    28.421122    104.776685     5.44     0.5
2019 06 22 20 06 44.960    28.454130    104.782983     2.46     0.7
2019 06 22 20 08 07.120    28.420526    104.772453     5.38     1.0
2019 06 22 20 09 11.380    28.374620    104.917928      1.9     0.3
2019 06 22 20 10 17.420    28.423857    104.770850     5.47     0.7
2019 06 22 20 11 53.560    28.348765    104.885677     2.83     0.5
2019 06 22 20 12 27.900    28.386336    104.875854     1.98     0.2
2019 06 22 20 13 40.000    28.440417    104.788680     2.91     0.5
2019 06 22 20 14 06.060    28.431610    104.775293     2.88     1.0
2019 06 22 20 16 48.640    28.430121    104.795492     5.29     2.8
2019 06 22 20 18 15.300    28.434129    104.748674     5.65     0.9
2019 06 22 20 19 15.700    28.479844    104.768148     6.56     0.5
2019 06 22 20 21 57.820    28.421462    104.764380     5.52     1.5
2019 06 22 20 23 53.920    28.420241    104.764722     5.54     1.7
2019 06 22 20 27 51.300    28.431559    104.778743      1.6     0.6
2019 06 22 20 27 31.120    28.420549    104.766317     5.33     0.2
2019 06 22 20 28 54.200    28.421781    104.762931     5.54     0.3
2019 06 22 20 29 21.360    28.431917    104.741903     5.95     0.8
2019 06 22 20 30 36.940    28.436137    104.778475     2.38     0.5
2019 06 22 20 31 52.280    28.419415    104.766935     2.24    -0.1
2019 06 22 20 32 43.080    28.394293    104.833846     4.84     0.4
2019 06 22 20 33 16.680    28.393685    104.834245     4.88     0.6
2019 06 22 20 35 00.560    28.354327    104.929899     2.81     0.5
2019 06 22 20 36 16.920    28.400293    104.861198     3.31     0.3
2019 06 22 20 36 52.560    28.421899    104.766626     5.51     1.1
2019 06 22 20 37 49.220    28.440334    104.790837     4.47     0.6
2019 06 22 20 39 05.840    28.383539    104.877840      4.3     0.6
2019 06 22 20 38 48.920    28.423020    104.758927      5.7     0.2
2019 06 22 20 38 55.040    28.416260    104.748519     7.26     0.6
2019 06 22 20 40 29.600    28.483897    104.770833     8.31     1.9
2019 06 22 20 43 29.440    28.434220    104.770410     4.15     0.4
2019 06 22 20 44 30.360    28.434336    104.733870     8.45     0.3
2019 06 22 20 45 47.320    28.373637    104.889925     1.46     0.3
2019 06 22 20 45 56.960    28.429022    104.783024     2.84     1.1
2019 06 22 20 47 43.780    28.416311    104.758228     2.92     0.1
2019 06 22 20 48 41.320    28.443634    104.789583     5.59     1.2
2019 06 22 20 52 17.280    28.420844    104.770207      2.2     0.6
2019 06 22 20 53 39.920    28.446399    104.792627     3.05     0.8
2019 06 22 20 55 10.800    28.421971    104.751896     6.15     1.1
2019 06 22 20 56 18.840    28.421525    104.751693     6.16    -0.0
2019 06 22 20 57 12.560    28.381211    104.884644     2.66     0.3
2019 06 22 20 57 18.620    28.437177    104.792660     2.37     0.6
2019 06 22 20 57 31.940    28.443394    104.787093     3.49     0.8
2019 06 22 20 58 18.680    28.389915    104.861344     2.91     0.4
2019 06 22 21 00 11.040    28.419023    104.768327     5.47     1.8
2019 06 22 21 01 06.000    28.402712    104.856795     2.92     0.6
2019 06 22 21 03 07.760    28.411497    104.774121     6.28     1.3
2019 06 22 21 05 04.160    28.438092    104.786149     3.73     0.9
2019 06 22 21 05 50.320    28.354801    104.890088     3.04     0.5
2019 06 22 21 06 22.280    28.490946    104.777759     5.01     0.7
2019 06 22 21 06 32.200    28.489388    104.776139     3.94     0.5
2019 06 22 21 06 53.840    28.418575    104.768644     3.79     0.4
2019 06 22 21 07 36.920    28.422740    104.772070      5.5     2.7
2019 06 22 21 08 23.960    28.435166    104.779102     7.58     4.0
2019 06 22 21 10 53.680    28.433655    104.780021     2.94     1.7
2019 06 22 21 12 42.080    28.434753    104.767171     4.19     0.9
2019 06 22 21 13 27.220    28.447843    104.788932     5.77     1.2
2019 06 22 21 14 03.340    28.435201    104.771663     4.15     0.8
2019 06 22 21 14 57.200    28.423088    104.772127     5.45     3.0
2019 06 22 21 14 54.240    28.437282    104.783537     6.42     3.3
2019 06 22 21 16 38.580    28.437435    104.778923     5.48     1.1
2019 06 22 21 17 42.760    28.421334    104.760799     3.95     0.3
2019 06 22 21 19 06.280    28.435496    104.780868      3.9     0.7
2019 06 22 21 19 37.440    28.429875    104.782178     2.85     0.6
2019 06 22 21 20 33.480    28.434113    104.772420     4.15     0.8
2019 06 22 21 20 58.120    28.430101    104.777775     3.07     1.0
2019 06 22 21 21 29.360    28.433042    104.776172     4.08     1.1
2019 06 22 21 21 54.760    28.436405    104.778996     5.46     1.4
2019 06 22 21 22 29.680    28.435671    104.769889     5.49     1.1
2019 06 22 21 22 59.880    28.356289    104.888835     2.59     0.6
2019 06 22 21 23 33.120    28.389819    104.831592     5.88     0.2
2019 06 22 21 24 05.460    28.447550    104.750651     5.68     0.9
2019 06 22 21 25 20.240    28.422943    104.766846     2.31     0.6
2019 06 22 21 26 05.760    28.427509    104.759041     5.51     0.3
2019 06 22 21 27 13.840    28.427549    104.796248     3.02     0.4
2019 06 22 21 27 29.800    28.383388    104.877604     4.32     1.2
2019 06 22 21 30 44.960    28.417963    104.842163     2.28     0.8
2019 06 22 21 31 27.600    28.435044    104.776766     4.02     0.7
2019 06 22 21 33 59.720    28.440133    104.809912     5.49     0.1
2019 06 22 21 34 37.300    28.428766    104.741292     7.63     0.6
2019 06 22 21 35 12.200    28.442240    104.801278     3.15     0.6
2019 06 22 21 37 07.720    28.418787    104.774927     2.89     0.6
2019 06 22 21 38 12.920    28.425006    104.747225     6.52     0.3
2019 06 22 21 38 43.260    28.454860    104.783822     2.43     0.6
2019 06 22 21 39 11.000    28.418829    104.774544     2.92     0.5
2019 06 22 21 38 57.860    28.415240    104.778149     3.11     0.3
2019 06 22 21 41 46.200    28.370376    104.905908      3.0     0.6
2019 06 22 21 42 17.460    28.430992    104.764225    -2.22     0.2
2019 06 22 21 43 10.800    28.422479    104.773332     5.64     0.8
2019 06 22 21 44 00.080    28.437075    104.778817     5.46     1.7
2019 06 22 21 46 16.740    28.429472    104.784204     2.83     0.9
2019 06 22 21 47 44.040    28.481346    104.783691     5.87     1.2
2019 06 22 21 48 24.260    28.446704    104.786589     3.64     0.8
2019 06 22 21 49 41.980    28.412728    104.810311     4.31     0.8
2019 06 22 21 50 31.800    28.450507    104.787337     3.73     1.2
2019 06 22 21 50 24.280    28.480804    104.785856     6.02     0.6
2019 06 22 21 51 04.680    28.414681    104.778752     2.71     0.8
2019 06 22 21 52 56.080    28.437095    104.775732     5.51     1.2
2019 06 22 21 52 36.880    28.435236    104.770866     5.49     0.6
2019 06 22 21 54 51.140    28.448142    104.801986     4.23     0.4
2019 06 22 21 57 23.460    28.458616    104.783952      1.1     0.3
2019 06 22 21 59 12.240    28.343099    104.892448     1.62     0.6
2019 06 22 22 03 57.920    28.435834    104.786654     6.99     2.4
2019 06 22 22 08 35.980    28.420083    104.774561     5.37     0.3
2019 06 22 22 11 12.900    28.430251    104.784668     5.55     0.7
2019 06 22 22 11 42.280    28.369096    104.915853     2.31     0.5
2019 06 22 22 14 15.560    28.434226    104.775594     2.92     2.5
2019 06 22 22 15 33.520    28.415588    104.765161     2.07     0.6
2019 06 22 22 16 21.880    28.437286    104.778027     5.45     1.4
2019 06 22 22 16 08.360    28.434524    104.770801     4.14     0.7
2019 06 22 22 16 55.480    28.420113    104.772306     2.89     1.3
2019 06 22 22 17 54.040    28.421293    104.771289      5.4     1.8
2019 06 22 22 19 01.000    28.415489    104.765251      2.2     0.2
2019 06 22 22 21 20.040    28.420974    104.772380     5.22     0.6
2019 06 22 22 22 16.680    28.482888    104.770011     6.63     1.4
2019 06 22 22 24 48.300    28.373258    104.899365     3.28     0.4
2019 06 22 22 25 15.080    28.408773    104.811540     2.12     0.5
2019 06 22 22 26 00.360    28.393333    104.831974     4.21     0.5
2019 06 22 22 27 51.760    28.396820    104.847274     2.93     0.4
2019 06 22 22 29 01.720    28.422070    104.771810     5.49     1.4
2019 06 22 22 29 10.520    28.398250    104.846403     2.91     1.5
2019 06 22 22 28 50.000    28.436621    104.775749     5.21     0.8
2019 06 22 22 29 35.200    28.403544    104.847152     5.53     1.3
2019 06 22 22 34 56.500    28.420276    104.772770     2.15     0.3
2019 06 22 22 35 03.620    28.428044    104.803524     5.35     0.7
2019 06 22 22 36 56.260    28.434479    104.797721     2.92     0.6
2019 06 22 22 39 11.040    28.481606    104.783740      5.9     1.2
2019 06 22 22 40 10.960    28.406622    104.806470     5.97     0.7
2019 06 22 22 41 05.440    28.451919    104.788314     5.87     0.6
2019 06 22 22 42 14.000    28.429482    104.800456     5.38     0.7
2019 06 22 22 43 23.700    28.410341    104.860775     2.05     0.8
2019 06 22 22 45 46.740    28.434462    104.784806     5.11     0.4
2019 06 22 22 46 34.540    28.411141    104.813859     3.35     1.8
2019 06 22 22 48 12.480    28.383881    104.878076     4.33     0.9
2019 06 22 22 49 27.480    28.417041    104.764209     5.32     1.3
2019 06 22 22 49 41.400    28.391205    104.833317     8.19     1.8
2019 06 22 22 50 08.180    28.436200    104.783008     5.35     0.9
2019 06 22 22 51 10.320    28.383767    104.878345     4.27     0.5
2019 06 22 22 52 51.640    28.389496    104.832723     4.88     0.3
2019 06 22 22 53 21.360    28.462191    104.782576      2.9     1.0
2019 06 22 22 53 53.840    28.383923    104.878377     4.28     0.9
2019 06 22 22 54 30.400    28.421659    104.757243     6.24     2.2
2019 06 22 22 56 36.200    28.422805    104.761117     3.02     0.9
2019 06 22 22 56 15.080    28.420571    104.753442     6.07     1.0
2019 06 22 22 58 04.940    28.383858    104.878581     4.24     1.3
2019 06 22 22 58 54.320    28.383392    104.877620     4.24     1.4
2019 06 22 22 59 34.840    28.383588    104.877352     4.29     1.1
2019 06 22 23 00 05.080    28.383732    104.878060     4.28     1.4
2019 06 22 23 01 26.800    28.420469    104.774194     2.97     0.8
2019 06 22 23 02 08.840    28.435366    104.751180      5.6     0.7
2019 06 22 23 03 31.920    28.413894    104.804492      4.4     0.8
2019 06 22 23 04 12.600    28.430965    104.744718     5.94     0.3
2019 06 22 23 05 30.800    28.425293    104.785352     4.51     0.4
2019 06 22 23 07 08.400    28.369635    104.941064     3.19     0.6
2019 06 22 23 07 32.960    28.441482    104.752466     5.62     1.4
2019 06 22 23 08 56.820    28.394409    104.835042     4.89     0.8
2019 06 22 23 11 47.460    28.382880    104.876302      4.3     0.9
2019 06 22 23 12 35.440    28.420595    104.766341     5.48     1.3
2019 06 22 23 14 09.640    28.457314    104.796753     4.59     0.5
2019 06 22 23 14 46.280    28.425033    104.791968     2.76     1.0
2019 06 22 23 18 50.180    28.442483    104.798934     5.27     1.1
2019 07 01 16 14 00.840    28.404124    104.843856      4.8     1.9
2019 06 22 23 22 54.320    28.421729    104.788940     5.46     0.6
2019 06 22 23 30 07.800    28.422133    104.757251     5.72     1.1
2019 06 22 23 29 52.260    28.398584    104.843962     3.17     0.7
2019 06 22 23 30 40.460    28.419061    104.771069     2.16     0.8
2019 06 22 23 32 54.680    28.420966    104.771134     5.02     0.4
2019 06 22 23 33 39.820    28.419598    104.769328     5.39     0.7
2019 06 22 23 34 30.320    28.364695    104.943636     3.24     0.5
2019 06 22 23 41 07.920    28.392887    104.933439     3.03     0.8
2019 06 22 23 45 22.200    28.432935    104.784115     4.23     1.2
2019 06 22 23 48 02.680    28.420093    104.762695     4.91     0.3
2019 06 22 23 49 25.000    28.432534    104.759888     3.59     0.9
2019 06 22 23 50 57.180    28.429209    104.781592      5.8     0.7
2019 06 22 23 51 20.260    28.430221    104.782764     5.78     1.0
2019 06 22 23 53 40.640    28.436808    104.778507     5.49     0.7
2019 06 22 23 56 28.200    28.393498    104.831812     4.55     0.7
2019 06 22 23 57 39.880    28.402468    104.824618     3.74     1.8
2019 06 22 23 58 04.160    28.409662    104.813322     3.86     1.5
2019 06 22 23 59 40.880    28.423558    104.771973     5.23     0.7
2019 06 23 00 01 29.980    28.450584    104.801880     5.71     0.9
2019 06 23 00 04 45.410    28.434395    104.769971     3.21     0.7
2019 06 23 00 04 32.480    28.442330    104.761239     4.87     0.5
2019 06 23 00 06 21.810    28.407737    104.804150    -0.87     0.6
2019 06 23 00 06 40.100    28.416003    104.827433     3.81     0.8
2019 06 23 00 07 39.180    28.412767    104.771126     2.11     0.1
2019 06 23 00 08 00.970    28.412103    104.808325     2.22    -0.1
2019 06 23 00 08 41.690    28.415356    104.787996     4.95     1.0
2019 06 23 00 11 35.190    28.451890    104.797738     7.69    -0.1
2019 06 23 00 20 36.190    28.373090    104.893848     2.14     1.0
2019 06 23 00 21 03.280    28.417216    104.764510     5.58     0.8
2019 06 23 00 21 32.430    28.412964    104.814990     3.98     1.1
2019 06 23 00 23 14.260    28.412026    104.850610     2.93     0.7
2019 06 23 00 23 46.150    28.436857    104.780477     5.36     0.6
2019 06 23 00 25 38.290    28.393221    104.833659     4.83     0.5
2019 06 23 00 26 39.850    28.490763    104.776953     4.74     0.3
2019 06 23 00 32 25.810    28.396108    104.838900     5.08     1.2
2019 06 23 00 32 50.440    28.390422    104.828589     4.65     0.8
2019 06 23 00 33 18.360    28.390222    104.828271     4.68     1.3
2019 06 23 00 34 54.960    28.390344    104.828068     4.78     0.9
2019 06 23 00 35 21.270    28.395988    104.835807     4.91     0.7
2019 06 23 00 36 04.350    28.399683    104.848999     9.07     2.7
2019 06 23 00 38 53.110    28.395101    104.833496      4.7     1.7
2019 06 23 00 39 19.480    28.417196    104.785173     0.45     0.9
2019 06 23 00 39 55.550    28.440544    104.783219     4.06     0.6
2019 06 23 00 40 50.170    28.395349    104.833683     4.58     1.3
2019 06 23 00 40 29.490    28.396851    104.833512     4.95     0.8
2019 06 23 00 41 53.910    28.390405    104.828573     4.55     0.6
2019 06 23 00 42 25.510    28.420526    104.757064     6.01     0.7
2019 06 23 00 45 08.850    28.440741    104.754028     5.62     0.8
2019 06 23 00 45 40.410    28.390088    104.828044     4.65     0.8
2019 06 23 00 45 22.160    28.389945    104.827645     4.56     0.6
2019 06 23 00 45 52.980    28.396120    104.836214     4.73     0.5
2019 06 23 00 46 23.990    28.394918    104.836328      4.9     0.8
2019 06 23 00 46 51.710    28.395113    104.833325     4.58     0.6
2019 06 23 00 48 12.340    28.434611    104.771688     4.15     0.4
2019 06 23 00 49 13.710    28.417780    104.774886     5.59     0.5
2019 06 23 00 50 14.740    28.445538    104.801636     3.61     0.5
2019 06 23 00 52 53.160    28.428965    104.782674     5.65     0.9
2019 06 23 00 53 35.570    28.412691    104.820776     3.72     0.9
2019 06 23 00 54 51.670    28.396110    104.835221     4.25     0.6
2019 06 23 00 55 55.430    28.394712    104.833504     4.11     0.3
2019 06 23 00 58 29.320    28.445791    104.804956     4.42     0.1
2019 06 23 00 59 55.120    28.421112    104.766943     5.17     0.7
2019 06 23 01 01 13.950    28.396566    104.837842     4.98     1.4
2019 06 23 01 01 46.480    28.390116    104.828255     4.63     1.0
2019 06 23 01 04 33.930    28.409336    104.822616     3.45     1.0
2019 06 23 01 04 56.340    28.440253    104.801929     5.04     0.5
2019 06 23 01 05 44.030    28.416349    104.786499     1.77     1.5
2019 06 23 01 06 48.680    28.417440    104.763379      5.3     0.9
2019 06 23 01 07 47.510    28.380892    104.830135     3.91     1.0
2019 06 23 01 10 34.410    28.415828    104.787443     2.61     1.0
2019 06 23 01 13 00.900    28.426129    104.785807     3.15     0.8
2019 06 23 01 12 36.890    28.397687    104.848869     5.72     0.5
2019 06 23 01 14 10.720    28.421305    104.762565     4.99     0.9
2019 06 23 01 19 46.450    28.419666    104.773096     2.11     0.7
2019 06 23 01 21 31.110    28.443054    104.801514     6.41     2.1
2019 06 23 01 24 34.430    28.447557    104.728434     7.73     1.0
2019 06 23 01 25 49.740    28.397913    104.829403     5.04     1.1
2019 06 23 01 27 22.610    28.414650    104.796533     3.85     1.0
2019 06 23 01 29 34.040    28.413635    104.813363     4.08     0.7
2019 06 23 01 33 09.970    28.390643    104.828784     4.63     0.9
2019 06 23 01 33 40.480    28.394828    104.833512     4.27     0.7
2019 06 23 01 34 33.390    28.433242    104.743815      6.5     0.4
2019 06 23 01 35 21.750    28.395959    104.833911     4.68     1.8
2019 06 23 01 38 44.950    28.428640    104.757511    -1.16     0.6
2019 06 23 01 38 58.360    28.394318    104.832788     4.43     0.6
2019 06 23 01 41 29.840    28.403294    104.857267     2.87     0.7
2019 06 23 01 43 30.190    28.389156    104.829484     4.98     0.5
2019 06 23 01 45 08.740    28.396301    104.834619      4.6     0.9
2019 06 23 01 45 26.330    28.433832    104.785400     4.13     2.7
2019 06 23 01 47 21.410    28.421879    104.764347     4.96     0.7
2019 06 23 01 49 31.860    28.394755    104.829110     5.08     0.8
2019 06 23 01 50 23.700    28.433065    104.766488     2.98     0.9
2019 06 23 01 51 14.570    28.435628    104.774202     4.07     0.9
2019 06 23 01 58 30.530    28.415778    104.766512     5.02     1.2
2019 06 23 02 00 29.410    28.419973    104.813135     5.85     0.4
2019 06 23 02 01 23.320    28.429236    104.784489      2.8     0.6
2019 06 23 02 03 13.820    28.436096    104.779191     5.43     0.9
2019 06 23 02 04 44.700    28.452167    104.788135     5.83     1.3
2019 06 23 02 05 40.460    28.365635    104.946810     3.15     0.7
2019 06 23 02 06 09.880    28.420127    104.767643     5.34     0.8
2019 06 23 02 07 31.520    28.420333    104.767293     5.43     1.2
2019 06 23 02 08 22.250    28.436273    104.777271     5.52     1.3
2019 06 23 02 09 33.630    28.403611    104.792643     0.99     0.8
2019 06 23 02 09 24.020    28.390554    104.825977     4.99     0.6
2019 06 23 02 10 28.410    28.415991    104.787752     1.71     1.0
2019 06 23 02 14 20.570    28.432943    104.791390     3.88     1.1
2019 06 23 02 14 46.520    28.375555    104.920540     3.65     0.7
2019 06 23 02 16 31.400    28.495199    104.786353    10.25     1.5
2019 06 23 02 23 02.960    28.411975    104.854085     2.96     0.7
2019 06 23 02 23 49.480    28.409847    104.819979     3.58     0.7
2019 06 23 02 26 36.160    28.415808    104.776929     5.19     1.2
2019 06 23 02 28 36.010    28.422666    104.778564     2.72     0.4
2019 06 23 02 31 38.080    28.355831    104.937451     2.33     0.5
2019 06 23 02 37 20.740    28.416909    104.790861     2.39     0.5
2019 06 23 02 38 04.400    28.411627    104.853776     2.95     0.8
2019 06 23 02 45 51.670    28.353453    104.929728      2.8     0.9
2019 06 23 02 51 10.920    28.435079    104.763623     5.52     1.4
2019 06 23 02 53 24.650    28.417670    104.775260     5.71     0.8
2019 06 23 02 59 41.100    28.420243    104.776611     5.31     2.6
2019 06 23 03 00 55.450    28.422508    104.770785     5.38     0.9
2019 06 23 03 07 26.090    28.420487    104.776123     5.24     1.0
2019 06 23 03 09 14.630    28.432741    104.738452     8.54     1.1
2019 06 23 03 09 27.420    28.431911    104.738013     8.48     0.8
2019 06 23 03 11 48.370    28.416386    104.781201     5.85     1.8
2019 06 23 03 13 14.010    28.433980    104.790715     3.03     0.7
2019 06 23 03 16 17.730    28.368125    104.913607     1.52     0.5
2019 06 23 03 17 04.080    28.408653    104.847770     3.02     1.3
2019 06 23 03 18 01.280    28.422331    104.779159     5.24     0.3
2019 06 23 03 26 03.770    28.392086    104.833691     4.62     0.6
2019 06 23 03 29 16.660    28.436302    104.795687     2.99     0.7
2019 06 23 03 32 57.050    28.396364    104.834937      4.6     1.1
2019 06 23 03 33 43.620    28.419604    104.776725     5.29     3.0
2019 06 23 03 34 51.570    28.421724    104.755957     6.01     0.7
2019 06 23 03 38 42.050    28.437828    104.799390     2.82     1.2
2019 06 23 03 40 37.510    28.433897    104.777441     4.76     1.2
2019 06 23 03 41 25.290    28.380664    104.843262     4.15     0.6
2019 06 23 03 45 34.460    28.439895    104.793311     3.02     1.8
2019 06 23 03 47 27.390    28.421320    104.776400     5.76     0.4
2019 06 23 03 49 32.370    28.390041    104.877987     4.41     0.6
2019 06 23 03 50 07.810    28.428306    104.777132      2.0     0.6
2019 06 23 03 51 23.670    28.420915    104.768180     5.08     1.0
2019 06 23 03 52 04.180    28.422231    104.768693     5.21     1.4
2019 06 23 03 53 03.560    28.446592    104.805241     4.41     0.9
2019 06 23 03 54 45.170    28.356071    104.887150     3.31     0.5
2019 06 23 03 56 58.640    28.430664    104.776196     2.87     0.7
2019 06 23 03 57 43.470    28.489229    104.766764     8.51     2.5
2019 06 23 04 03 30.700    28.421639    104.767611     5.41     1.2
2019 06 23 04 04 26.650    28.394503    104.833073      4.3     0.6
2019 06 23 04 05 02.830    28.388875    104.829134     4.86     0.5
2019 06 23 04 05 36.200    28.367804    104.877303    -1.87    -0.2
2019 06 23 04 06 12.380    28.443791    104.786174     3.67     0.1
2019 06 23 04 06 49.260    28.389360    104.829712     4.96     1.3
2019 06 23 04 07 30.190    28.414134    104.824219      3.7     0.2
2019 06 23 04 10 26.450    28.423659    104.793783     5.97     0.6
2019 06 23 04 14 17.000    28.435260    104.769019     3.17     0.4
2019 06 23 04 15 41.560    28.444291    104.787337     3.48     1.3
2019 06 23 04 16 38.440    28.368890    104.948934     3.18     1.1
2019 06 23 04 18 16.920    28.389532    104.831478     5.07     1.2
2019 06 23 04 19 36.920    28.430402    104.738721     8.45     0.6
2019 06 23 04 20 10.250    28.448594    104.789176     5.77     0.3
2019 06 23 04 23 12.820    28.430249    104.776603     2.88     0.7
2019 06 23 04 30 17.990    28.409273    104.812419     3.86     0.4
2019 06 23 04 32 27.800    28.359045    104.901733     2.77     0.9
2019 06 23 04 37 29.610    28.411696    104.822640     4.14     0.4
2019 06 23 04 38 13.580    28.423688    104.770671     5.65     0.5
2019 06 23 04 40 39.360    28.448118    104.789152     5.76     1.3
2019 06 23 04 40 59.300    28.447768    104.789095     5.76     1.7
2019 06 23 04 41 33.420    28.500130    104.780623    10.85     2.7
2019 06 23 04 43 33.680    28.391335    104.856844     2.84     1.7
2019 06 23 04 44 09.750    28.440208    104.778979     1.11     1.4
2019 06 23 04 46 51.000    28.491931    104.777433     5.04     0.6
2019 06 23 04 49 27.470    28.396731    104.834147      7.8     2.0
2019 06 23 04 50 51.460    28.423718    104.793628     2.43     0.6
2019 06 23 04 53 02.210    28.436031    104.768075      5.5     0.8
2019 06 23 04 56 44.980    28.416821    104.783944     2.72     0.2
2019 06 23 04 58 07.360    28.370850    104.917415     2.64     1.0
2019 06 23 05 01 18.730    28.491638    104.776628     5.15     0.8
2019 06 23 05 02 01.210    28.419908    104.763444     5.34     0.8
2019 06 23 05 02 31.640    28.432522    104.785474     4.39     0.5
2019 06 23 05 05 12.130    28.411857    104.818652     2.42     0.7
2019 06 23 05 05 41.410    28.442731    104.790137      3.4     1.0
2019 06 23 05 10 09.470    28.430320    104.781006     2.06     0.4
2019 06 23 05 10 38.150    28.435191    104.787061     5.67     2.0
2019 06 23 05 12 54.380    28.390021    104.828158     4.65     0.3
2019 06 23 05 13 36.490    28.389834    104.827645     4.51     0.8
2019 06 23 05 17 38.000    28.416300    104.762769     5.15     0.6
2019 06 23 05 20 21.380    28.422131    104.753540      6.1     1.0
2019 06 23 05 23 56.990    28.439482    104.795662     5.25     2.3
2019 06 23 05 26 23.820    28.421218    104.774211     5.55     1.9
2019 06 23 05 30 32.700    28.420699    104.764111     4.87     0.5
2019 06 23 05 31 03.020    28.419556    104.776872     5.33     0.8
2019 06 23 05 38 36.010    28.445679    104.791300     5.66     0.9
2019 06 23 05 39 23.000    28.446505    104.730811     7.65     1.4
2019 06 23 05 40 02.850    28.421910    104.805282     3.59     1.1
2019 06 23 05 40 39.930    28.391313    104.876644      1.9     1.0
2019 06 23 05 43 18.770    28.445479    104.791406     5.69     1.5
2019 06 23 05 45 15.420    28.373997    104.910636     5.08     1.4
2019 06 23 05 49 31.510    28.436121    104.767057     3.59     1.0
2019 06 23 05 50 44.220    28.394527    104.850806     2.96     0.3
2019 06 23 05 55 07.930    28.433997    104.793327     3.37     0.6
2019 06 23 05 56 29.270    28.426133    104.787419      3.1     0.5
2019 06 23 05 59 56.860    28.394419    104.831982     4.48     0.7
2019 06 23 06 00 35.930    28.424040    104.766105     5.32     0.9
2019 06 23 06 01 58.750    28.382719    104.875806      4.3     0.7
2019 06 23 06 02 23.640    28.389693    104.827311     4.51     0.8
2019 06 23 06 02 54.100    28.436041    104.799740     3.18     0.4
2019 06 23 06 07 28.340    28.390794    104.829110     4.62     0.9
2019 06 23 06 09 30.270    28.420671    104.770459      2.8     0.7
2019 06 23 06 09 51.370    28.412018    104.769808     5.39     1.1
2019 06 23 06 10 55.500    28.420115    104.766927     5.25     1.2
2019 06 23 06 11 32.530    28.423293    104.781380     5.34     1.0
2019 06 23 06 12 46.600    28.414388    104.823340    -0.42     0.9
2019 06 23 06 14 34.950    28.389907    104.828271     4.45     0.7
2019 06 23 06 15 07.190    28.389579    104.827384      4.6     1.2
2019 06 23 06 15 40.150    28.450720    104.781559    -1.25     0.8
2019 06 23 06 16 23.800    28.397744    104.837524     4.19     0.9
2019 06 23 06 16 41.620    28.389691    104.827620     4.58     0.7
2019 06 23 06 17 36.270    28.420485    104.767855      5.4     1.1
2019 06 23 06 17 16.530    28.404867    104.831657     2.74     0.9
2019 06 23 06 18 44.680    28.366547    104.951953     3.24     0.6
2019 06 23 06 18 26.010    28.343817    104.874015      3.2     0.7
2019 06 23 06 18 57.710    28.418939    104.766683     5.64     0.8
2019 06 23 06 24 21.170    28.415715    104.763688     5.24     0.9
2019 06 23 06 24 32.260    28.429980    104.783740     3.03     1.8
2019 06 23 06 29 12.800    28.415417    104.797575      2.9     0.8
2019 06 23 06 29 00.790    28.441888    104.787207     5.78     0.6
2019 06 23 06 31 23.590    28.389496    104.827075     4.62     0.6
2019 06 23 06 30 57.540    28.413985    104.756112     6.46     0.2
2019 06 23 06 32 04.240    28.383278    104.908984     1.27     0.9
2019 06 23 06 34 04.280    28.441388    104.805029     5.79     0.6
2019 06 23 06 34 52.610    28.426143    104.791602     3.34     0.9
2019 06 23 06 37 08.680    28.428782    104.789258      5.6     0.6
2019 06 23 06 38 22.310    28.353516    104.928996     2.17     0.8
2019 06 23 06 41 05.780    28.396446    104.835929     4.36     1.2
2019 06 23 06 40 44.410    28.396360    104.835791     4.25     0.6
2019 06 23 06 44 21.130    28.395601    104.844515      3.1     0.7
2019 06 23 06 44 30.230    28.450124    104.750464     5.71     0.4
2019 06 23 06 45 07.220    28.445872    104.801017     3.13     0.7
2019 06 23 06 46 22.790    28.358266    104.893311     4.59     0.3
2019 06 23 06 48 33.080    28.416343    104.794263     4.47     1.2
2019 06 23 06 50 59.200    28.435229    104.792749     3.57     0.6
2019 06 23 06 52 17.040    28.388434    104.832113     4.93     1.1
2019 06 23 06 54 10.590    28.376648    104.885246     2.06     0.6
2019 06 23 06 59 12.460    28.383934    104.870597     4.38     0.3
2019 06 23 07 02 13.420    28.389911    104.830192     4.88     0.8
2019 06 23 07 02 35.950    28.436751    104.790682     2.93     0.6
2019 06 23 07 05 02.050    28.421759    104.771981     5.43     1.8
2019 06 23 07 07 45.090    28.418614    104.767529     5.55     1.8
2019 06 23 07 12 33.570    28.417747    104.767033     5.39     0.3
2019 06 23 07 13 23.090    28.363536    104.902157     2.57     0.9
2019 06 23 07 16 43.200    28.418819    104.769019     5.28     0.8
2019 06 23 07 28 42.590    28.402584    104.847876     3.26     1.4
2019 06 23 07 29 19.380    28.417999    104.770841     2.02     0.5
2019 06 23 07 30 41.460    28.413432    104.763224     6.15     0.9
2019 06 23 07 31 06.290    28.425714    104.785368     4.75     1.8
2019 06 23 07 33 05.360    28.446165    104.733553     6.94     0.6
2019 06 23 07 34 57.900    28.394415    104.831706     4.53     0.3
2019 06 23 07 37 34.970    28.415928    104.792513     2.21     0.7
2019 06 23 07 43 32.960    28.418732    104.769539     5.41     0.3
2019 06 23 07 45 48.980    28.443233    104.794027     3.66     0.6
2019 06 23 07 48 10.390    28.434701    104.793107     3.49     1.0
2019 06 23 07 50 19.080    28.422074    104.769344     5.47     1.6
2019 06 23 07 51 49.500    28.416726    104.795125     5.03     0.8
2019 06 23 07 56 09.800    28.411898    104.850350     2.95     0.9
2019 06 23 08 02 47.970    28.395540    104.853231     2.96     0.6
2019 06 23 08 04 28.620    28.422117    104.756226     6.05     1.7
2019 06 23 08 05 14.620    28.421395    104.757284     6.02     1.1
2019 06 23 08 05 08.580    28.431171    104.761548     5.48     0.9
2019 06 23 08 06 49.400    28.353477    104.886117     7.75     3.5
2019 06 23 08 14 13.870    28.351833    104.889144     3.21     0.2
2019 06 23 08 17 06.100    28.389742    104.862028     2.94     0.9
2019 06 23 08 18 15.940    28.424441    104.748820     6.36     0.4
2019 06 23 08 22 09.830    28.416996    104.777572     5.46     0.6
2019 06 23 08 22 45.520    28.417277    104.775952     5.29     0.5
2019 06 23 08 27 04.050    28.422253    104.770980      5.5     1.1
2019 06 23 08 28 48.780    28.417904    104.766089     5.55     2.5
2019 06 23 08 30 34.030    28.418736    104.763737     5.48     0.9
2019 06 23 08 31 42.970    28.420984    104.751473     6.12     1.1
2019 06 23 08 32 41.050    28.421118    104.774520     2.88     0.4
2019 06 23 08 33 04.920    28.416589    104.766203     5.29     1.0
2019 06 23 08 33 27.680    28.415403    104.781600     5.84     0.4
2019 06 23 08 35 51.870    28.430878    104.742464     6.85     0.7
2019 06 23 08 36 28.990    28.384031    104.871997     3.88     1.8
2019 06 23 08 36 56.620    28.458934    104.789657     5.93     1.6
2019 06 23 08 39 21.070    28.416243    104.763216     5.17     0.2
2019 06 23 08 40 42.330    28.402905    104.818953      5.5     0.8
2019 06 23 08 43 01.400    28.417306    104.764909      1.4     0.5
2019 06 23 08 43 39.050    28.407481    104.820256     6.94     0.5
2019 06 23 08 45 31.130    28.395612    104.834538     4.27     0.8
2019 06 23 08 46 01.510    28.402600    104.818408     5.53     1.2
2019 06 23 08 50 22.880    28.416703    104.768595     5.42     1.6
2019 06 23 08 51 11.500    28.416075    104.767716     5.25     0.7
2019 06 23 08 51 45.270    28.415953    104.767253     5.36     0.8
2019 06 23 08 51 35.900    28.418119    104.764290     4.52     0.4
2019 06 23 08 52 16.930    28.418787    104.772502     5.54     2.5
2019 06 23 08 54 06.360    28.416760    104.772542     5.29     1.4
2019 06 23 08 54 53.220    28.419948    104.771240     5.39     2.0
2019 06 23 08 54 40.120    28.414941    104.769425     5.22     1.4
2019 06 23 08 56 51.670    28.344906    104.899658     0.61     0.8
2019 06 23 08 57 35.480    28.416921    104.767114      5.4     0.3
2019 06 23 08 57 46.280    28.418435    104.770793     5.18     0.2
2019 06 23 08 59 05.240    28.417027    104.773910     5.28     0.8
2019 06 23 08 59 18.810    28.364931    104.931901     2.58     0.7
2019 06 23 09 01 20.040    28.418418    104.771948      5.5     2.2
2019 06 23 09 05 46.870    28.415662    104.770573     5.31     1.3
2019 06 23 09 06 00.710    28.417356    104.775195      5.1     1.1
2019 06 23 09 08 12.830    28.417299    104.791659      4.6     0.7
2019 06 23 09 10 11.960    28.420127    104.772257     5.05     0.8
2019 06 23 09 16 55.890    28.430149    104.777238     2.65     1.0
2019 06 23 09 17 43.210    28.433645    104.762858     4.16     1.0
2019 06 23 09 18 54.660    28.417839    104.773877     5.31     0.8
2019 06 23 09 19 17.030    28.430208    104.797681     5.34     2.7
2019 06 23 09 20 22.100    28.427920    104.792554     2.67     1.2
2019 06 23 09 23 20.900    28.432355    104.792448     5.23     0.8
2019 06 23 09 23 50.920    28.415963    104.771541     5.21     0.8
2019 06 23 09 27 50.750    28.432349    104.776473     4.37     1.4
2019 06 23 09 28 30.080    28.435712    104.774780     3.87     1.0
2019 06 23 09 32 02.840    28.423497    104.780680     5.22     0.9
2019 06 23 09 31 42.310    28.398792    104.849894     2.24     1.2
2019 06 23 09 32 22.850    28.366227    104.952743      3.2     1.2
2019 06 23 09 33 02.500    28.357847    104.933488     2.17     1.1
2019 06 23 09 33 51.740    28.396771    104.836165     4.71     2.2
2019 06 23 09 35 56.720    28.432666    104.784538     3.83     1.0
2019 06 23 09 39 10.210    28.446631    104.796159     5.88     0.9
2019 06 23 09 40 04.270    28.396566    104.835693     4.29     0.6
2019 06 23 09 40 31.380    28.416996    104.773779     5.34     0.8
2019 06 23 09 43 13.200    28.425505    104.776082     3.57     0.8
2019 06 23 09 47 19.560    28.417535    104.775846      5.2     1.0
2019 06 23 09 49 40.100    28.367226    104.949056     3.13     0.7
2019 06 23 09 54 43.800    28.430064    104.794124     3.83     1.2
2019 06 23 09 55 50.640    28.410409    104.822282     1.92     0.7
2019 06 23 09 56 32.870    28.419995    104.763346     5.52     1.8
2019 06 23 09 58 37.270    28.389630    104.831364     4.99     0.5
2019 06 23 10 09 01.300    28.419983    104.752620     6.16     1.4
2019 06 23 10 09 55.590    28.420355    104.772412     5.41     2.2
2019 06 23 10 11 20.850    28.373299    104.941642     3.24     0.5
2019 06 23 10 12 11.800    28.419399    104.753052     6.18     1.0
2019 06 23 10 14 03.730    28.409971    104.820166     3.56     1.1
2019 06 23 10 21 04.280    28.451874    104.787549     5.86     1.6
2019 06 23 10 21 46.090    28.386294    104.867399     2.39     1.0
2019 06 23 10 24 37.760    28.422756    104.772323     5.45     0.6
2019 06 23 10 28 48.490    28.424473    104.750212     6.34     0.4
2019 06 23 10 30 52.920    28.349438    104.883398     3.51     0.4
2019 06 23 10 32 58.410    28.388175    104.862142     2.77     0.8
2019 06 23 10 34 57.600    28.407792    104.847160     1.42     0.6
2019 06 23 10 36 54.290    28.424200    104.750155     6.33     0.8
2019 06 23 10 38 54.560    28.424329    104.749520     6.27     1.1
2019 06 23 10 38 45.600    28.382682    104.880013     2.66     0.6
2019 06 23 10 47 31.580    28.389781    104.827694     4.59     0.7
2019 06 23 10 48 42.120    28.448869    104.788118     5.72     0.8
2019 06 23 10 53 21.010    28.394969    104.813989     4.97     1.9
2019 06 23 10 54 10.260    28.425258    104.756657     5.74     1.2
2019 06 23 10 54 25.260    28.415310    104.835767     6.11     2.0
2019 06 23 11 00 11.410    28.418066    104.774349     5.34     0.6
2019 06 23 11 02 56.420    28.416325    104.771842     5.36     0.8
2019 06 23 11 02 43.370    28.418044    104.774007     5.44     0.8
2019 06 23 11 04 59.100    28.398433    104.838265     4.69     0.6
2019 06 23 11 07 42.260    28.433518    104.785897     4.19     1.2
2019 06 23 11 08 13.700    28.419753    104.769482     5.47     0.8
2019 06 23 11 09 54.910    28.490234    104.778743     4.97     0.6
2019 06 23 11 13 43.650    28.409383    104.807593     6.99     0.5
2019 06 23 11 16 32.150    28.438112    104.772591     4.83     1.2
2019 06 23 11 19 08.410    28.421625    104.840682     3.52     0.6
2019 06 23 11 19 24.450    28.417635    104.783146     4.88     0.6
2019 06 23 11 20 28.810    28.431333    104.773006     3.01     1.0
2019 06 23 11 21 17.470    28.438863    104.758016     6.07     0.6
2019 06 23 11 23 31.650    28.410767    104.803320     9.73     0.8
2019 06 23 11 25 48.450    28.415519    104.794645     4.74     1.0
2019 06 23 11 27 10.530    28.418073    104.784391     4.87     0.5
2019 06 23 11 27 41.290    28.434729    104.765820     5.51     2.0
2019 06 23 11 30 33.470    28.439280    104.790926     2.25     0.7
2019 06 23 11 31 33.910    28.428383    104.758252     3.31     0.9
2019 06 23 11 34 16.100    28.437042    104.769499     5.49     1.0
2019 06 23 11 34 50.170    28.426497    104.795239     3.95     0.4
2019 06 23 11 38 20.050    28.419525    104.812500     5.27    -0.0
2019 06 23 11 41 32.310    28.411837    104.812215      3.4     0.3
2019 06 23 11 41 54.730    28.422575    104.804631     3.76     0.4
2019 06 23 11 44 33.310    28.454983    104.781510     5.94     1.2
2019 06 23 11 48 25.100    28.393903    104.830908     4.43     0.7
2019 06 23 11 50 22.420    28.381307    104.883374     2.65     0.7
2019 06 23 11 51 35.170    28.395129    104.848804     3.19     1.0
2019 06 23 11 52 38.110    28.418109    104.789331     2.59     1.1
2019 06 23 11 52 55.030    28.417751    104.790715     4.68     1.3
2019 06 23 11 55 52.430    28.425041    104.754215     5.99     0.8
2019 06 23 11 58 02.380    28.448067    104.787581     5.84     2.0
2019 06 23 12 08 40.490    28.416239    104.794434     5.04     0.4
2019 06 23 12 10 48.580    28.424776    104.789478     5.22     0.9
2019 06 23 12 11 51.610    28.409261    104.780363     6.09     0.3
2019 06 23 12 16 52.010    28.418142    104.776270     5.08     0.3
2019 06 23 12 17 12.850    28.423122    104.766797     5.56     1.6
2019 06 23 12 21 19.370    28.429702    104.739648     7.81     1.6
2019 06 23 12 23 08.390    28.435661    104.768848     4.22     0.9
2019 06 23 12 31 30.120    28.422304    104.766602     5.53     1.3
2019 06 23 12 34 05.170    28.423635    104.768319     5.55     1.0
2019 06 23 12 34 50.690    28.423315    104.763322     5.25     0.6
2019 06 23 12 37 53.790    28.416526    104.793774     4.56     0.8
2019 06 23 12 39 03.010    28.423409    104.771867     5.27     0.7
2019 06 23 12 40 44.400    28.429425    104.733675     8.16     0.3
2019 06 23 12 42 46.930    28.435417    104.775716     4.07     1.4
2019 06 23 12 44 22.840    28.382123    104.861434     1.95     0.7
2019 06 23 12 45 13.620    28.437172    104.777083     5.49     0.7
2019 06 23 12 45 24.680    28.435258    104.774601     2.19     0.8
2019 06 23 12 46 06.850    28.382355    104.860457     1.94     1.9
2019 06 23 12 47 04.150    28.437036    104.761727     5.41     1.4
2019 06 23 12 47 46.110    28.421505    104.772380      5.5     1.3
2019 06 23 12 49 22.460    28.408555    104.754712     5.53     0.4
2019 06 23 12 53 38.860    28.422750    104.767961     5.61     0.8
2019 06 23 12 54 34.390    28.417303    104.792537     5.19     1.8
2019 06 23 12 56 13.910    28.416866    104.794377     4.69     1.2
2019 06 23 12 55 48.540    28.417249    104.790942     2.71     0.5
2019 06 23 12 55 58.860    28.418317    104.778784     4.61     0.2
2019 06 23 12 56 46.020    28.392137    104.844401     3.01     0.8
2019 06 23 13 03 25.540    28.442751    104.789299     4.69     0.9
2019 06 23 13 04 57.230    28.421352    104.766154     5.14     0.7
2019 06 23 13 05 09.900    28.421594    104.771143     5.34     1.1
2019 06 23 13 07 09.160    28.402848    104.845093     4.52     0.3
2019 06 23 13 10 39.080    28.416290    104.791455     2.17     0.6
2019 06 23 13 13 02.850    28.414213    104.767879     5.26     0.6
2019 06 23 13 14 42.800    28.417544    104.793107     5.18     0.9
2019 06 23 13 15 31.500    28.431270    104.783398     3.04     0.6
2019 06 23 13 20 17.650    28.491610    104.776440     4.84     0.2
2019 06 23 13 25 38.170    28.421415    104.763159     4.99     2.1
2019 06 23 13 25 43.110    28.422479    104.764982     5.56     2.2
2019 06 23 13 26 59.230    28.422831    104.767082     5.21     0.8
2019 06 23 13 27 50.310    28.261855    104.828239     7.62    -0.1
2019 06 23 13 29 35.250    28.422766    104.772754     5.33     1.1
2019 06 23 13 29 19.600    28.423826    104.764893     2.95     0.9
2019 06 23 13 30 42.020    28.393087    104.867684     2.32     0.4
2019 06 23 13 34 03.550    28.394132    104.832430     4.33     0.4
2019 06 23 13 34 48.640    28.395099    104.833407     4.58     0.5
2019 06 23 13 35 56.450    28.382487    104.873258     2.86     2.1
2019 06 23 13 37 22.310    28.443188    104.793343     3.04     0.7
2019 06 23 13 38 49.730    28.416858    104.764803     2.05     0.6
2019 06 23 13 40 11.450    28.422050    104.761686     5.56     0.8
2019 06 23 13 42 09.280    28.414573    104.818693     9.77     0.2
2019 06 23 13 46 21.200    28.370730    104.949479      3.1     1.1
2019 06 23 13 47 33.330    28.395209    104.849097      3.0     1.0
2019 06 23 13 51 49.240    28.430575    104.744971     5.95     0.6
2019 06 23 13 52 21.520    28.387834    104.851416     2.58     0.6
2019 06 23 13 53 45.910    28.351149    104.888916     3.21     0.5
2019 06 23 14 00 43.190    28.421244    104.762231     4.98     0.8
2019 06 23 14 00 33.780    28.377069    104.902930      2.0     0.7
2019 06 23 14 02 29.210    28.422312    104.761157     5.74     0.2
2019 06 23 14 04 56.590    28.441726    104.779663     2.89     0.3
2019 06 23 14 07 04.980    28.423816    104.769450     5.55     1.5
2019 06 23 14 13 10.520    28.432001    104.756445     5.31     0.3
2019 06 23 14 14 03.580    28.345880    104.881323     1.91     0.4
2019 06 23 14 17 19.050    28.401058    104.843294     3.16     0.9
2019 06 23 14 17 55.080    28.449632    104.787199      5.8     0.5
2019 06 23 14 19 18.070    28.423653    104.771948     0.29     0.3
2019 06 23 14 20 01.250    28.412624    104.836190     5.52     2.9
2019 06 23 14 24 24.200    28.424699    104.757137     6.18     0.4
2019 06 23 14 24 14.420    28.394902    104.948389      2.4     0.0
2019 06 23 14 25 03.410    28.481742    104.784538     5.85     0.3
2019 06 23 14 27 39.420    28.386621    104.877523     2.01     0.4
2019 06 23 14 27 14.060    28.481376    104.786776      5.8     0.1
2019 06 23 14 28 15.400    28.422829    104.767578     5.56     2.0
2019 06 23 14 28 04.090    28.423181    104.770475     0.61     0.7
2019 06 23 14 32 16.490    28.369120    104.882625     2.83     0.8
2019 06 23 14 33 31.310    28.397746    104.836605      4.6     1.6
2019 06 23 14 36 01.780    28.392552    104.932731     2.74     0.9
2019 06 23 14 36 48.440    28.421077    104.771045     2.86     0.4
2019 06 23 14 37 25.030    28.422898    104.769336     5.01     0.3
2019 06 23 14 40 25.500    28.422719    104.768083     5.24    -0.0
2019 06 23 14 42 37.850    28.418660    104.779012     4.77     0.6
2019 06 23 14 46 51.440    28.420321    104.769442     2.95     0.4
2019 06 23 14 48 39.040    28.420982    104.768815     5.46     1.8
2019 06 23 14 51 50.820    28.414644    104.830021     5.86     0.7
2019 06 23 14 53 57.340    28.400846    104.856356     2.22     0.6
2019 06 23 14 53 36.730    28.420520    104.766121     5.51     0.5
2019 06 23 14 54 46.140    28.420121    104.768937     5.53     1.0
2019 06 23 14 54 52.590    28.420304    104.768424     5.41     1.2
2019 06 23 14 55 42.160    28.435069    104.766903     5.45     0.7
2019 06 23 14 56 40.260    28.427273    104.797160     4.31     2.7
2019 06 23 14 58 09.530    28.423851    104.771582    -0.41     0.9
2019 06 23 15 09 07.040    28.389600    104.827010     4.65     1.0
2019 06 23 15 08 59.430    28.422133    104.760539      5.0     0.7
2019 06 23 15 11 42.790    28.419458    104.756608     5.99     0.6
2019 06 23 15 12 55.540    28.437864    104.796281     3.27     0.6
2019 06 23 15 13 57.190    28.408240    104.816479     2.59     0.5
2019 06 23 15 14 53.810    28.420909    104.782316     5.23     0.3
2019 06 23 15 17 31.810    28.442444    104.760026     5.53     1.4
2019 06 23 15 17 21.060    28.442590    104.754671     5.59     1.0
2019 06 23 15 21 16.380    28.418850    104.780493     5.08    -0.0
2019 06 23 15 22 44.660    28.360866    104.887573     4.28     0.2
2019 06 23 15 23 44.760    28.420201    104.772282     5.21     0.7
2019 06 23 15 24 10.970    28.420630    104.771232     2.13     0.3
2019 06 23 15 25 59.530    28.353746    104.898462     2.68     0.9
2019 06 23 15 30 01.000    28.404628    104.825342     2.01    -0.0
2019 06 23 15 30 48.850    28.420353    104.765934     5.47     0.6
2019 06 23 15 31 36.120    28.423069    104.768896     5.07     1.0
2019 06 23 15 34 18.340    28.434072    104.773844     5.49     0.6
2019 06 23 15 38 53.740    28.389834    104.827979     4.49     0.8
2019 06 23 15 40 22.400    28.437144    104.770955     5.49     1.3
2019 06 23 15 44 55.840    28.417037    104.784285     5.05     0.7
2019 06 23 15 48 45.910    28.416774    104.793774      4.6     0.7
2019 06 23 15 51 35.490    28.438340    104.793831     2.79     0.5
2019 06 23 15 53 23.640    28.423407    104.768579     5.06     0.4
2019 06 23 15 52 58.500    28.425643    104.747103     6.52     0.0
2019 06 23 15 54 24.790    28.416248    104.793335     4.48     0.7
2019 06 23 15 55 22.130    28.420058    104.766854     5.43     1.2
2019 06 23 15 56 26.980    28.412000    104.811027     4.01     1.7
2019 06 23 15 56 14.210    28.420162    104.764852     5.62    -0.1
2019 06 23 15 57 14.540    28.416457    104.793278     4.48     1.0
2019 06 23 15 57 24.730    28.418606    104.765690     5.56     0.8
2019 06 23 15 58 41.460    28.387524    104.852913     2.57     0.8
2019 06 23 15 59 38.770    28.442428    104.793123      3.0     0.7
2019 06 23 16 00 15.480    28.394700    104.846045     2.97     0.1
2019 06 23 16 02 27.170    28.417686    104.777751     5.21     0.8
2019 06 23 16 04 24.270    28.351272    104.881470     3.05     0.4
2019 06 23 16 05 25.810    28.386749    104.866138     2.75     1.1
2019 06 23 16 07 37.580    28.436182    104.775301     4.08     1.4
2019 06 23 16 09 05.740    28.422502    104.771240     4.84     0.6
2019 06 23 16 09 48.150    28.442637    104.805737     2.84     0.3
2019 06 23 16 11 48.040    28.387162    104.853011     2.55     0.4
2019 06 23 16 12 54.700    28.420583    104.764323     5.45     0.2
2019 06 23 16 17 40.480    28.408813    104.851351     2.77     0.2
2019 06 23 16 18 12.060    28.388833    104.830371     5.04     0.1
2019 06 23 16 20 23.840    28.374967    104.887451      2.9     0.3
2019 06 23 16 22 34.180    28.435858    104.795264     2.61     0.1
2019 06 23 16 23 34.710    28.423773    104.787899     5.07    -0.0
2019 06 23 16 26 50.400    28.393941    104.831714     4.58     0.5
2019 06 23 16 28 00.640    28.446240    104.752604      5.5     1.9
2019 06 23 16 33 33.680    28.435671    104.774870     3.07     0.2
2019 06 23 16 33 59.710    28.381637    104.859041     1.93     0.3
2019 06 23 16 34 47.930    28.490291    104.777604     5.03     0.8
2019 06 23 16 36 10.310    28.420241    104.768880     2.86    -0.1
2019 06 23 16 36 38.960    28.382652    104.875993     4.27     0.5
2019 06 23 16 37 56.820    28.444155    104.799780     5.39     2.6
2019 06 23 16 46 26.000    28.400429    104.811377     1.67     0.4
2019 06 23 16 47 04.540    28.359143    104.949512     2.88     0.3
2019 06 23 16 52 16.730    28.437988    104.772477     5.56     0.7
2019 06 23 16 55 39.700    28.413381    104.786084     4.42     0.2
2019 06 23 16 57 03.980    28.420648    104.772355     2.84     0.7
2019 06 23 16 58 33.630    28.429620    104.748926     0.64     0.5
2019 06 23 16 58 26.090    28.421289    104.769963     5.34     0.5
2019 06 23 17 01 45.120    28.423960    104.771997    -0.31     0.1
2019 06 23 17 03 32.040    28.410551    104.825000     0.99     0.1
2019 06 23 17 07 53.260    28.420217    104.762549     5.49     0.4
2019 06 23 17 08 16.640    28.412864    104.852230     2.97     0.4
2019 06 23 17 13 09.840    28.419731    104.762858     2.41     0.1
2019 06 23 17 14 54.400    28.370732    104.905452     2.53     0.8
2019 06 23 17 15 35.640    28.418949    104.766300     2.21     0.3
2019 06 23 17 16 44.160    28.426609    104.763363     5.16     0.5
2019 06 23 17 18 21.440    28.425513    104.796981     3.01     0.7
2019 06 23 17 19 03.600    28.391231    104.856787     2.83     0.8
2019 06 23 17 22 02.880    28.388247    104.858976     1.79     0.2
2019 06 30 04 31 41.270    28.417141    104.775155     5.29     0.9
2019 06 23 17 30 56.260    28.420241    104.773983    -1.49     0.5
2019 06 23 17 33 44.800    28.422583    104.784505     5.25     1.4
2019 06 23 17 35 36.060    28.365424    104.937948     3.05     0.4
2019 06 23 17 37 07.360    28.355243    104.891056     3.03     0.8
2019 06 23 17 46 21.240    28.426723    104.798250     3.75     0.2
2019 06 23 17 47 14.600    28.392749    104.856641     3.03     0.3
2019 06 23 17 47 51.320    28.373081    104.905127     7.98    -0.3
2019 06 23 17 49 27.920    28.417407    104.792920     4.69     0.4
2019 06 23 17 49 12.580    28.346816    104.892928     1.42     0.7
2019 06 23 17 50 05.280    28.431177    104.773910      3.0     0.5
2019 06 23 17 54 04.160    28.423551    104.782845     5.62     0.3
2019 06 23 17 54 58.000    28.383826    104.884668     1.79     0.4
2019 06 23 17 56 10.400    28.389539    104.833105     5.42     0.0
2019 06 23 17 56 52.240    28.388326    104.865210     1.52    -0.1
2019 06 23 17 57 17.760    28.381169    104.883529     2.59     0.1
2019 06 23 17 58 02.880    28.386074    104.879191      4.2     2.3
2019 06 23 18 00 24.480    28.381496    104.883154     2.65     0.4
2019 06 23 18 01 28.180    28.354828    104.894474     2.66     0.4
2019 06 30 12 21 20.740    28.426709    104.788647     3.08     2.1
2019 06 23 18 04 06.920    28.381409    104.870532     1.07     0.2
2019 06 23 18 05 31.240    28.419035    104.777279     2.86     0.3
2019 06 23 18 05 55.420    28.386607    104.866911     2.21     0.1
2019 06 23 18 07 55.360    28.422115    104.783317     5.26     0.1
2019 06 23 18 12 50.480    28.475566    104.790951     0.26     1.1
2019 06 23 18 16 09.660    28.402315    104.852433      1.6     0.0
2019 06 23 18 20 16.080    28.440833    104.793986     2.92     1.8
2019 06 23 18 21 19.400    28.380349    104.887972     2.69     0.4
2019 06 23 18 22 26.760    28.382121    104.900090     3.56     0.8
2019 06 23 18 24 42.960    28.357591    104.942049     3.61     0.4
2019 06 23 18 25 41.480    28.430334    104.798014     5.76     0.4
2019 06 23 18 25 56.980    28.361434    104.940601     3.37     0.4
2019 06 23 18 32 54.400    28.347937    104.892871      2.4     1.0
2019 06 23 18 33 25.760    28.439520    104.795378     4.73     0.5
2019 06 23 18 34 30.200    28.351721    104.890112     2.89     0.5
2019 06 23 18 36 39.680    28.403931    104.822900     2.22     0.2
2019 06 23 18 37 09.640    28.447394    104.787638     5.79    -0.2
2019 06 23 18 43 50.560    28.438169    104.762329     5.64     0.8
2019 06 23 18 44 28.600    28.344710    104.894393      1.5     0.3
2019 06 23 18 50 13.560    28.380170    104.886475     2.22     1.9
2019 06 23 18 51 17.320    28.396049    104.837077     4.67     0.4
2019 06 23 18 51 38.240    28.369920    104.867944    -0.24     0.2
2019 06 23 18 52 29.200    28.378210    104.917855     4.52     0.4
2019 06 23 18 58 18.120    28.420664    104.811914     4.22    -0.1
2019 06 23 19 00 25.640    28.423720    104.781877     5.53     0.3
2019 06 23 19 09 11.560    28.423822    104.824552     3.35     0.4
2019 06 23 19 12 56.300    28.426526    104.789030     3.08     0.6
2019 06 23 19 14 01.180    28.333848    104.972534     1.71     0.2
2019 06 23 19 14 31.400    28.364604    104.899935     2.41     0.3
2019 06 23 19 19 17.720    28.413359    104.810441      3.4     0.1
2019 06 23 19 21 22.560    28.439221    104.796769      3.5     0.1
2019 06 23 19 21 02.840    28.410358    104.834798     3.73     0.0
2019 06 23 19 23 44.920    28.423625    104.744987     3.81     0.4
2019 06 23 19 24 26.280    28.347829    104.893221     2.46     0.6
2019 06 23 19 29 18.760    28.443127    104.804964     1.94     0.5
2019 06 23 19 29 42.600    28.435758    104.769686     4.18     0.7
2019 06 23 19 30 57.160    28.419548    104.773364     2.91     0.2
2019 06 23 19 32 05.840    28.441777    104.804964      5.2     0.2
2019 06 23 19 32 55.160    28.422894    104.815080      1.0     0.2
2019 06 23 19 33 13.880    28.414323    104.811198     3.93    -0.1
2019 06 23 19 33 56.940    28.396785    104.859513     3.38     0.5
2019 06 23 19 37 52.780    28.435756    104.789355     2.93     0.2
2019 06 23 19 38 19.200    28.398981    104.840080      4.8     1.5
2019 06 23 19 39 14.120    28.416571    104.764372     2.87     0.9
2019 06 23 19 39 47.320    28.396501    104.827441     5.17     0.6
2019 06 23 19 41 29.520    28.439604    104.783488     3.42     0.3
2019 06 23 19 41 53.600    28.414675    104.797933     3.84     0.6
2019 06 23 19 42 12.360    28.434397    104.791146     3.06     0.9
2019 06 23 19 42 44.940    28.411405    104.813232     3.59    -0.1
2019 06 23 19 43 57.520    28.490175    104.778524     4.92     0.6
2019 06 23 19 46 11.260    28.415485    104.762752     5.25     0.3
2019 06 23 19 46 55.400    28.353005    104.888647      3.0    -0.1
2019 06 23 19 48 27.760    28.446141    104.799186     5.33     1.0
2019 06 23 19 49 35.760    28.398682    104.839771      4.7     0.8
2019 06 23 19 51 59.160    28.429655    104.775643     2.89     1.3
2019 06 23 19 51 52.240    28.392483    104.933065     2.75     0.3
2019 06 23 19 53 00.880    28.425287    104.799951     7.91     0.4
2019 06 23 19 54 06.640    28.430804    104.775171     1.75     0.7
2019 06 23 19 56 13.660    28.383207    104.883521     2.65     0.4
2019 06 23 19 57 56.600    28.424976    104.750553     6.31     1.0
2019 06 23 19 59 39.680    28.430493    104.789583     3.32     0.3
2019 06 23 20 00 20.600    28.380583    104.886759     2.64     0.1
2019 06 23 20 01 02.980    28.389642    104.865373     2.77     0.8
2019 06 23 20 01 27.920    28.451567    104.787760     5.97     0.4
2019 06 23 20 05 05.640    28.419812    104.766927     5.59     0.3
2019 06 23 20 06 19.580    28.438570    104.801530     5.67     1.4
2019 06 23 20 07 11.280    28.393166    104.846183     2.99     0.8
2019 06 23 20 09 39.120    28.380804    104.886629     2.64     0.5
2019 06 23 20 10 22.000    28.432532    104.778011     4.29     0.2
2019 06 23 20 13 33.640    28.434403    104.772941      4.1     0.7
2019 06 23 20 16 35.260    28.354220    104.901676      2.6     0.3
2019 06 23 20 16 52.920    28.439199    104.794328     2.96     0.7
2019 06 23 20 19 20.180    28.380459    104.887671      1.5     0.2
2019 06 23 20 20 55.640    28.430198    104.790234     5.53     0.9
2019 06 23 20 23 04.420    28.423492    104.770264     5.44     0.4
2019 06 23 20 24 46.240    28.384863    104.837891    -0.06     0.4
2019 06 23 20 25 03.100    28.445793    104.804378     3.39     0.4
2019 06 23 20 26 05.520    28.365896    104.933219     2.55     0.3
2019 07 01 11 01 20.880    28.415660    104.786605     2.75     0.2
2019 06 23 20 26 55.720    28.420848    104.780477      2.7     0.6
2019 06 23 20 27 37.360    28.431287    104.772526     2.96     0.3
2019 06 23 20 29 16.200    28.432003    104.759285     3.01     0.5
2019 06 23 20 31 19.440    28.388106    104.837264     0.06     0.6
2019 06 23 20 31 48.120    28.363047    104.903833     5.65     2.1
2019 06 23 20 32 53.340    28.365562    104.920972     2.24     0.6
2019 06 23 20 33 16.920    28.345083    104.880697     2.59    -0.0
2019 06 23 20 35 01.260    28.364768    104.904785     2.14     0.5
2019 06 23 20 37 19.360    28.390662    104.901799     1.23     0.3
2019 06 23 20 38 15.160    28.420699    104.767977     5.07     0.8
2019 06 23 20 39 10.500    28.365367    104.904541     2.54     0.8
2019 06 23 20 39 05.240    28.482078    104.793742     6.64     0.5
2019 06 23 20 39 25.880    28.442517    104.773462    -0.87     0.7
2019 06 23 20 42 00.640    28.412199    104.817773     2.47     0.4
2019 06 23 20 42 52.120    28.345669    104.886198     3.62     0.2
2019 07 01 12 51 00.940    28.429671    104.765869     5.51     0.8
2019 06 23 20 45 59.420    28.420115    104.763289     5.46     0.1
2019 06 23 20 46 57.320    28.351619    104.889486     2.68     0.1
2019 06 23 20 47 22.500    28.450983    104.789396     6.19     3.8
2019 06 23 20 48 25.720    28.446279    104.782650     4.68     2.0
2019 06 23 20 51 10.720    28.442458    104.780054     4.02     0.8
2019 06 23 20 53 08.100    28.391947    104.857365     2.97     0.5
2019 06 23 20 57 08.400    28.421665    104.764225     5.52     1.1
2019 06 23 20 56 52.760    28.415556    104.786841     2.72     0.3
2019 06 23 20 58 30.980    28.442251    104.794442     4.06     0.5
2019 06 23 21 06 05.920    28.424827    104.780208     5.53     2.9
2019 06 23 21 05 44.500    28.421356    104.763696     5.51     1.0
2019 06 23 21 11 36.720    28.422032    104.783000     5.25     0.6
2019 06 23 21 12 13.760    28.415346    104.804329     3.75     0.5
2019 06 23 21 11 51.980    28.432648    104.734090     8.37     0.6
2019 06 23 21 13 38.360    28.416014    104.792269     2.26     0.3
2019 06 23 21 16 48.860    28.415818    104.792334     2.16     0.3
2019 06 23 21 17 51.760    28.370184    104.867041    -0.05     0.7
2019 06 23 21 21 40.120    28.433911    104.755037     7.75     0.5
2019 06 23 21 23 09.100    28.424512    104.782324     5.72     2.6
2019 06 23 21 24 22.780    28.422211    104.782544     5.26     0.5
2019 06 23 21 27 14.640    28.420799    104.768294     4.96     1.0
2019 06 23 21 30 19.160    28.421143    104.783008     2.99     0.5
2019 06 23 21 35 45.440    28.401577    104.854297     5.27     1.2
2019 06 23 21 40 33.480    28.385278    104.839738     4.01     0.2
2019 06 23 21 40 52.720    28.422845    104.749023     6.28     0.7
2019 06 23 21 41 40.560    28.434538    104.791138    -0.55     0.3
2019 06 23 21 41 25.260    28.424833    104.778678     5.88     0.2
2019 06 23 21 42 41.420    28.386306    104.839738     4.15     0.2
2019 06 23 21 43 28.260    28.420351    104.770199     2.95     0.6
2019 06 23 21 44 10.240    28.385187    104.839616     3.99     0.2
2019 06 23 21 44 47.240    28.421436    104.778792     2.78     0.5
2019 06 23 21 46 01.440    28.421444    104.771615     5.54     2.7
2019 06 23 21 48 10.760    28.385236    104.839535      4.0     0.5
2019 06 23 21 49 22.800    28.420357    104.773250     5.33    -0.0
2019 06 23 21 53 50.680    28.440438    104.789445     3.22     0.3
2019 06 23 21 54 09.560    28.445048    104.791439     5.65     0.1
2019 06 23 21 57 42.320    28.356982    104.933000     2.76     0.4
2019 06 23 21 58 29.940    28.377336    104.862557     1.65     0.4
2019 06 23 22 02 30.900    28.388780    104.829744     5.07     1.0
2019 06 23 22 02 49.640    28.393896    104.853621     2.85     0.9
2019 06 23 22 03 55.560    28.417480    104.778662     5.41     2.1
2019 06 23 22 03 27.960    28.385419    104.839665     4.01     0.6
2019 06 23 22 06 02.320    28.422394    104.772266     5.45     0.5
2019 06 23 22 07 36.800    28.432524    104.787142     4.18     0.4
2019 06 23 22 10 11.120    28.356569    104.931673     2.08     0.7
2019 06 23 22 15 12.620    28.355225    104.896281     2.99     0.4
2019 06 23 22 18 11.640    28.420105    104.772257     2.89     0.8
2019 06 23 22 22 22.800    28.438770    104.796566     5.15     1.0
2019 06 23 22 28 08.840    28.417938    104.777547     5.29     0.6
2019 06 23 22 31 42.260    28.424121    104.760099     6.01     2.7
2019 06 23 22 32 42.840    28.423289    104.760433     3.31     1.5
2019 06 23 22 37 48.200    28.393752    104.830241     4.57     0.5
2019 06 23 22 38 00.920    28.420559    104.785978     5.17     0.8
2019 06 23 22 38 41.560    28.424587    104.760099     5.66     0.4
2019 06 23 22 39 45.000    28.385256    104.839632     3.99     0.9
2019 06 23 22 42 38.160    28.426971    104.781022     2.89     0.8
2019 06 23 22 42 32.400    28.371429    104.953117     2.31     0.7
2019 06 23 22 43 45.080    28.385173    104.839209     4.01     0.8
2019 06 23 22 48 25.520    28.385158    104.839128     4.04     0.5
2019 06 23 22 49 28.060    28.387142    104.865788     2.41     0.6
2019 06 23 22 49 58.960    28.447172    104.799577     3.24     1.0
2019 06 23 22 53 40.860    28.444836    104.746606     5.24     1.1
2019 06 23 22 54 11.720    28.400275    104.825041     1.69     0.3
2019 06 23 22 57 25.080    28.389109    104.867098     2.58     1.0
2019 06 23 23 00 56.240    28.416803    104.793978      5.2     1.7
2019 06 23 23 03 12.160    28.429824    104.782951      2.8     0.9
2019 06 23 23 07 12.440    28.396271    104.853581     2.98     0.6
2019 06 23 23 10 12.760    28.399727    104.841398      4.8     0.9
2019 06 23 23 15 42.720    28.361326    104.942765     3.32     0.3
2019 06 23 23 16 11.240    28.361253    104.942537     3.33     0.6
2019 06 23 23 16 29.060    28.402606    104.850936     5.11     0.6
2019 06 23 23 17 27.080    28.420447    104.770728     4.22     0.1
2019 06 23 23 26 53.840    28.440265    104.779321     3.13     0.6
2019 06 23 23 30 12.340    28.435840    104.762858     5.56     1.6
2019 06 23 23 31 40.080    28.445087    104.791886     5.66     0.9
2019 06 23 23 34 58.880    28.395907    104.836019     9.17     4.0
2019 06 23 23 38 34.760    28.399146    104.839933     4.79     1.0
2019 06 23 23 39 27.040    28.394712    104.847420     3.16     1.1
2019 06 23 23 40 12.000    28.399634    104.841659     4.65     1.0
2019 06 23 23 45 20.080    28.389010    104.830355     5.02     0.8
2019 06 23 23 46 29.080    28.427574    104.763070     2.57     0.4
2019 06 23 23 47 50.360    28.399719    104.840088     5.09     1.1
2019 06 23 23 58 07.040    28.387425    104.862866     1.73     0.6
2019 06 24 00 02 09.100    28.406604    104.827026     4.04     0.5
2019 06 24 00 09 43.410    28.446517    104.791520      5.7     1.6
2019 06 24 00 10 44.900    28.421895    104.784318      5.2     0.5
2019 06 24 00 11 23.310    28.399357    104.857104     3.03     0.7
2019 06 24 00 12 59.970    28.399518    104.811263     2.61     1.1
2019 06 24 00 13 23.940    28.435809    104.792847     3.06     0.7
2019 06 24 00 14 50.100    28.378931    104.927840     3.04     0.8
2019 06 24 00 16 08.750    28.423073    104.770996    -0.32     0.4
2019 06 24 00 17 00.230    28.398979    104.840560     4.84     0.8
2019 06 24 00 20 27.860    28.416071    104.791235     1.54     0.7
2019 06 24 00 28 35.170    28.398954    104.838908     4.62     1.4
2019 06 24 00 32 16.150    28.446488    104.792057     5.66     1.9
2019 06 24 00 37 14.640    28.426208    104.754232     6.09     1.5
2019 06 24 00 37 51.040    28.445264    104.791520     5.67     1.6
2019 06 24 00 39 27.070    28.445302    104.790828      5.6     0.2
2019 06 24 00 45 19.950    28.380275    104.886206     2.51     2.3
2019 06 24 00 47 08.350    28.437410    104.787744     3.17     1.0
2019 06 24 00 51 27.750    28.411277    104.800562      2.7     0.6
2019 06 24 01 01 23.210    28.424811    104.773356     0.77     0.8
2019 06 24 01 01 54.330    28.419371    104.832650     3.53     0.6
2019 06 24 01 03 16.070    28.433061    104.777482     2.97     0.9
2019 06 24 01 05 17.280    28.441595    104.788013     3.16     1.6
2019 06 24 01 06 55.820    28.404716    104.819474     3.15     0.6
2019 06 24 01 09 30.680    28.424341    104.793612     2.08     0.8
2019 06 24 01 11 24.130    28.356809    104.891593     1.24     1.3
2019 06 24 01 15 48.630    28.450637    104.743026     5.67     1.6
2019 06 24 01 16 15.200    28.383057    104.838306     4.39     1.6
2019 06 24 01 20 30.280    28.435496    104.771053      5.5     2.1
2019 06 24 01 23 16.160    28.446637    104.789746     5.78     3.8
2019 06 24 01 26 07.980    28.449345    104.787231     5.57     1.6
2019 06 24 01 28 54.240    28.442576    104.789030      3.4     0.9
2019 06 24 01 29 45.400    28.445858    104.790723     5.79     0.9
2019 06 24 01 29 59.330    28.455190    104.787703     4.77     0.8
2019 06 24 01 31 09.520    28.448409    104.787354     5.84     1.1
2019 06 24 01 31 46.440    28.442377    104.787581     3.54     1.1
2019 06 24 01 32 16.980    28.453554    104.788363      5.9     0.8
2019 06 24 01 34 45.190    28.450775    104.787516      5.7     0.9
2019 06 24 01 35 13.620    28.376825    104.916040     2.29     1.0
2019 06 24 01 35 55.870    28.449729    104.788550     5.65     0.9
2019 06 24 01 37 32.030    28.411623    104.854687     2.88     0.8
2019 06 24 01 39 57.620    28.428585    104.748747     6.51     0.9
2019 06 24 01 40 14.560    28.399982    104.843075     4.68     0.8
2019 06 24 01 44 48.450    28.406160    104.851082     3.12     1.7
2019 06 24 01 45 27.800    28.429592    104.750789     3.63     0.5
2019 06 24 01 49 52.780    28.435004    104.768766     3.18     1.0
2019 06 24 01 50 39.780    28.449363    104.781966    -1.24     0.7
2019 06 24 01 53 17.160    28.446497    104.787272      5.8     0.9
2019 06 24 01 54 25.730    28.432420    104.774902     4.12     1.0
2019 06 24 15 51 51.110    28.398576    104.838232     4.68     0.8
2019 06 24 01 55 44.040    28.445384    104.783016     4.08     1.0
2019 06 24 02 06 55.270    28.426821    104.784155     3.85     0.6
2019 06 24 02 07 21.360    28.380996    104.967985     2.99     0.9
2019 06 24 02 11 31.000    28.448435    104.787557     5.86     2.6
2019 06 24 02 13 57.100    28.385128    104.877368     4.16     1.2
2019 06 24 02 13 50.070    28.397225    104.815755     1.73     0.8
2019 06 24 02 16 02.690    28.261552    104.828084     7.59     0.8
2019 06 24 02 17 36.290    28.415220    104.853581     2.94     1.3
2019 06 24 02 21 58.750    28.418329    104.770394     2.16     0.8
2019 06 24 02 22 30.790    28.428269    104.730143     7.87     0.8
2019 06 24 02 30 10.610    28.445756    104.790308      5.7     1.0
2019 06 24 02 29 51.340    28.420249    104.777865     5.09     0.4
2019 06 24 02 30 33.400    28.449955    104.788615     5.55     0.7
2019 06 24 02 32 51.290    28.361194    104.936922     2.96     1.0
2019 06 24 02 34 17.180    28.397852    104.840007     4.79     1.4
2019 06 24 02 34 44.950    28.449457    104.781372     0.74     0.2
2019 06 24 02 41 26.920    28.451219    104.787118     5.88     1.4
2019 06 24 02 47 19.870    28.410258    104.820402     5.76     1.2
2019 06 24 02 57 47.170    28.414819    104.852995     2.93     0.5
2019 06 24 02 59 09.710    28.366970    104.906803     4.38     1.2
2019 06 24 03 04 27.850    28.394928    104.844548     3.23     1.6
2019 06 24 03 28 56.070    28.386123    104.867993     2.36     1.1
2019 06 24 03 35 24.820    28.447160    104.788175     5.34     0.8
2019 06 24 03 37 37.010    28.430343    104.737720     6.22     1.6
2019 06 24 03 43 29.830    28.398940    104.840283     4.65     1.2
2019 06 24 03 47 50.980    28.414315    104.852734     2.96     0.8
2019 06 24 03 49 23.620    28.430166    104.733651     8.25     0.8
2019 06 24 03 50 27.850    28.423698    104.781022     1.81     0.8
2019 06 24 03 57 04.620    28.448389    104.788753     5.78     1.1
2019 06 24 04 00 42.740    28.353621    104.897111     2.69     1.1
2019 06 24 04 01 09.730    28.424447    104.769027     5.58     0.8
2019 06 24 04 08 45.160    28.387077    104.840633     3.95     0.9
2019 06 24 04 10 53.110    28.436900    104.786182     2.43     1.1
2019 06 24 04 15 35.420    28.439492    104.786776     5.38     0.6
2019 06 24 04 17 23.930    28.373836    104.898348     3.02     1.0
2019 06 24 04 18 45.760    28.383388    104.884855     2.94     0.6
2019 06 24 04 20 13.540    28.378259    104.899813     1.34     1.3
2019 06 24 04 22 50.490    28.432821    104.752214     4.95     1.0
2019 06 24 04 25 10.590    28.425924    104.780485      5.8     0.4
2019 06 24 04 27 04.300    28.451031    104.788241     5.85     1.1
2019 06 24 04 26 56.510    28.418821    104.770418     1.73     0.8
2019 06 24 04 29 40.170    28.391805    104.933976     2.75     0.9
2019 06 24 04 30 14.520    28.392133    104.857723     2.96     0.6
2019 06 24 04 30 59.040    28.391933    104.933903     2.75     1.1
2019 06 24 04 31 33.890    28.413590    104.825212     2.57     1.5
2019 06 24 04 38 43.920    28.449638    104.809896     1.08     1.0
2019 06 24 04 46 56.130    28.426522    104.757804     3.54     0.7
2019 06 24 04 53 37.470    28.447439    104.787557      5.8     0.7
2019 06 24 04 57 17.040    28.423132    104.767342     5.52     1.5
2019 06 24 04 59 30.290    28.397803    104.837671     4.58     0.7
2019 06 24 05 05 28.590    28.380101    104.890397     2.88     0.6
2019 06 24 05 08 34.390    28.353593    104.942879     2.58     1.2
2019 06 24 05 13 39.290    28.451343    104.787354     5.86     1.0
2019 06 24 05 14 26.940    28.396417    104.857886     5.34     1.2
2019 06 24 05 20 39.210    28.445640    104.789217     5.61     1.5
2019 06 24 05 23 52.060    28.397512    104.815454     1.79     0.7
2019 06 24 05 26 00.110    28.414557    104.832886     2.05     0.8
2019 06 24 05 27 33.760    28.449904    104.780151     1.43     0.5
2019 06 24 05 28 08.540    28.422780    104.762240     4.62     0.6
2019 06 24 05 30 34.040    28.448836    104.785042      5.2     0.6
2019 06 24 05 31 35.690    28.426416    104.789299     3.04     0.4
2019 06 24 05 33 34.460    28.434892    104.771037     5.52     1.1
2019 06 24 05 36 27.870    28.397048    104.873543     2.57     0.4
2019 06 24 05 40 23.330    28.433390    104.768660     3.13     1.4
2019 06 24 05 42 28.840    28.397750    104.837345      4.7     0.5
2019 06 24 05 47 22.540    28.431053    104.739372     5.37     0.5
2019 06 24 05 49 39.840    28.442169    104.787052     3.55     1.1
2019 06 24 05 53 38.780    28.446018    104.788672     5.74     0.6
2019 06 24 05 55 53.110    28.450205    104.787150     5.87     1.7
2019 06 24 05 58 19.090    28.478790    104.777458      8.4     1.4
2019 06 24 06 00 41.160    28.399467    104.841398     4.63     0.7
2019 06 24 06 01 47.740    28.391929    104.934245     2.73     1.0
2019 06 24 06 02 58.720    28.454911    104.788452     5.84     0.6
2019 06 24 06 03 51.910    28.422937    104.780330      5.3     1.6
2019 06 24 06 05 10.470    28.411281    104.827303     0.89     1.0
2019 06 24 06 08 16.710    28.434072    104.774390     4.68     0.8
2019 06 24 06 08 44.500    28.435146    104.775765     3.94     0.6
2019 06 24 06 14 28.930    28.423307    104.756307     2.63     0.8
2019 06 24 06 18 37.590    28.392389    104.875212     2.19     0.9
2019 06 24 06 22 05.880    28.438365    104.792367     3.88     0.4
2019 06 24 06 23 35.260    28.362327    104.901359    -0.98     0.4
2019 06 24 06 26 34.700    28.422904    104.772607     5.48     1.2
2019 06 24 06 28 35.410    28.422638    104.768164     5.27     0.5
2019 06 24 06 29 52.460    28.414372    104.811719     3.74     0.4
2019 06 24 06 36 26.740    28.423615    104.766951     5.68     2.4
2019 06 24 06 37 51.320    28.392621    104.906982     5.59     1.3
2019 06 24 06 38 30.410    28.421820    104.840535     3.52     1.5
2019 06 24 06 39 44.280    28.424563    104.766553     5.37     1.4
2019 06 24 06 40 00.260    28.452694    104.792855     5.75     1.5
2019 06 24 06 40 42.580    28.422538    104.769165     5.47     0.9
2019 06 26 16 12 21.000    28.392035    104.934562     2.75     0.9
2019 06 24 06 43 57.810    28.440426    104.797380      5.4     1.5
2019 06 24 06 44 52.320    28.397569    104.836890     4.58     0.9
2019 06 24 06 47 01.450    28.423716    104.767822     5.49     0.6
2019 06 24 06 47 45.390    28.442509    104.787101     3.47     0.7
2019 06 24 06 56 28.990    28.419314    104.777979     4.49     1.0
2019 06 24 06 57 48.180    28.373704    104.887150     2.08     0.9
2019 06 24 06 58 22.350    28.385942    104.880404     4.18     1.5
2019 06 26 22 23 41.060    28.349066    104.934253      3.8     0.5
2019 06 24 07 05 40.350    28.351898    104.931234     2.16     1.0
2019 06 24 07 15 51.580    28.482766    104.769035     6.65     1.0
2019 06 24 07 20 52.620    28.364583    104.931616     2.19     1.5
2019 06 24 07 23 11.550    28.436141    104.793905     2.98     1.0
2019 06 24 07 23 35.220    28.415814    104.786328     2.74     0.7
2019 06 24 07 29 25.460    28.431984    104.735824     8.46     0.5
2019 06 24 07 32 25.440    28.379484    104.896257     6.01     0.8
2019 06 24 07 55 13.980    28.418089    104.776506     2.85     0.5
2019 06 24 08 06 29.600    28.424561    104.822697     3.92     0.1
2019 06 24 08 06 51.430    28.354344    104.891870     3.28     1.5
2019 06 24 08 16 10.770    28.378538    104.945785     3.06     0.8
2019 06 24 08 16 55.590    28.443795    104.786027     3.68     0.4
2019 06 24 08 20 38.770    28.439535    104.730029     7.31     0.7
2019 06 24 08 24 53.140    28.450340    104.790649     5.71     0.4
2019 06 24 08 24 31.370    28.388141    104.861646     1.83     0.2
2019 06 24 08 25 16.170    28.430184    104.731584     8.19     0.5
2019 06 24 08 30 00.950    28.385734    104.868376     2.75     1.0
2019 06 24 08 36 16.120    28.375810    104.844938     4.17     0.5
2019 06 24 08 37 49.220    28.352557    104.930396      2.8     0.9
2019 06 24 08 47 55.030    28.424546    104.782381     5.65     0.5
2019 06 24 08 48 18.690    28.394037    104.831934     4.32     1.5
2019 06 24 08 54 58.380    28.412970    104.807756     2.35     1.2
2019 06 24 08 57 19.010    28.451648    104.789697      5.8     0.9
2019 06 24 08 57 50.320    28.361879    104.900488     2.58     0.9
2019 06 24 08 58 18.310    28.449945    104.788818     5.81     0.7
2019 06 24 09 11 51.730    28.438255    104.798901     5.64     0.9
2019 06 24 09 13 02.310    28.442637    104.772290    -0.83     0.0
2019 06 24 09 16 06.760    28.428188    104.786361     6.18     0.8
2019 06 24 09 21 20.170    28.433468    104.783773      0.7     1.1
2019 06 24 09 33 57.440    28.423700    104.767961     5.49     1.0
2019 06 24 09 41 19.120    28.390369    104.834351     5.09     0.4
2019 06 24 09 51 36.600    28.480363    104.770068     3.87     0.7
2019 06 24 09 55 13.430    28.446155    104.787313     5.78     1.4
2019 06 24 09 56 54.920    28.383374    104.829948     4.31     0.6
2019 06 24 10 03 19.020    28.391982    104.866520     5.39     1.2
2019 06 24 10 05 40.160    28.440002    104.793514      3.3     0.3
2019 06 24 10 07 49.130    28.385154    104.839876     3.98     1.0
2019 06 24 10 12 45.900    28.374270    104.891056     2.44     0.8
2019 06 24 10 17 31.230    28.438835    104.800212     2.75     0.6
2019 06 24 10 18 24.280    28.426526    104.782878     3.13     0.9
2019 06 24 10 21 41.890    28.451410    104.745907     8.78     0.7
2019 06 24 10 23 00.530    28.441545    104.781177     3.26     0.3
2019 06 24 10 24 29.720    28.351455    104.934456     2.25     1.1
2019 06 24 10 27 11.900    28.408285    104.825936     3.16     0.6
2019 06 24 10 27 42.860    28.408272    104.825920      3.2     0.7
2019 06 24 10 31 25.180    28.452059    104.744987     8.78     0.5
2019 06 24 10 32 55.190    28.407568    104.821712     3.48     0.9
2019 06 24 10 35 17.050    28.429875    104.739502      8.0     0.6
2019 06 24 10 37 36.130    28.373539    104.890666     2.36     0.8
2019 06 24 10 41 09.020    28.420713    104.760758     3.61     0.9
2019 06 24 10 42 07.900    28.440316    104.810173     5.48     1.0
2019 06 24 10 44 40.060    28.424119    104.782861      5.8     0.4
2019 06 24 10 47 42.170    28.413774    104.753117     6.49     0.3
2019 06 24 10 48 57.510    28.406045    104.824202     2.25     0.1
2019 06 24 10 50 57.360    28.436410    104.763013     5.37     2.4
2019 06 24 10 51 52.190    28.457723    104.788908     5.82     1.0
2019 06 24 10 53 39.170    28.430105    104.776392     2.84     1.2
2019 06 24 10 55 49.570    28.424868    104.747925     6.43     0.7
2019 06 24 10 56 53.470    28.440023    104.794409     3.06     0.9
2019 06 24 10 59 44.400    28.431390    104.751750     1.21     0.9
2019 06 24 11 07 36.270    28.415082    104.780314     2.39     0.4
2019 06 24 11 10 29.930    28.354008    104.889860     2.99     0.5
2019 06 24 11 15 18.690    28.423962    104.752262      6.1     0.6
2019 06 24 11 20 17.340    28.436053    104.768465     5.68     0.3
2019 06 24 11 22 02.720    28.392834    104.934530     2.75     0.4
2019 06 24 11 23 58.620    28.434519    104.750521     5.62     1.0
2019 06 24 11 31 56.970    28.414746    104.786271     1.63     0.5
2019 06 24 11 32 14.270    28.450712    104.788167     5.58     0.7
2019 06 24 11 37 58.410    28.418154    104.764494     2.89     0.9
2019 06 24 11 40 38.530    28.367906    104.876302     4.26     1.9
2019 06 24 11 49 01.400    28.423865    104.788965     4.23     0.7
2019 06 24 11 50 02.070    28.421478    104.770532     5.03     0.6
2019 06 24 11 52 44.180    28.416911    104.794914     5.17     0.9
2019 06 24 11 53 50.370    28.449573    104.749650     5.67     1.1
2019 06 24 11 54 19.300    28.421840    104.764046     2.41     0.7
2019 06 24 11 55 59.980    28.377338    104.887695     2.22     0.8
2019 06 24 11 57 38.900    28.438472    104.793636      2.9     1.3
2019 06 24 12 01 50.350    28.425112    104.795825     3.91     0.7
2019 06 24 12 06 13.350    28.423517    104.750871     6.31     1.0
2019 06 24 12 09 52.470    28.362288    104.896826     3.41     0.7
2019 06 24 12 14 36.700    28.429260    104.772909      2.3     0.4
2019 06 24 12 21 46.730    28.482249    104.777189     7.44     0.5
2019 06 24 12 22 21.030    28.479824    104.768498      5.9     0.4
2019 06 24 12 25 09.610    28.423928    104.788916     4.24     1.7
2019 06 24 12 29 31.100    28.425208    104.770369     5.43     0.9
2019 06 24 12 30 07.500    28.439233    104.801172     5.29     1.6
2019 06 24 12 32 38.370    28.419609    104.753540     6.08     0.3
2019 06 24 12 36 53.320    28.434511    104.744482     6.26     1.2
2019 06 24 12 39 15.150    28.390002    104.827913     4.69     0.7
2019 06 24 12 39 59.580    28.450208    104.788135     5.83     1.1
2019 06 24 12 42 01.960    28.446564    104.788289     5.75     0.7
2019 06 24 12 43 38.810    28.388944    104.872965     3.92     1.3
2019 06 24 12 46 59.780    28.443223    104.805249     3.28     1.3
2019 06 24 12 51 24.900    28.361129    104.892277     2.88     0.4
2019 06 24 12 55 46.500    28.475938    104.799447     1.11     0.7
2019 06 24 12 57 59.520    28.370844    104.865666     2.55     0.7
2019 06 24 12 59 12.070    28.450293    104.787769     5.84     1.5
2019 06 24 13 01 25.620    28.387028    104.875285      3.9     0.7
2019 06 24 13 02 24.830    28.419110    104.768750     4.67    -0.0
2019 06 24 13 03 19.590    28.428284    104.790104     2.76     0.8
2019 06 24 13 04 19.730    28.450264    104.788053     5.82     0.3
2019 06 24 13 05 58.420    28.452104    104.788883     5.75     0.6
2019 06 24 13 11 35.090    28.479376    104.795964     1.69     1.5
2019 06 24 13 11 59.650    28.430086    104.748519     6.24     1.0
2019 06 24 13 18 22.780    28.424200    104.788534     4.23     0.9
2019 06 29 12 24 51.360    28.385388    104.839632     3.96     0.9
2019 06 24 13 23 53.050    28.427380    104.783455     4.78     0.0
2019 06 24 13 29 05.610    28.382448    104.925757     1.88     1.2
2019 06 24 13 35 51.710    28.449955    104.788851     5.81     1.1
2019 06 24 13 40 14.080    28.390592    104.861157     3.28     1.3
2019 06 24 13 40 50.340    28.419517    104.745841      1.0     0.8
2019 06 24 13 44 07.210    28.370923    104.894889      2.2     1.2
2019 06 24 13 45 01.680    28.430153    104.773438     2.86     1.2
2019 06 24 13 52 44.170    28.425106    104.746883     6.56     0.5
2019 06 24 13 54 35.370    28.442590    104.789884     2.95     0.5
2019 06 24 13 57 10.450    28.420504    104.770394     5.29     0.4
2019 06 24 13 57 28.200    28.439524    104.728882     7.35     0.9
2019 06 24 14 00 54.760    28.417745    104.770288     3.29     0.3
2019 06 24 14 04 05.560    28.359819    104.935498     1.75     0.8
2019 06 24 14 06 55.010    28.392757    104.856909     2.96     0.4
2019 06 24 14 09 36.880    28.445160    104.802881     3.45     0.4
2019 06 24 14 11 51.550    28.424314    104.793115     2.46     0.5
2019 06 24 14 14 19.880    28.430570    104.782772     2.03     0.6
2019 06 24 14 17 24.650    28.442324    104.819678     6.31     0.6
2019 06 24 14 21 46.410    28.425094    104.796582      3.8     0.5
2019 06 24 14 25 45.380    28.451613    104.787004     5.88     0.9
2019 06 24 14 29 20.020    28.431411    104.739266     8.56     0.8
2019 06 24 14 29 53.380    28.432009    104.738078     8.55     1.2
2019 06 24 14 33 34.740    28.392057    104.934961     2.74     0.8
2019 06 24 14 36 28.080    28.430890    104.739518     8.56     0.2
2019 06 24 14 37 31.780    28.449967    104.788379     5.81     1.2
2019 06 24 14 37 48.010    28.449506    104.787939     5.83     1.0
2019 06 24 14 43 55.400    28.424465    104.780184     1.97     0.5
2019 06 24 14 47 20.310    28.431984    104.737467      8.5     0.0
2019 06 24 14 50 18.780    28.410291    104.811784     3.84     1.3
2019 06 24 14 52 42.040    28.439258    104.774300     5.61     0.3
2019 06 24 14 56 27.820    28.431724    104.738534     8.53     0.9
2019 06 24 14 59 54.370    28.426768    104.748283     6.44     0.2
2019 06 24 15 01 57.780    28.436119    104.764876     4.23     0.9
2019 06 24 15 02 49.580    28.437465    104.763631      5.6     0.3
2019 06 24 15 07 47.720    28.406445    104.823820     2.65    -0.1
2019 06 24 15 08 53.630    28.426538    104.801326     4.37     1.1
2019 06 24 15 12 54.160    28.408563    104.864901      1.2     0.3
2019 06 24 15 13 49.380    28.424939    104.769124     5.73     1.0
2019 06 24 15 14 51.840    28.435679    104.765088     4.23     0.4
2019 06 24 15 19 43.230    28.390196    104.853060     3.03     1.2
2019 06 24 15 22 36.960    28.392122    104.935075     2.76     0.7
2019 06 24 15 24 39.800    28.394271    104.832170     4.32     0.6
2019 06 24 15 25 38.060    28.353599    104.888330     2.96     0.0
2019 06 24 15 29 30.210    28.391368    104.855428     2.85     0.5
2019 06 24 15 30 08.600    28.430880    104.789811     2.74     0.6
2019 06 24 15 31 48.720    28.422215    104.772217     5.28     0.2
2019 06 24 15 33 13.770    28.415863    104.795174     4.41     0.4
2019 06 24 15 33 39.780    28.415863    104.795052     4.42     0.8
2019 06 24 15 34 44.910    28.353296    104.895101     3.74     0.6
2019 06 24 15 35 20.200    28.415721    104.794808      4.4     1.2
2019 06 24 15 34 57.860    28.389382    104.853597     2.89     0.6
2019 06 24 15 38 12.760    28.439978    104.809033     5.55     1.7
2019 06 24 15 37 52.350    28.439775    104.804264     3.54     1.3
2019 06 24 15 45 19.400    28.354222    104.903133     2.54     0.1
2019 06 24 15 46 58.870    28.492566    104.776139     5.15     0.6
2019 06 24 15 47 38.600    28.367704    104.935148     2.23     0.6
2019 06 24 15 48 46.010    28.397593    104.837191     4.56     0.3
2019 06 24 15 49 10.340    28.397434    104.836792     4.58     0.4
2019 06 24 15 51 40.970    28.420264    104.752555     6.09     0.2
2019 06 24 15 52 13.010    28.420172    104.752856      6.1     0.7
2019 06 24 15 52 54.730    28.449613    104.788810     5.81     0.3
2019 06 24 15 54 20.330    28.397563    104.837777     4.39     0.4
