2019 06 15 18 05 22.660 104.892521 28.354012 0.6 2.43
2019 06 15 18 52 01.460 104.892782 28.347054 0.4 1.18
2019 06 15 23 27 48.360 104.871549 28.322270 2.8 5.77
2019 06 16 04 44 06.290 104.815267 28.405186 0.4 4.0
2019 06 17 04 13 14.940 104.862362 28.391630 0.6 5.85
2019 06 17 08 42 46.780 104.873560 28.325765 0.3 5.54
2019 06 17 14 55 43.700 104.875000 28.340000 5.7 5.80
2019 06 17 14 57 33.800 104.864681 28.392698 3.6 2.55
2019 06 17 14 59 53.990 104.825911 28.404624 2.7 3.07
2019 06 17 15 01 21.630 104.856494 28.395699 2.5 2.95
2019 06 17 15 02 19.210 104.882373 28.390985 2.1 3.86
2019 06 17 15 02 02.900 104.734774 28.444096 2.1 7.14
2019 06 17 15 02 37.190 104.844515 28.399477 4.0 4.88
2019 06 17 15 03 07.370 104.869816 28.393512 3.9 3.72
2019 06 17 15 05 09.220 104.847485 28.403021 2.7 5.0
2019 06 17 15 05 59.420 104.731885 28.432648 1.7 7.35
2019 06 17 15 06 30.870 104.820955 28.407666 1.9 3.48
2019 06 17 15 06 58.930 104.873405 28.383179 2.1 0.85
2019 06 17 15 07 27.300 104.870011 28.393726 2.5 3.9
2019 06 17 15 07 58.360 104.842839 28.384857 2.0 -1.32
2019 06 17 15 08 04.790 104.763794 28.426288 1.5 4.41
2019 06 17 15 08 24.830 104.861906 28.394244 1.8 2.92
2019 06 17 15 09 01.420 104.843970 28.409450 4.0 4.87
2019 06 17 15 11 11.030 104.881543 28.389610 1.6 5.73
2019 06 17 15 12 37.480 104.828459 28.413216 2.3 3.5
2019 06 17 15 13 22.460 104.873910 28.384049 1.2 2.08
2019 06 17 15 14 17.530 104.857495 28.395380 2.3 2.86
2019 06 17 15 15 42.460 104.758610 28.427566 1.4 5.58
2019 06 17 15 16 22.750 104.752775 28.442051 2.2 5.54
2019 06 17 15 16 46.780 104.926237 28.349249 2.0 2.73
2019 06 17 15 18 22.300 104.839282 28.412972 1.9 4.22
2019 06 17 15 19 36.240 104.872681 28.379856 1.7 2.92
2019 06 17 15 23 16.420 104.772314 28.423942 3.0 5.45
2019 06 17 15 24 53.550 104.874333 28.389372 2.5 5.37
2019 06 17 15 27 11.040 104.783968 28.426841 2.3 4.76
2019 06 17 15 27 22.660 104.772111 28.421863 2.3 5.42
2019 06 17 15 29 41.930 104.823893 28.406706 0.9 3.21
2019 06 17 15 30 18.150 104.883757 28.387160 1.9 2.74
2019 06 17 15 30 38.890 104.823657 28.413763 3.0 5.72
2019 06 17 15 32 23.530 104.759692 28.438129 1.5 5.45
2019 06 17 15 33 47.470 104.770801 28.428605 1.3 4.53
2019 06 17 15 34 37.520 104.873991 28.388678 1.6 5.78
2019 06 17 15 35 05.990 104.860718 28.392684 2.2 0.94
2019 06 17 15 34 58.800 104.793302 28.426251 1.8 4.54
2019 06 17 15 35 25.800 104.829175 28.397133 1.9 10.05
2019 06 17 15 35 43.220 104.904671 28.365302 2.3 2.76
2019 06 17 15 36 02.140 104.808659 28.423344 5.2 5.53
2019 06 17 15 38 28.120 104.838534 28.398529 2.5 3.95
2019 06 17 15 39 29.430 104.819702 28.423199 2.6 3.02
2019 06 17 15 39 58.780 104.827303 28.404089 2.4 2.25
2019 06 17 15 40 06.040 104.891081 28.389547 2.7 2.24
2019 06 17 15 40 48.080 104.807658 28.413574 3.0 2.36
2019 06 17 15 41 36.990 104.807414 28.422632 3.5 5.68
2019 06 17 15 41 18.690 104.860921 28.397666 2.6 1.57
2019 06 17 15 43 10.240 104.791520 28.437205 2.0 3.79
2019 06 17 15 44 32.370 104.729199 28.430495 1.6 9.79
2019 06 17 15 44 18.290 104.886157 28.400708 1.8 -2.51
2019 06 17 15 44 58.210 104.826090 28.400820 1.9 2.17
2019 06 17 15 45 06.180 104.825928 28.400686 2.0 0.94
2019 06 17 15 45 27.190 104.858854 28.396228 1.9 -0.23
2019 06 17 15 45 49.410 104.803084 28.422388 3.1 4.32
2019 06 17 15 47 20.900 104.760026 28.429049 1.9 6.51
2019 06 17 15 47 29.450 104.801750 28.416243 2.5 1.07
2019 06 17 15 47 55.980 104.822843 28.400474 2.6 2.22
2019 06 17 15 48 58.790 104.816756 28.399410 1.6 2.47
2019 06 17 15 49 30.350 104.816016 28.410494 1.5 3.65
2019 06 17 15 50 48.900 104.822673 28.392100 2.3 4.38
2019 06 17 15 51 15.220 104.784302 28.417320 1.4 5.58
2019 06 17 15 52 04.780 104.817391 28.400175 2.2 2.48
2019 06 17 15 52 29.200 104.775024 28.435010 2.9 4.14
2019 06 17 15 53 51.570 104.806258 28.414691 2.1 2.55
2019 06 17 15 54 26.540 104.817415 28.411401 1.3 4.69
2019 06 17 15 55 00.660 104.890625 28.396773 1.9 4.97
2019 06 17 15 55 38.110 104.912931 28.372349 1.6 2.69
2019 06 17 15 56 38.350 104.797778 28.435911 1.4 4.78
2019 06 17 15 57 03.250 104.790348 28.417814 3.0 4.27
2019 06 17 15 57 08.250 104.823820 28.403292 2.9 2.36
2019 06 17 15 57 58.110 104.860604 28.396775 1.5 3.09
2019 06 17 15 58 21.450 104.781714 28.433972 2.8 4.39
2019 06 17 15 59 15.680 104.906706 28.367861 2.3 2.58
2019 06 17 16 00 27.090 104.861174 28.366974 3.0 19.51
2019 06 17 16 01 13.330 104.914990 28.381348 1.0 5.81
2019 06 17 16 02 15.020 104.889282 28.372772 1.2 2.29
2019 06 17 16 02 34.750 104.852694 28.401921 2.5 5.8
2019 06 17 16 03 05.760 104.778174 28.414012 1.6 4.69
2019 06 17 16 03 12.950 104.846729 28.400423 1.2 1.06
2019 06 17 16 04 08.330 104.778475 28.413241 1.6 6.29
2019 06 17 16 04 58.220 104.854419 28.390395 1.7 2.82
2019 06 17 16 04 42.780 104.822355 28.407088 1.4 2.75
2019 06 17 16 05 36.520 104.785588 28.420703 2.5 5.24
2019 06 17 16 06 32.140 104.934570 28.346775 1.4 2.53
2019 06 17 16 07 02.250 104.808569 28.405180 1.5 5.87
2019 06 17 16 07 29.860 104.857487 28.394759 1.0 2.95
2019 06 17 16 08 25.740 104.859253 28.397528 1.7 3.03
2019 06 17 16 09 31.780 104.787345 28.420188 1.3 5.21
2019 06 17 16 09 49.830 104.787362 28.415458 3.1 5.3
2019 06 17 16 10 55.450 104.796012 28.424927 2.5 2.54
2019 06 17 16 11 13.890 104.880013 28.360427 3.0 6.76
2019 06 17 16 11 48.740 104.785189 28.423417 1.9 4.76
2019 06 17 16 12 55.950 104.823568 28.403613 1.2 2.04
2019 06 17 16 13 29.280 104.850382 28.394128 1.8 2.75
2019 06 17 16 14 31.100 104.852962 28.396000 0.8 2.64
2019 06 17 16 16 30.740 104.855599 28.397300 1.3 2.56
2019 06 17 16 17 58.850 104.875610 28.382257 1.8 1.41
2019 06 17 16 18 34.620 104.861898 28.396912 2.8 5.31
2019 06 17 16 19 21.250 104.857267 28.394893 1.1 5.2
2019 06 17 16 19 38.760 104.884115 28.386159 1.2 5.06
2019 06 17 16 20 32.290 104.888289 28.364830 1.5 3.94
2019 06 17 16 21 33.980 104.823096 28.409076 0.9 2.14
2019 06 17 16 23 46.250 104.815145 28.400466 2.0 3.1
2019 06 17 16 24 08.370 104.776530 28.427549 1.6 5.07
2019 06 17 16 24 28.110 104.799235 28.435771 1.1 5.24
2019 06 17 16 25 09.510 104.824422 28.407345 1.6 3.49
2019 06 17 16 25 39.790 104.769043 28.435073 1.4 4.2
2019 06 17 16 25 23.070 104.765959 28.422465 1.5 5.02
2019 06 17 16 26 46.800 104.915177 28.373964 1.5 6.21
2019 06 17 16 28 18.790 104.840552 28.406089 1.2 1.93
2019 06 17 16 29 07.750 104.834147 28.397321 4.2 6.07
2019 06 17 16 30 33.950 104.851424 28.394883 2.0 2.41
2019 06 17 16 31 46.870 104.885669 28.399274 2.0 1.97
2019 06 17 16 32 15.110 104.890576 28.382735 1.8 2.72
2019 06 17 16 32 07.730 104.784684 28.413983 1.8 2.45
2019 06 17 16 33 18.520 104.771785 28.422575 2.7 5.56
2019 06 17 16 33 54.720 104.771753 28.424738 2.3 5.66
2019 06 17 16 35 05.640 104.864046 28.392216 1.4 2.15
2019 06 17 16 36 31.310 104.844214 28.402289 1.6 3.19
2019 06 17 16 37 10.940 104.785229 28.424827 1.3 2.79
2019 06 17 16 37 55.450 104.872738 28.406156 4.5 4.6
2019 06 17 16 41 09.490 104.842692 28.395050 1.7 4.14
2019 06 17 16 42 02.130 104.808138 28.410350 2.2 4.39
2019 06 17 16 41 46.690 104.853914 28.396293 1.7 2.62
2019 06 17 16 42 17.220 104.816154 28.399921 2.4 1.75
2019 06 17 16 43 05.600 104.758407 28.440322 1.4 4.84
2019 06 17 16 44 14.560 104.862215 28.395890 2.0 3.06
2019 06 17 16 44 37.990 104.760311 28.439001 2.5 5.44
2019 06 17 16 45 43.040 104.796167 28.427378 1.3 7.84
2019 06 17 16 46 09.750 104.862809 28.395066 1.3 2.96
2019 06 17 16 46 35.680 104.891390 28.354893 1.5 3.11
2019 06 17 16 47 04.680 104.862581 28.393992 1.1 2.94
2019 06 17 16 47 22.150 104.859521 28.395286 1.8 2.98
2019 06 17 16 48 07.540 104.765552 28.437531 1.9 4.1
2019 06 17 16 48 44.450 104.839868 28.392926 1.3 2.02
2019 06 17 16 48 32.480 104.786702 28.419788 1.5 5.21
2019 06 17 16 49 11.870 104.798657 28.424384 1.3 3.0
2019 06 17 16 49 32.380 104.884888 28.376217 1.4 0.62
2019 06 17 16 50 36.500 104.863062 28.396775 2.1 3.09
2019 06 17 16 51 20.160 104.889111 28.325466 1.8 7.8
2019 06 17 16 51 43.770 104.781283 28.423612 2.0 5.52
2019 06 17 16 52 11.980 104.823665 28.405961 1.8 3.05
2019 06 17 16 52 42.380 104.774048 28.419934 1.3 2.03
2019 06 17 16 52 57.000 104.905648 28.366829 2.0 4.42
2019 06 17 16 53 16.380 104.867407 28.402645 1.7 1.82
2019 06 17 16 54 39.310 104.787712 28.414390 2.1 2.22
2019 06 17 16 56 32.300 104.918066 28.380957 2.0 3.39
2019 06 17 16 56 22.210 104.830485 28.405200 1.2 2.97
2019 06 17 16 57 37.770 104.862980 28.394130 1.6 2.98
2019 06 17 16 57 24.900 104.845329 28.399626 1.3 3.12
2019 06 17 16 58 01.720 104.862321 28.391595 1.4 0.25
2019 06 17 16 58 07.790 104.779891 28.418807 1.0 5.38
2019 06 17 16 59 01.180 104.751107 28.452797 2.1 5.94
2019 06 17 16 58 40.670 104.820809 28.412775 2.0 3.71
2019 06 17 16 59 56.130 104.825618 28.410429 2.6 4.17
2019 06 17 16 59 28.300 104.842847 28.403896 1.7 5.31
2019 06 17 17 01 06.640 104.760148 28.438696 2.0 5.45
2019 06 17 17 01 25.120 104.786963 28.414211 3.8 5.23
2019 06 17 17 03 52.760 104.787321 28.430959 1.7 2.67
2019 06 17 17 04 55.040 104.921151 28.376949 2.2 4.62
2019 06 17 17 04 45.560 104.740755 28.436428 1.3 6.64
2019 06 17 17 05 15.140 104.755509 28.438230 2.2 5.34
2019 06 17 17 05 25.960 104.889779 28.395811 3.0 5.02
2019 06 17 17 06 27.360 104.776156 28.425321 1.0 3.58
2019 06 17 17 06 59.720 104.773071 28.436953 1.0 5.04
2019 06 17 17 07 39.120 104.820020 28.419309 0.8 5.66
2019 06 17 17 08 20.160 104.771143 28.421627 2.6 5.56
2019 06 17 17 09 28.320 104.845744 28.383706 1.1 5.12
2019 06 17 17 10 05.380 104.776172 28.409837 1.0 4.82
2019 06 17 17 10 38.260 104.819661 28.413371 3.1 5.71
2019 06 17 17 10 20.540 104.770508 28.422233 1.0 2.94
2019 06 17 17 11 52.060 104.790023 28.421381 1.4 2.41
2019 06 17 17 12 46.900 104.847534 28.402665 2.5 3.22
2019 06 17 17 12 32.440 104.773771 28.420380 1.4 5.3
2019 06 17 17 13 16.660 104.818994 28.405853 1.6 1.92
2019 06 17 17 14 50.760 104.810775 28.450922 1.7 2.49
2019 06 17 17 15 04.860 104.768636 28.420424 1.4 5.8
2019 06 17 17 15 41.560 104.794279 28.437370 3.1 5.87
2019 06 17 17 17 38.480 104.808244 28.412500 1.3 2.35
2019 06 17 17 18 43.800 104.813053 28.410244 1.4 3.9
2019 06 17 17 18 22.680 104.854785 28.392493 1.5 6.38
2019 06 17 17 19 06.440 104.861784 28.398079 0.9 3.16
2019 06 17 17 19 21.800 104.861271 28.398297 1.3 3.15
2019 06 17 17 20 11.560 104.796053 28.438538 1.1 5.21
2019 06 17 17 20 40.960 104.773722 28.421313 1.3 5.6
2019 06 17 17 21 08.280 104.785189 28.432599 1.9 2.83
2019 06 17 17 21 29.360 104.759310 28.428337 1.6 5.76
2019 06 17 17 21 19.600 104.859603 28.387384 1.6 2.54
2019 06 17 17 23 07.600 104.932764 28.368390 1.5 2.96
2019 06 17 17 23 32.160 104.782389 28.422589 1.5 5.31
2019 06 24 04 43 31.300 104.872331 28.403904 1.5 5.81
2019 06 17 17 24 11.620 104.876229 28.384965 1.2 1.53
2019 06 17 17 25 20.520 104.902865 28.377159 0.9 2.81
2019 06 17 17 26 22.280 104.774137 28.420034 1.3 2.02
2019 06 17 17 26 44.960 104.740462 28.445201 1.4 6.8
2019 06 17 17 28 09.920 104.787801 28.420927 2.2 5.37
2019 06 17 17 29 32.680 104.781755 28.420414 1.4 3.65
2019 06 17 17 30 49.040 104.810718 28.413208 1.0 1.89
2019 06 17 17 30 57.160 104.792904 28.405275 1.4 8.65
2019 06 17 17 30 38.720 104.772095 28.408907 1.0 4.59
2019 06 17 17 31 27.060 104.869255 28.389376 1.8 2.51
2019 06 17 17 31 15.360 104.754053 28.447530 1.2 5.65
2019 06 17 17 31 55.180 104.879980 28.377932 1.3 -0.04
2019 06 17 17 32 06.880 104.753052 28.426211 1.1 5.85
2019 06 17 17 32 15.600 104.851156 28.410419 1.3 2.95
2019 06 17 17 33 15.740 104.816073 28.400997 2.1 3.07
2019 06 17 17 32 55.000 104.867147 28.389636 1.4 0.05
2019 06 17 17 33 43.240 104.774756 28.420022 1.4 5.44
2019 06 17 17 34 08.360 104.807886 28.418797 0.7 2.05
2019 06 17 17 34 18.320 104.785653 28.425069 0.8 4.73
2019 06 17 17 34 48.560 104.897282 28.386395 2.3 5.45
2019 06 17 17 35 11.980 104.808097 28.414166 1.3 2.87
2019 06 17 17 36 39.440 104.773169 28.427732 1.7 5.83
2019 06 17 17 37 17.160 104.755298 28.444824 1.5 5.6
2019 06 17 17 37 08.660 104.906535 28.358099 1.5 2.0
2019 06 17 17 38 07.600 104.785588 28.431637 3.0 3.48
2019 06 17 17 39 26.400 104.883870 28.385105 1.5 1.6
2019 06 17 17 39 36.800 104.867367 28.388070 1.1 1.86
2019 06 17 17 40 40.040 104.817725 28.403410 1.0 1.49
2019 06 17 17 41 24.600 104.855119 28.390841 1.1 2.25
2019 06 17 17 41 14.000 104.762891 28.434768 0.9 4.09
2019 06 17 17 42 36.320 104.802694 28.412848 1.9 3.8
2019 06 17 17 43 55.280 104.760693 28.430737 1.1 -0.16
2019 06 17 17 43 38.620 104.867651 28.394073 0.6 5.59
2019 06 17 17 44 50.360 104.879785 28.406470 0.8 4.87
2019 06 17 17 45 36.960 104.848739 28.399408 2.1 4.93
2019 06 17 17 46 05.560 104.824902 28.414630 1.5 5.29
2019 06 17 17 46 55.400 104.750798 28.434658 1.2 5.06
2019 06 17 17 47 13.840 104.806242 28.423702 1.1 3.39
2019 06 17 17 47 32.240 104.796313 28.427543 1.0 3.0
2019 06 17 17 48 02.360 104.852686 28.389663 1.7 3.05
2019 06 17 17 47 47.160 104.871696 28.384308 0.3 2.22
2019 06 17 17 48 35.700 104.829818 28.405039 1.3 2.06
2019 06 17 17 49 03.060 104.906299 28.377804 0.9 1.71
2019 06 17 17 49 34.760 104.909180 28.399500 1.0 2.9
2019 06 17 17 49 59.920 104.864233 28.392015 1.0 2.14
2019 06 17 17 50 42.880 104.813338 28.413609 2.2 4.02
2019 06 17 17 50 31.560 104.909473 28.377490 1.3 5.77
2019 06 17 17 50 18.400 104.888892 28.375533 0.9 3.82
2019 06 17 17 53 07.520 104.761873 28.421718 1.9 2.95
2019 06 17 17 53 28.280 104.923714 28.369545 1.5 1.78
2019 06 17 17 54 16.760 104.761353 28.432054 1.0 5.51
2019 06 17 17 55 09.720 104.754769 28.424634 1.4 5.84
2019 06 17 17 55 42.680 104.819930 28.410250 2.0 5.64
2019 06 17 17 57 15.460 104.868823 28.381026 2.1 1.7
2019 06 17 17 58 15.600 104.768766 28.417741 1.4 5.61
2019 06 17 17 58 38.520 104.803109 28.406616 1.1 5.12
2019 06 17 17 59 43.360 104.808024 28.413133 1.3 3.93
2019 06 17 17 59 34.740 104.836711 28.411355 1.5 5.38
2019 06 17 17 59 58.380 104.799520 28.437905 1.1 6.81
2019 06 17 18 01 22.520 104.820321 28.411747 1.5 4.05
2019 06 17 18 01 58.300 104.769710 28.422894 0.9 5.53
2019 06 17 18 01 40.800 104.866219 28.388428 1.3 2.08
2019 06 17 18 02 26.380 104.817318 28.401465 1.5 1.62
2019 06 17 18 03 57.960 104.808000 28.417733 1.3 4.78
2019 06 17 18 04 22.560 104.801440 28.413363 1.6 3.79
2019 06 17 18 05 21.340 104.887907 28.352586 0.8 3.58
2019 06 17 18 05 15.440 104.815487 28.415633 0.7 6.85
2019 06 17 18 06 27.440 104.774455 28.428754 1.1 3.27
2019 06 17 18 06 15.000 104.830664 28.402321 1.4 2.67
2019 06 17 18 08 55.320 104.813330 28.429545 1.1 8.63
2019 06 17 18 09 31.920 104.752563 28.448348 2.3 6.65
2019 06 17 18 10 18.680 104.864665 28.389915 1.0 1.94
2019 06 17 18 10 46.020 104.810514 28.417098 2.0 3.55
2019 06 17 18 10 30.980 104.799976 28.420701 1.6 2.88
2019 06 17 18 12 02.320 104.850122 28.362563 2.4 20.33
2019 06 17 18 12 21.880 104.793172 28.428705 1.8 5.03
2019 06 17 18 13 27.520 104.856820 28.396267 2.7 5.73
2019 06 17 18 15 03.140 104.862939 28.380198 1.9 1.3
2019 06 17 18 15 18.600 104.878182 28.388253 1.3 1.96
2019 06 17 18 16 04.320 104.885148 28.378355 1.3 0.53
2019 06 17 18 17 23.940 104.855632 28.384701 0.6 2.8
2019 06 17 18 17 54.540 104.827987 28.407115 0.7 3.41
2019 06 17 18 18 36.560 104.886499 28.377846 2.6 3.01
2019 06 17 18 19 18.940 104.803019 28.414329 2.7 5.07
2019 06 17 18 20 32.940 104.759155 28.438999 1.4 5.48
2019 06 17 18 21 34.840 104.902580 28.363849 1.2 2.57
2019 06 17 18 21 47.920 104.912598 28.372042 0.8 2.69
2019 06 17 18 22 28.960 104.787061 28.424711 1.2 4.75
2019 06 17 18 22 41.320 104.830485 28.403947 1.2 2.11
2019 06 17 18 23 00.800 104.905575 28.376619 1.4 2.97
2019 06 17 18 23 53.900 104.849821 28.416691 1.0 6.17
2019 06 17 18 24 15.200 104.868571 28.381423 2.0 1.65
2019 06 17 18 25 07.160 104.772225 28.423041 1.6 2.21
2019 06 17 18 25 53.040 104.860978 28.387626 0.8 2.5
2019 06 17 18 26 16.040 104.792936 28.418209 1.2 5.17
2019 06 17 18 26 33.920 104.818905 28.407939 0.9 3.32
2019 06 17 18 26 55.280 104.861711 28.393974 1.0 2.3
2019 06 17 18 27 52.380 104.814827 28.413680 1.8 3.9
2019 06 17 18 27 35.480 104.814819 28.412885 1.0 3.95
2019 06 17 18 28 22.560 104.773503 28.431274 1.2 2.71
2019 06 17 18 29 02.120 104.740845 28.442780 2.2 5.06
2019 06 17 18 29 17.320 104.879899 28.385177 1.7 1.51
2019 06 17 18 30 17.760 104.863761 28.386332 0.8 2.25
2019 06 17 18 31 21.100 104.779834 28.413352 2.0 4.47
2019 06 17 18 32 15.040 104.802197 28.412819 1.2 2.9
2019 06 17 18 33 50.920 104.862378 28.387463 0.7 2.38
2019 06 17 18 33 33.840 104.856307 28.397742 0.5 5.48
2019 06 17 18 34 38.140 104.868986 28.388702 3.0 5.01
2019 06 17 18 35 39.360 104.865120 28.389797 1.1 1.93
2019 06 17 18 36 12.540 104.932715 28.354649 0.9 2.14
2019 06 17 18 36 36.160 104.848234 28.404045 1.0 4.76
2019 06 17 18 37 46.560 104.943368 28.365841 1.2 3.25
2019 06 17 18 38 44.800 104.887557 28.364618 1.6 3.95
2019 06 17 18 38 36.840 104.868880 28.379848 1.4 1.44
2019 06 17 18 38 16.160 104.863957 28.390759 1.2 1.98
2019 06 17 18 39 45.680 104.846094 28.404541 2.1 5.32
2019 06 17 18 41 36.500 104.809888 28.413348 1.2 2.92
2019 06 17 18 41 51.200 104.816602 28.399630 1.6 2.48
2019 06 17 18 41 59.220 104.861084 28.393848 2.0 2.96
2019 06 17 18 42 04.080 104.859473 28.393760 2.2 2.57
2019 06 17 18 42 37.480 104.887557 28.392782 2.1 3.48
2019 06 17 18 42 50.080 104.833732 28.404315 1.9 2.49
2019 06 17 18 44 05.940 104.894442 28.348285 0.6 3.42
2019 06 17 18 44 18.440 104.872510 28.390393 1.2 -0.26
2019 06 17 18 44 45.400 104.745996 28.456962 1.3 5.03
2019 06 17 18 45 40.080 104.861507 28.398812 2.5 3.16
2019 06 17 18 46 32.860 104.797526 28.426174 1.6 3.81
2019 06 17 18 47 03.060 104.896525 28.350580 1.4 0.67
2019 06 17 18 46 51.520 104.862948 28.396649 1.3 1.76
2019 06 17 18 47 31.340 104.911580 28.395331 1.1 4.13
2019 06 17 18 47 55.280 104.745923 28.430184 1.0 2.72
2019 06 17 18 48 17.080 104.803459 28.417708 1.2 2.68
2019 06 17 18 49 45.380 104.802262 28.411631 0.7 2.93
2019 06 17 18 50 19.040 104.776660 28.419981 0.7 2.95
2019 06 17 18 51 28.560 104.820540 28.406685 1.3 3.26
2019 06 17 18 52 38.320 104.770247 28.406285 1.4 4.86
2019 06 17 18 52 25.160 104.787410 28.430756 0.8 3.02
2019 06 17 18 52 49.800 104.862679 28.397607 1.5 3.18
2019 06 17 18 53 58.060 104.802555 28.418321 2.4 4.2
2019 06 17 18 55 50.240 104.754183 28.441644 1.2 5.59
2019 06 17 18 56 05.540 104.885286 28.383689 0.9 1.86
2019 06 17 18 56 57.960 104.808757 28.414746 1.0 3.06
2019 06 17 18 57 23.540 104.930632 28.370178 1.0 5.04
2019 06 17 18 58 18.540 104.807739 28.415102 3.5 5.16
2019 06 17 18 59 54.160 104.817920 28.400631 2.4 2.49
2019 06 17 19 00 41.400 104.872689 28.355074 1.5 2.92
2019 06 17 19 00 34.320 104.829647 28.403550 1.1 2.48
2019 06 17 19 01 32.620 104.860465 28.396440 1.3 2.98
2019 06 17 19 01 19.940 104.839893 28.392698 1.6 1.99
2019 06 17 19 02 22.640 104.771802 28.421566 2.3 4.92
2019 06 17 19 02 10.760 104.828174 28.419584 1.5 2.38
2019 06 17 19 03 03.360 104.910360 28.383622 1.0 4.48
2019 06 17 19 03 30.100 104.884074 28.365220 1.8 4.1
2019 06 17 19 04 09.800 104.857235 28.393823 3.0 2.76
2019 06 17 19 05 03.600 104.784229 28.421193 1.6 5.33
2019 06 17 19 05 39.340 104.748307 28.430532 1.2 6.28
2019 06 17 19 06 18.600 104.860449 28.393355 1.5 2.24
2019 06 17 19 06 36.120 104.792448 28.418032 1.3 5.12
2019 06 17 19 07 11.560 104.851660 28.399556 1.2 3.2
2019 06 17 19 07 30.200 104.772485 28.421236 1.4 5.56
2019 06 24 23 23 00.740 104.864722 28.391903 3.5 7.12
2019 06 17 19 09 32.120 104.862467 28.397109 1.6 2.17
2019 06 17 19 09 58.040 104.792049 28.418235 1.2 4.87
2019 06 17 19 10 48.720 104.882772 28.386552 0.8 1.89
2019 06 17 19 11 18.600 104.891439 28.386401 0.6 2.48
2019 06 17 19 11 34.520 104.814421 28.409314 1.0 2.58
2019 06 17 19 12 02.360 104.859725 28.390045 1.8 2.59
2019 06 17 19 12 45.220 104.888713 28.353676 1.7 4.29
2019 06 17 19 12 22.280 104.822607 28.391494 1.5 0.98
2019 06 17 19 13 39.080 104.844727 28.400749 1.2 3.1
2019 06 17 19 14 27.940 104.865617 28.409951 2.1 5.52
2019 06 17 19 15 32.680 104.822567 28.403347 1.0 1.78
2019 06 17 19 15 46.160 104.835905 28.403320 1.3 4.21
2019 06 17 19 16 25.240 104.859220 28.407408 1.4 2.91
2019 06 17 19 17 33.960 104.861702 28.393697 1.2 2.92
2019 06 17 19 17 17.320 104.803263 28.411456 0.8 2.83
2019 06 17 19 18 11.740 104.863493 28.406895 0.9 2.01
2019 06 17 19 19 18.420 104.914982 28.372443 1.3 2.63
2019 06 17 19 19 24.880 104.770337 28.424068 1.3 5.65
2019 06 17 19 20 00.120 104.858683 28.392574 1.8 2.25
2019 06 17 19 20 58.200 104.891463 28.376943 1.2 3.01
2019 06 17 19 20 39.180 104.763680 28.418931 0.9 5.81
2019 06 17 19 21 06.160 104.766178 28.435494 1.2 2.23
2019 06 17 19 21 40.400 104.863338 28.377401 1.0 1.72
2019 06 17 19 22 32.560 104.824919 28.410103 2.8 5.62
2019 06 17 19 23 14.760 104.795833 28.424023 1.4 3.1
2019 06 17 19 23 34.160 104.859237 28.407237 2.0 2.88
2019 06 17 19 24 22.940 104.819425 28.401919 1.8 2.47
2019 06 17 19 25 12.160 104.820280 28.410213 2.1 3.59
2019 06 17 19 25 04.220 104.808333 28.423773 1.6 5.36
2019 06 17 19 26 21.600 104.833097 28.416046 0.8 2.57
2019 06 17 19 25 57.720 104.849040 28.395150 1.0 3.03
2019 06 17 19 26 57.460 104.865601 28.409760 1.3 5.55
2019 06 17 19 27 27.520 104.844352 28.399473 1.5 3.06
2019 06 17 19 28 07.400 104.754354 28.429002 1.6 5.62
2019 06 17 19 28 36.500 104.861353 28.407532 1.1 0.51
2019 06 17 19 29 01.720 104.809505 28.410653 1.3 3.96
2019 06 17 19 31 05.880 104.883341 28.405916 1.0 5.06
2019 06 17 19 31 30.600 104.851131 28.384580 1.4 2.4
2019 06 17 19 32 11.560 104.779378 28.418306 1.5 2.71
2019 06 17 19 32 40.560 104.756413 28.424998 2.7 5.97
2019 06 17 19 34 01.520 104.797298 28.426227 1.2 3.81
2019 06 17 19 34 23.560 104.852311 28.389612 1.2 2.56
2019 06 17 19 34 52.180 104.859855 28.407080 1.3 2.86
2019 06 17 19 35 17.220 104.853564 28.410413 1.1 2.92
2019 06 17 19 35 53.840 104.871037 28.389775 0.7 2.17
2019 06 17 19 37 04.400 104.858854 28.392367 1.3 2.3
2019 06 17 19 39 08.840 104.830542 28.405927 1.5 3.68
2019 06 17 19 39 33.060 104.821102 28.408527 1.7 3.13
2019 06 17 19 40 35.260 104.861800 28.389797 0.9 2.93
2019 06 17 19 41 27.700 104.822225 28.407432 0.5 2.14
2019 06 17 19 42 07.660 104.937931 28.364712 1.6 3.11
2019 06 17 19 41 40.880 104.766854 28.428469 0.7 5.83
2019 06 17 19 42 54.800 104.804077 28.410777 1.5 3.49
2019 06 17 19 43 34.000 104.864689 28.400254 1.7 6.5
2019 06 17 19 43 47.880 104.865487 28.401796 1.5 2.14
2019 06 17 19 45 03.480 104.867651 28.394537 1.5 2.42
2019 06 17 19 45 15.000 104.877962 28.371802 1.2 4.2
2019 06 17 19 46 24.760 104.904370 28.364494 1.0 2.15
2019 06 17 19 47 08.440 104.853979 28.404230 0.6 5.95
2019 06 17 19 47 32.560 104.889225 28.375598 1.9 2.72
2019 06 17 19 48 09.600 104.907666 28.378184 2.0 3.27
2019 06 17 19 48 44.560 104.786719 28.412903 0.9 4.64
2019 06 17 19 49 46.320 104.814925 28.410215 1.1 1.66
2019 06 17 19 49 35.680 104.835286 28.392041 0.7 0.01
2019 06 17 19 50 22.920 104.793026 28.417057 2.0 2.68
2019 06 17 19 50 09.880 104.787606 28.412750 1.5 4.51
2019 06 17 19 51 15.020 104.755607 28.430125 1.4 5.51
2019 06 17 19 51 58.400 104.858415 28.396421 2.0 2.71
2019 06 17 19 53 24.260 104.852026 28.413674 1.3 2.97
2019 06 17 19 53 08.420 104.830103 28.420764 1.1 5.01
2019 06 17 19 54 00.340 104.807007 28.403027 0.6 3.75
2019 06 17 19 53 51.200 104.815055 28.415002 0.9 2.99
2019 06 17 19 54 23.720 104.764982 28.423210 1.6 5.56
2019 06 17 19 55 45.760 104.868156 28.383411 1.1 3.49
2019 06 17 19 56 19.400 104.825065 28.405861 0.9 2.92
2019 06 17 19 57 01.960 104.770199 28.423537 3.0 5.81
2019 06 17 19 57 31.200 104.772673 28.425094 1.6 6.11
2019 06 17 19 58 04.240 104.813005 28.408789 1.4 3.84
2019 06 17 19 58 38.440 104.859017 28.398128 1.6 3.13
2019 06 17 19 59 03.240 104.770597 28.422506 1.0 5.54
2019 06 17 20 00 38.080 104.814502 28.410461 1.1 2.68
2019 06 17 20 01 40.360 104.861410 28.392914 1.1 2.91
2019 06 17 20 02 03.760 104.873910 28.373118 1.4 4.33
2019 06 17 20 03 41.880 104.923104 28.364575 1.7 5.04
2019 06 17 20 03 18.240 104.827702 28.405774 0.6 2.82
2019 06 17 20 04 29.120 104.867025 28.395551 3.7 9.03
2019 06 17 20 07 08.760 104.865226 28.394590 1.4 2.98
2019 06 17 20 07 25.880 104.864087 28.395457 1.2 2.99
2019 06 17 20 07 40.760 104.761068 28.419710 0.8 5.63
2019 06 17 20 08 23.420 104.863485 28.395854 0.9 3.0
2019 06 17 20 08 38.140 104.863135 28.394147 1.1 2.93
2019 06 17 20 08 27.780 104.773120 28.422845 1.1 5.57
2019 06 17 20 09 21.240 104.867122 28.380912 0.9 1.68
2019 06 17 20 10 02.840 104.812614 28.426310 1.2 5.73
2019 06 17 20 10 12.720 104.864250 28.395164 1.3 2.97
2019 06 17 20 09 52.080 104.777352 28.419682 0.8 5.68
2019 06 17 20 11 08.700 104.746045 28.427372 4.1 6.3
2019 06 17 20 13 04.040 104.751270 28.426206 1.7 6.22
2019 06 17 20 14 56.560 104.850334 28.405048 2.0 2.76
2019 06 17 20 15 35.840 104.853296 28.398260 1.5 3.21
2019 06 17 20 15 54.800 104.779191 28.415141 1.1 4.91
2019 06 17 20 16 51.300 104.864315 28.392904 0.8 2.12
2019 06 17 20 17 00.440 104.865243 28.406860 1.1 1.8
2019 06 17 20 17 09.440 104.789396 28.423197 0.7 2.7
2019 06 17 20 17 58.240 104.875114 28.392643 1.0 2.35
2019 06 17 20 18 54.400 104.891943 28.379590 0.9 1.84
2019 06 17 20 19 26.780 104.863534 28.387561 0.5 1.73
2019 06 17 20 19 15.840 104.771753 28.433541 0.9 2.81
2019 06 17 20 20 03.680 104.913029 28.375781 0.7 5.6
2019 06 17 20 20 52.460 104.876286 28.373315 1.6 4.15
2019 06 17 20 21 03.080 104.861776 28.407385 1.8 0.55
2019 06 17 20 21 08.900 104.877433 28.389449 1.9 2.13
2019 06 17 20 22 37.360 104.832796 28.406683 1.2 2.53
2019 06 17 20 23 20.480 104.868896 28.396397 0.5 1.14
2019 06 17 20 24 04.480 104.863737 28.406582 0.6 1.99
2019 06 17 20 24 13.240 104.833447 28.409084 1.0 3.84
2019 06 17 20 25 37.540 104.862500 28.393237 0.9 2.85
2019 06 17 20 25 48.160 104.909342 28.362528 1.0 4.57
2019 06 17 20 27 37.000 104.887077 28.351548 1.4 3.32
2019 06 17 20 28 23.640 104.786833 28.431873 0.8 2.74
2019 06 17 20 29 25.440 104.862809 28.396177 0.9 3.01
2019 06 17 20 29 34.420 104.829045 28.401904 1.1 0.64
2019 06 17 20 31 03.580 104.861312 28.401809 0.9 3.09
2019 06 17 20 31 36.500 104.782593 28.421877 0.8 2.88
2019 06 17 20 31 52.580 104.775391 28.421688 2.6 5.62
2019 06 17 20 32 16.840 104.773438 28.421224 1.5 5.39
2019 06 17 20 32 44.300 104.767822 28.414219 1.3 5.32
2019 06 17 20 32 38.500 104.759969 28.431337 1.2 6.86
2019 06 17 20 33 36.920 104.856405 28.393776 3.0 2.95
2019 06 17 20 33 24.120 104.855151 28.413159 1.4 3.04
2019 06 17 20 34 11.180 104.853654 28.403723 1.9 3.05
2019 06 17 20 34 41.360 104.883960 28.391042 1.3 1.82
2019 06 17 20 35 03.440 104.860921 28.397160 1.5 3.12
2019 06 17 20 36 36.600 104.884399 28.386076 1.3 1.7
2019 06 17 20 37 42.140 104.886694 28.339726 2.7 4.34
2019 06 17 20 37 18.840 104.825350 28.405817 0.9 3.12
2019 06 17 20 39 41.320 104.818896 28.403890 1.7 2.48
2019 06 17 20 39 57.400 104.858610 28.392497 1.6 2.24
2019 06 17 20 40 58.960 104.846037 28.399502 0.9 3.06
2019 06 17 20 41 21.600 104.853158 28.414817 1.2 3.04
2019 06 17 20 43 07.780 104.852507 28.393319 1.0 3.36
2019 06 17 20 43 16.280 104.858154 28.396560 2.2 5.27
2019 06 17 20 44 08.000 104.763826 28.427889 1.1 5.52
2019 06 17 20 45 18.120 104.819206 28.408862 1.3 3.22
2019 06 17 20 44 56.360 104.855094 28.395284 0.6 2.92
2019 06 17 20 45 57.960 104.889282 28.384583 1.0 1.85
2019 06 17 20 47 08.160 104.766650 28.434617 1.1 4.06
2019 06 17 20 48 01.600 104.891911 28.385588 0.9 1.99
2019 06 17 20 48 32.240 104.759326 28.425002 1.4 5.28
2019 06 17 20 49 01.080 104.876400 28.376272 0.8 1.16
2019 06 17 20 49 36.160 104.863647 28.396810 1.1 3.13
2019 06 17 20 51 07.280 104.829875 28.405090 1.3 3.55
2019 06 17 20 52 07.200 104.924398 28.387616 0.9 2.77
2019 06 17 20 52 37.720 104.802466 28.426005 1.0 4.22
2019 06 17 20 52 19.240 104.903589 28.377824 0.9 1.89
2019 06 17 20 52 54.420 104.854183 28.384932 1.1 2.53
2019 06 17 20 53 34.760 104.772624 28.422032 2.4 5.59
2019 06 17 20 54 36.920 104.808521 28.407300 1.1 1.76
2019 06 17 20 54 45.680 104.789299 28.414160 1.1 4.96
2019 06 17 20 55 12.080 104.854020 28.389980 1.2 3.0
2019 06 17 20 55 41.680 104.761963 28.428251 2.0 5.56
2019 06 17 20 55 51.080 104.759774 28.427289 2.0 5.51
2019 06 17 20 56 19.180 104.888664 28.335356 1.2 4.07
2019 06 17 20 57 15.080 104.768815 28.435999 2.0 5.52
2019 06 17 20 58 54.920 104.852873 28.388253 1.8 2.97
2019 06 17 20 58 42.220 104.810124 28.410514 1.7 4.03
2019 06 17 20 59 53.560 104.817562 28.405817 2.0 2.52
2019 06 17 20 59 41.520 104.805770 28.415662 1.7 0.37
2019 06 17 21 00 26.280 104.862817 28.395911 1.2 3.0
2019 06 17 21 00 42.520 104.763647 28.429966 0.7 5.31
2019 06 17 21 02 31.800 104.776522 28.429169 0.5 2.94
2019 06 17 21 02 58.160 104.808919 28.412813 0.6 1.54
2019 06 17 21 03 25.920 104.837150 28.381040 4.7 5.68
2019 06 17 21 04 51.720 104.871379 28.391730 2.7 2.3
2019 06 17 21 06 52.940 104.795728 28.421824 2.1 2.66
2019 06 17 21 06 30.040 104.759017 28.425389 2.0 5.7
2019 06 17 21 07 07.640 104.758651 28.426235 2.8 5.68
2019 06 17 21 08 24.400 104.781405 28.419659 1.7 5.14
2019 06 17 21 08 42.000 104.764860 28.430910 3.4 5.85
2019 06 17 21 10 26.000 104.905558 28.375521 1.3 2.78
2019 06 17 21 10 39.520 104.861784 28.396639 2.1 3.06
2019 06 17 21 11 26.000 104.848991 28.403640 1.5 3.4
2019 06 17 21 10 59.000 104.763981 28.424579 0.9 5.13
2019 06 17 21 11 08.120 104.802791 28.423785 1.2 2.76
2019 06 17 21 12 09.260 104.776709 28.420412 1.0 3.16
2019 06 17 21 12 53.600 104.796606 28.425151 1.8 3.76
2019 06 17 21 12 34.460 104.782292 28.422247 1.1 5.3
2019 06 17 21 12 58.640 104.756746 28.445426 2.3 5.58
2019 06 17 21 13 34.720 104.864933 28.381549 1.7 1.79
2019 06 17 21 15 21.320 104.780501 28.419043 0.8 2.81
2019 06 17 21 16 05.700 104.867635 28.392312 2.7 3.07
2019 06 17 21 17 26.360 104.781486 28.418522 2.8 5.81
2019 06 17 21 17 43.540 104.871167 28.387242 2.9 1.58
2019 06 17 21 18 21.600 104.860954 28.408394 1.9 2.48
2019 06 17 21 19 22.180 104.868636 28.391565 1.4 2.86
2019 06 17 21 20 08.320 104.784245 28.413342 0.5 1.04
2019 06 17 21 21 01.240 104.855452 28.396092 0.7 2.62
2019 06 17 21 21 28.620 104.815959 28.412262 1.3 3.67
2019 06 17 21 22 38.680 104.790755 28.431458 0.8 3.06
2019 06 17 21 22 59.640 104.853540 28.410498 1.1 2.92
2019 06 17 21 23 27.520 104.789632 28.428198 2.2 5.52
2019 06 17 21 24 47.840 104.851603 28.410980 1.2 2.96
2019 06 17 21 26 22.400 104.750749 28.432229 1.0 6.31
2019 06 17 21 26 58.000 104.898836 28.363757 1.5 2.71
2019 06 17 21 28 22.040 104.854215 28.401864 1.4 2.92
2019 06 17 21 28 46.720 104.755705 28.440824 1.5 5.52
2019 06 17 21 29 26.220 104.799495 28.426296 1.2 3.71
2019 06 17 21 29 40.280 104.781323 28.416764 0.6 6.22
2019 06 17 21 30 27.560 104.757975 28.429954 1.9 5.59
2019 06 17 21 30 23.840 104.849561 28.397302 1.4 3.57
2019 06 17 21 31 15.320 104.877523 28.417426 0.3 3.22
2019 06 17 21 31 50.080 104.771501 28.419989 1.2 5.46
2019 06 17 21 32 14.740 104.781885 28.419017 2.7 5.69
2019 06 17 21 34 04.500 104.902336 28.369491 1.4 2.57
2019 06 17 21 34 41.280 104.770459 28.423716 1.3 5.51
2019 06 17 21 36 35.920 104.858545 28.383309 0.9 -0.62
2019 06 17 21 37 18.500 104.814535 28.412004 1.0 3.84
2019 06 17 21 38 57.300 104.869727 28.391518 0.3 2.11
2019 06 17 21 39 25.400 104.935490 28.366101 1.7 2.91
2019 06 17 21 40 06.860 104.863257 28.391296 1.0 5.42
2019 06 17 21 40 39.640 104.871379 28.381455 2.2 1.86
2019 06 17 21 43 17.360 104.912809 28.373035 0.8 2.68
2019 06 17 21 44 24.760 104.787166 28.413975 1.2 2.55
2019 06 17 21 44 56.600 104.822477 28.407943 1.9 3.32
2019 06 17 21 45 21.360 104.891024 28.387197 1.7 2.67
2019 06 17 21 47 16.040 104.883789 28.378015 0.8 2.33
2019 06 17 21 48 09.020 104.908480 28.380251 1.0 2.94
2019 06 17 21 48 37.860 104.944116 28.367712 0.8 2.24
2019 06 17 21 49 08.200 104.862923 28.388206 2.0 2.37
2019 06 25 23 31 41.040 104.812191 28.412321 4.2 7.19
2019 06 17 21 52 26.180 104.807910 28.413175 2.8 4.41
2019 06 17 21 53 37.000 104.867065 28.408398 1.6 5.4
2019 06 17 21 54 32.840 104.797168 28.422611 2.4 3.01
2019 06 17 21 55 25.920 104.945907 28.367544 1.3 2.28
2019 06 17 21 55 19.900 104.866691 28.392938 0.8 2.74
2019 06 17 21 56 16.640 104.786239 28.419336 0.8 2.66
2019 06 17 21 56 22.040 104.812549 28.410128 1.3 3.36
2019 06 17 21 58 24.160 104.852157 28.399599 1.8 3.36
2019 06 17 21 58 00.800 104.868831 28.391380 0.7 2.29
2019 06 17 21 58 17.600 104.787793 28.419784 2.0 5.21
2019 06 17 21 58 33.720 104.783643 28.422219 1.9 1.72
2019 06 17 21 59 34.840 104.825692 28.411361 1.3 3.95
2019 06 17 21 59 24.480 104.723519 28.448232 0.9 8.83
2019 06 17 22 01 51.840 104.742293 28.431158 1.0 5.61
2019 06 17 22 03 12.360 104.797054 28.411759 1.1 4.12
2019 06 17 22 03 48.440 104.848918 28.410085 0.8 2.56
2019 06 17 22 04 23.180 104.868229 28.410590 0.7 2.06
2019 06 17 22 04 34.660 104.799495 28.424573 3.1 5.51
2019 06 17 22 05 11.580 104.786711 28.420693 2.1 5.27
2019 06 17 22 07 42.080 104.937980 28.360016 0.9 2.16
2019 06 17 22 08 23.100 104.792660 28.418909 0.9 5.36
2019 06 17 22 10 32.040 104.782194 28.423269 1.0 5.24
2019 06 17 22 11 19.240 104.865576 28.390548 0.9 2.63
2019 06 17 22 11 26.240 104.792603 28.416431 1.2 2.68
2019 06 17 22 12 07.660 104.933691 28.361538 0.8 2.24
2019 06 17 22 12 19.000 104.805461 28.407916 0.9 -0.63
2019 06 17 22 12 47.160 104.787736 28.429966 1.8 5.47
2019 06 17 22 13 19.140 104.770597 28.422935 1.9 5.35
2019 06 17 22 14 56.020 104.862712 28.396248 1.8 3.03
2019 06 17 22 15 20.920 104.784953 28.420426 1.3 5.28
2019 06 17 22 15 53.560 104.791691 28.418178 1.4 4.78
2019 06 17 22 16 33.020 104.791960 28.430339 1.5 3.27
2019 06 17 22 17 42.900 104.783911 28.420378 0.8 5.25
2019 06 17 22 18 43.840 104.796517 28.421965 1.9 5.06
2019 06 17 22 18 30.960 104.860872 28.401143 2.0 5.79
2019 06 17 22 19 16.420 104.772900 28.421883 1.4 5.22
2019 06 17 22 18 58.280 104.877661 28.376654 1.8 -0.23
2019 06 17 22 19 53.520 104.855656 28.404181 1.0 2.88
2019 06 17 22 20 21.920 104.861125 28.400222 1.5 3.21
2019 06 17 22 20 39.800 104.786483 28.420870 1.1 5.18
2019 06 17 22 21 25.280 104.877531 28.377806 1.3 -0.19
2019 06 17 22 21 04.920 104.848291 28.380251 0.9 2.59
2019 06 17 22 22 25.080 104.791821 28.418239 2.0 5.19
2019 06 17 22 25 48.000 104.770719 28.432499 1.3 4.28
2019 06 17 22 25 28.760 104.789242 28.431728 0.7 2.97
2019 06 17 22 27 00.400 104.834465 28.417159 1.1 5.06
2019 06 17 22 27 29.880 104.765715 28.435248 1.2 2.22
2019 06 17 22 27 56.000 104.855249 28.413920 0.4 7.86
2019 06 17 22 28 54.080 104.904826 28.372754 1.1 3.54
2019 06 17 22 28 34.320 104.838346 28.402806 0.7 2.75
2019 06 17 22 29 33.960 104.883659 28.389242 0.9 2.47
2019 06 17 22 29 59.560 104.906657 28.378141 1.3 3.21
2019 06 17 22 29 48.820 104.762061 28.419889 0.9 1.88
2019 06 17 22 32 12.720 104.898991 28.379213 1.1 3.72
2019 06 17 22 32 29.120 104.821672 28.403135 1.0 2.03
2019 06 17 22 32 57.480 104.817790 28.401442 1.3 1.53
2019 06 17 22 32 50.820 104.896753 28.391815 1.0 0.43
2019 06 17 22 33 18.440 104.925146 28.366386 0.8 1.95
2019 06 17 22 33 39.500 104.884660 28.377907 1.2 4.23
2019 06 17 22 35 02.040 104.809578 28.414703 2.8 5.14
2019 06 17 22 34 43.360 104.826750 28.400844 1.2 2.09
2019 06 17 22 35 49.620 104.864461 28.401318 1.5 2.95
2019 06 17 22 37 25.560 104.799731 28.412667 1.0 2.89
2019 06 17 22 38 05.820 104.848999 28.395437 1.0 2.69
2019 06 17 22 38 14.340 104.768636 28.429095 1.2 4.5
2019 06 17 22 39 15.880 104.933317 28.367466 1.2 2.22
2019 06 17 22 40 24.080 104.859212 28.421293 1.1 2.86
2019 06 17 22 40 52.800 104.894523 28.383130 0.4 2.84
2019 06 17 22 43 51.640 104.736523 28.443622 0.7 7.38
2019 06 17 22 44 23.620 104.769865 28.417102 1.0 5.3
2019 06 17 22 45 25.360 104.853035 28.405701 0.8 3.11
2019 06 17 22 45 57.380 104.755298 28.441298 1.3 5.56
2019 06 17 22 47 22.340 104.853971 28.398556 0.6 5.47
2019 06 17 22 47 32.440 104.852759 28.395913 0.8 2.79
2019 06 17 22 48 30.940 104.848031 28.395685 0.7 2.76
2019 06 17 22 49 57.700 104.854460 28.413167 0.6 2.83
2019 06 17 22 52 36.240 104.826530 28.409521 1.2 4.28
2019 06 17 22 53 32.400 104.862785 28.394436 0.6 3.02
2019 06 17 22 54 10.300 104.727718 28.456283 1.3 5.15
2019 06 17 22 55 33.040 104.864811 28.396316 0.7 3.07
2019 06 17 22 56 52.540 104.895036 28.382977 0.8 2.77
2019 06 17 22 57 43.760 104.861694 28.391471 1.9 3.14
2019 06 17 22 58 11.500 104.879679 28.385282 2.3 4.19
2019 06 17 23 01 41.480 104.862142 28.409182 1.4 6.53
2019 06 17 23 02 27.180 104.869629 28.401017 0.7 2.75
2019 06 17 23 03 52.400 104.793840 28.417387 2.5 5.26
2019 06 17 23 05 59.880 104.783911 28.415837 1.5 5.79
2019 06 17 23 07 06.740 104.777262 28.418290 2.1 5.49
2019 06 17 23 07 44.260 104.793441 28.417013 1.8 2.69
2019 06 17 23 09 50.160 104.777547 28.418551 1.0 5.41
2019 06 17 23 10 15.520 104.891496 28.340285 0.2 2.73
2019 06 17 23 10 44.360 104.862736 28.381396 1.2 2.95
2019 06 17 23 12 41.340 104.944019 28.349357 1.0 2.98
2019 06 17 23 13 16.120 104.888281 28.350596 0.5 1.92
2019 06 17 23 15 55.960 104.845296 28.407914 0.8 3.51
2019 06 17 23 16 47.740 104.890723 28.352466 0.8 3.35
2019 06 17 23 17 23.160 104.814217 28.415389 0.8 3.47
2019 06 17 23 18 12.660 104.786434 28.414510 1.5 5.06
2019 06 17 23 19 17.400 104.855965 28.384275 1.8 2.51
2019 06 17 23 19 51.660 104.950293 28.361674 1.2 2.82
2019 06 17 23 21 37.000 104.807422 28.419169 0.7 0.84
2019 06 17 23 22 03.160 104.885409 28.376491 0.9 2.32
2019 06 17 23 22 58.040 104.898747 28.376933 0.8 4.24
2019 06 17 23 23 39.560 104.761540 28.428617 1.5 5.87
2019 06 17 23 24 03.080 104.821810 28.412923 3.1 5.53
2019 06 17 23 25 08.000 104.900187 28.381608 0.8 5.0
2019 06 17 23 27 15.560 104.799447 28.427232 2.3 3.8
2019 06 26 17 22 00.980 104.764844 28.436806 2.2 5.71
2019 06 17 23 29 31.880 104.872786 28.384703 3.2 5.02
2019 06 17 23 31 48.240 104.752954 28.433097 1.3 5.6
2019 06 17 23 33 12.480 104.853923 28.389260 0.7 2.66
2019 06 17 23 34 33.360 104.874333 28.386853 5.2 6.59
2019 06 17 23 38 09.320 104.803776 28.415438 2.0 5.36
2019 06 17 23 38 40.360 104.786556 28.420036 1.6 5.1
2019 06 17 23 39 25.700 104.868433 28.402769 2.0 2.37
2019 06 17 23 40 50.120 104.874349 28.409788 1.5 4.88
2019 06 17 23 41 32.600 104.846899 28.396452 2.0 3.14
2019 06 17 23 42 25.020 104.863127 28.389956 1.4 2.14
2019 06 17 23 43 30.400 104.854622 28.397723 1.1 3.17
2019 06 17 23 45 26.920 104.868262 28.408191 2.0 5.53
2019 06 17 23 46 19.320 104.872363 28.384526 2.5 2.94
2019 06 17 23 49 14.080 104.867326 28.390214 1.0 3.25
2019 06 17 23 51 49.840 104.864787 28.389817 1.4 2.98
2019 06 17 23 51 27.980 104.859652 28.392002 1.1 4.82
2019 06 17 23 52 12.960 104.849211 28.395496 1.5 2.96
2019 06 17 23 52 22.120 104.865332 28.396602 1.6 3.11
2019 06 17 23 54 17.940 104.858512 28.389571 0.8 2.73
2019 06 17 23 55 01.640 104.874878 28.410205 0.8 4.83
2019 06 17 23 55 46.720 104.797119 28.439514 2.7 5.73
2019 06 17 23 57 23.940 104.848649 28.391270 1.4 2.86
2019 06 17 23 58 18.120 104.846411 28.395835 1.3 2.79
2019 06 18 00 01 08.280 104.857609 28.388155 3.0 2.68
2019 06 18 00 03 33.780 104.880241 28.388070 1.1 0.84
2019 06 18 00 04 12.100 104.771948 28.422589 1.1 5.67
2019 06 18 00 04 55.080 104.821908 28.413517 1.4 5.7
2019 06 18 00 06 25.520 104.855688 28.399927 2.9 5.29
2019 06 18 00 08 28.900 104.935750 28.355756 1.1 2.01
2019 06 18 00 09 02.250 104.795312 28.417810 1.4 5.21
2019 06 18 00 09 40.790 104.920125 28.383866 1.1 4.95
2019 06 18 00 10 47.210 104.801554 28.421277 1.0 -0.34
2019 06 18 00 11 16.770 104.871143 28.390885 0.8 1.66
2019 06 18 00 12 47.340 104.854272 28.399341 1.1 5.32
2019 06 18 00 13 46.010 104.872965 28.402022 0.7 5.21
2019 06 18 00 14 36.940 104.756559 28.425000 1.3 6.0
2019 06 18 00 14 52.790 104.802230 28.424109 4.0 5.4
2019 06 18 00 17 23.050 104.863745 28.381165 1.6 2.1
2019 06 18 00 19 03.720 104.868840 28.392918 1.5 2.9
2019 06 18 00 20 50.060 104.905672 28.381972 0.6 4.86
2019 06 18 00 21 25.770 104.850081 28.388298 0.6 2.0
2019 06 18 00 22 27.020 104.856689 28.394879 0.4 2.9
2019 06 18 00 23 12.990 104.941016 28.374304 1.2 2.95
2019 06 18 00 22 54.250 104.943034 28.352197 1.0 3.45
2019 06 18 00 23 38.850 104.776953 28.418479 1.3 5.48
2019 06 18 00 24 11.430 104.770361 28.435116 1.1 3.99
2019 06 18 00 24 39.530 104.918018 28.368034 1.3 1.82
2019 06 18 00 25 22.030 104.876302 28.379124 0.8 -0.19
2019 06 18 00 26 28.420 104.898649 28.378469 1.1 3.69
2019 06 18 00 26 58.930 104.774202 28.419830 0.9 2.9
2019 06 18 00 27 38.700 104.817155 28.401119 0.9 1.54
2019 06 18 00 28 16.170 104.889583 28.390753 1.0 4.98
2019 06 18 00 28 09.730 104.779761 28.421472 1.1 5.46
2019 06 18 00 29 08.630 104.921240 28.367605 1.1 1.95
2019 06 18 00 29 25.420 104.722209 28.454325 1.0 8.81
2019 06 18 00 30 09.530 104.877336 28.387754 0.9 4.16
2019 06 18 00 32 00.990 104.882104 28.415889 0.9 4.96
2019 06 18 00 35 18.410 104.869906 28.385272 0.6 2.36
2019 06 18 00 36 14.220 104.840568 28.388243 0.7 2.52
2019 06 18 00 36 48.400 104.876872 28.407717 0.6 4.67
2019 06 18 00 37 05.460 104.847729 28.396407 1.1 1.73
2019 06 18 00 37 49.780 104.788566 28.418919 1.7 5.17
2019 06 18 00 39 18.280 104.746370 28.429702 0.8 6.7
2019 06 18 00 39 01.680 104.784920 28.421051 0.7 5.32
2019 06 18 00 39 55.350 104.865234 28.378013 3.2 1.6
2019 06 18 00 41 14.560 104.844352 28.398690 1.2 2.94
2019 06 18 00 42 01.440 104.886800 28.400942 1.4 4.84
2019 06 18 00 42 50.530 104.881714 28.352761 1.5 2.53
2019 06 18 00 44 17.480 104.892668 28.354738 1.3 2.75
2019 06 18 00 44 30.130 104.783659 28.420752 1.2 2.83
2019 06 18 00 45 32.080 104.784928 28.421216 0.9 5.29
2019 06 18 00 45 53.200 104.777116 28.418154 1.3 2.85
2019 06 18 00 46 25.580 104.876204 28.384981 1.1 1.9
2019 06 18 00 46 51.830 104.902197 28.377159 0.8 5.66
2019 06 18 00 47 25.110 104.785018 28.421265 1.6 5.34
2019 06 18 00 51 40.000 104.926074 28.384174 0.5 5.17
2019 06 18 00 51 57.210 104.784009 28.421082 0.7 5.2
2019 06 18 00 52 43.380 104.767782 28.422711 0.8 5.46
2019 06 18 00 53 26.260 104.843473 28.405813 0.7 2.43
2019 06 18 00 55 02.350 104.855428 28.392373 0.7 2.87
2019 06 18 00 58 03.920 104.886393 28.345058 1.0 3.89
2019 06 18 01 00 15.910 104.848047 28.397744 2.7 5.7
2019 06 18 01 02 39.510 104.753621 28.424207 1.9 5.9
2019 06 18 01 03 36.740 104.798568 28.428038 0.5 4.38
2019 06 18 01 04 26.580 104.859953 28.394055 2.0 3.27
2019 06 18 01 04 12.640 104.783374 28.440592 1.3 3.57
2019 06 18 01 05 22.640 104.769881 28.424459 1.0 5.65
2019 06 18 01 05 49.830 104.875155 28.373448 1.3 4.27
2019 06 18 01 08 27.150 104.814217 28.415584 2.6 3.99
2019 06 18 01 08 55.890 104.768107 28.419611 2.1 5.59
2019 06 18 01 10 37.660 104.754476 28.427100 0.9 6.49
2019 06 18 01 11 12.440 104.893351 28.385048 1.0 3.02
2019 06 18 01 10 55.230 104.747485 28.429840 1.0 6.35
2019 06 18 01 12 04.430 104.770907 28.417993 1.6 6.12
2019 06 18 01 13 27.190 104.805420 28.426522 2.4 3.83
2019 06 18 01 13 11.200 104.821493 28.400649 1.2 1.58
2019 06 18 01 15 19.400 104.861532 28.407456 1.3 2.87
2019 06 18 01 15 03.140 104.874251 28.411859 0.8 4.82
2019 06 18 01 16 48.410 104.847404 28.381887 0.4 3.74
2019 06 18 01 17 46.350 104.765511 28.434875 0.8 5.45
2019 06 18 01 18 39.190 104.788542 28.436367 1.6 4.01
2019 06 18 01 18 15.760 104.764665 28.426072 0.4 5.95
2019 06 18 01 18 54.120 104.773568 28.421336 1.5 5.54
2019 06 18 01 20 02.450 104.858057 28.390706 0.9 2.89
2019 06 18 01 20 38.470 104.865291 28.385577 1.0 2.97
2019 06 18 01 20 45.580 104.864681 28.396419 1.2 3.07
2019 06 18 01 21 58.030 104.850342 28.385378 0.8 6.33
2019 06 18 01 23 30.600 104.814331 28.409383 1.4 5.25
2019 06 18 01 25 17.490 104.819116 28.413499 0.9 2.17
2019 06 18 01 27 22.820 104.859310 28.391142 0.6 2.57
2019 06 18 01 28 36.180 104.850203 28.411904 0.9 2.95
2019 06 18 01 28 26.010 104.864648 28.406919 0.7 1.78
2019 06 18 01 30 45.860 104.855957 28.412207 0.7 2.44
2019 06 18 01 31 12.040 104.822860 28.419214 0.6 3.34
2019 06 18 01 31 36.610 104.834570 28.392403 1.4 3.88
2019 06 18 01 32 29.330 104.857544 28.402791 1.4 2.88
2019 06 18 01 33 55.430 104.758716 28.438287 1.6 5.44
2019 06 18 01 34 55.390 104.902612 28.383272 1.6 4.76
2019 06 18 01 35 04.630 104.848332 28.406822 2.2 3.05
2019 06 18 01 35 46.290 104.867928 28.389058 1.8 2.61
2019 06 18 01 35 30.860 104.786206 28.435565 1.9 2.9
2019 06 18 01 37 58.280 104.867114 28.408986 1.6 5.53
2019 06 18 01 38 47.830 104.779395 28.418321 0.9 2.84
2019 06 18 01 41 28.800 104.883138 28.364339 1.4 4.7
2019 06 18 01 41 50.070 104.860498 28.404128 1.6 2.45
2019 06 18 01 41 43.340 104.859440 28.409566 1.6 3.66
2019 06 18 01 42 58.210 104.854329 28.390405 0.8 2.82
2019 06 18 01 43 15.450 104.793368 28.416921 0.9 4.64
2019 06 18 01 44 07.980 104.808317 28.414376 1.9 3.49
2019 06 18 01 45 11.160 104.801937 28.425073 1.0 5.08
2019 06 18 01 49 02.570 104.767546 28.423427 1.1 2.33
2019 06 18 01 49 44.270 104.882023 28.359235 1.7 7.33
2019 06 18 01 53 10.850 104.811247 28.424654 0.9 4.16
2019 06 18 01 54 12.810 104.736865 28.444287 1.0 7.36
2019 06 18 01 56 18.830 104.759953 28.431966 0.5 5.58
2019 06 18 01 58 45.790 104.766170 28.404968 1.5 5.91
2019 06 18 02 01 08.680 104.833398 28.412807 0.7 6.85
2019 06 18 02 02 30.510 104.780493 28.419702 0.9 5.24
2019 06 18 02 02 51.710 104.780534 28.419078 0.9 2.78
2019 06 18 02 03 47.730 104.879793 28.411554 1.0 4.7
2019 06 18 20 43 20.980 104.885360 28.362659 1.2 4.76
2019 06 18 02 05 41.360 104.842301 28.398016 0.7 2.07
2019 06 18 02 06 46.630 104.848389 28.407017 1.3 3.13
2019 06 18 02 06 33.690 104.854207 28.395487 0.5 3.87
2019 06 18 02 09 55.750 104.855086 28.421568 0.6 3.07
2019 06 18 02 10 48.230 104.883716 28.383791 1.1 3.13
2019 06 18 02 12 24.670 104.781592 28.424540 0.6 5.06
2019 06 18 02 13 25.440 104.807560 28.413503 1.5 2.0
2019 06 18 02 15 50.300 104.850806 28.412746 1.4 2.94
2019 06 18 02 16 27.730 104.902197 28.380440 1.3 2.97
2019 06 18 02 17 42.930 104.782446 28.422799 1.0 5.3
2019 06 18 02 18 18.960 104.753459 28.425462 0.8 6.45
2019 06 18 02 19 08.210 104.780623 28.433114 0.6 2.85
2019 06 18 02 20 14.640 104.742432 28.434353 2.3 7.13
2019 06 18 02 21 56.100 104.783195 28.417208 1.0 4.92
2019 06 18 02 22 41.620 104.734904 28.450739 0.8 7.0
2019 06 18 02 23 36.230 104.776449 28.419155 0.7 5.84
2019 06 18 02 25 05.030 104.720614 28.442279 1.1 9.21
2019 06 18 02 26 21.640 104.913770 28.373741 0.3 2.28
2019 06 18 02 27 26.990 104.769165 28.420150 0.9 2.26
2019 06 18 02 32 16.230 104.864901 28.401908 0.6 2.86
2019 06 18 02 33 09.200 104.779793 28.422866 0.9 5.34
2019 06 18 02 34 24.140 104.823608 28.409937 0.6 2.88
2019 06 18 02 35 45.650 104.940487 28.361021 0.8 2.11
2019 06 18 02 37 20.710 104.851416 28.395903 0.8 2.8
2019 06 18 02 37 40.160 104.855444 28.404185 1.0 2.88
2019 06 18 02 38 14.250 104.932747 28.366170 0.8 2.52
2019 06 18 02 39 12.540 104.786182 28.420227 1.4 5.03
2019 06 18 02 39 26.560 104.785254 28.419629 1.3 2.74
2019 06 18 02 40 17.100 104.787207 28.420020 1.3 5.23
2019 06 18 02 41 47.830 104.905843 28.376308 1.0 2.3
2019 06 18 02 43 44.880 104.916292 28.366949 1.3 3.03
2019 06 18 02 46 55.620 104.798405 28.431527 0.8 4.95
2019 06 18 02 47 32.780 104.946045 28.364661 1.0 2.53
2019 06 18 02 48 45.070 104.949422 28.370974 1.0 3.1
2019 06 18 02 49 15.240 104.762036 28.436251 1.1 5.37
2019 06 18 02 50 26.330 104.848161 28.431527 0.7 2.61
2019 06 18 02 51 13.210 104.891789 28.353569 1.3 3.47
2019 06 18 02 50 50.130 104.828630 28.407534 0.5 3.38
2019 06 18 02 51 40.960 104.811564 28.412130 1.3 3.75
2019 06 18 02 53 05.390 104.884831 28.356769 2.4 7.26
2019 06 18 02 52 48.700 104.820028 28.402795 1.0 5.24
2019 06 18 02 54 02.340 104.847754 28.394954 1.7 1.9
2019 06 18 02 55 04.210 104.818823 28.403587 0.9 2.65
2019 06 18 02 55 45.440 104.771745 28.420854 1.3 5.36
2019 06 18 02 56 30.400 104.783862 28.421468 1.2 5.24
2019 06 18 02 58 22.700 104.875675 28.378668 1.5 -0.07
2019 06 18 02 58 52.960 104.886816 28.366569 1.7 2.81
2019 06 18 02 59 45.470 104.854183 28.394857 1.6 2.95
2019 06 18 03 00 50.380 104.881266 28.392088 2.4 3.41
2019 06 18 03 04 17.000 104.781234 28.422101 0.6 5.17
2019 06 18 03 04 53.050 104.902384 28.379183 1.5 2.77
2019 06 18 03 05 35.640 104.739437 28.439276 1.5 6.65
2019 06 18 03 05 45.020 104.853621 28.413643 1.9 2.95
2019 06 18 03 06 29.850 104.901945 28.378931 1.1 2.76
2019 06 18 03 07 07.440 104.851904 28.412671 1.1 2.95
2019 06 18 03 09 32.030 104.767619 28.423051 1.2 5.23
2019 06 18 03 09 45.060 104.902515 28.379437 1.4 2.79
2019 06 18 03 09 59.080 104.758521 28.430961 1.5 6.24
2019 06 18 03 10 14.260 104.909245 28.372406 1.7 7.31
2019 06 18 03 11 15.960 104.786654 28.426794 1.1 3.11
2019 06 18 03 11 55.440 104.821802 28.408144 0.9 1.77
2019 06 18 03 12 42.500 104.798934 28.431742 1.8 5.48
2019 06 18 03 16 08.180 104.891170 28.362384 0.6 1.51
2019 06 18 03 17 35.450 104.897534 28.382922 0.9 5.38
2019 06 18 03 21 42.510 104.858439 28.379753 0.5 2.89
2019 06 18 03 22 53.110 104.936401 28.369041 0.8 2.28
2019 06 18 03 24 46.220 104.784521 28.421676 1.0 1.78
2019 06 18 03 25 42.240 104.762476 28.434231 1.0 5.95
2019 06 18 03 25 22.660 104.793359 28.435868 0.3 3.44
2019 06 18 03 26 48.270 104.861947 28.389648 0.9 2.89
2019 06 18 03 28 44.560 104.783154 28.427230 1.8 4.77
2019 06 18 03 32 49.540 104.797119 28.414396 1.0 4.2
2019 06 18 03 32 39.030 104.786735 28.415245 1.1 2.47
2019 06 18 03 33 45.190 104.875838 28.386894 1.8 4.64
2019 06 18 03 34 42.170 104.860913 28.391457 1.1 3.26
2019 06 18 03 41 02.030 104.759505 28.427639 1.4 5.74
2019 06 18 03 41 33.490 104.810026 28.428463 0.7 6.17
2019 06 18 03 43 53.060 104.769067 28.425026 2.0 5.69
2019 06 18 03 45 38.130 104.847087 28.396257 1.4 3.11
2019 06 18 03 46 52.350 104.800146 28.413961 1.2 3.73
2019 06 18 03 48 57.430 104.848226 28.402244 0.7 5.28
2019 06 18 03 49 46.870 104.803166 28.439097 0.8 3.6
2019 06 18 03 49 34.150 104.786092 28.416886 0.5 5.63
2019 06 18 03 56 53.410 104.829679 28.419065 1.7 5.64
2019 06 18 03 57 37.320 104.788118 28.435830 1.9 3.98
2019 06 18 03 59 47.540 104.813493 28.418166 0.9 4.97
2019 06 18 04 00 23.030 104.779842 28.419969 2.5 5.24
2019 06 18 04 01 56.620 104.855632 28.389500 1.0 2.78
2019 06 18 04 05 01.880 104.845768 28.406738 0.6 2.71
2019 06 18 04 05 50.920 104.810718 28.417167 1.7 3.53
2019 06 18 04 07 01.650 104.914079 28.379657 0.7 3.4
2019 06 18 04 07 32.240 104.772331 28.424583 1.4 5.7
2019 06 18 04 09 01.820 104.780827 28.423773 2.1 5.5
2019 06 18 04 10 31.340 104.749268 28.435797 1.3 5.64
2019 06 18 04 11 36.760 104.846159 28.395076 1.1 4.86
2019 06 18 04 13 54.880 104.791130 28.419552 1.3 5.25
2019 06 18 04 14 02.470 104.790828 28.419633 1.4 5.2
2019 06 18 04 14 26.280 104.784172 28.421334 1.2 5.24
2019 06 18 04 18 19.510 104.742513 28.429641 1.1 6.8
2019 06 18 04 18 59.050 104.785645 28.420709 2.3 5.27
2019 06 18 04 20 01.800 104.868392 28.407025 0.9 -1.91
2019 06 18 04 20 22.020 104.768929 28.426740 1.2 1.66
2019 06 18 04 21 41.150 104.825936 28.400618 1.0 5.03
2019 06 18 04 22 44.020 104.824601 28.412663 2.8 5.67
2019 06 18 04 22 26.370 104.785392 28.420605 1.0 5.33
2019 06 18 04 24 13.010 104.801563 28.437046 1.0 3.18
2019 06 18 04 24 48.520 104.876554 28.378379 0.8 1.73
2019 06 18 04 25 19.850 104.757259 28.424428 1.6 5.97
2019 06 18 04 26 45.790 104.786442 28.413900 1.5 4.73
2019 06 18 04 26 21.260 104.834115 28.401967 0.5 1.01
2019 06 18 04 27 47.830 104.911702 28.378298 0.6 3.39
2019 06 18 04 28 48.700 104.849007 28.417837 0.6 6.88
2019 06 18 04 31 01.810 104.783228 28.430979 1.6 2.81
2019 06 18 04 31 50.750 104.928418 28.350201 1.5 2.88
2019 06 18 04 32 55.760 104.780420 28.423621 1.1 5.21
2019 06 18 04 33 33.360 104.770638 28.423246 0.7 5.54
2019 06 18 04 34 52.020 104.785026 28.418571 1.0 2.55
2019 06 18 04 35 29.400 104.855713 28.389358 1.0 2.75
2019 06 18 04 36 20.310 104.764331 28.436513 0.7 2.72
2019 06 18 04 36 57.740 104.757137 28.432060 0.4 5.93
2019 06 18 04 40 25.480 104.819881 28.403139 1.3 2.95
2019 06 18 04 41 14.740 104.771143 28.423140 1.2 5.64
2019 06 18 04 42 08.580 104.765186 28.433759 0.9 2.94
2019 06 18 04 42 38.230 104.786149 28.424984 0.7 3.3
2019 06 18 04 43 47.410 104.834342 28.404319 0.9 2.88
2019 06 18 04 45 49.270 104.884562 28.377309 0.9 3.18
2019 06 18 04 46 26.730 104.782007 28.419126 0.9 5.15
2019 06 18 04 48 19.880 104.773494 28.436422 0.7 3.98
2019 06 18 04 49 28.950 104.787248 28.437858 0.5 0.21
2019 06 18 04 49 41.400 104.784635 28.421143 0.9 5.24
2019 06 18 04 51 19.420 104.782674 28.422296 1.3 5.25
2019 06 18 04 51 59.890 104.852319 28.411230 0.9 2.94
2019 06 18 04 53 05.710 104.931128 28.356769 1.0 2.12
2019 06 18 04 53 52.340 104.827425 28.404218 0.5 2.9
2019 06 18 04 56 26.280 104.773283 28.417008 1.0 5.29
2019 06 18 05 00 16.740 104.821525 28.412447 1.1 4.22
2019 06 18 05 00 10.720 104.923470 28.377976 0.6 5.72
2019 06 18 05 03 52.170 104.784147 28.420272 1.4 2.8
2019 06 18 05 04 21.930 104.880745 28.410573 0.9 4.36
2019 06 18 05 06 56.780 104.882869 28.391296 0.4 3.48
2019 06 18 05 08 49.350 104.784326 28.421350 0.6 5.21
2019 06 18 05 09 15.220 104.756584 28.427777 1.0 5.7
2019 06 18 05 09 55.010 104.761776 28.431293 0.6 1.76
2019 06 18 05 13 06.730 104.788859 28.420878 1.2 5.74
2019 06 18 05 15 12.880 104.771810 28.420520 1.0 5.52
2019 06 18 05 16 10.360 104.779053 28.419462 2.4 5.27
2019 06 18 05 17 21.910 104.759961 28.435750 3.0 5.64
2019 06 18 05 20 45.970 104.898755 28.355434 0.3 3.07
2019 06 18 05 21 48.630 104.887793 28.394751 1.5 4.29
2019 06 18 05 21 21.000 104.887451 28.393174 0.5 2.46
2019 06 18 05 23 00.680 104.767122 28.439988 2.5 5.53
2019 06 18 05 22 53.250 104.888403 28.329862 0.4 3.56
2019 06 18 05 23 42.890 104.784644 28.420327 3.8 5.45
2019 06 18 05 24 57.200 104.842407 28.408649 2.5 3.91
2019 06 18 05 26 28.150 104.781535 28.422168 1.5 5.48
2019 06 18 05 27 55.850 104.783130 28.421356 1.0 2.91
2019 06 18 05 28 23.800 104.917529 28.389435 1.7 5.5
2019 06 18 05 29 04.980 104.782804 28.422103 0.9 5.35
2019 06 18 05 30 20.030 104.781510 28.422349 1.7 5.35
2019 06 18 05 30 47.220 104.792122 28.419008 1.9 5.34
2019 06 18 05 30 56.380 104.819295 28.405467 1.4 3.0
2019 06 18 05 31 49.330 104.783960 28.421940 2.2 5.36
2019 06 18 05 32 41.170 104.888086 28.393648 1.0 4.25
2019 06 18 05 38 15.720 104.832886 28.396385 1.7 4.37
2019 06 18 05 39 38.660 104.757218 28.427989 2.6 5.64
2019 06 18 05 39 24.850 104.784448 28.421338 1.1 5.19
2019 06 18 05 40 07.100 104.919165 28.389860 1.4 5.85
2019 06 18 05 40 15.050 104.903003 28.377250 1.4 4.61
2019 06 18 05 40 49.730 104.783211 28.422121 1.0 5.29
2019 06 18 05 43 02.980 104.777555 28.436906 4.0 2.59
2019 06 18 05 44 17.200 104.892155 28.354252 1.1 3.32
2019 06 18 05 45 21.870 104.784261 28.421486 0.7 5.26
2019 06 18 05 45 43.340 104.859977 28.410264 0.5 3.78
2019 06 18 05 47 40.060 104.781689 28.422418 1.0 5.35
2019 06 18 05 48 17.600 104.884424 28.394171 1.2 4.35
2019 06 18 05 48 37.660 104.887891 28.388454 0.9 4.42
2019 06 18 05 50 04.650 104.782772 28.423136 1.0 5.58
2019 06 18 05 51 16.070 104.782625 28.422839 0.7 5.53
2019 06 18 05 51 54.580 104.876888 28.387830 0.7 4.16
2019 06 18 05 53 46.560 104.862899 28.397119 1.1 3.11
2019 06 18 05 58 59.920 104.819995 28.404582 0.2 3.37
2019 06 18 06 00 33.240 104.822982 28.405804 0.4 3.33
2019 06 18 06 01 57.830 104.862809 28.393453 0.7 3.03
2019 06 18 06 02 43.220 104.744336 28.434332 0.9 6.91
2019 06 18 06 04 01.480 104.897380 28.383545 1.0 2.58
2019 06 18 06 04 49.300 104.784399 28.421513 1.2 5.31
2019 06 18 06 05 47.010 104.914217 28.378418 0.8 5.16
2019 06 18 06 07 50.080 104.808586 28.413340 3.3 8.05
2019 06 18 06 07 14.380 104.784473 28.421236 0.9 5.19
2019 06 18 06 09 33.810 104.780534 28.423431 2.8 5.55
2019 06 18 06 12 21.440 104.790788 28.421179 0.8 5.69
2019 06 18 06 15 43.870 104.789811 28.435978 1.2 2.89
2019 06 18 06 16 59.240 104.783805 28.425321 1.4 4.79
2019 06 18 06 17 41.340 104.874105 28.380111 1.5 2.42
2019 06 18 06 18 38.760 104.745345 28.430988 2.2 6.86
2019 06 18 06 19 45.530 104.754622 28.424919 1.6 6.17
2019 06 18 06 21 01.590 104.833325 28.418111 1.2 6.64
2019 06 18 06 22 00.970 104.747306 28.432222 1.2 6.79
2019 06 18 06 22 13.720 104.784505 28.421299 1.3 5.22
2019 06 18 06 23 04.930 104.749243 28.434930 1.7 5.66
2019 06 18 06 23 27.970 104.757593 28.425474 1.2 5.68
2019 06 18 06 26 53.290 104.754378 28.429108 2.0 6.72
2019 06 18 06 28 48.020 104.795744 28.417065 1.2 5.08
2019 06 18 06 29 36.160 104.812516 28.409548 0.8 3.78
2019 06 18 06 30 57.110 104.872371 28.402163 0.9 5.54
2019 06 18 06 32 06.070 104.807235 28.420677 0.8 3.61
2019 06 18 06 33 27.860 104.783700 28.423425 0.9 5.4
2019 06 18 06 33 49.650 104.760620 28.415780 1.2 5.78
2019 06 18 06 34 08.990 104.783618 28.421883 0.9 5.3
2019 06 18 06 35 17.740 104.782365 28.423462 1.1 5.55
2019 06 18 06 36 21.830 104.825570 28.405965 1.0 3.49
2019 06 18 06 37 15.080 104.749780 28.448208 1.4 5.66
2019 06 18 06 37 41.590 104.746558 28.432088 1.4 7.3
2019 06 18 06 40 57.730 104.862020 28.409568 2.1 6.55
2019 06 18 06 45 44.810 104.868823 28.389547 2.0 5.22
2019 06 18 06 45 21.060 104.791178 28.419543 0.8 5.31
2019 06 18 06 46 31.860 104.828743 28.404384 0.9 2.62
2019 06 18 06 52 02.520 104.781445 28.418927 1.1 2.69
2019 06 18 06 54 00.880 104.868807 28.389461 1.1 5.2
2019 06 18 06 55 58.890 104.780827 28.418404 1.7 5.39
2019 06 18 06 56 47.170 104.770882 28.419751 0.9 5.74
2019 06 18 06 57 57.430 104.780981 28.419167 1.2 5.17
2019 06 18 06 58 27.040 104.844393 28.396771 0.6 2.78
2019 06 18 07 00 00.710 104.851538 28.398128 0.9 5.29
2019 06 18 07 01 13.120 104.790226 28.417812 1.4 2.67
2019 06 18 07 03 15.090 104.784497 28.424282 1.5 4.78
2019 06 18 07 03 51.990 104.853532 28.404869 0.4 3.42
2019 06 18 07 04 37.120 104.918986 28.357654 2.0 4.75
2019 06 18 07 08 47.630 104.776286 28.427834 0.7 3.07
2019 06 18 07 11 09.340 104.784440 28.421202 0.9 5.22
2019 06 18 07 12 09.970 104.786979 28.422534 0.7 5.38
2019 06 18 07 15 05.110 104.780892 28.419141 0.4 2.79
2019 06 18 07 15 46.940 104.852466 28.402663 0.6 0.77
2019 06 18 07 18 53.580 104.868530 28.383150 1.3 3.33
2019 06 18 07 19 57.950 104.822298 28.410248 0.5 3.08
2019 06 18 07 26 24.860 104.793115 28.421922 1.2 2.6
2019 06 18 07 26 17.700 104.761678 28.437862 1.2 5.44
2019 06 18 07 29 43.760 104.838810 28.394242 0.4 10.71
2019 06 18 07 30 52.780 104.785010 28.416469 1.5 4.98
2019 06 18 07 32 32.120 104.874105 28.384873 1.0 2.36
2019 06 18 07 32 40.460 104.848771 28.398324 1.1 3.13
2019 06 18 07 33 35.800 104.798153 28.425368 0.8 3.37
2019 06 18 07 37 12.570 104.748730 28.448484 2.1 5.69
2019 06 18 07 40 08.430 104.918750 28.389868 2.0 5.06
2019 06 18 07 40 28.500 104.821484 28.406185 2.1 2.98
2019 06 18 07 42 28.210 104.854826 28.398303 0.8 5.33
2019 06 18 07 46 01.040 104.842700 28.411670 0.6 3.99
2019 06 18 07 47 21.690 104.783610 28.422839 2.0 5.57
2019 06 18 07 47 49.600 104.880135 28.388430 0.7 5.42
2019 06 18 07 49 18.210 104.907739 28.382334 1.0 4.59
2019 06 18 07 51 39.440 104.852425 28.395980 0.9 5.27
2019 06 18 07 52 13.450 104.850830 28.387821 0.6 3.34
2019 06 18 07 55 57.190 104.757381 28.428605 1.2 5.56
2019 06 18 07 57 09.860 104.843050 28.404266 1.4 4.69
2019 06 18 07 58 16.440 104.790885 28.418921 1.2 5.13
2019 06 18 07 58 53.620 104.811564 28.402773 0.9 1.75
2019 06 18 08 00 24.630 104.850977 28.410282 0.3 3.5
2019 06 18 08 01 40.090 104.823828 28.407184 0.8 3.46
2019 06 18 08 02 45.910 104.858285 28.407650 0.7 3.74
2019 06 18 08 04 37.510 104.785107 28.421216 1.3 5.33
2019 06 18 08 06 46.720 104.748055 28.431604 1.3 5.65
2019 06 18 08 10 06.710 104.833667 28.414020 0.8 3.65
2019 06 18 08 11 47.190 104.896305 28.359332 0.7 2.86
2019 06 18 08 12 27.890 104.908407 28.364408 0.7 1.98
2019 06 18 08 12 09.240 104.818262 28.417651 0.5 4.64
2019 06 18 08 13 52.660 104.921525 28.371212 1.0 6.33
2019 06 18 08 13 34.260 104.754736 28.442143 1.4 5.58
2019 06 18 08 15 07.820 104.793237 28.416659 0.6 4.55
2019 06 18 08 15 23.360 104.820451 28.405115 0.9 1.7
2019 06 18 08 16 14.830 104.783504 28.422198 1.3 5.3
2019 06 18 08 20 07.840 104.869043 28.387321 1.8 2.29
2019 06 18 08 21 45.880 104.775439 28.419173 1.5 2.7
2019 06 18 08 22 18.910 104.740381 28.433348 1.1 6.96
2019 06 18 08 24 38.910 104.788900 28.437150 1.2 4.08
2019 06 18 08 25 06.050 104.790715 28.419729 0.7 5.18
2019 06 18 08 26 48.940 104.799015 28.424420 0.7 4.35
2019 06 18 08 31 10.230 104.756030 28.439681 0.9 -1.27
2019 06 18 08 32 21.350 104.828475 28.409670 1.0 3.16
2019 06 18 08 34 28.460 104.853988 28.407945 1.5 1.14
2019 06 18 08 34 49.300 104.799642 28.426115 1.1 2.82
2019 06 18 08 37 06.180 104.929980 28.353668 0.7 2.81
2019 06 18 08 39 06.090 104.741732 28.435801 1.0 0.75
2019 06 18 08 40 38.400 104.830046 28.403164 0.9 3.05
2019 06 18 08 43 19.840 104.787817 28.412669 1.6 2.43
2019 06 18 08 44 08.220 104.813086 28.412225 0.8 2.92
2019 06 18 08 44 29.100 104.776270 28.422996 1.5 5.4
2019 06 18 08 45 40.230 104.854793 28.408765 0.9 1.08
2019 06 18 08 46 07.890 104.777279 28.433854 1.1 5.39
2019 06 18 08 46 19.170 104.925659 28.358230 0.7 -1.09
2019 06 18 08 47 33.400 104.776432 28.423289 0.6 5.26
2019 06 18 08 50 33.220 104.864119 28.391543 1.1 2.65
2019 06 18 08 51 03.380 104.774805 28.442668 0.9 -1.1
2019 06 18 08 50 51.830 104.777222 28.423100 1.2 5.34
2019 06 18 08 53 25.860 104.783309 28.411764 0.7 1.87
2019 06 18 08 53 12.560 104.849552 28.411289 0.5 5.56
2019 06 18 08 54 55.540 104.853166 28.421265 0.5 5.45
2019 06 18 08 57 43.410 104.870898 28.391296 0.3 2.07
2019 06 18 08 58 59.210 104.786808 28.420900 0.7 5.31
2019 06 18 09 00 10.130 104.790601 28.423926 0.7 5.14
2019 06 18 09 01 20.660 104.748291 28.427083 1.1 6.52
2019 06 18 09 02 37.710 104.852287 28.423370 2.4 6.56
2019 06 18 09 04 06.860 104.855534 28.407434 0.9 1.14
2019 06 18 09 03 49.750 104.845215 28.406671 0.9 0.72
2019 06 18 09 05 35.840 104.875635 28.377421 0.7 0.05
2019 06 18 09 06 05.140 104.849040 28.401272 1.6 10.14
2019 06 18 09 07 44.310 104.783626 28.422184 0.8 5.26
2019 06 18 09 08 12.070 104.782935 28.423397 0.5 5.71
2019 06 18 09 09 11.110 104.863151 28.392405 1.0 2.97
2019 06 18 09 11 27.730 104.897835 28.360905 0.7 2.52
2019 06 18 09 11 47.250 104.850073 28.417491 1.1 4.69
2019 06 18 09 12 16.120 104.904142 28.361782 1.9 5.64
2019 06 18 09 14 03.510 104.759489 28.427913 0.8 5.75
2019 06 18 09 16 17.520 104.738509 28.445076 1.6 5.79
2019 06 18 09 16 36.810 104.862443 28.392684 1.2 4.87
2019 06 18 09 18 15.610 104.789714 28.436873 0.8 5.52
2019 06 18 09 19 19.270 104.885107 28.398279 1.9 4.63
2019 06 18 09 19 04.100 104.848682 28.410201 1.1 2.97
2019 06 18 09 18 54.350 104.926619 28.365670 0.8 2.07
2019 06 18 09 21 29.000 104.903174 28.362164 0.6 2.85
2019 06 18 09 21 58.780 104.823730 28.399837 1.0 1.91
2019 06 18 09 25 29.140 104.800773 28.418264 0.5 3.52
2019 06 18 09 26 58.800 104.759928 28.442094 0.7 5.58
2019 06 18 09 27 50.820 104.847770 28.396326 0.8 11.04
2019 06 18 09 29 53.750 104.781079 28.421694 1.0 5.29
2019 06 18 09 30 39.930 104.773779 28.436424 0.7 4.22
2019 06 18 09 32 29.260 104.757397 28.425755 1.2 5.89
2019 06 18 09 33 14.380 104.785034 28.422593 0.6 4.99
2019 06 18 09 33 56.700 104.886955 28.398171 1.1 5.41
2019 06 18 09 35 34.860 104.771330 28.436593 1.4 3.21
2019 06 18 09 36 59.490 104.814941 28.410763 0.2 2.24
2019 06 18 09 38 36.170 104.852620 28.395730 0.5 3.07
2019 06 18 09 41 48.570 104.820532 28.410164 0.3 3.55
2019 06 18 09 42 26.180 104.898893 28.362305 1.1 3.79
2019 06 18 09 43 46.770 104.777726 28.418424 0.9 5.52
2019 06 18 09 44 06.030 104.883464 28.377543 1.0 3.33
2019 06 18 09 46 27.710 104.847534 28.402226 0.7 5.56
2019 06 18 09 47 27.120 104.846094 28.402094 0.5 4.74
2019 06 18 09 48 12.920 104.832145 28.409058 0.9 3.84
2019 06 18 09 48 52.220 104.755477 28.444987 1.1 5.58
2019 06 18 09 50 33.890 104.877222 28.390167 0.6 3.45
2019 06 18 09 58 28.130 104.784285 28.421771 1.6 5.3
2019 06 18 10 00 24.120 104.773275 28.417721 0.8 4.54
2019 06 18 10 02 16.060 104.880111 28.371053 1.6 4.28
2019 06 18 10 03 25.330 104.768368 28.434810 0.7 3.04
2019 06 18 10 05 01.970 104.771639 28.421279 1.3 5.88
2019 06 18 10 06 42.990 104.821126 28.410187 1.0 4.23
2019 06 18 10 07 30.070 104.800602 28.413607 0.8 3.83
2019 06 18 10 09 28.370 104.822843 28.409780 1.1 4.18
2019 06 18 10 09 59.730 104.774845 28.435162 3.1 5.44
2019 06 18 10 17 13.270 104.783870 28.421708 0.9 5.24
2019 06 18 10 20 44.440 104.794466 28.404291 0.4 7.46
2019 06 18 10 21 13.380 104.904191 28.366642 0.9 1.98
2019 06 18 10 21 23.960 104.784880 28.421222 0.9 5.19
2019 06 18 10 22 26.290 104.768278 28.436603 0.8 5.65
2019 06 18 10 22 50.970 104.739819 28.443919 1.0 7.05
2019 06 18 10 23 06.170 104.788379 28.435819 1.1 3.99
2019 06 18 10 24 03.820 104.836003 28.391600 0.9 3.21
2019 06 18 10 24 51.550 104.853556 28.413171 0.9 2.93
2019 06 18 10 26 27.700 104.884269 28.342432 0.9 4.46
2019 06 18 10 27 36.590 104.859310 28.395127 0.8 3.29
2019 06 18 10 27 49.700 104.874634 28.392613 1.2 3.11
2019 06 18 10 28 38.070 104.850236 28.411100 1.5 2.95
2019 06 18 10 30 04.970 104.749821 28.427871 1.4 6.39
2019 06 18 10 30 36.670 104.753459 28.432507 0.6 3.95
2019 06 18 10 31 59.940 104.774854 28.432540 1.3 4.07
2019 06 18 10 31 37.540 104.888826 28.384277 0.7 0.39
2019 06 18 10 33 15.540 104.767619 28.423012 1.9 5.55
2019 06 18 10 34 50.580 104.881730 28.405522 1.0 3.34
2019 06 18 10 35 11.840 104.757316 28.427096 1.0 5.7
2019 06 18 10 36 17.820 104.780151 28.435433 0.7 5.45
2019 06 18 10 37 04.600 104.773804 28.420339 2.3 5.63
2019 06 18 10 39 14.440 104.794149 28.423857 0.9 2.87
2019 06 18 10 39 00.730 104.858952 28.387378 0.5 2.34
2019 06 18 10 40 15.750 104.774992 28.419963 1.1 2.69
2019 06 18 10 40 02.080 104.784261 28.421411 0.5 5.21
2019 06 18 10 42 22.780 104.789624 28.415889 0.9 4.94
2019 06 18 10 44 52.860 104.876497 28.389382 0.8 1.91
2019 06 18 10 45 48.310 104.824048 28.425234 1.7 7.74
2019 06 18 10 45 30.980 104.774731 28.420313 0.9 5.69
2019 06 18 10 46 41.270 104.816870 28.409509 0.6 6.64
2019 06 18 10 47 17.300 104.932471 28.361987 0.8 2.61
2019 06 18 10 50 46.210 104.840251 28.411422 0.7 4.99
2019 06 18 10 51 41.420 104.850041 28.404464 0.3 3.4
2019 06 18 10 52 12.680 104.777075 28.418624 1.4 5.43
2019 06 18 10 53 58.440 104.856649 28.409066 3.7 5.7
2019 06 18 10 55 37.910 104.884041 28.331026 1.2 1.1
2019 06 18 11 01 09.930 104.775480 28.429279 1.3 2.93
2019 06 18 11 02 12.860 104.784017 28.431059 0.7 2.62
2019 06 18 11 03 13.140 104.782471 28.422319 1.4 5.31
2019 06 18 11 03 01.240 104.749561 28.429167 1.3 6.66
2019 06 18 11 06 09.880 104.764543 28.439811 0.9 4.91
2019 06 18 11 06 52.930 104.868742 28.387046 0.9 1.55
2019 06 18 11 08 04.750 104.856950 28.388251 0.6 2.44
2019 06 18 11 08 32.560 104.826546 28.405253 0.8 3.18
2019 06 18 11 10 57.360 104.884587 28.391964 0.8 2.41
2019 06 18 11 12 10.540 104.878076 28.382365 3.0 1.95
2019 06 18 11 14 17.520 104.860905 28.389825 1.2 2.2
2019 06 18 11 18 21.150 104.927645 28.359499 0.6 2.59
2019 06 18 11 20 35.830 104.853223 28.401263 0.5 3.26
2019 06 18 11 20 41.630 104.783040 28.419820 0.7 5.36
2019 06 18 11 21 45.340 104.816715 28.402053 1.3 2.43
2019 06 18 11 23 00.110 104.889673 28.355121 0.1 3.11
2019 06 18 11 24 01.250 104.866829 28.391813 1.6 3.17
2019 06 18 11 24 14.680 104.769222 28.423753 2.0 5.51
2019 06 18 11 25 26.850 104.947192 28.352751 0.8 2.55
2019 06 18 11 26 38.840 104.795760 28.437502 0.7 4.87
2019 06 18 11 28 23.430 104.777352 28.419334 1.0 5.26
2019 06 18 11 29 14.930 104.857056 28.394263 0.3 2.52
2019 06 18 11 29 27.460 104.752433 28.430990 1.3 6.6
2019 06 18 11 30 43.330 104.778792 28.418512 1.2 5.2
2019 06 18 11 31 51.710 104.943205 28.348360 0.9 4.39
2019 06 18 11 33 41.070 104.891382 28.371230 0.5 3.47
2019 06 18 11 35 20.340 104.861125 28.387301 0.6 2.12
2019 06 18 11 36 19.120 104.756942 28.428908 0.7 5.73
2019 06 18 11 37 54.410 104.752311 28.429665 0.9 5.61
2019 06 18 11 40 21.160 104.852010 28.414427 1.5 2.98
2019 06 18 11 44 21.550 104.759937 28.426497 1.0 6.79
2019 06 18 11 45 50.930 104.771956 28.422784 0.4 5.59
2019 06 18 11 46 56.670 104.737410 28.431378 1.1 7.45
2019 06 18 11 47 32.500 104.775618 28.429240 0.7 2.92
2019 06 18 11 48 58.250 104.884326 28.341313 0.6 4.57
2019 06 18 11 50 42.700 104.772990 28.419739 0.7 2.49
2019 06 18 11 51 16.940 104.771566 28.423419 0.9 5.44
2019 06 18 11 54 48.440 104.756714 28.426048 2.6 7.11
2019 06 18 11 58 53.860 104.752222 28.425954 1.6 6.2
2019 06 18 11 58 43.690 104.928467 28.364307 0.9 2.64
2019 06 18 12 01 11.830 104.860872 28.397068 1.1 3.06
2019 06 18 12 02 30.490 104.751245 28.430959 0.7 3.16
2019 06 18 12 04 15.890 104.771183 28.424190 0.8 5.67
2019 06 18 12 04 49.630 104.813761 28.412413 1.3 3.95
2019 06 18 12 05 38.630 104.910938 28.378839 1.2 3.37
2019 06 18 12 06 07.700 104.786523 28.413021 1.0 4.57
2019 06 18 12 06 13.870 104.842684 28.399776 0.8 0.96
2019 06 18 12 08 39.940 104.863354 28.390004 1.0 2.87
2019 06 18 12 10 36.910 104.910653 28.374170 1.2 5.07
2019 06 18 12 12 20.700 104.796753 28.428286 0.6 3.86
2019 06 18 12 12 48.890 104.831502 28.391366 1.0 4.89
2019 06 18 12 13 04.890 104.807357 28.419788 0.7 3.14
2019 06 18 12 15 57.640 104.830420 28.397953 0.2 5.11
2019 06 18 12 17 41.270 104.772323 28.420866 0.8 5.46
2019 06 18 12 20 54.860 104.836499 28.439423 1.0 8.06
2019 06 18 12 21 22.040 104.781860 28.420614 0.7 5.22
2019 06 18 12 22 28.860 104.830656 28.402966 0.8 2.52
2019 06 18 12 22 56.730 104.902767 28.357245 0.9 15.27
2019 06 18 12 23 53.780 104.833537 28.426556 0.6 5.96
2019 06 18 12 24 19.300 104.894352 28.362915 0.5 2.69
2019 06 18 12 24 53.760 104.754232 28.424644 2.0 6.06
2019 06 18 12 25 34.890 104.793799 28.421275 1.3 2.21
2019 06 18 12 29 06.010 104.836157 28.414309 1.1 2.73
2019 06 18 12 31 27.230 104.792660 28.416756 0.4 4.47
2019 06 18 12 32 38.540 104.899870 28.380363 0.7 2.42
2019 06 18 12 33 34.740 104.773201 28.421114 1.1 5.41
2019 06 18 12 33 58.260 104.785482 28.437541 2.0 3.96
2019 06 18 12 35 22.300 104.752596 28.425818 1.0 4.77
2019 06 18 12 35 58.100 104.786092 28.439087 1.4 5.58
2019 06 18 12 36 44.720 104.784660 28.437490 1.3 3.99
2019 06 18 12 37 26.180 104.886580 28.356122 1.6 7.24
2019 06 18 12 38 11.040 104.889901 28.359178 1.8 4.48
2019 06 18 12 40 44.930 104.787126 28.415883 1.4 2.63
2019 06 18 12 40 22.140 104.868091 28.379519 1.0 1.48
2019 06 23 04 11 21.050 104.771460 28.422776 0.8 5.36
2019 06 18 12 41 44.910 104.937598 28.347390 0.4 2.32
2019 06 18 12 42 40.480 104.770589 28.424833 0.9 5.41
2019 06 18 12 43 13.780 104.854435 28.395422 1.2 2.96
2019 06 18 12 42 50.040 104.930550 28.354924 1.0 2.75
2019 06 18 12 44 41.330 104.882275 28.387193 0.2 4.02
2019 06 18 12 45 29.270 104.946777 28.368046 0.3 3.24
2019 06 18 12 46 05.420 104.783838 28.421855 1.4 5.34
2019 06 18 12 46 38.710 104.853646 28.395573 0.9 2.97
2019 06 18 12 48 11.660 104.773755 28.433101 0.7 4.13
2019 06 18 12 48 44.120 104.782153 28.418286 0.9 2.71
2019 06 18 12 53 47.550 104.923462 28.373490 0.4 3.82
2019 06 18 12 54 07.850 104.772599 28.424939 0.8 5.37
2019 06 18 12 56 02.160 104.922428 28.372843 0.5 1.61
2019 06 18 12 55 40.420 104.842546 28.389364 0.4 2.95
2019 06 18 12 56 24.880 104.827018 28.404091 0.9 3.46
2019 06 18 12 58 16.940 104.934798 28.350006 0.6 2.27
2019 06 18 12 59 36.040 104.889901 28.358962 0.7 4.37
2019 06 18 13 00 04.290 104.782495 28.438348 1.5 2.97
2019 06 18 12 59 50.750 104.890609 28.360282 0.6 3.75
2019 06 18 13 00 37.130 104.789941 28.419989 1.7 5.25
2019 06 18 13 00 42.800 104.790568 28.419806 1.8 5.32
2019 06 18 13 03 53.760 104.755575 28.425301 0.8 6.11
2019 06 18 13 04 37.220 104.862826 28.388920 0.5 3.28
2019 06 18 13 05 30.110 104.751986 28.425140 0.7 6.3
2019 06 18 13 05 49.230 104.849829 28.413293 0.9 2.95
2019 06 18 13 06 13.240 104.782910 28.424406 1.0 2.77
2019 06 18 13 06 54.680 104.781266 28.423545 1.5 5.49
2019 06 18 13 07 45.120 104.839160 28.419708 0.5 1.26
2019 06 18 13 08 40.800 104.946696 28.345669 1.1 3.32
2019 06 18 13 08 26.240 104.857967 28.395829 0.8 1.84
2019 06 18 13 09 29.430 104.847347 28.398480 0.7 3.58
2019 06 18 13 10 02.910 104.782894 28.421023 0.6 5.39
2019 06 18 13 10 53.020 104.744019 28.434456 1.1 6.92
2019 06 18 13 11 51.950 104.782715 28.422249 0.6 5.26
2019 06 18 13 12 55.850 104.836361 28.414396 1.0 2.74
2019 06 18 13 14 58.470 104.785807 28.431586 0.6 4.09
2019 06 18 13 16 56.030 104.831925 28.396667 1.3 5.01
2019 06 18 13 17 02.230 104.925195 28.358285 1.2 2.85
2019 06 18 13 18 08.290 104.913127 28.391032 0.7 3.08
2019 06 18 13 19 10.410 104.800936 28.428477 0.9 5.3
2019 06 18 13 18 54.100 104.846224 28.406504 0.5 2.36
2019 06 18 13 20 55.590 104.873047 28.373958 1.9 4.33
2019 06 18 13 22 40.370 104.810465 28.412891 1.4 8.23
2019 06 18 13 23 28.590 104.789128 28.420644 0.9 5.38
2019 06 18 13 25 22.650 104.775391 28.420481 0.9 5.69
2019 06 18 13 26 03.970 104.782137 28.421775 0.7 5.17
2019 06 18 13 27 25.980 104.884766 28.381075 0.6 3.02
2019 06 18 13 31 15.730 104.819116 28.409428 1.3 3.38
2019 06 18 13 38 08.540 104.841447 28.400954 0.9 2.8
2019 06 18 13 38 41.880 104.878190 28.387087 1.3 2.02
2019 06 18 13 39 24.570 104.876676 28.373551 0.9 4.07
2019 06 18 13 41 43.970 104.809432 28.416766 0.9 2.77
2019 06 18 13 48 13.120 104.814648 28.411961 1.6 3.87
2019 06 18 13 49 16.130 104.880851 28.385775 1.4 4.07
2019 06 18 13 50 17.540 104.749365 28.426375 1.4 5.83
2019 06 18 13 53 48.180 104.852002 28.406671 1.1 3.07
2019 06 18 13 55 05.630 104.853011 28.406301 1.2 3.07
2019 06 18 13 56 12.560 104.834684 28.403581 1.0 2.08
2019 06 18 13 57 29.770 104.800781 28.440686 0.9 5.13
2019 06 18 13 59 52.180 104.771696 28.422915 0.9 5.21
2019 06 18 14 03 39.870 104.811857 28.413082 0.7 2.16
2019 06 18 14 04 16.130 104.883887 28.389191 0.9 2.48
2019 06 18 14 07 21.420 104.952376 28.366156 1.0 3.21
2019 06 18 14 10 46.820 104.772306 28.419484 1.1 2.92
2019 06 18 14 16 14.330 104.815259 28.410559 0.9 2.23
2019 06 18 14 18 32.480 104.927596 28.369926 0.5 1.39
2019 06 18 14 20 07.280 104.876017 28.387142 0.6 1.77
2019 06 18 14 21 44.040 104.886670 28.360146 0.9 4.34
2019 06 18 14 22 30.280 104.781152 28.415222 0.8 1.7
2019 06 18 14 22 06.050 104.825033 28.383146 1.1 4.25
2019 06 18 14 24 55.900 104.868929 28.401453 1.7 2.77
2019 06 18 14 28 06.890 104.769482 28.422548 1.0 5.46
2019 06 18 14 28 35.110 104.826497 28.409902 2.0 4.31
2019 06 18 14 28 24.020 104.768717 28.421844 1.9 5.44
2019 06 18 14 30 24.160 104.803621 28.407170 1.0 0.58
2019 06 18 14 31 07.290 104.886597 28.389244 0.8 2.02
2019 06 18 14 32 59.130 104.828988 28.405377 0.4 3.0
2019 06 18 14 36 34.900 104.829175 28.433223 0.8 1.35
2019 06 18 14 39 23.550 104.885140 28.382955 0.6 2.97
2019 06 18 14 41 45.210 104.883301 28.340572 0.6 4.61
2019 06 18 14 42 56.520 104.812150 28.411023 1.1 3.64
2019 06 18 14 43 44.470 104.773177 28.428904 0.8 0.7
2019 06 18 14 44 06.920 104.806706 28.424512 0.8 5.09
2019 06 18 14 44 18.930 104.941561 28.355865 0.6 1.95
2019 06 18 14 45 01.700 104.886523 28.341870 1.0 2.27
2019 06 18 14 47 00.190 104.809993 28.411088 0.8 2.3
2019 06 18 14 50 59.140 104.804777 28.424615 0.8 3.95
2019 06 18 14 52 29.970 104.861841 28.402148 0.6 0.81
2019 06 18 14 54 32.880 104.774113 28.433411 0.7 4.11
2019 06 18 14 56 03.880 104.767871 28.434312 0.7 4.15
2019 06 18 14 55 50.430 104.833114 28.408449 0.8 3.48
2019 06 18 14 58 20.590 104.934782 28.359196 0.6 2.67
2019 06 18 15 00 42.280 104.844010 28.401025 0.8 2.34
2019 06 18 15 02 31.880 104.854232 28.390456 0.6 2.66
2019 06 18 15 03 31.290 104.778011 28.433952 1.1 4.01
2019 06 18 15 05 05.490 104.792163 28.417116 0.8 4.69
2019 06 18 15 06 01.750 104.791626 28.417613 1.3 4.95
2019 06 18 15 07 10.430 104.880428 28.379671 0.6 1.89
2019 06 18 15 14 40.000 104.862948 28.423065 0.4 7.05
2019 06 18 15 15 01.330 104.856860 28.406832 0.6 1.26
2019 06 18 15 16 49.980 104.769230 28.436094 0.7 4.13
2019 06 18 15 18 53.560 104.889168 28.390369 0.8 5.0
2019 06 18 15 19 11.570 104.782935 28.422337 0.6 5.29
2019 06 18 15 22 08.180 104.890788 28.360154 0.8 3.74
2019 06 18 15 21 58.050 104.786702 28.408986 0.9 9.11
2019 06 18 15 22 49.010 104.890885 28.359914 0.6 3.74
2019 06 18 15 24 01.850 104.834798 28.405491 0.6 2.53
2019 06 18 15 24 30.500 104.807015 28.422441 2.2 4.88
2019 06 18 15 27 40.320 104.887329 28.391677 0.6 1.89
2019 06 18 15 27 19.800 104.876221 28.372024 0.8 -0.54
2019 06 18 15 28 13.710 104.828345 28.402838 0.5 2.38
2019 06 18 15 28 57.940 104.821200 28.408689 1.1 5.62
2019 06 18 15 29 30.380 104.796297 28.416895 0.8 5.09
2019 06 18 15 30 15.960 104.750968 28.438495 1.3 5.94
2019 06 18 15 36 00.950 104.808203 28.412431 0.5 2.36
2019 06 18 15 38 13.040 104.832210 28.404159 1.0 3.09
2019 06 18 15 38 58.310 104.828784 28.404299 0.6 2.6
2019 06 18 15 39 51.450 104.945150 28.346684 0.5 1.58
2019 06 18 15 41 26.200 104.906803 28.370799 0.7 2.95
2019 06 18 15 42 15.490 104.851131 28.397780 0.5 2.46
2019 06 18 15 43 28.450 104.777913 28.417340 0.1 2.88
2019 06 18 15 44 03.110 104.751261 28.444651 0.5 5.54
2019 06 18 15 45 20.170 104.928898 28.383130 -0.0 -1.1
2019 06 18 15 47 45.600 104.779655 28.426821 0.9 4.73
2019 06 18 15 48 54.980 104.772135 28.436361 2.4 5.52
2019 06 18 15 50 52.050 104.821313 28.409141 0.9 2.92
2019 06 18 15 51 38.830 104.930355 28.354401 0.7 1.63
2019 06 18 15 51 52.900 104.888680 28.349003 0.7 4.4
2019 06 18 15 54 14.590 104.764364 28.436591 1.3 5.68
2019 06 18 15 58 27.960 104.887077 28.384707 0.3 2.75
2019 06 18 15 59 40.010 104.772583 28.434094 1.1 4.28
2019 06 18 15 59 27.880 104.867855 28.383500 0.3 2.46
2019 06 18 16 01 29.450 104.742830 28.430056 0.8 7.05
2019 06 18 16 01 20.890 104.884424 28.369259 0.5 -0.73
2019 06 18 16 03 50.120 104.791048 28.424455 0.4 8.16
2019 06 18 16 04 43.200 104.824788 28.407399 0.7 2.1
2019 06 18 16 06 12.000 104.772949 28.436991 0.8 4.28
2019 06 18 16 06 27.490 104.826685 28.406337 0.7 2.81
2019 06 18 16 07 49.880 104.884139 28.386544 0.6 3.14
2019 06 18 16 08 20.060 104.781934 28.427114 0.9 4.76
2019 06 18 16 10 19.570 104.856234 28.386808 0.0 2.51
2019 06 18 16 10 51.670 104.786174 28.426147 1.2 5.92
2019 06 18 16 11 28.250 104.766585 28.425503 0.6 2.14
2019 06 18 16 12 13.860 104.804264 28.413167 1.3 4.44
2019 06 18 16 12 45.790 104.853971 28.394944 0.6 2.83
2019 06 18 16 13 26.850 104.902507 28.396065 0.4 5.67
2019 06 18 16 18 07.060 104.862541 28.399320 0.9 3.19
2019 06 18 16 18 21.830 104.805680 28.412718 1.1 4.42
2019 06 18 16 18 55.340 104.877547 28.387333 0.9 1.88
2019 06 18 16 20 10.110 104.782031 28.418941 1.0 5.06
2019 06 18 16 19 51.630 104.784351 28.420959 0.6 5.22
2019 06 18 16 20 48.430 104.884896 28.342881 0.6 4.43
2019 06 18 16 21 35.470 104.861043 28.380182 1.0 1.48
2019 06 18 16 21 47.530 104.764079 28.428831 0.9 2.06
2019 06 18 16 22 51.180 104.888770 28.380961 0.1 4.56
2019 06 18 16 23 21.440 104.833081 28.392234 0.7 4.86
2019 06 18 16 28 23.600 104.914844 28.383612 0.8 5.54
2019 06 18 16 29 14.150 104.758333 28.422536 1.1 5.94
2019 06 18 16 29 50.780 104.938794 28.375260 0.7 3.34
2019 06 18 16 30 35.320 104.770093 28.419535 0.8 5.78
2019 06 18 16 30 17.640 104.851066 28.390318 0.7 10.68
2019 06 18 16 31 22.610 104.762142 28.436391 1.2 5.4
2019 06 18 16 31 56.990 104.891276 28.373960 0.6 2.39
2019 06 18 16 33 28.600 104.820785 28.404850 0.5 2.96
2019 06 18 16 33 56.500 104.833643 28.419946 0.5 3.77
2019 06 18 16 34 24.790 104.785710 28.426011 2.0 5.95
2019 06 18 16 36 27.960 104.851872 28.398879 0.6 3.34
2019 06 18 16 36 41.530 104.833700 28.392611 0.6 4.88
2019 06 18 16 38 08.760 104.751725 28.452793 1.9 5.93
2019 06 18 16 39 02.330 104.856527 28.388595 0.5 3.72
2019 06 18 16 39 41.990 104.809521 28.413747 0.9 3.29
2019 06 18 16 43 27.290 104.781942 28.422642 0.9 5.42
2019 06 18 16 51 26.640 104.762215 28.431903 0.8 3.28
2019 06 18 16 52 58.690 104.894255 28.376575 0.6 2.6
2019 06 18 16 55 45.840 104.775684 28.420500 0.6 2.17
2019 06 18 16 55 31.380 104.822770 28.403729 0.5 2.78
2019 06 18 16 56 48.220 104.872152 28.392230 0.4 2.09
2019 06 18 16 58 09.350 104.783667 28.421670 0.6 5.25
2019 06 18 16 58 43.680 104.910571 28.358952 0.4 5.37
2019 06 18 16 59 43.750 104.867977 28.390063 0.8 1.96
2019 06 18 16 59 59.530 104.855436 28.384452 0.8 2.49
2019 06 18 17 00 29.500 104.838664 28.413027 0.6 6.3
2019 06 18 17 01 44.880 104.873869 28.383722 1.1 1.29
2019 06 18 17 03 09.360 104.771533 28.432151 0.7 2.95
2019 06 18 17 05 11.000 104.778727 28.423846 0.7 2.55
2019 06 18 17 05 46.120 104.823031 28.408380 0.8 2.96
2019 06 18 17 06 13.120 104.868652 28.402098 0.7 1.67
2019 06 18 17 07 12.300 104.889209 28.389787 0.4 4.99
2019 06 18 17 07 54.200 104.861987 28.389825 0.6 2.84
2019 06 18 17 08 21.780 104.772314 28.423381 2.5 5.54
2019 06 18 17 09 44.920 104.782227 28.422552 1.1 5.33
2019 06 18 17 10 45.260 104.790283 28.438450 0.8 2.08
2019 06 18 17 14 11.980 104.788379 28.434884 0.4 2.95
2019 06 18 17 15 18.040 104.849715 28.409642 0.4 3.0
2019 06 18 17 15 44.140 104.792025 28.418144 0.6 4.94
2019 06 18 17 17 43.100 104.890788 28.392039 0.9 2.24
2019 06 18 17 18 29.380 104.786629 28.433032 0.8 4.17
2019 06 18 17 18 57.000 104.833691 28.392714 0.6 4.87
2019 06 18 17 19 45.200 104.885767 28.381527 1.1 2.89
2019 06 18 17 20 13.520 104.791626 28.437323 0.9 3.93
2019 06 18 17 22 28.720 104.786491 28.420050 0.5 5.15
2019 06 18 17 23 20.180 104.865072 28.387313 0.8 2.58
2019 06 18 17 24 21.760 104.780851 28.421733 1.0 5.25
2019 06 18 17 26 42.600 104.857723 28.379051 0.9 1.28
2019 06 18 17 27 08.360 104.845524 28.398503 0.5 2.97
2019 06 25 05 15 31.340 104.862313 28.389362 0.5 2.82
2019 06 18 17 28 03.360 104.917912 28.353038 0.7 1.78
2019 06 18 17 29 56.080 104.753011 28.427848 0.6 5.88
2019 06 18 17 30 46.860 104.912533 28.355184 0.4 2.25
2019 06 18 17 31 09.800 104.762882 28.403963 0.2 3.08
2019 06 18 17 31 41.440 104.816064 28.407259 0.5 2.14
2019 06 18 17 33 06.460 104.716056 28.437775 0.7 9.13
2019 06 18 17 35 19.000 104.917489 28.391530 0.8 2.72
2019 06 18 17 36 01.460 104.894670 28.369566 0.6 6.11
2019 06 18 17 36 41.400 104.835881 28.390861 0.8 3.57
2019 06 18 17 37 40.140 104.866121 28.409296 0.7 2.48
2019 06 18 17 38 14.800 104.791178 28.426959 0.4 3.51
2019 06 18 17 39 35.760 104.843481 28.403414 0.3 4.58
2019 06 18 17 40 42.920 104.786035 28.426461 1.5 5.89
2019 06 18 17 40 34.720 104.782878 28.430259 0.9 4.47
2019 06 18 17 41 11.420 104.883333 28.339856 0.6 4.58
2019 06 18 17 41 46.120 104.920215 28.372788 0.9 5.62
2019 06 18 17 41 40.720 104.783773 28.421936 1.2 5.36
2019 06 18 17 44 04.800 104.933553 28.358763 0.6 2.37
2019 06 18 17 44 46.760 104.758162 28.431262 0.8 -0.08
2019 06 18 17 45 02.440 104.902083 28.394004 0.5 4.84
2019 06 18 17 45 57.780 104.913574 28.382064 0.2 2.81
2019 06 18 17 45 32.840 104.856160 28.391264 0.2 3.38
2019 06 18 17 47 03.880 104.765763 28.428371 0.6 0.39
2019 06 18 17 48 42.080 104.782682 28.417834 1.1 2.61
2019 06 18 17 48 32.220 104.885490 28.342845 1.1 4.56
2019 06 18 17 52 01.640 104.864282 28.391722 0.6 2.03
2019 06 18 17 52 29.480 104.916911 28.376326 0.3 2.65
2019 06 18 17 53 55.380 104.885205 28.381460 0.4 2.88
2019 06 18 17 55 03.040 104.885002 28.381494 0.9 2.93
2019 06 18 17 55 40.960 104.782259 28.422593 1.0 5.42
2019 06 18 17 56 25.340 104.890405 28.352842 0.2 3.15
2019 06 18 17 58 14.480 104.786792 28.425047 0.6 5.41
2019 06 18 17 58 39.900 104.750317 28.428914 0.3 6.57
2019 06 18 18 00 10.480 104.761678 28.426691 0.8 5.78
2019 06 18 18 00 49.680 104.864063 28.390100 0.1 5.23
2019 06 18 18 01 18.460 104.775024 28.419914 0.3 2.17
2019 06 18 18 01 29.480 104.756209 28.429110 0.1 5.59
2019 06 18 18 02 29.400 104.883594 28.340908 0.1 4.54
2019 06 18 18 03 16.780 104.893660 28.354785 1.6 3.24
2019 06 18 18 03 54.340 104.783659 28.421741 1.0 5.27
2019 06 18 18 04 12.400 104.914583 28.371316 0.8 3.99
2019 06 18 18 04 55.560 104.867163 28.376746 0.4 0.86
2019 06 18 18 05 50.060 104.796419 28.421456 0.5 2.64
2019 06 18 18 06 27.320 104.876799 28.390228 0.7 2.43
2019 06 18 18 06 44.260 104.897778 28.368508 0.6 2.51
2019 06 18 18 07 21.300 104.946151 28.362197 1.3 3.27
2019 06 18 18 08 39.120 104.779508 28.450936 1.5 6.6
2019 06 18 18 09 28.720 104.785124 28.420815 1.8 5.14
2019 06 18 18 12 08.080 104.770199 28.423962 0.8 5.64
2019 06 18 18 11 48.560 104.854533 28.394187 0.4 2.69
2019 06 18 18 13 56.440 104.852067 28.397522 0.4 2.82
2019 06 18 18 14 31.440 104.751099 28.431822 1.5 6.59
2019 06 18 18 15 41.840 104.943905 28.355511 0.4 2.76
2019 06 18 18 16 41.440 104.882943 28.387893 0.2 -1.04
2019 06 18 18 18 33.600 104.879460 28.365609 0.4 3.58
2019 06 18 18 19 13.560 104.862956 28.396257 1.1 3.03
2019 06 18 18 19 00.540 104.782397 28.419061 0.7 5.16
2019 06 18 18 19 58.240 104.874715 28.372648 0.5 0.83
2019 06 18 18 20 15.740 104.779598 28.434045 0.6 3.91
2019 06 18 18 22 08.360 104.789071 28.419641 1.5 5.24
2019 06 18 18 22 38.560 104.825187 28.407597 1.0 2.1
2019 06 18 18 23 04.200 104.889909 28.361127 0.5 3.7
2019 06 18 18 24 33.900 104.843848 28.375051 0.2 2.34
2019 06 18 18 24 53.880 104.863908 28.395994 0.6 3.01
2019 06 18 18 25 16.240 104.861930 28.395793 0.3 2.97
2019 06 18 18 25 27.640 104.862223 28.395876 0.8 2.95
2019 06 18 18 26 55.880 104.855599 28.403210 0.6 2.97
2019 06 18 18 28 09.560 104.900179 28.365255 0.3 2.93
2019 06 18 18 28 42.960 104.857031 28.395227 1.2 2.77
2019 06 18 18 28 23.420 104.892122 28.354401 0.6 3.12
2019 06 18 18 29 37.040 104.837134 28.409196 0.4 3.19
2019 06 18 18 32 52.760 104.858521 28.393412 0.8 -1.28
2019 06 18 18 35 19.520 104.798901 28.451265 0.7 6.8
2019 06 18 18 35 06.360 104.947860 28.365851 0.2 3.27
2019 06 18 18 35 35.620 104.757292 28.440997 1.3 5.72
2019 06 18 18 36 01.520 104.773861 28.420567 2.5 5.39
2019 06 18 18 36 54.600 104.883374 28.369177 0.9 5.96
2019 06 18 18 38 15.440 104.864478 28.382534 2.5 5.37
2019 06 18 18 38 57.780 104.792155 28.423291 2.3 4.69
2019 06 18 18 39 46.440 104.791854 28.418406 1.2 4.9
2019 06 18 18 40 12.820 104.800423 28.414793 1.3 5.08
2019 06 18 18 41 50.640 104.773706 28.421041 1.1 5.42
2019 06 18 18 42 45.960 104.782682 28.427974 0.9 2.19
2019 06 18 18 43 04.300 104.791187 28.418915 0.9 5.09
2019 06 18 18 43 45.120 104.843986 28.405367 1.0 2.3
2019 06 18 18 43 59.920 104.891683 28.378320 0.5 -0.14
2019 06 18 18 45 32.840 104.865047 28.397357 0.9 3.17
2019 06 18 18 46 08.320 104.864697 28.396604 0.7 3.08
2019 06 18 18 48 32.280 104.817920 28.405526 1.4 3.47
2019 06 18 18 48 22.000 104.820166 28.403571 0.6 2.46
2019 06 18 18 50 38.760 104.855599 28.393099 0.8 2.77
2019 06 18 18 51 16.880 104.804867 28.441941 0.2 5.57
2019 06 18 18 51 55.100 104.876416 28.383952 1.5 1.89
2019 06 18 18 52 39.280 104.827840 28.406600 2.5 5.87
2019 06 18 18 52 53.980 104.829647 28.418579 2.7 5.62
2019 06 18 18 53 46.360 104.789673 28.416789 1.0 4.82
2019 06 18 18 55 47.980 104.804671 28.433470 2.4 5.25
2019 06 18 18 56 11.000 104.803239 28.428044 1.6 2.4
2019 06 18 18 56 33.740 104.721476 28.439435 2.4 11.06
2019 06 18 18 58 13.440 104.753328 28.433417 1.0 5.64
2019 06 18 18 59 50.480 104.792480 28.424119 0.3 5.38
2019 06 18 19 02 43.500 104.822388 28.410752 3.8 8.57
2019 06 18 19 04 46.240 104.776595 28.418321 1.2 5.45
2019 06 18 19 05 34.400 104.774349 28.419973 0.5 2.0
2019 06 18 19 06 21.880 104.929858 28.367344 0.3 2.53
2019 06 18 19 06 55.720 104.822990 28.403636 0.9 2.79
2019 06 18 19 07 05.100 104.945833 28.367666 0.9 2.22
2019 06 18 19 08 25.620 104.821224 28.406140 0.4 2.09
2019 06 18 19 08 36.960 104.799373 28.443355 0.6 2.77
2019 06 18 19 09 24.080 104.880461 28.387335 1.8 1.86
2019 06 18 19 10 13.120 104.782308 28.422799 1.4 5.37
2019 06 18 19 10 28.740 104.869401 28.384131 1.6 1.56
2019 06 18 19 10 07.400 104.887183 28.359886 0.8 4.27
2019 06 18 19 10 50.200 104.894092 28.348208 1.3 2.37
2019 06 18 19 12 50.200 104.783130 28.422658 0.8 5.42
2019 06 18 19 12 43.160 104.850781 28.392887 0.6 2.87
2019 06 18 19 13 14.340 104.782821 28.422927 0.6 5.57
2019 06 18 19 14 02.540 104.884627 28.381523 0.6 2.9
2019 06 18 19 14 36.560 104.851994 28.406696 0.8 3.1
2019 06 18 19 15 20.880 104.883097 28.340928 1.1 4.6
2019 06 18 19 16 57.520 104.821183 28.383925 0.6 4.49
2019 06 18 19 17 38.880 104.770402 28.424408 1.3 5.62
2019 06 18 19 18 18.800 104.755094 28.443309 1.0 5.62
2019 06 18 19 18 44.260 104.754663 28.443542 0.6 5.53
2019 06 18 19 19 44.480 104.832821 28.391781 0.4 3.88
2019 06 18 19 20 31.480 104.892684 28.355951 -0.1 3.79
2019 06 18 19 21 16.640 104.781429 28.416783 0.3 2.77
2019 06 18 19 21 52.280 104.749919 28.431854 0.4 5.48
2019 06 18 19 22 39.340 104.748893 28.430332 0.8 5.64
2019 06 18 19 23 24.760 104.850505 28.409652 1.9 3.07
2019 06 18 19 24 28.400 104.853369 28.405648 0.6 3.09
2019 06 18 19 25 29.720 104.817944 28.414718 3.6 5.46
2019 06 18 19 25 15.800 104.871851 28.384650 0.5 2.75
2019 06 18 19 26 59.400 104.814022 28.413649 1.6 3.89
2019 06 18 19 27 50.880 104.772103 28.429657 1.1 -0.76
2019 06 18 19 28 23.500 104.887557 28.384979 1.0 2.07
2019 06 18 19 28 52.160 104.823503 28.393660 2.5 6.05
2019 06 18 19 30 25.900 104.818660 28.411011 1.2 4.69
2019 06 18 19 31 22.520 104.769108 28.422557 0.7 5.19
2019 06 18 19 31 15.280 104.785848 28.422304 0.8 5.63
2019 06 18 19 33 17.500 104.773088 28.422268 1.8 5.63
2019 06 18 19 32 55.880 104.820133 28.406352 1.0 3.26
2019 06 18 19 33 57.840 104.786060 28.433358 0.6 1.29
2019 06 18 19 34 44.840 104.806665 28.412410 1.0 2.4
2019 06 18 19 34 40.720 104.924959 28.376343 0.6 4.14
2019 06 18 19 35 26.080 104.833008 28.392356 0.6 3.88
2019 06 18 19 36 08.000 104.820142 28.407825 1.2 2.88
2019 06 18 19 38 30.180 104.801139 28.420105 0.4 3.36
2019 06 18 19 43 00.480 104.770996 28.424158 0.7 5.6
2019 06 18 19 43 10.080 104.828377 28.403831 0.9 2.05
2019 06 18 19 43 51.200 104.792090 28.418496 0.5 5.22
2019 06 18 19 45 17.760 104.946354 28.375104 0.3 3.25
2019 06 18 19 46 31.800 104.736776 28.430676 1.4 7.89
2019 06 18 19 48 37.640 104.864217 28.397327 1.6 3.08
2019 06 18 19 49 02.720 104.863110 28.397416 0.8 3.16
2019 06 18 19 51 08.160 104.775627 28.433940 1.1 5.41
2019 06 18 19 52 24.660 104.737720 28.430540 1.1 8.43
2019 06 18 19 52 06.920 104.909953 28.389272 0.5 1.59
2019 06 18 19 53 15.240 104.727271 28.445461 2.1 8.45
2019 06 18 19 53 31.880 104.732918 28.446118 1.2 7.82
2019 06 18 19 54 15.920 104.888892 28.384180 0.7 1.97
2019 06 18 19 54 56.380 104.728255 28.445258 1.2 8.43
2019 06 18 19 54 51.420 104.871029 28.392253 0.8 2.09
2019 06 18 19 56 17.860 104.764551 28.421055 0.6 4.63
2019 06 18 19 56 59.320 104.787988 28.435114 0.9 5.57
2019 06 18 19 57 44.600 104.764714 28.428239 0.8 5.08
2019 06 18 19 57 30.520 104.791227 28.418276 1.3 4.77
2019 06 18 19 58 46.100 104.944214 28.355271 0.5 2.76
2019 06 18 20 00 08.800 104.789974 28.418502 0.8 4.79
2019 06 18 20 00 42.280 104.782145 28.418941 1.8 5.09
2019 06 18 20 00 37.760 104.797380 28.407192 1.6 4.35
2019 06 18 20 02 13.480 104.847453 28.412309 0.2 3.94
2019 06 18 20 03 49.340 104.782593 28.418197 0.8 2.71
2019 06 18 20 04 08.880 104.784294 28.421580 0.6 5.21
2019 06 18 20 04 54.320 104.873641 28.386281 -0.1 3.46
2019 06 18 20 05 52.740 104.883602 28.342625 0.0 4.43
2019 06 18 20 06 02.480 104.916968 28.379279 0.5 4.97
2019 06 18 20 06 32.160 104.863615 28.395581 0.5 3.36
2019 06 18 20 07 02.080 104.887801 28.379834 0.2 2.65
2019 06 18 20 07 55.680 104.932039 28.368538 0.5 3.0
2019 06 18 20 08 19.960 104.820011 28.409418 0.1 2.28
2019 06 18 20 09 43.400 104.865405 28.405719 0.3 6.88
2019 06 18 20 09 33.800 104.836507 28.397215 0.6 4.72
2019 06 18 20 11 12.280 104.845947 28.394273 0.9 2.79
2019 06 18 20 13 46.320 104.891903 28.378290 1.0 2.37
2019 06 18 20 13 59.999 104.862313 28.388413 0.6 1.79
2019 06 18 20 16 42.560 104.827905 28.402889 0.7 3.26
2019 06 18 20 16 16.280 104.800382 28.412297 0.2 2.93
2019 06 18 20 17 22.340 104.754736 28.427067 1.8 5.96
2019 06 18 20 18 11.940 104.864445 28.395943 0.8 3.01
2019 06 18 20 19 34.160 104.862923 28.396785 0.4 3.07
2019 06 18 20 19 49.500 104.847249 28.395984 0.6 2.42
2019 06 18 20 20 58.240 104.928581 28.363436 1.0 2.63
2019 06 18 20 22 14.360 104.760710 28.422426 0.6 5.6
2019 06 18 20 22 42.880 104.745280 28.431938 0.6 7.86
2019 06 18 20 23 16.180 104.900252 28.364960 0.4 2.31
2019 06 18 20 23 57.120 104.920882 28.375267 0.2 4.31
2019 06 18 20 24 56.400 104.795199 28.416123 0.6 5.26
2019 06 18 20 25 16.120 104.816463 28.413519 0.4 3.35
2019 06 18 20 25 33.340 104.790894 28.438808 0.6 4.02
2019 06 18 20 26 17.600 104.784530 28.421454 1.1 5.28
2019 06 18 20 27 22.920 104.815698 28.412807 1.8 3.88
2019 06 18 20 27 50.800 104.784489 28.421293 1.6 5.25
2019 06 18 20 28 47.660 104.815999 28.412453 1.6 3.87
2019 06 18 20 30 00.760 104.843717 28.394737 0.3 1.89
2019 06 18 20 30 53.200 104.737020 28.429681 1.1 8.38
2019 06 18 20 31 40.200 104.741992 28.444368 1.0 5.37
2019 06 18 20 32 29.140 104.856771 28.391235 0.8 2.86
2019 06 18 20 35 18.280 104.872339 28.390511 0.7 2.01
2019 06 26 11 55 10.630 104.732113 28.415745 0.9 11.41
2019 06 18 20 36 57.280 104.912126 28.372624 0.9 2.69
2019 06 18 20 38 24.720 104.919377 28.365643 0.4 2.68
2019 06 18 20 42 10.760 104.844613 28.397868 0.7 3.24
2019 06 18 20 42 32.440 104.897201 28.369869 0.6 2.12
2019 06 18 20 43 54.400 104.777661 28.417381 0.5 2.87
2019 06 18 20 43 33.000 104.789624 28.436393 0.6 2.96
2019 06 18 20 45 13.440 104.903499 28.379950 0.1 2.82
2019 06 18 20 46 19.940 104.812891 28.412016 0.7 3.32
2019 06 18 20 48 43.000 104.782072 28.421582 0.7 5.12
2019 06 18 20 49 38.100 104.884123 28.347845 3.1 5.72
2019 06 18 20 54 37.120 104.893359 28.357784 0.4 3.72
2019 06 18 20 54 14.480 104.829565 28.404458 0.4 3.08
2019 06 18 20 54 56.820 104.795467 28.415525 1.1 4.92
2019 06 18 20 55 51.420 104.876025 28.387185 0.4 1.03
2019 06 18 20 57 05.460 104.810685 28.409194 0.4 1.92
2019 06 18 21 01 20.080 104.863192 28.397032 1.0 3.05
2019 06 18 21 03 05.420 104.864095 28.381649 0.4 1.81
2019 06 18 21 02 46.160 104.862093 28.398208 0.6 2.77
2019 06 18 21 03 55.600 104.737809 28.430048 0.4 8.41
2019 06 18 21 05 10.900 104.868660 28.382910 -0.0 6.42
2019 06 18 21 05 33.380 104.861654 28.399670 0.5 3.25
2019 06 18 21 06 19.760 104.865226 28.397697 0.6 2.21
2019 06 18 21 07 05.560 104.837606 28.411226 0.8 2.18
2019 06 18 21 07 48.680 104.947127 28.368563 0.2 2.23
2019 06 18 21 08 22.520 104.779077 28.418193 0.4 2.69
2019 06 18 21 08 49.700 104.861491 28.398275 0.3 3.21
2019 06 18 21 09 20.160 104.769100 28.422813 0.7 2.66
2019 06 18 21 10 10.000 104.891048 28.344216 0.5 2.86
2019 06 18 21 09 52.320 104.829761 28.404539 0.0 2.06
2019 06 18 21 10 55.160 104.865633 28.396558 1.2 3.11
2019 06 18 21 11 42.620 104.882072 28.344411 0.3 2.64
2019 06 18 21 14 03.420 104.777661 28.417891 0.5 5.41
2019 06 18 21 14 35.700 104.786491 28.419568 0.9 5.07
2019 06 18 21 14 15.260 104.764445 28.425364 0.1 5.43
2019 06 18 21 14 54.040 104.872176 28.392285 0.2 2.09
2019 06 18 21 16 19.920 104.815568 28.412791 1.4 3.86
2019 06 18 21 17 39.540 104.914071 28.361959 0.7 2.26
2019 06 18 21 18 26.820 104.753280 28.432802 0.6 5.63
2019 06 18 21 20 14.540 104.750203 28.433651 1.0 5.71
2019 06 26 20 05 20.960 104.784009 28.421883 0.6 5.34
2019 06 18 21 21 20.120 104.900822 28.366366 0.5 2.33
2019 06 18 21 22 51.560 104.893831 28.355247 0.3 2.59
2019 06 18 21 23 24.560 104.815145 28.412823 1.4 3.87
2019 06 18 21 24 21.840 104.755192 28.432851 1.2 2.71
2019 06 18 21 25 33.320 104.783366 28.422001 0.6 5.24
2019 06 18 21 25 43.080 104.885075 28.331071 0.2 5.17
2019 06 18 21 26 47.520 104.856413 28.378493 0.5 3.06
2019 06 18 21 27 14.240 104.828678 28.395713 0.4 5.15
2019 06 18 21 27 56.480 104.856055 28.403265 0.4 2.9
2019 06 18 21 29 18.620 104.896021 28.382790 0.8 2.88
2019 06 18 21 29 41.540 104.780192 28.428813 0.6 4.74
2019 06 18 21 32 27.280 104.894181 28.358484 0.2 2.89
2019 06 18 21 35 05.820 104.848625 28.407151 2.3 3.17
2019 06 18 21 35 35.720 104.863062 28.397803 1.3 1.22
2019 06 18 21 36 49.720 104.795426 28.414323 0.4 5.07
2019 06 18 21 37 38.480 104.815430 28.408740 0.2 3.77
2019 06 18 21 39 03.860 104.862492 28.393547 0.7 3.0
2019 06 18 21 40 22.480 104.860758 28.392808 0.7 2.19
2019 06 18 21 40 58.980 104.851335 28.411605 0.6 3.0
2019 06 18 21 41 15.760 104.891878 28.378212 0.1 2.34
2019 06 18 21 43 29.080 104.799870 28.416235 1.1 4.63
2019 06 18 21 44 10.640 104.773079 28.419607 0.5 6.39
2019 06 18 21 45 56.480 104.904183 28.360284 0.5 2.52
2019 06 18 21 46 46.680 104.862956 28.379539 1.1 1.25
2019 06 18 21 47 52.960 104.828809 28.409810 0.9 4.24
2019 06 18 21 49 48.520 104.787614 28.420734 0.5 4.63
2019 06 18 21 50 00.620 104.854622 28.404447 0.7 2.87
2019 06 18 21 52 14.060 104.868294 28.391262 0.6 1.96
2019 06 18 21 53 17.800 104.932145 28.363869 1.6 3.99
2019 06 18 21 56 47.920 104.783683 28.424251 0.8 4.71
2019 06 18 21 57 49.780 104.854907 28.389880 1.5 2.81
2019 06 18 22 01 22.400 104.793945 28.424815 1.6 5.37
2019 06 18 22 02 20.720 104.885579 28.366941 0.8 0.88
2019 06 18 22 02 04.920 104.836043 28.414201 0.7 2.72
2019 06 18 22 02 47.920 104.921395 28.367641 1.1 1.94
2019 06 18 22 03 00.560 104.821110 28.399369 1.2 2.63
2019 06 18 22 05 00.280 104.780119 28.418455 0.5 5.21
2019 06 18 22 08 53.140 104.774495 28.419352 0.6 4.37
2019 06 18 22 10 30.680 104.819271 28.404529 0.6 1.72
2019 06 18 22 11 07.800 104.783480 28.420964 0.4 5.21
2019 06 18 22 15 07.360 104.762793 28.426544 0.9 2.64
2019 06 18 22 16 46.100 104.897396 28.370579 0.1 2.02
2019 06 18 22 20 29.600 104.866976 28.396431 0.8 3.08
2019 06 18 22 21 38.300 104.819417 28.404799 0.6 1.77
2019 06 18 22 24 09.240 104.884204 28.341284 -0.1 4.57
2019 06 18 22 30 26.680 104.775423 28.420490 1.0 5.47
2019 06 18 22 30 40.980 104.785107 28.416353 1.1 4.92
2019 06 18 22 31 00.480 104.886841 28.380713 0.8 4.08
2019 06 18 22 35 48.040 104.886930 28.380668 0.5 4.04
2019 06 18 22 36 17.600 104.749105 28.425708 0.6 6.35
2019 06 18 22 38 01.920 104.769320 28.423627 0.6 5.49
2019 06 18 22 38 56.360 104.771899 28.421464 0.9 2.65
2019 06 18 22 39 49.120 104.780078 28.420831 1.0 4.96
2019 06 18 22 42 11.760 104.883553 28.344043 0.1 4.27
2019 06 18 22 44 07.040 104.783569 28.422398 2.5 5.49
2019 06 18 22 44 44.960 104.782829 28.422080 1.0 5.3
2019 06 18 22 44 59.760 104.782943 28.422060 0.9 5.38
2019 06 18 22 45 40.760 104.790234 28.437526 0.8 4.03
2019 06 18 22 47 20.280 104.876693 28.387624 0.4 1.89
2019 06 18 22 48 09.620 104.758748 28.428925 0.7 2.4
2019 06 18 22 48 35.880 104.879468 28.384285 1.4 4.25
2019 06 18 22 48 18.140 104.783244 28.422021 0.9 5.3
2019 06 18 22 49 17.180 104.829541 28.412612 1.3 5.83
2019 06 18 22 51 57.720 104.759766 28.417641 0.2 6.67
2019 06 18 22 54 09.920 104.872363 28.411348 0.3 5.41
2019 06 18 22 55 02.120 104.747282 28.429950 0.5 6.62
2019 06 18 22 56 20.160 104.798234 28.416030 0.7 4.18
2019 06 18 22 56 09.760 104.933398 28.359351 0.5 2.72
2019 06 18 22 57 14.440 104.795435 28.437651 0.3 4.86
2019 06 18 22 58 10.640 104.859456 28.387925 0.9 2.63
2019 06 18 22 57 56.040 104.826603 28.413033 0.6 2.29
2019 06 18 22 58 37.920 104.744466 28.436186 0.8 7.11
2019 06 18 22 59 58.800 104.760246 28.426727 0.5 5.46
2019 06 18 22 59 37.440 104.882129 28.340037 0.7 4.64
2019 06 18 23 01 12.880 104.758993 28.440798 0.7 4.3
2019 06 18 23 05 16.200 104.797323 28.431573 0.6 4.18
2019 06 18 23 06 59.999 104.722868 28.459515 0.8 8.01
2019 06 18 23 08 01.680 104.895988 28.390511 0.5 4.93
2019 06 18 23 07 57.320 104.801034 28.416410 0.6 8.52
2019 06 18 23 10 26.840 104.860441 28.374609 0.8 0.82
2019 06 18 23 11 29.520 104.782365 28.422455 0.7 5.3
2019 06 18 23 12 40.200 104.934212 28.359739 0.9 2.14
2019 06 18 23 13 28.600 104.905526 28.402500 0.5 3.0
2019 06 18 23 14 56.680 104.854346 28.418856 2.3 6.47
2019 06 18 23 17 27.960 104.943709 28.355629 0.8 3.29
2019 06 18 23 18 55.880 104.856291 28.403467 0.4 2.9
2019 06 18 23 22 22.540 104.896696 28.351414 0.7 2.53
2019 06 18 23 23 11.640 104.849227 28.391003 0.8 2.85
2019 06 18 23 24 55.400 104.905005 28.356923 0.5 2.31
2019 06 18 23 25 26.440 104.812720 28.409420 1.0 3.79
2019 06 18 23 27 37.880 104.875301 28.384686 0.7 2.34
2019 06 18 23 27 54.600 104.858024 28.401752 0.8 2.83
2019 06 18 23 32 45.680 104.889608 28.387693 0.3 4.38
2019 06 18 23 37 40.560 104.750212 28.433720 1.2 5.6
2019 06 18 23 41 44.180 104.750692 28.433285 1.0 6.77
2019 06 18 23 43 13.240 104.789746 28.427543 0.8 5.76
2019 06 18 23 44 17.040 104.728800 28.447203 0.8 7.77
2019 06 18 23 44 58.080 104.872843 28.372636 1.0 4.38
2019 06 18 23 45 47.400 104.897257 28.376955 0.5 1.55
2019 06 18 23 47 59.880 104.787109 28.415236 1.0 2.5
2019 06 18 23 48 17.800 104.787280 28.414134 1.0 4.55
2019 06 18 23 49 07.780 104.775521 28.429716 0.7 3.11
2019 06 18 23 49 01.960 104.844328 28.392100 0.8 3.01
2019 06 18 23 50 07.780 104.767000 28.435189 1.2 4.02
2019 06 18 23 50 52.840 104.822868 28.407365 1.6 3.35
2019 06 18 23 53 34.440 104.766642 28.419189 1.6 5.32
2019 06 18 23 54 04.000 104.818693 28.411684 1.4 2.47
2019 06 19 00 00 43.580 104.798511 28.425621 1.5 4.27
2019 06 19 00 01 20.490 104.858162 28.417719 0.8 5.57
2019 06 19 00 02 26.750 104.803638 28.413182 0.9 4.24
2019 06 19 00 03 14.260 104.789591 28.424097 0.6 4.7
2019 06 19 00 05 59.750 104.878524 28.383820 0.7 4.21
2019 06 19 00 06 54.780 104.862777 28.398590 0.9 3.11
2019 06 19 00 07 25.550 104.750252 28.425637 0.7 6.0
2019 06 19 00 07 53.400 104.799984 28.424790 1.4 3.68
2019 06 19 00 08 37.290 104.749414 28.425061 1.0 6.21
2019 06 19 00 09 40.080 104.756665 28.439634 0.5 4.15
2019 06 19 00 09 23.230 104.759074 28.429020 0.6 5.11
2019 06 19 00 11 06.690 104.793457 28.416943 0.6 4.62
2019 06 19 00 15 02.800 104.815072 28.410813 1.2 4.7
2019 06 19 00 17 18.950 104.892489 28.383677 0.4 5.61
2019 06 19 00 18 05.350 104.880111 28.382503 0.6 2.62
2019 06 19 00 21 07.850 104.886060 28.384739 1.0 1.56
2019 06 19 00 22 01.420 104.797697 28.427055 1.4 5.05
2019 06 19 00 28 04.150 104.770313 28.428943 0.6 5.6
2019 06 19 00 30 03.340 104.879305 28.384186 0.8 4.24
2019 06 19 00 30 50.010 104.902970 28.380062 0.7 5.72
2019 06 19 00 30 35.310 104.817415 28.405556 1.0 3.42
2019 06 19 00 31 20.460 104.872388 28.376245 0.9 3.8
2019 06 19 00 34 09.350 104.891732 28.382841 0.7 3.08
2019 06 19 00 36 09.460 104.782804 28.422174 1.2 5.31
2019 06 19 00 40 12.080 104.815706 28.404456 0.7 2.63
2019 06 19 00 41 05.100 104.885173 28.343475 0.4 4.28
2019 06 19 00 42 33.550 104.861011 28.398368 0.3 3.14
2019 06 19 00 45 07.520 104.745280 28.430959 0.9 6.97
2019 06 19 00 46 18.590 104.878792 28.384062 1.1 4.24
2019 06 19 00 46 46.420 104.787419 28.415401 0.8 4.77
2019 06 19 00 47 43.180 104.786947 28.415700 0.8 4.78
2019 06 19 00 51 10.440 104.876457 28.387939 3.3 7.97
2019 06 19 00 56 25.240 104.750529 28.446476 1.0 5.66
2019 06 19 00 57 38.360 104.860335 28.397359 0.9 4.96
2019 06 19 01 01 16.720 104.794499 28.428739 0.8 2.72
2019 06 19 01 01 55.590 104.778410 28.413892 0.6 5.66
2019 06 19 01 03 24.850 104.807503 28.416420 0.9 4.97
2019 06 19 01 06 42.330 104.825179 28.401312 1.6 3.49
2019 06 19 01 06 25.690 104.775537 28.419843 1.0 5.32
2019 06 19 01 07 39.160 104.889705 28.360988 0.8 3.81
2019 06 19 01 07 54.520 104.820020 28.402439 0.9 1.9
2019 06 19 01 08 54.190 104.900781 28.363359 1.2 2.55
2019 06 19 01 11 01.460 104.885563 28.342725 0.7 4.34
2019 06 19 01 12 04.890 104.817228 28.405591 0.9 3.49
2019 06 19 01 13 33.210 104.768221 28.417981 1.2 2.05
2019 06 19 01 15 52.230 104.914876 28.368719 0.5 2.58
2019 06 19 01 17 14.110 104.933089 28.365055 0.9 2.59
2019 06 19 01 18 07.410 104.888810 28.350169 0.4 3.11
2019 06 19 01 18 30.080 104.884644 28.337703 1.2 4.41
2019 06 19 01 18 54.550 104.824780 28.402826 0.6 2.73
2019 06 19 01 21 06.680 104.823918 28.399190 1.2 2.13
2019 06 19 01 20 48.620 104.802230 28.423869 0.6 3.66
2019 06 19 01 23 00.130 104.787467 28.427360 2.3 5.51
2019 06 19 12 43 31.060 104.826929 28.403794 0.6 3.25
2019 06 19 01 25 31.690 104.883675 28.373263 0.8 3.07
2019 06 19 01 26 12.620 104.809619 28.408112 0.9 1.8
2019 06 19 01 29 42.260 104.957170 28.371425 1.1 2.83
2019 06 19 01 30 27.300 104.780900 28.418433 0.4 5.09
2019 06 19 01 32 30.550 104.767977 28.419484 1.3 5.28
2019 06 19 01 33 54.240 104.789217 28.417837 0.6 2.43
2019 06 19 01 33 40.950 104.945247 28.344747 0.8 1.52
2019 06 19 01 35 25.900 104.772225 28.423775 1.1 5.6
2019 06 19 01 36 01.070 104.783830 28.423431 1.2 2.21
2019 06 19 01 36 10.160 104.772534 28.422951 1.4 5.46
2019 06 19 01 37 08.680 104.770101 28.434975 1.2 5.51
2019 06 19 01 37 34.300 104.811092 28.416441 0.7 4.15
2019 06 19 01 39 42.510 104.906038 28.372211 0.9 4.91
2019 06 19 01 40 27.390 104.845898 28.398201 0.5 5.69
2019 06 19 01 41 57.480 104.767928 28.423700 0.9 5.63
2019 06 19 01 42 07.060 104.744076 28.428798 1.2 7.44
2019 06 19 01 45 27.850 104.928581 28.366766 0.6 0.28
2019 06 19 01 47 37.140 104.767586 28.419165 1.1 5.34
2019 06 19 01 48 26.440 104.797624 28.426642 0.5 3.89
2019 06 19 01 52 32.630 104.777140 28.418020 0.3 -0.99
2019 06 19 01 55 19.810 104.950911 28.372575 1.2 3.37
2019 06 19 01 56 03.060 104.790869 28.416632 0.7 2.15
2019 06 19 01 57 08.710 104.810360 28.411204 2.6 3.95
2019 06 19 02 01 51.330 104.881331 28.372945 1.4 4.78
2019 06 19 02 05 19.210 104.763241 28.437732 3.1 7.35
2019 06 19 02 07 17.400 104.885319 28.384019 1.0 3.25
2019 06 19 02 08 25.080 104.768400 28.435138 0.8 4.25
2019 06 19 02 10 16.060 104.774862 28.416052 1.7 4.7
2019 06 19 02 12 18.930 104.851261 28.406510 1.1 3.12
2019 06 19 02 13 29.620 104.945044 28.345117 0.6 1.53
2019 06 19 02 13 05.810 104.797062 28.413643 1.2 4.14
2019 06 19 02 14 05.300 104.801261 28.428833 1.0 3.76
2019 06 19 02 18 06.870 104.735278 28.452920 0.3 6.82
2019 06 19 02 18 30.100 104.809147 28.407664 1.4 1.82
2019 06 19 02 18 46.350 104.868441 28.393052 0.4 4.76
2019 06 19 02 19 14.810 104.810140 28.409340 0.6 3.57
2019 06 19 02 20 04.090 104.771753 28.431431 0.6 5.22
2019 06 19 02 22 48.370 104.786271 28.438025 1.0 3.92
2019 06 19 02 25 45.590 104.810091 28.409330 2.6 3.57
2019 06 19 02 26 00.370 104.810872 28.410234 3.0 3.57
2019 06 19 02 28 10.910 104.820801 28.404260 0.9 2.04
2019 06 19 02 33 09.930 104.811971 28.411338 1.2 3.86
2019 06 19 02 32 50.610 104.887166 28.378764 1.0 2.59
2019 06 19 02 34 12.730 104.815072 28.419043 0.8 4.1
2019 06 19 02 35 53.930 104.759912 28.424060 1.4 2.29
2019 06 19 02 39 05.630 104.907772 28.372937 0.7 1.61
2019 06 19 02 40 07.270 104.790243 28.419316 0.9 5.21
2019 06 19 02 45 54.870 104.863257 28.384676 0.7 1.72
2019 06 19 02 46 09.820 104.784530 28.421985 0.8 5.07
2019 06 19 02 46 34.330 104.939746 28.356942 0.5 3.39
2019 06 19 02 50 35.130 104.764299 28.420194 1.7 6.39
2019 06 19 02 53 37.090 104.851034 28.413047 1.0 2.95
2019 06 19 02 54 57.400 104.873242 28.389927 1.2 2.22
2019 06 19 02 54 34.730 104.759928 28.427891 0.6 6.36
2019 06 19 02 57 17.430 104.854386 28.389980 1.0 2.56
2019 06 19 02 58 58.710 104.866724 28.388759 0.5 2.08
2019 06 20 02 33 10.920 104.762256 28.434637 1.2 5.6
2019 06 19 02 59 51.770 104.823096 28.424194 1.0 1.09
2019 06 19 03 02 52.460 104.884546 28.377950 0.8 3.5
2019 06 19 03 05 04.340 104.947852 28.370693 0.6 3.01
2019 06 19 03 08 23.010 104.845565 28.411300 0.4 2.77
2019 06 19 03 09 41.350 104.766895 28.435258 2.5 5.5
2019 06 19 03 10 39.190 104.819198 28.416376 2.2 3.41
2019 06 19 03 11 24.870 104.903076 28.365161 0.8 2.17
2019 06 19 03 12 48.430 104.790584 28.412376 1.1 4.71
2019 06 19 03 17 28.600 104.770955 28.432107 0.8 3.47
2019 06 19 03 19 15.340 104.808464 28.406942 1.2 1.81
2019 06 19 03 20 01.240 104.926912 28.374030 0.9 3.65
2019 06 19 03 20 26.600 104.902539 28.359979 1.1 2.48
2019 06 19 03 24 54.720 104.896289 28.371195 0.8 2.21
2019 06 19 03 27 29.990 104.886947 28.347929 0.7 2.38
2019 06 19 03 30 37.720 104.779028 28.424235 0.6 5.63
2019 06 19 03 35 35.010 104.775545 28.419834 0.7 5.37
2019 06 19 03 36 38.300 104.809945 28.407021 0.8 1.43
2019 06 19 03 36 58.530 104.950350 28.346875 0.6 2.6
2019 06 19 03 39 07.310 104.809416 28.406946 0.4 2.11
2019 06 19 03 39 58.010 104.877588 28.394450 0.7 4.96
2019 06 19 03 41 44.320 104.884155 28.384092 0.5 3.92
2019 06 19 03 43 18.230 104.783317 28.408895 0.7 4.37
2019 06 19 03 43 53.970 104.781266 28.424172 0.5 5.77
2019 06 19 03 45 01.710 104.876497 28.389874 0.8 2.69
2019 06 19 03 44 38.860 104.840063 28.397209 0.6 2.97
2019 06 19 03 47 15.110 104.755778 28.424310 1.5 5.98
2019 06 19 03 48 31.790 104.782308 28.422579 0.9 5.45
2019 06 19 03 49 58.240 104.778646 28.441280 1.3 4.13
2019 06 19 03 49 38.270 104.774276 28.426949 0.6 4.46
2019 06 19 03 53 47.830 104.751343 28.447603 0.7 3.82
2019 06 19 03 54 08.340 104.902327 28.362636 1.0 5.65
2019 06 19 03 55 39.480 104.766561 28.434465 1.1 4.37
2019 06 19 03 56 55.410 104.834595 28.406319 0.8 4.91
2019 06 19 03 57 23.480 104.820150 28.403546 0.5 6.48
2019 06 19 03 58 02.370 104.764901 28.435710 0.6 5.56
2019 06 19 04 01 02.270 104.891911 28.356476 1.0 3.82
2019 06 19 04 03 04.380 104.847721 28.396254 0.7 3.2
2019 06 19 04 04 22.500 104.825098 28.404726 0.5 2.83
2019 06 19 04 12 01.010 104.860872 28.390629 2.4 5.18
2019 06 19 04 18 15.930 104.804102 28.417181 0.9 4.4
2019 06 19 04 21 05.190 104.852303 28.406639 1.4 3.09
2019 06 19 04 21 20.640 104.830355 28.404299 1.0 2.88
2019 06 19 04 23 45.470 104.881185 28.382808 1.1 2.62
2019 06 19 04 24 05.470 104.780216 28.415729 0.6 5.65
2019 06 19 04 28 30.380 104.854215 28.405396 0.8 2.96
2019 06 19 04 31 24.070 104.897705 28.374652 0.7 2.58
2019 06 19 04 32 54.240 104.867196 28.394057 0.7 3.35
2019 06 19 04 34 40.100 104.871338 28.402486 1.2 0.88
2019 06 19 04 35 09.390 104.816577 28.409855 1.0 2.21
2019 06 19 04 38 05.850 104.739355 28.447514 0.7 10.38
2019 06 19 04 39 44.430 104.764811 28.423053 0.7 5.55
2019 06 19 04 40 45.830 104.848706 28.388963 0.8 2.51
2019 06 19 04 42 08.990 104.769751 28.417029 0.6 5.62
2019 06 19 04 52 31.200 104.837980 28.401628 0.4 2.21
2019 06 19 04 53 10.870 104.824520 28.422829 1.0 5.25
2019 06 19 04 58 10.690 104.828923 28.403233 1.6 3.01
2019 06 19 04 59 21.190 104.766829 28.423311 1.2 2.33
2019 06 19 05 01 26.670 104.786393 28.420321 0.6 5.09
2019 06 19 05 02 43.100 104.780924 28.417733 1.0 5.05
2019 06 19 05 03 23.060 104.781144 28.417609 0.9 5.0
2019 06 19 05 06 27.600 104.776823 28.437268 0.4 5.31
2019 06 19 05 11 15.720 104.803003 28.413656 1.4 4.46
2019 06 19 05 11 56.080 104.936092 28.360803 0.5 4.06
2019 06 19 05 13 28.780 104.756510 28.433455 1.0 2.7
2019 06 19 05 14 32.400 104.857544 28.396893 2.1 2.92
2019 06 19 05 18 20.380 104.797160 28.414386 0.9 4.18
2019 06 19 05 19 13.700 104.759847 28.487158 0.7 6.71
2019 06 19 05 20 33.520 104.886271 28.343813 0.4 1.78
2019 06 19 05 22 43.110 104.890885 28.393553 0.7 -3.16
2019 06 19 05 22 32.950 104.851066 28.398612 0.4 5.0
2019 06 19 05 25 04.210 104.841431 28.403007 0.8 4.08
2019 06 19 05 25 29.000 104.898722 28.366591 0.7 2.56
2019 06 19 05 26 21.390 104.760140 28.486938 1.1 6.73
2019 06 19 05 27 25.250 104.859245 28.388426 1.3 2.4
2019 06 19 05 28 11.260 104.808496 28.429317 0.8 5.46
2019 06 19 05 29 46.310 104.898674 28.376345 0.5 4.78
2019 06 19 05 30 40.720 104.788379 28.412799 0.3 5.0
2019 06 19 05 32 43.250 104.780851 28.420618 3.1 5.47
2019 06 19 05 34 47.540 104.777393 28.420162 1.4 5.2
2019 06 19 05 36 09.840 104.781307 28.422734 0.9 5.4
2019 06 19 05 37 17.170 104.792668 28.413464 3.2 8.5
2019 06 19 05 37 44.640 104.760815 28.422325 0.9 5.62
2019 06 19 05 41 14.920 104.780021 28.420577 1.2 5.22
2019 06 19 05 42 07.350 104.767342 28.436123 0.5 5.5
2019 06 19 05 42 22.290 104.886255 28.381781 1.1 2.83
2019 06 19 05 43 09.670 104.806641 28.420074 0.9 3.51
2019 06 19 05 43 37.670 104.817603 28.405656 0.7 3.47
2019 06 19 05 44 25.760 104.820451 28.401654 0.7 2.52
2019 06 19 05 44 46.120 104.865299 28.383822 0.8 1.84
2019 06 19 05 46 42.270 104.780721 28.422351 0.7 5.49
2019 06 19 05 47 03.340 104.863851 28.401168 0.7 3.45
2019 06 19 05 53 20.500 104.783219 28.413963 0.6 5.77
2019 06 19 05 54 23.230 104.765877 28.422937 0.5 5.57
2019 06 19 05 57 13.200 104.754875 28.423368 3.1 6.35
2019 06 19 06 01 23.990 104.908561 28.391335 0.8 5.58
2019 06 19 06 04 28.110 104.882943 28.385185 0.7 3.63
2019 06 19 06 04 52.440 104.715894 28.442312 0.8 8.41
2019 06 19 06 05 47.200 104.859814 28.404159 0.7 2.19
2019 06 19 06 10 57.340 104.756925 28.422329 1.0 6.0
2019 06 19 06 14 34.500 104.928402 28.359090 0.5 3.01
2019 06 19 06 17 55.500 104.816618 28.411123 0.6 2.15
2019 06 19 06 21 23.590 104.814665 28.405518 0.6 2.69
2019 06 19 06 22 05.420 104.868766 28.385870 1.0 2.09
2019 06 19 06 23 40.930 104.884880 28.341880 0.9 4.46
2019 06 19 06 25 46.850 104.923063 28.368347 1.5 3.5
2019 06 19 06 27 16.090 104.845662 28.399443 1.0 3.11
2019 06 19 06 32 37.420 104.894092 28.353961 0.9 2.66
2019 06 19 06 33 12.740 104.889282 28.383270 0.6 2.65
2019 06 19 06 33 48.830 104.864193 28.388277 0.6 2.43
2019 06 19 06 35 45.410 104.874284 28.375301 0.4 3.86
2019 06 19 06 37 21.770 104.848983 28.417944 1.1 5.51
2019 06 19 06 39 02.780 104.738835 28.443608 1.1 7.11
2019 06 19 06 38 48.560 104.800146 28.417234 0.8 4.62
2019 06 19 06 41 39.740 104.828548 28.402376 0.5 2.59
2019 06 19 06 42 39.270 104.757381 28.426524 1.2 4.67
2019 06 19 06 44 58.750 104.784302 28.422064 0.9 5.22
2019 06 19 06 45 27.060 104.765422 28.436949 0.8 5.57
2019 06 19 06 51 56.890 104.829842 28.404274 0.9 3.04
2019 06 19 06 52 12.490 104.772721 28.416852 1.4 5.25
2019 06 19 06 53 28.410 104.854224 28.412767 0.6 2.91
2019 06 19 06 57 08.300 104.882788 28.339939 0.5 4.61
2019 06 19 06 57 22.540 104.880745 28.390249 0.8 2.45
2019 06 19 06 57 44.860 104.816813 28.420233 0.8 4.3
2019 06 19 06 58 46.130 104.926099 28.374764 0.7 3.77
2019 06 19 07 00 16.590 104.850553 28.390361 0.7 4.57
2019 06 19 07 00 30.260 104.869043 28.432454 0.4 5.28
2019 06 19 07 02 07.130 104.907609 28.370367 0.3 1.92
2019 06 19 07 05 30.140 104.871240 28.402997 0.7 5.55
2019 06 19 07 06 14.710 104.851481 28.396737 0.3 4.29
2019 06 19 07 07 53.400 104.731380 28.427352 0.5 8.33
2019 06 19 07 08 18.340 104.854956 28.404854 0.3 4.34
2019 06 19 07 12 26.320 104.769051 28.435824 0.5 5.48
2019 06 19 07 12 43.780 104.752881 28.436015 0.6 5.63
2019 06 19 07 15 02.350 104.735059 28.431466 1.4 7.51
2019 06 19 07 17 00.810 104.799455 28.416026 0.6 4.69
2019 06 19 07 18 27.330 104.828703 28.408714 0.9 3.39
2019 06 19 07 22 02.690 104.829769 28.420693 0.7 3.55
2019 06 19 07 23 03.660 104.902035 28.362193 0.3 -1.38
2019 06 19 07 23 24.810 104.730973 28.449662 1.1 7.98
2019 06 19 07 25 19.150 104.815340 28.405239 0.8 5.42
2019 06 19 07 27 23.690 104.827669 28.410889 1.1 5.47
2019 06 19 07 28 38.190 104.918172 28.367965 0.7 1.73
2019 06 19 07 31 32.890 104.922754 28.366168 0.6 1.99
2019 06 19 07 32 00.470 104.933521 28.360862 1.1 2.72
2019 06 19 07 32 25.430 104.934814 28.356885 1.2 2.66
2019 06 19 07 33 31.070 104.822477 28.402913 0.9 3.72
2019 06 19 07 35 36.260 104.853931 28.412128 0.4 2.92
2019 06 19 07 42 14.500 104.771704 28.423069 0.8 5.46
2019 06 19 07 44 51.700 104.843449 28.417440 0.3 6.29
2019 06 19 07 45 27.580 104.828166 28.409886 1.0 4.25
2019 06 19 07 47 33.350 104.790332 28.428149 0.8 3.65
2019 06 19 07 51 11.440 104.785872 28.420833 1.1 5.14
2019 06 19 07 51 58.490 104.813745 28.397213 0.9 2.44
2019 06 19 07 52 14.050 104.778857 28.441569 0.7 4.05
2019 06 19 07 53 12.970 104.903158 28.362097 0.5 2.78
2019 06 19 07 54 17.120 104.784326 28.424377 0.9 4.69
2019 06 19 07 56 58.820 104.798169 28.413761 0.8 2.31
2019 06 19 07 57 42.800 104.830990 28.405552 1.2 3.11
2019 06 19 07 58 57.570 104.833171 28.409495 1.0 3.44
2019 06 19 08 06 49.390 104.807690 28.411717 0.7 -2.24
2019 06 19 08 07 24.610 104.776432 28.420605 0.9 5.33
2019 06 19 08 08 23.570 104.782194 28.417295 0.5 5.19
2019 06 19 08 10 10.980 104.836654 28.404948 0.8 2.95
2019 06 19 08 10 36.660 104.836572 28.397203 2.2 4.74
2019 06 19 08 12 13.160 104.836906 28.414313 0.4 7.2
2019 06 19 08 18 09.310 104.775024 28.421480 0.7 5.42
2019 06 19 08 20 18.750 104.812297 28.411509 2.0 3.6
2019 06 19 08 23 16.880 104.820589 28.401455 0.8 1.55
2019 06 19 08 25 22.580 104.854085 28.395170 1.0 2.94
2019 06 19 08 29 36.470 104.774097 28.432334 2.3 5.4
2019 06 19 08 30 56.830 104.770093 28.423315 1.9 5.57
2019 06 19 08 34 10.480 104.895581 28.368929 0.3 3.1
2019 06 19 08 37 33.540 104.836727 28.397080 0.4 4.44
2019 06 19 08 39 13.450 104.827344 28.414577 0.8 2.95
2019 06 19 08 39 41.010 104.830941 28.393793 0.8 4.43
2019 06 19 08 41 12.600 104.853646 28.413182 0.9 2.73
2019 06 19 08 43 08.060 104.900781 28.363279 0.8 5.34
2019 06 19 08 43 37.770 104.884489 28.378298 0.8 0.41
2019 06 19 08 45 06.230 104.770483 28.434782 0.6 0.08
2019 06 19 08 45 51.170 104.863208 28.426691 0.4 5.88
2019 06 19 08 48 16.540 104.862044 28.398136 0.3 3.71
2019 06 19 08 51 10.880 104.779712 28.417993 0.4 5.52
2019 06 19 08 53 41.920 104.749129 28.431502 0.5 5.59
2019 06 19 08 55 04.620 104.881453 28.384965 0.3 3.21
2019 06 19 08 55 59.150 104.880721 28.385913 1.1 4.2
2019 06 19 08 58 30.310 104.855811 28.399221 0.7 1.89
2019 06 19 09 00 00.550 104.773397 28.426534 0.8 4.9
2019 06 19 09 03 47.900 104.740299 28.429108 0.6 7.62
2019 06 19 09 04 50.140 104.958504 28.358997 0.9 3.42
2019 06 19 09 08 21.900 104.777612 28.417918 0.4 5.32
2019 06 19 09 11 34.410 104.765503 28.423946 0.8 3.13
2019 06 19 09 12 12.250 104.924170 28.366121 0.9 1.97
2019 06 19 09 13 50.180 104.745378 28.431097 0.5 6.84
2019 06 19 09 16 15.340 104.885962 28.375724 0.6 1.09
2019 06 19 09 16 50.530 104.820361 28.427144 0.2 2.21
2019 06 19 09 17 40.650 104.749056 28.458720 0.7 5.74
2019 06 19 09 18 15.800 104.781136 28.426992 0.9 2.86
2019 06 19 09 18 28.580 104.750488 28.434768 0.8 5.75
2019 06 19 09 18 37.700 104.861515 28.400875 1.2 3.51
2019 06 19 09 19 34.070 104.828597 28.406185 0.5 -1.48
2019 06 19 09 20 01.480 104.781584 28.426099 0.7 2.63
2019 06 19 09 20 11.720 104.860018 28.397237 0.5 1.91
2019 06 19 09 22 22.400 104.748145 28.458535 0.8 5.78
2019 06 19 09 25 18.430 104.771777 28.420274 0.6 5.33
2019 06 19 09 25 40.870 104.748796 28.424650 0.5 6.35
2019 06 19 09 33 04.270 104.791927 28.425380 1.0 4.17
2019 06 19 09 34 00.840 104.849764 28.413475 0.7 2.98
2019 06 19 09 34 46.170 104.744507 28.457489 0.9 5.16
2019 06 19 09 36 19.220 104.786947 28.440448 0.7 5.75
2019 06 19 09 36 50.590 104.750667 28.425000 0.9 6.0
2019 06 19 09 39 55.370 104.751717 28.427547 0.7 5.62
2019 06 19 09 40 31.910 104.771232 28.421285 0.9 5.02
2019 06 19 09 45 20.790 104.763403 28.434420 0.6 5.27
2019 06 19 09 58 52.150 104.793547 28.416734 1.3 4.64
2019 06 19 09 59 11.620 104.791691 28.416441 1.1 1.93
2019 06 19 09 59 40.370 104.792513 28.416823 1.4 4.61
2019 06 19 10 00 07.670 104.750130 28.435339 0.9 5.75
2019 06 19 10 01 57.090 104.768229 28.436428 1.1 5.51
2019 06 19 10 08 14.470 104.866211 28.386713 0.7 1.92
2019 06 19 10 10 17.250 104.879972 28.382843 1.0 4.25
2019 06 19 10 12 40.750 104.922420 28.366107 0.9 1.98
2019 06 19 10 12 28.690 104.770085 28.425330 0.6 5.71
2019 06 19 10 17 12.270 104.770557 28.423273 1.0 5.48
2019 06 19 10 18 35.520 104.761377 28.423248 0.4 5.38
2019 06 19 10 21 10.720 104.777083 28.422498 0.2 2.34
2019 06 19 10 22 31.960 104.742700 28.431366 2.2 6.88
2019 06 19 10 25 13.860 104.807178 28.420660 0.9 0.88
2019 06 19 10 26 01.890 104.728898 28.439478 0.5 7.22
2019 06 19 10 26 42.280 104.878459 28.388151 1.1 3.73
2019 06 19 10 27 37.310 104.750928 28.434467 0.6 5.76
2019 06 19 10 32 25.780 104.769930 28.425543 0.5 5.35
2019 06 19 10 33 02.600 104.897664 28.365188 1.2 5.73
2019 06 19 10 33 51.940 104.727873 28.446828 0.6 7.78
2019 06 19 10 37 07.770 104.781421 28.422880 0.9 5.42
2019 06 19 10 39 02.050 104.790145 28.440291 0.8 1.89
2019 06 19 10 40 44.880 104.877588 28.366496 0.5 8.1
2019 06 19 10 41 22.970 104.805770 28.412073 0.3 3.71
2019 06 19 10 42 20.870 104.899902 28.368284 1.0 2.57
2019 06 19 10 42 52.280 104.864323 28.397331 1.1 2.21
2019 06 19 10 45 24.410 104.786947 28.419413 1.4 4.93
2019 06 19 10 46 00.300 104.757609 28.430642 0.9 5.67
2019 06 19 10 46 06.890 104.828328 28.404323 0.9 4.41
2019 06 19 10 46 34.390 104.879150 28.404903 0.9 5.58
2019 06 19 10 48 09.740 104.797144 28.417680 1.0 4.49
2019 06 19 10 49 06.490 104.820044 28.409509 0.1 1.81
2019 06 19 10 49 38.510 104.746582 28.458071 1.2 5.77
2019 06 19 10 50 14.070 104.793774 28.413487 0.2 6.24
2019 06 19 10 51 24.790 104.919596 28.395711 0.5 1.78
2019 06 19 10 56 01.230 104.782690 28.416872 1.2 2.57
2019 06 19 10 56 40.230 104.857235 28.432357 0.3 6.04
2019 06 19 10 57 37.880 104.850863 28.387115 0.7 2.1
2019 06 19 11 00 30.790 104.784790 28.421771 2.5 5.39
2019 06 19 11 00 58.390 104.781177 28.422913 2.0 5.37
2019 06 19 11 02 01.190 104.783008 28.419822 1.1 5.12
2019 06 19 11 02 23.020 104.800146 28.413448 1.1 3.59
2019 06 19 11 03 18.350 104.808097 28.412512 1.0 2.36
2019 06 19 11 04 15.350 104.784196 28.422034 2.8 5.48
2019 06 19 11 07 55.490 104.837606 28.402714 0.2 -2.01
2019 06 19 11 11 51.260 104.744775 28.437911 0.6 5.53
2019 06 19 11 12 11.400 104.881226 28.360856 0.9 1.88
2019 06 19 11 12 44.270 104.821029 28.413715 2.2 5.69
2019 06 19 11 21 22.730 104.782764 28.422984 1.0 5.51
2019 06 19 11 22 12.220 104.815633 28.399072 0.3 4.82
2019 06 19 11 24 32.590 104.905819 28.378333 0.6 3.26
2019 06 19 11 28 32.710 104.853442 28.409261 0.5 2.92
2019 06 19 11 32 09.780 104.955160 28.358510 1.1 3.92
2019 06 19 11 35 15.840 104.763053 28.423020 1.7 5.55
2019 06 19 11 35 59.640 104.892464 28.343724 0.5 1.59
2019 06 19 11 39 58.960 104.853459 28.389608 0.9 2.55
2019 06 19 11 42 24.580 104.771745 28.424131 1.1 5.41
2019 06 19 11 44 52.010 104.824910 28.411094 0.8 3.79
2019 06 19 11 45 36.500 104.931413 28.366715 0.7 2.49
2019 06 19 11 46 22.540 104.834766 28.380029 0.6 3.53
2019 06 23 19 15 51.140 104.844450 28.393384 0.3 2.99
2019 06 19 11 52 32.600 104.860360 28.392348 0.5 2.16
2019 06 19 11 55 04.330 104.830444 28.409070 0.7 5.89
2019 06 19 11 56 57.400 104.802124 28.416823 0.5 4.93
2019 06 19 11 57 40.630 104.782658 28.423728 0.5 5.72
2019 06 19 11 58 30.950 104.737044 28.429683 0.5 8.39
2019 06 19 11 59 32.350 104.783626 28.421794 0.4 5.26
2019 06 19 12 01 46.930 104.780843 28.422658 1.9 5.24
2019 06 19 12 02 24.510 104.780998 28.423560 1.2 5.43
2019 06 19 12 04 30.610 104.928101 28.378986 0.5 3.01
2019 06 19 12 06 51.620 104.858773 28.393532 0.7 2.7
2019 06 19 12 08 19.820 104.790096 28.436338 1.5 2.98
2019 06 19 12 09 45.670 104.780233 28.423897 1.6 5.65
2019 06 19 12 10 51.840 104.728996 28.445319 0.9 7.57
2019 06 19 12 11 03.760 104.782967 28.422577 0.9 5.23
2019 06 19 12 11 54.680 104.737679 28.430400 0.9 8.47
2019 06 19 12 11 32.640 104.810059 28.414591 0.9 4.29
2019 06 19 12 11 17.270 104.782544 28.423132 3.0 5.4
2019 06 19 12 12 58.580 104.784603 28.421360 0.3 5.27
2019 06 19 12 14 30.000 104.835229 28.408061 0.2 3.13
2019 06 19 12 15 22.860 104.884106 28.382465 0.5 2.88
2019 06 19 12 18 44.760 104.768840 28.421761 0.8 5.18
2019 06 19 12 19 42.390 104.833936 28.384265 0.2 4.2
2019 06 19 12 20 59.170 104.823372 28.413184 0.8 2.53
2019 06 19 12 21 58.980 104.809456 28.406622 0.7 1.4
2019 06 19 12 21 45.980 104.862044 28.400161 0.5 1.21
2019 06 19 12 22 30.950 104.736711 28.429671 0.8 8.39
2019 06 19 12 24 09.330 104.884220 28.381986 0.9 2.92
2019 06 19 12 29 34.390 104.861060 28.393087 0.6 2.15
2019 06 19 12 29 43.340 104.864250 28.398299 0.7 3.13
2019 06 19 12 31 27.890 104.884945 28.342147 0.3 4.33
2019 06 19 12 32 03.370 104.810588 28.414262 0.1 4.35
2019 06 19 12 33 13.770 104.762956 28.422133 0.4 5.55
2019 06 19 12 33 37.300 104.865706 28.394452 0.3 7.75
2019 06 19 12 33 27.100 104.781364 28.424990 1.3 6.07
2019 06 19 12 34 23.510 104.889836 28.350903 0.3 2.67
2019 06 19 12 35 50.610 104.885946 28.381120 1.5 3.99
2019 06 19 12 37 17.130 104.736987 28.429873 1.5 8.39
2019 06 19 12 37 34.430 104.889893 28.354850 2.6 3.13
2019 06 19 12 38 41.350 104.868091 28.406191 0.8 5.43
2019 06 19 12 39 22.840 104.780265 28.422638 1.5 5.21
2019 06 19 12 41 35.900 104.887907 28.354281 0.2 1.47
2019 06 19 12 42 50.600 104.883154 28.379043 0.1 1.61
2019 06 19 12 43 12.690 104.890063 28.357908 0.1 3.85
2019 06 19 12 43 41.760 104.824259 28.406262 0.5 2.71
2019 06 19 12 44 16.540 104.777140 28.418162 0.4 2.83
2019 06 19 12 44 29.230 104.889844 28.346214 0.1 4.09
2019 06 19 12 45 12.050 104.876904 28.370113 -0.0 -0.62
2019 06 19 12 45 36.190 104.762891 28.421810 0.5 5.54
2019 06 19 12 48 23.960 104.862590 28.394271 -0.0 2.82
2019 06 19 12 49 07.590 104.773812 28.422339 1.8 5.53
2019 06 19 12 52 08.310 104.773844 28.421405 1.6 5.5
2019 06 19 12 54 34.500 104.772860 28.421781 0.3 5.34
2019 06 19 12 54 49.800 104.854541 28.392017 0.8 2.96
2019 06 19 12 55 28.070 104.844352 28.392320 0.4 3.0
2019 06 19 12 55 46.800 104.765381 28.429126 0.4 5.47
2019 06 19 12 56 54.630 104.865934 28.386983 1.0 2.76
2019 06 19 12 57 11.540 104.781169 28.424188 0.5 5.79
2019 06 19 12 57 37.680 104.782056 28.422504 1.3 5.33
2019 06 19 12 58 59.330 104.781706 28.423470 0.4 5.69
2019 06 19 12 59 36.640 104.736621 28.429541 0.1 8.34
2019 06 19 13 00 29.670 104.737899 28.438121 0.5 7.27
2019 06 19 13 01 23.540 104.850041 28.407306 1.4 3.13
2019 06 19 13 03 19.500 104.762427 28.422272 0.4 5.52
2019 06 19 13 05 39.400 104.881299 28.393970 0.2 -0.9
2019 06 19 13 06 37.850 104.827743 28.406814 0.2 1.89
2019 06 19 13 07 11.030 104.736589 28.426265 0.3 8.33
2019 06 19 13 07 54.790 104.809945 28.421916 0.5 2.12
2019 06 19 13 08 20.120 104.864046 28.386287 1.0 2.4
2019 06 19 13 10 16.870 104.816300 28.411281 2.2 4.33
2019 06 19 13 11 18.510 104.828589 28.395728 0.6 4.52
2019 06 19 13 12 27.140 104.901090 28.395199 0.5 2.46
2019 06 19 13 12 51.320 104.767700 28.426469 0.5 3.52
2019 06 19 13 17 43.930 104.845597 28.395528 0.3 3.16
2019 06 19 13 20 34.510 104.738175 28.430448 0.6 8.44
2019 06 19 13 26 48.100 104.781038 28.423041 0.7 5.42
2019 06 19 13 26 30.220 104.854248 28.404932 0.3 3.0
2019 06 19 13 28 01.510 104.742676 28.433067 0.6 6.97
2019 06 19 13 30 09.710 104.737354 28.430117 1.5 8.42
2019 06 19 13 30 47.910 104.917122 28.374729 0.7 3.05
2019 06 19 13 31 49.300 104.883602 28.362134 -0.2 1.51
2019 06 19 13 32 14.380 104.892074 28.356175 0.5 4.55
2019 06 19 13 33 39.760 104.895785 28.377205 0.4 2.39
2019 06 19 13 35 08.580 104.886344 28.344946 0.4 4.2
2019 06 19 13 36 20.670 104.914754 28.375425 0.8 5.36
2019 06 19 13 37 27.960 104.891154 28.351457 0.7 2.66
2019 06 19 13 37 14.940 104.885824 28.343382 0.0 4.49
2019 06 19 13 37 40.720 104.856380 28.412059 1.3 6.29
2019 06 19 13 38 31.860 104.793164 28.428648 1.4 5.33
2019 06 19 13 38 57.350 104.780892 28.423065 1.6 5.37
2019 06 19 13 41 52.720 104.782202 28.422909 1.5 5.41
2019 06 19 13 44 10.990 104.889803 28.369737 0.8 1.5
2019 06 19 13 45 55.610 104.910441 28.388393 0.7 2.88
2019 06 19 13 46 55.830 104.781820 28.422727 0.5 5.42
2019 06 19 13 48 21.470 104.781991 28.423726 1.0 5.5
2019 06 19 13 50 10.040 104.858919 28.387764 -0.0 2.58
2019 06 19 13 51 43.640 104.881877 28.373781 0.2 5.23
2019 06 19 13 54 24.820 104.768050 28.429449 0.7 4.92
2019 06 19 13 55 40.360 104.751310 28.426996 1.1 6.32
2019 06 19 13 59 50.120 104.766211 28.435398 0.4 4.04
2019 06 19 13 59 41.740 104.730811 28.425608 0.6 10.0
2019 06 19 14 00 12.700 104.832218 28.425163 0.3 5.72
2019 06 19 14 01 42.620 104.750334 28.446704 0.7 5.66
2019 06 19 14 02 29.610 104.821077 28.406185 0.5 2.82
2019 06 19 14 02 50.950 104.781380 28.423114 0.3 5.44
2019 06 19 14 03 53.670 104.780249 28.422748 0.5 5.24
2019 06 19 14 04 25.590 104.863265 28.398775 0.3 2.77
2019 06 19 14 06 26.820 104.919702 28.365625 0.1 2.02
2019 06 19 14 08 55.320 104.820589 28.409273 0.3 1.87
2019 06 19 14 10 29.330 104.825228 28.406419 0.6 3.14
2019 06 19 14 10 47.530 104.781193 28.424923 0.7 5.83
2019 06 19 14 12 21.410 104.764811 28.422351 0.8 5.08
2019 06 19 14 12 43.030 104.764469 28.422854 0.8 5.09
2019 06 19 14 14 16.540 104.781478 28.423250 0.6 5.47
2019 06 19 14 14 00.930 104.763265 28.421771 0.5 5.0
2019 06 19 14 17 20.630 104.793579 28.425564 0.2 4.81
2019 06 19 14 17 45.900 104.908521 28.389071 0.4 4.18
2019 06 19 14 18 46.300 104.848356 28.369295 0.3 3.78
2019 06 19 14 19 25.760 104.828019 28.402063 0.4 2.98
2019 06 19 14 20 28.890 104.781364 28.423008 0.5 5.4
2019 06 19 14 27 41.230 104.751034 28.435785 1.4 2.76
2019 06 19 14 29 45.010 104.736548 28.431785 0.4 8.39
2019 06 19 14 32 11.650 104.880933 28.375759 0.6 2.57
2019 06 19 14 34 12.510 104.764119 28.435689 0.9 5.53
2019 06 19 14 34 32.770 104.789640 28.438735 0.7 2.99
2019 06 19 14 35 11.980 104.750081 28.429966 0.5 5.7
2019 06 19 14 37 19.040 104.736564 28.430084 0.4 8.4
2019 06 19 14 38 46.650 104.738127 28.430404 1.5 8.43
2019 06 19 14 41 38.450 104.849268 28.395097 0.5 2.74
2019 06 19 14 42 23.860 104.742887 28.440965 0.8 5.2
2019 06 19 14 44 42.740 104.741309 28.457371 0.9 10.16
2019 06 19 14 45 19.600 104.932324 28.365989 0.7 2.2
2019 06 19 14 48 09.250 104.896037 28.379224 0.4 2.5
2019 06 19 14 50 47.350 104.895150 28.388340 0.6 1.45
2019 06 19 14 51 46.130 104.891105 28.345235 0.2 0.36
2019 06 19 14 52 13.790 104.918433 28.392474 0.0 4.88
2019 06 19 14 52 52.660 104.782845 28.422127 0.8 5.3
2019 06 19 14 56 42.420 104.774430 28.422764 0.3 4.14
2019 06 19 14 59 18.790 104.781812 28.423071 1.5 5.48
2019 06 19 15 00 35.800 104.913965 28.391351 0.8 3.09
2019 06 19 15 00 18.270 104.886475 28.385830 0.5 3.15
2019 06 19 15 02 12.350 104.736759 28.431350 0.4 8.4
2019 06 19 15 02 59.590 104.761320 28.424679 0.5 5.63
2019 06 19 15 03 54.590 104.854411 28.408398 1.0 1.77
2019 06 19 15 03 31.410 104.784969 28.410693 0.5 3.93
2019 06 19 15 04 22.740 104.907813 28.375700 1.6 7.24
2019 06 19 15 05 16.970 104.866235 28.376862 0.4 0.88
2019 06 19 15 07 23.970 104.754191 28.422607 0.6 4.62
2019 06 19 15 07 09.130 104.736491 28.431838 0.3 8.42
2019 06 19 15 07 53.220 104.790080 28.419010 0.3 4.7
2019 06 19 15 09 41.310 104.815755 28.399038 0.6 4.82
2019 06 19 15 10 41.350 104.797738 28.414862 0.7 3.77
2019 06 19 15 14 20.960 104.819344 28.401809 0.1 1.91
2019 06 19 15 15 22.650 104.884521 28.381946 0.4 2.85
2019 06 19 15 16 00.050 104.751107 28.441138 -0.1 8.77
2019 06 19 15 18 16.270 104.783146 28.425232 0.2 5.87
2019 06 19 15 19 23.900 104.822835 28.402997 0.0 3.4
2019 06 19 15 20 14.600 104.908976 28.374526 0.0 1.85
2019 06 19 15 20 37.340 104.855786 28.395451 0.3 3.84
2019 06 19 15 21 11.380 104.763989 28.435612 0.2 2.27
2019 06 19 15 22 38.670 104.760002 28.439390 1.7 5.47
2019 06 19 15 26 28.000 104.781486 28.422843 0.4 5.39
2019 06 19 15 32 29.540 104.828125 28.404419 0.6 2.65
2019 06 19 15 34 13.940 104.851961 28.396248 0.4 2.82
2019 06 19 15 34 01.980 104.854207 28.390057 0.1 2.49
2019 06 19 15 36 22.810 104.790747 28.418518 1.9 5.21
2019 06 19 15 36 59.960 104.799056 28.424744 0.8 2.99
2019 06 19 15 37 34.490 104.791553 28.418770 1.9 5.26
2019 06 19 15 39 13.080 104.829606 28.414492 1.6 5.62
2019 06 19 15 41 28.110 104.753719 28.425789 1.3 6.06
2019 06 19 15 42 57.260 104.748682 28.434481 0.4 2.85
2019 06 19 15 44 40.000 104.793986 28.425096 0.3 3.84
2019 06 19 15 47 14.760 104.792863 28.417837 0.8 5.31
2019 06 19 15 47 45.920 104.824927 28.416099 1.9 5.53
2019 06 19 15 48 37.000 104.852336 28.392222 0.9 5.17
2019 06 19 15 49 03.400 104.857739 28.401090 0.4 2.98
2019 06 19 15 49 35.740 104.776994 28.422152 0.4 2.78
2019 06 19 15 52 55.420 104.736784 28.430302 0.7 8.38
2019 06 19 15 53 18.690 104.780607 28.423356 0.5 4.41
2019 06 19 15 53 52.440 104.856283 28.400828 0.3 3.52
2019 06 19 15 55 05.500 104.942570 28.360494 0.4 3.41
2019 06 19 15 55 51.510 104.856006 28.389150 0.3 2.94
2019 06 19 15 56 07.790 104.815788 28.408278 0.3 3.67
2019 06 19 15 58 32.950 104.737337 28.430369 1.1 8.4
2019 06 19 15 59 18.770 104.961133 28.371887 0.1 9.21
2019 06 19 15 59 29.280 104.822038 28.406907 -0.1 0.99
2019 06 19 16 00 48.050 104.759627 28.421407 0.8 5.73
2019 06 19 16 01 21.420 104.795793 28.440576 2.2 5.33
2019 06 19 16 01 52.980 104.743815 28.432951 1.1 6.97
2019 06 25 16 21 01.170 104.841203 28.407163 0.6 0.98
2019 06 19 16 05 16.620 104.863794 28.387675 1.0 1.71
2019 06 19 16 05 08.150 104.888184 28.352362 0.3 2.97
2019 06 19 16 05 55.920 104.894946 28.397587 1.6 2.71
2019 06 19 16 05 41.460 104.740682 28.431319 0.8 6.89
2019 06 19 16 06 49.080 104.760840 28.430540 1.1 5.57
2019 06 19 16 07 42.510 104.852205 28.392466 0.5 2.71
2019 06 19 16 08 24.800 104.790739 28.417293 0.2 2.69
2019 06 19 16 08 58.890 104.794417 28.427523 0.5 4.02
2019 06 19 16 09 18.840 104.827604 28.403426 0.6 2.8
2019 06 19 16 09 55.040 104.736475 28.430393 1.4 8.38
2019 06 19 16 10 56.540 104.743433 28.433270 0.7 7.0
2019 06 19 16 10 48.670 104.821346 28.404643 0.5 1.73
2019 06 19 16 12 01.360 104.818929 28.409328 0.3 6.31
2019 06 19 16 13 56.000 104.770988 28.419318 0.5 5.01
2019 06 19 16 16 31.810 104.792196 28.417084 0.1 4.55
2019 06 19 16 20 26.290 104.854606 28.404635 0.5 3.05
2019 06 19 16 20 33.130 104.859627 28.407633 0.8 2.54
2019 06 19 16 22 24.800 104.777425 28.418701 0.2 5.12
2019 06 19 16 24 45.710 104.800187 28.413562 0.3 3.8
2019 06 19 16 26 43.500 104.761833 28.422817 0.1 3.94
2019 06 19 16 27 08.870 104.781266 28.423189 1.4 5.44
2019 06 19 16 26 57.740 104.825684 28.404041 1.1 1.5
2019 06 19 16 28 34.650 104.789876 28.419112 0.7 5.1
2019 06 19 16 29 44.920 104.865381 28.387158 0.4 2.83
2019 06 19 16 31 38.330 104.770549 28.433327 1.0 3.0
2019 06 19 16 33 36.460 104.782438 28.422599 0.7 5.36
2019 06 19 16 38 32.860 104.902856 28.373462 0.7 2.35
2019 06 19 16 39 12.780 104.781624 28.424878 0.2 5.85
2019 06 19 16 40 06.270 104.863037 28.414282 0.5 4.03
2019 06 19 16 42 00.550 104.738281 28.430554 0.4 8.45
2019 06 19 16 43 09.370 104.755062 28.422290 0.4 5.75
2019 06 19 16 44 08.400 104.844954 28.406694 0.1 1.25
2019 06 19 16 45 02.550 104.770353 28.420978 0.9 5.09
2019 06 19 16 45 25.080 104.736035 28.430247 0.6 8.35
2019 06 19 16 49 18.780 104.804175 28.414636 0.5 2.75
2019 06 19 16 50 10.010 104.902669 28.373438 -0.2 1.52
2019 06 19 16 51 29.100 104.735872 28.430927 0.1 8.38
2019 06 19 16 51 21.530 104.867505 28.397445 -0.1 1.07
2019 06 19 16 53 16.180 104.791431 28.438792 1.2 5.49
2019 06 19 16 53 57.090 104.888322 28.372717 0.7 2.26
2019 06 19 16 54 13.110 104.840723 28.404315 0.6 3.05
2019 06 19 16 54 38.030 104.735840 28.430935 0.7 8.37
2019 06 19 16 56 18.710 104.884644 28.348319 0.8 3.43
2019 06 19 16 56 09.040 104.900277 28.356425 0.4 2.88
2019 06 19 16 57 40.710 104.865332 28.386949 0.3 2.79
2019 06 19 16 58 25.290 104.779232 28.436503 2.2 5.71
2019 06 19 17 00 24.580 104.790910 28.435563 0.7 2.93
2019 06 19 17 00 41.000 104.843221 28.396181 0.8 2.59
2019 06 19 17 02 19.560 104.791829 28.438969 0.2 5.46
2019 06 19 17 04 00.240 104.784342 28.416980 0.8 4.87
2019 06 19 17 03 52.680 104.868726 28.387193 -0.0 4.31
2019 06 19 17 04 23.060 104.876774 28.402909 0.6 2.15
2019 06 19 17 05 34.060 104.736580 28.426683 0.1 8.4
2019 06 19 17 05 48.200 104.783765 28.421600 0.2 5.22
2019 06 19 17 06 56.140 104.777710 28.421785 0.6 5.16
2019 06 19 17 07 57.360 104.772998 28.427478 0.1 5.44
2019 06 19 17 08 07.680 104.832308 28.393467 0.6 4.31
2019 06 19 17 08 34.480 104.774032 28.418927 0.4 5.84
2019 06 19 17 09 00.400 104.909692 28.426019 0.2 7.02
2019 06 19 17 11 31.680 104.736361 28.430528 0.6 8.38
2019 06 19 17 12 27.480 104.883944 28.385052 0.4 1.53
2019 06 19 17 13 13.820 104.903906 28.361253 0.3 2.97
2019 06 19 17 14 16.840 104.735840 28.430125 0.5 8.43
2019 06 19 17 16 47.440 104.783919 28.416913 0.6 4.9
2019 06 19 17 17 18.600 104.785718 28.435097 0.2 2.92
2019 06 19 17 17 54.620 104.903914 28.365889 2.6 2.75
2019 06 19 17 20 47.120 104.752474 28.420325 0.5 6.13
2019 06 19 17 22 27.800 104.743197 28.431755 1.9 6.4
2019 06 19 17 22 20.440 104.788826 28.436367 1.0 4.06
2019 06 19 17 24 56.840 104.752718 28.431647 0.0 4.7
2019 06 19 17 25 48.360 104.801245 28.417147 -0.1 2.86
2019 06 19 17 25 32.320 104.813672 28.399428 -0.0 1.19
2019 06 19 17 26 22.000 104.762695 28.437476 0.9 5.52
2019 06 19 17 26 54.040 104.884578 28.381451 1.7 2.89
2019 06 19 17 30 20.800 104.736483 28.430208 3.3 8.46
2019 06 19 17 32 16.360 104.735954 28.429806 1.0 8.36
2019 06 19 17 33 25.760 104.735628 28.430701 1.0 8.36
2019 06 19 17 34 08.800 104.735848 28.430849 1.1 8.36
2019 06 19 17 35 15.840 104.779932 28.418066 0.4 5.29
2019 06 19 17 38 33.280 104.769637 28.424465 1.5 5.62
2019 06 19 17 38 26.120 104.757145 28.422778 0.9 5.96
2019 06 19 17 40 00.520 104.785693 28.435124 0.8 2.33
2019 06 19 17 41 16.660 104.900456 28.363446 0.8 2.48
2019 06 19 17 41 41.080 104.827970 28.404181 0.7 2.74
2019 06 26 06 43 11.350 104.754150 28.424786 3.3 5.65
2019 06 19 17 49 37.520 104.785360 28.424640 0.8 2.78
2019 06 19 17 50 34.280 104.753784 28.425083 2.2 5.95
2019 06 19 17 52 31.520 104.748966 28.430345 0.9 5.69
2019 06 19 17 52 16.000 104.789437 28.417228 0.8 1.97
2019 06 19 17 52 54.420 104.854679 28.408354 1.5 1.79
2019 06 19 17 54 57.920 104.851717 28.406946 1.0 3.08
2019 06 19 17 56 02.400 104.760303 28.422998 2.0 5.29
2019 06 19 17 59 56.460 104.746924 28.438772 0.7 5.88
2019 06 19 18 01 15.680 104.745052 28.445300 0.9 5.4
2019 06 19 18 01 52.200 104.735482 28.430442 0.8 8.35
2019 06 19 18 02 53.360 104.735612 28.430876 0.3 8.38
2019 06 19 18 06 16.140 104.757560 28.422896 0.5 5.68
2019 06 19 18 07 15.420 104.762223 28.422337 0.8 5.56
2019 06 19 18 07 46.400 104.783561 28.413953 0.4 1.48
2019 06 19 18 10 13.600 104.780949 28.423177 0.9 5.43
2019 06 19 18 11 08.420 104.819214 28.402195 1.1 3.41
2019 06 19 18 11 55.240 104.832690 28.420848 3.2 4.78
2019 06 19 18 13 55.520 104.757601 28.421169 0.8 6.16
2019 06 19 18 15 33.760 104.765348 28.418400 -0.1 1.74
2019 06 19 18 16 55.660 104.834562 28.395443 0.9 4.34
2019 06 19 18 17 35.600 104.992806 28.363749 1.0 6.34
2019 06 19 18 18 11.600 104.778996 28.415851 1.1 1.86
2019 06 19 18 18 05.660 104.762085 28.423582 1.0 5.71
2019 06 19 18 19 53.840 104.761117 28.423281 0.4 5.63
2019 06 19 18 21 45.800 104.758228 28.421454 0.9 6.05
2019 06 19 18 22 24.440 104.940926 28.356736 0.1 2.03
2019 06 19 18 25 53.240 104.770662 28.432912 0.8 3.08
2019 06 19 18 26 19.100 104.835164 28.393099 0.9 4.63
2019 06 19 18 27 15.800 104.983740 28.354232 0.2 8.8
2019 06 19 18 28 36.460 104.758293 28.423653 2.0 4.78
2019 06 19 18 31 03.400 104.820736 28.405247 1.2 3.02
2019 06 19 18 31 24.620 104.825187 28.412683 1.7 5.85
2019 06 19 18 32 10.420 104.900537 28.363302 0.5 2.54
2019 06 19 18 36 12.960 104.771842 28.418247 0.3 2.92
2019 06 19 18 37 07.840 104.931063 28.355186 0.8 2.11
2019 06 19 18 37 53.440 104.742228 28.432141 0.2 6.42
2019 06 19 18 39 13.560 104.823022 28.426487 1.2 5.96
2019 06 19 18 41 48.680 104.765601 28.429128 0.8 5.31
2019 06 19 18 42 40.680 104.819515 28.403288 1.0 2.96
2019 06 19 18 43 30.520 104.819466 28.403141 0.9 3.05
2019 06 19 18 44 21.740 104.766626 28.435555 0.3 0.19
2019 06 19 18 44 33.240 104.851066 28.383010 0.3 1.57
2019 06 19 18 45 43.640 104.755705 28.429895 0.5 2.39
2019 06 19 18 46 41.400 104.848617 28.393634 0.7 3.06
2019 06 19 18 49 00.280 104.737899 28.457127 0.6 5.23
2019 06 19 18 49 14.060 104.738477 28.431712 0.6 8.52
2019 06 19 18 50 02.600 104.775822 28.420850 0.2 5.22
2019 06 19 18 50 50.680 104.818856 28.402706 0.2 1.67
2019 06 19 18 51 47.120 104.730843 28.441549 1.0 7.48
2019 06 19 18 51 56.460 104.816398 28.403202 0.2 1.57
2019 06 19 18 55 45.840 104.771590 28.417499 2.0 5.43
2019 06 19 18 57 49.820 104.776912 28.418341 2.2 5.49
2019 06 19 18 59 09.880 104.780428 28.394423 0.8 4.14
2019 06 19 19 00 39.560 104.771655 28.416345 0.8 5.22
2019 06 19 19 01 24.520 104.834342 28.395363 0.8 4.61
2019 06 19 19 04 06.500 104.738013 28.431242 0.4 8.47
2019 06 19 19 07 46.220 104.792863 28.417448 0.3 4.72
2019 06 19 19 09 32.060 104.772746 28.416856 0.9 5.29
2019 06 19 19 10 57.480 104.752368 28.443524 1.7 5.63
2019 06 19 19 13 47.000 104.814478 28.392442 0.1 6.86
2019 06 19 19 14 21.300 104.851099 28.412227 0.2 2.96
2019 06 19 19 15 37.600 104.794670 28.435807 1.3 5.37
2019 06 19 19 16 48.120 104.803166 28.425226 0.2 1.84
2019 06 19 19 17 07.360 104.777995 28.418085 0.3 5.32
2019 06 19 19 18 42.360 104.744987 28.431340 0.2 2.92
2019 06 19 19 19 12.040 104.850667 28.412006 0.2 2.95
2019 06 19 19 20 02.120 104.757642 28.424121 0.9 6.06
2019 06 19 19 21 01.780 104.742928 28.432613 0.6 6.96
2019 06 19 19 22 22.720 104.820833 28.412254 0.8 5.59
2019 06 19 19 23 56.480 104.830965 28.398067 0.1 1.08
2019 06 19 19 26 13.760 104.769930 28.417004 0.3 5.31
2019 06 19 19 28 02.800 104.854386 28.405267 0.4 3.08
2019 06 19 19 29 03.400 104.854362 28.405800 -0.2 3.13
2019 06 19 19 31 13.560 104.782340 28.422331 1.0 5.32
2019 06 19 19 31 57.360 104.742383 28.428310 0.2 8.11
2019 06 19 19 33 05.880 104.822152 28.401027 0.0 2.37
2019 06 19 19 34 09.520 104.763338 28.425985 0.7 2.55
2019 06 19 19 35 26.320 104.783122 28.423570 2.4 5.71
2019 06 19 19 35 09.000 104.755249 28.423879 0.0 6.26
2019 06 19 19 36 20.040 104.782495 28.422282 1.5 5.3
2019 06 19 19 37 15.980 104.818587 28.399603 0.3 2.16
2019 06 19 19 38 36.840 104.841219 28.396987 1.0 3.55
2019 06 19 19 39 25.360 104.930892 28.366087 0.4 2.91
2019 06 19 19 39 54.360 104.729045 28.447658 0.6 7.71
2019 06 19 19 39 45.680 104.858667 28.392499 0.6 2.67
2019 06 19 19 40 47.960 104.736393 28.431173 2.6 8.44
2019 06 19 19 40 24.360 104.803052 28.413853 -0.2 3.36
2019 06 19 19 42 03.080 104.927808 28.378792 0.9 5.53
2019 06 19 19 42 34.320 104.770671 28.417971 1.0 5.23
2019 06 19 19 45 25.760 104.834172 28.395083 0.4 4.57
2019 06 19 19 47 05.700 104.768302 28.420888 0.2 0.19
2019 06 19 19 48 33.520 104.829427 28.398169 0.5 4.65
2019 06 19 19 50 05.380 104.854427 28.393614 0.2 2.64
2019 06 19 19 51 37.600 104.891520 28.354360 -0.1 2.38
2019 06 19 19 53 43.420 104.741097 28.436778 1.2 5.71
2019 06 19 19 55 31.600 104.741007 28.434467 2.9 7.37
2019 06 19 19 57 56.000 104.779964 28.423844 0.9 2.25
2019 06 19 20 00 30.160 104.750806 28.434204 0.9 5.65
2019 06 19 20 01 06.340 104.746021 28.431392 1.0 6.69
2019 06 19 20 01 44.440 104.747469 28.432597 1.5 6.78
2019 06 19 20 02 31.000 104.770703 28.417849 1.6 5.33
2019 06 19 20 03 15.640 104.769759 28.415696 0.7 5.24
2019 06 19 20 03 39.900 104.746183 28.429934 0.6 6.69
2019 06 19 20 03 24.840 104.746493 28.429439 0.5 6.72
2019 06 19 20 05 06.640 104.751953 28.434668 0.4 0.25
2019 06 19 20 06 17.320 104.751058 28.437465 0.3 -0.89
2019 06 19 20 06 49.840 104.811792 28.400761 0.8 6.4
2019 06 19 20 07 39.780 104.863468 28.416237 0.9 4.2
2019 06 19 20 08 23.480 104.745345 28.431382 0.4 6.96
2019 06 19 20 11 16.740 104.821761 28.400515 0.5 3.22
2019 06 19 20 12 33.680 104.945915 28.370369 0.5 3.11
2019 06 19 20 13 07.800 104.783000 28.421903 0.3 5.29
2019 06 19 20 14 24.160 104.772559 28.417639 0.3 5.26
2019 06 19 20 16 35.480 104.816488 28.395813 0.6 5.16
2019 06 19 20 17 07.880 104.780330 28.424658 0.0 5.8
2019 06 19 20 16 48.320 104.895825 28.366482 0.2 3.68
2019 06 19 20 18 19.060 104.748755 28.434460 1.5 5.65
2019 06 19 20 20 30.540 104.837248 28.408600 -0.1 1.65
2019 06 19 20 21 01.520 104.890934 28.377934 0.9 5.97
2019 06 19 20 21 10.240 104.776481 28.418709 0.7 5.39
2019 06 19 20 21 52.560 104.782576 28.422115 0.2 5.27
2019 06 19 20 24 33.760 104.812012 28.400682 1.0 6.43
2019 06 19 20 25 19.120 104.756559 28.423073 0.6 5.78
2019 06 19 20 26 51.400 104.882104 28.385594 0.6 2.19
2019 06 19 20 28 10.400 104.854557 28.394572 0.0 3.04
2019 06 19 20 27 50.360 104.850391 28.411491 0.1 2.92
2019 06 19 20 30 12.360 104.773861 28.417131 0.6 5.29
2019 06 19 20 31 51.620 104.888110 28.379525 0.6 2.5
2019 06 19 20 34 48.740 104.807381 28.410122 0.2 2.47
2019 06 19 20 35 25.480 104.850627 28.392265 0.7 2.99
2019 06 19 20 36 50.860 104.887012 28.375745 0.2 1.09
2019 06 19 20 37 22.340 104.784253 28.421419 0.1 5.23
2019 06 19 20 39 46.120 104.895850 28.370217 0.5 2.24
2019 06 19 20 43 27.280 104.941357 28.356222 0.9 0.27
2019 06 19 20 44 45.720 104.758154 28.423777 0.1 6.02
2019 06 19 20 46 33.240 104.873901 28.394958 2.0 1.55
2019 06 19 20 47 23.080 104.760164 28.431722 0.8 2.51
2019 06 19 20 53 33.060 104.783423 28.408934 -0.2 5.49
2019 06 19 20 54 07.560 104.756258 28.422176 0.7 5.81
2019 06 19 20 55 11.320 104.803800 28.419210 -0.0 4.56
2019 06 19 20 56 27.080 104.851294 28.398258 0.4 2.89
2019 06 19 20 57 01.440 104.821916 28.401481 0.4 1.88
2019 06 19 20 56 54.320 104.925952 28.373417 0.7 4.16
2019 06 19 20 57 50.680 104.763973 28.427004 0.6 5.56
2019 06 19 20 58 44.240 104.771110 28.417857 1.3 5.32
2019 06 19 20 59 43.120 104.883854 28.385154 0.6 4.21
2019 06 19 21 00 02.600 104.933000 28.353916 0.2 2.79
2019 06 19 21 00 35.800 104.947827 28.368258 0.4 3.29
2019 06 19 21 01 12.360 104.759261 28.424164 0.2 6.2
2019 06 19 21 04 34.440 104.772542 28.424935 2.0 6.04
2019 06 19 21 09 35.640 104.748071 28.434507 0.4 0.38
2019 06 19 21 10 19.900 104.833309 28.391754 0.3 2.17
2019 06 19 21 11 48.400 104.782316 28.422679 0.5 5.37
2019 06 19 21 12 25.580 104.887891 28.387193 0.0 1.4
2019 06 19 21 12 51.440 104.928182 28.361692 0.9 2.02
2019 06 19 21 13 23.140 104.739233 28.430693 0.3 6.05
2019 06 19 21 14 20.960 104.987842 28.362309 0.4 5.52
2019 06 19 21 15 10.700 104.769198 28.430627 0.1 3.33
2019 06 19 21 15 19.200 104.894596 28.360238 0.3 2.79
2019 06 19 21 17 07.240 104.834342 28.395644 1.1 4.67
2019 06 19 21 16 47.000 104.735929 28.429508 0.4 8.36
2019 06 19 21 17 15.920 104.754362 28.425220 1.1 4.8
2019 06 19 21 18 07.640 104.837329 28.397520 0.2 4.57
2019 06 19 21 18 42.480 104.753573 28.423334 0.1 6.19
2019 06 19 21 19 16.400 104.865055 28.394167 0.4 2.92
2019 06 19 21 19 58.680 104.780379 28.421316 1.0 2.87
2019 06 19 21 19 49.360 104.844206 28.411204 0.5 5.11
2019 06 19 21 21 20.120 104.834204 28.395076 0.4 4.33
2019 06 19 21 22 13.380 104.763582 28.421486 0.8 3.86
2019 06 19 21 24 09.940 104.740210 28.434898 0.4 4.74
2019 06 19 21 26 01.360 104.786857 28.416677 0.2 1.97
2019 06 19 21 27 33.440 104.751896 28.432562 0.8 5.6
2019 06 19 21 28 58.000 104.885588 28.382792 0.4 2.71
2019 06 19 21 31 01.760 104.900993 28.364109 0.8 2.41
2019 06 19 21 30 40.740 104.763599 28.430579 -0.1 3.16
2019 06 19 21 31 55.300 104.860116 28.390405 1.1 2.93
2019 06 19 21 32 26.760 104.823079 28.409819 0.6 1.71
2019 06 19 21 33 44.260 104.937240 28.384271 0.7 3.71
2019 06 19 21 34 23.460 104.874007 28.377472 0.7 0.98
2019 06 19 21 35 20.880 104.821940 28.412002 0.4 3.2
2019 06 19 21 35 49.980 104.821948 28.408870 0.3 2.31
2019 06 19 21 36 30.640 104.746639 28.432068 1.8 6.81
2019 06 19 21 39 21.300 104.760881 28.425431 0.2 9.9
2019 06 19 21 40 11.300 104.817188 28.404871 0.3 2.71
2019 06 19 21 39 50.720 104.808879 28.413898 0.5 1.1
2019 06 19 21 41 07.640 104.829989 28.412417 2.0 5.86
2019 06 19 21 42 25.960 104.814103 28.403520 0.2 2.7
2019 06 19 21 44 18.320 104.784440 28.424880 0.4 2.89
2019 06 19 21 44 55.880 104.828768 28.408254 0.1 1.8
2019 06 19 21 49 24.680 104.761385 28.432505 0.2 4.2
2019 06 19 21 49 16.860 104.875635 28.377122 0.6 0.01
2019 06 19 21 49 45.040 104.857088 28.409847 0.3 3.12
2019 06 19 21 50 29.740 104.778288 28.430762 0.8 4.91
2019 06 19 21 50 50.420 104.741577 28.429604 0.5 7.47
2019 06 19 21 52 03.220 104.824756 28.407365 1.0 2.88
2019 06 19 21 55 17.040 104.784652 28.421967 0.4 5.22
2019 06 19 21 56 29.280 104.859928 28.398006 0.6 2.84
2019 06 19 21 56 55.800 104.751367 28.424835 0.5 6.27
2019 06 19 21 58 17.520 104.846151 28.397308 0.7 3.27
2019 06 19 21 59 10.300 104.879419 28.389547 0.4 2.42
2019 06 19 21 59 56.520 104.735669 28.430587 0.2 8.39
2019 06 19 22 00 36.040 104.751815 28.431067 0.7 2.23
2019 06 19 22 00 18.140 104.921045 28.366221 0.5 1.45
2019 06 19 22 01 07.980 104.835254 28.397666 0.2 1.65
2019 06 19 22 02 02.560 104.788118 28.425938 0.8 3.12
2019 06 19 22 02 38.620 104.770304 28.419507 2.0 5.57
2019 06 19 22 02 26.600 104.787199 28.435681 1.1 4.06
2019 06 19 22 06 25.920 104.877596 28.346916 0.5 5.67
2019 06 19 22 06 56.120 104.837174 28.390122 0.2 2.69
2019 06 19 22 15 14.600 104.874325 28.387160 0.8 0.21
2019 06 19 22 18 16.780 104.884326 28.346897 0.7 4.56
2019 06 19 22 18 47.440 104.870459 28.417165 0.7 3.75
2019 06 19 22 21 27.360 104.719084 28.448081 1.5 10.34
2019 06 19 22 26 29.640 104.919393 28.384591 2.0 5.12
2019 06 19 22 29 14.160 104.782837 28.422184 0.6 5.32
2019 06 19 22 30 16.560 104.780518 28.404110 0.6 5.68
2019 06 19 22 32 55.920 104.821574 28.405054 1.1 1.76
2019 06 19 22 36 45.320 104.886637 28.353805 0.6 3.56
2019 06 19 22 44 21.680 104.811759 28.412972 0.8 4.2
2019 06 19 22 45 53.520 104.782658 28.422215 0.1 5.26
2019 06 19 22 50 15.180 104.731787 28.431740 0.7 8.21
2019 06 19 22 51 20.920 104.789697 28.404034 0.2 0.87
2019 06 19 22 52 32.560 104.793783 28.416785 0.2 4.58
2019 06 19 22 53 21.800 104.797502 28.415078 0.9 3.92
2019 06 19 22 54 12.880 104.735295 28.430253 1.9 8.35
2019 06 19 22 55 07.880 104.825431 28.426072 0.4 1.36
2019 06 19 22 58 51.360 104.783789 28.421452 0.3 5.2
2019 06 19 22 59 18.800 104.734310 28.431207 0.4 8.34
2019 06 19 23 01 06.180 104.771688 28.430575 0.2 -0.85
2019 06 19 23 01 37.400 104.832682 28.402199 0.2 4.61
2019 06 19 23 02 53.660 104.909521 28.392474 0.7 1.81
2019 06 19 23 03 32.720 104.797583 28.437461 0.6 3.15
2019 06 19 23 08 01.400 104.948332 28.358563 0.6 2.91
2019 06 19 23 10 33.360 104.757967 28.420695 1.5 6.07
2019 06 19 23 12 23.840 104.945565 28.371198 0.8 3.1
2019 06 19 23 13 54.080 104.823014 28.407186 0.4 2.07
2019 06 19 23 14 24.420 104.770752 28.418441 0.9 5.23
2019 06 19 23 14 37.640 104.821769 28.409558 1.2 2.28
2019 06 19 23 15 18.480 104.757731 28.420382 1.0 6.1
2019 06 19 23 20 58.120 104.875798 28.384043 1.8 1.86
2019 06 19 23 22 30.140 104.758293 28.420406 1.2 6.06
2019 06 19 23 24 01.460 104.886141 28.380314 0.7 2.53
2019 06 19 23 24 55.760 104.932121 28.359261 0.6 2.17
2019 06 19 23 27 00.600 104.762777 28.421261 0.6 4.99
2019 06 19 23 27 39.400 104.809684 28.413322 0.5 3.33
2019 06 19 23 29 13.160 104.812272 28.412181 0.4 3.75
2019 06 19 23 30 28.280 104.762891 28.421242 0.6 4.98
2019 06 19 23 31 23.560 104.783553 28.417067 0.2 2.42
2019 06 19 23 32 02.920 104.837321 28.395770 0.6 5.51
2019 06 19 23 32 49.360 104.744116 28.390721 0.3 3.97
2019 06 19 23 34 58.000 104.789762 28.419513 0.8 5.25
2019 06 19 23 35 40.680 104.736336 28.428941 0.3 8.35
2019 06 19 23 39 14.440 104.816056 28.410730 0.4 3.0
2019 06 19 23 40 39.120 104.876139 28.385280 1.9 4.16
2019 06 19 23 47 22.880 104.822176 28.410830 0.2 3.05
2019 06 19 23 50 07.880 104.745304 28.431244 1.4 6.81
2019 06 19 23 52 38.900 104.776644 28.420487 0.5 5.48
2019 06 19 23 53 36.040 104.748633 28.431718 0.4 6.47
2019 06 19 23 54 52.440 104.877173 28.386672 0.5 3.47
2019 06 19 23 55 57.360 104.729378 28.442224 0.2 7.98
2019 06 19 23 58 00.040 104.857292 28.412439 0.9 3.99
2019 06 19 23 58 56.040 104.788688 28.437378 1.4 5.59
2019 06 19 23 59 38.020 104.824048 28.413379 0.8 2.54
2019 06 20 00 03 48.980 104.758659 28.428640 0.3 4.11
2019 06 20 00 04 49.540 104.781901 28.418252 0.5 5.08
2019 06 20 00 08 16.270 104.912923 28.374534 0.8 2.65
2019 06 20 00 09 48.920 104.728125 28.448334 0.7 8.95
2019 06 20 00 10 55.320 104.770353 28.421773 0.3 5.41
2019 06 20 00 16 25.550 104.798584 28.420410 0.7 2.79
2019 06 20 00 16 14.910 104.755379 28.429114 0.2 2.56
2019 06 20 00 17 03.250 104.802905 28.416420 0.9 3.41
2019 06 20 00 17 51.120 104.772493 28.435962 1.5 5.48
2019 06 20 00 20 38.260 104.782121 28.428709 0.3 -0.13
2019 06 20 00 21 35.600 104.763013 28.422854 0.3 4.7
2019 06 20 00 24 45.910 104.770931 28.416007 0.7 5.31
2019 06 20 00 25 52.430 104.746899 28.432863 1.5 7.16
2019 06 20 00 28 08.570 104.782422 28.417216 0.4 0.22
2019 06 20 00 29 02.190 104.885164 28.380945 1.0 4.01
2019 06 20 00 30 11.140 104.757674 28.422371 0.7 5.65
2019 06 20 00 32 30.520 104.764998 28.422294 1.3 3.13
2019 06 20 00 32 35.400 104.755184 28.419680 1.6 6.06
2019 06 20 00 37 49.610 104.793433 28.416862 0.6 4.56
2019 06 20 00 39 18.030 104.770630 28.420909 0.3 5.25
2019 06 20 00 41 30.640 104.861719 28.390251 0.7 2.85
2019 06 20 00 42 05.190 104.762288 28.427903 0.7 6.72
2019 06 20 00 42 51.290 104.771354 28.423789 1.3 5.56
2019 06 20 00 42 58.730 104.770329 28.417326 0.7 5.2
2019 06 20 00 43 56.420 104.755135 28.419739 0.4 6.03
2019 06 20 00 45 15.790 104.783464 28.421920 0.4 5.28
2019 06 20 00 46 42.130 104.876042 28.390955 0.5 1.88
2019 06 20 00 48 13.870 104.863053 28.388894 0.4 2.66
2019 06 20 00 48 53.960 104.862183 28.389132 0.4 2.77
2019 06 20 00 49 22.180 104.782992 28.422148 0.4 5.29
2019 06 20 00 54 43.050 104.851383 28.408032 0.8 3.0
2019 06 20 00 56 57.700 104.736051 28.430524 0.2 8.39
2019 06 20 01 02 50.010 104.864486 28.380589 1.4 1.24
2019 06 20 01 03 40.870 104.753735 28.421181 0.5 10.21
2019 06 20 01 06 57.870 104.883358 28.381423 0.9 2.92
2019 06 20 01 10 17.510 104.794580 28.425911 0.8 2.73
2019 06 20 01 11 17.310 104.888151 28.344080 0.6 4.15
2019 06 20 01 12 18.910 104.761393 28.420170 1.0 3.9
2019 06 20 01 11 58.440 104.902669 28.380634 1.0 2.96
2019 06 20 01 12 49.460 104.844141 28.391844 0.4 2.99
2019 06 20 01 14 27.870 104.772290 28.417367 0.6 2.91
2019 06 20 01 17 50.530 104.754590 28.430910 1.4 5.72
2019 06 20 01 21 56.430 104.770687 28.417578 2.9 5.4
2019 06 20 01 21 33.530 104.894727 28.385626 1.1 3.06
2019 06 20 01 22 38.600 104.866927 28.385830 1.7 1.73
2019 06 20 01 23 37.720 104.854272 28.412258 1.0 2.98
2019 06 20 01 24 12.300 104.884644 28.358938 0.4 10.15
2019 06 20 01 24 41.470 104.772648 28.416829 0.9 5.2
2019 06 20 01 25 34.340 104.769824 28.415470 0.9 5.29
2019 06 20 01 33 50.130 104.778206 28.422439 1.0 5.32
2019 06 20 01 34 26.800 104.872998 28.398971 0.8 3.56
2019 06 20 01 38 10.870 104.754663 28.440100 0.5 5.83
2019 06 20 01 39 00.360 104.817578 28.416046 1.0 5.38
2019 06 20 01 42 52.840 104.770695 28.421088 0.7 5.53
2019 06 20 01 45 06.710 104.782365 28.418294 0.9 5.09
2019 06 20 01 45 34.110 104.775334 28.421340 0.4 5.04
2019 06 20 01 51 01.430 104.752287 28.425228 0.9 6.19
2019 06 20 01 53 32.330 104.774772 28.417194 0.0 2.17
2019 06 20 01 54 51.180 104.736149 28.429427 1.3 8.37
2019 06 20 01 56 31.090 104.770483 28.421759 0.7 5.26
2019 06 20 01 59 25.290 104.773332 28.417784 0.5 5.2
2019 06 20 02 01 34.650 104.781152 28.416962 0.5 6.15
2019 06 20 02 02 06.270 104.752441 28.425228 2.7 6.28
2019 06 20 02 02 53.100 104.754256 28.427242 1.4 5.85
2019 06 20 02 03 19.280 104.790202 28.436106 0.9 2.88
2019 06 20 02 05 30.880 104.771346 28.416038 1.3 5.28
2019 06 20 02 08 34.200 104.804810 28.419200 0.9 2.57
2019 06 20 02 09 34.940 104.769303 28.417383 0.6 5.35
2019 06 20 02 11 46.770 104.869515 28.395028 1.2 2.41
2019 06 20 02 14 01.000 104.763485 28.421523 0.3 5.51
2019 06 20 02 15 21.050 104.855029 28.399668 0.9 2.84
2019 06 20 02 15 44.650 104.874259 28.402545 0.5 -0.97
2019 06 20 02 16 25.160 104.762687 28.421627 1.0 5.02
2019 06 20 02 16 16.400 104.739290 28.433604 0.8 8.73
2019 06 20 02 16 47.360 104.784603 28.412893 1.2 2.85
2019 06 20 02 19 53.290 104.824707 28.412970 0.4 2.26
2019 06 20 02 22 28.500 104.797209 28.420290 1.0 5.08
2019 06 20 02 24 07.080 104.917773 28.414162 0.9 8.15
2019 06 20 23 02 11.360 104.857373 28.389640 0.9 2.93
2019 06 20 02 38 07.620 104.864958 28.395880 0.9 4.4
2019 06 20 02 43 41.330 104.771346 28.421000 0.9 5.43
2019 06 20 02 45 54.240 104.796029 28.422906 0.9 2.68
2019 06 20 02 49 17.910 104.801229 28.406891 0.4 6.01
2019 06 20 02 50 49.840 104.768978 28.425399 1.1 5.3
2019 06 20 02 52 39.190 104.751440 28.425503 0.7 6.28
2019 06 20 02 53 10.020 104.774821 28.422911 0.2 3.22
2019 06 20 02 55 14.760 104.934033 28.365137 1.4 2.18
2019 06 20 02 59 24.410 104.768620 28.417159 0.9 5.26
2019 06 20 03 02 01.310 104.762158 28.436595 1.3 5.41
2019 06 20 03 02 15.980 104.750529 28.429897 1.1 5.58
2019 06 20 03 02 51.340 104.746541 28.430035 1.4 6.66
2019 06 20 03 04 48.340 104.951204 28.360421 0.8 9.0
2019 06 20 03 05 43.910 104.745703 28.430011 0.4 6.61
2019 06 20 03 06 36.670 104.745190 28.431187 2.0 6.78
2019 06 20 03 06 22.240 104.828206 28.406519 0.5 2.17
2019 06 20 03 09 11.750 104.749276 28.429484 0.4 6.62
2019 06 20 03 10 24.370 104.786442 28.415706 2.4 5.28
2019 06 20 03 14 38.660 104.773511 28.417761 0.9 5.19
2019 06 20 03 15 14.120 104.751636 28.426184 2.0 6.3
2019 06 20 03 14 55.720 104.816895 28.397373 0.8 2.89
2019 06 20 03 16 59.730 104.777856 28.416760 0.1 2.27
2019 06 20 03 18 14.810 104.738184 28.430992 0.8 8.51
2019 06 20 03 18 31.820 104.750977 28.426082 1.4 6.31
2019 06 20 03 21 01.200 104.771077 28.414919 1.5 5.37
2019 06 20 03 20 42.290 104.787410 28.414353 0.1 4.67
2019 06 20 03 22 22.380 104.785067 28.417643 1.7 5.9
2019 06 20 03 27 00.280 104.819141 28.403215 0.5 2.6
2019 06 20 03 28 11.100 104.766081 28.436591 1.0 4.04
2019 06 20 03 31 36.480 104.933309 28.362026 0.5 3.01
2019 06 20 03 32 10.010 104.786540 28.415210 0.8 2.32
2019 06 20 03 33 02.320 104.742969 28.434428 1.2 7.01
2019 06 20 03 33 56.210 104.868221 28.385419 1.3 4.35
2019 06 20 03 34 18.550 104.938493 28.363550 0.9 1.97
2019 06 20 03 36 14.740 104.864722 28.381187 1.9 1.36
2019 06 20 03 37 41.980 104.787394 28.414429 0.5 4.7
2019 06 20 03 37 16.850 104.821720 28.405046 0.5 2.34
2019 06 20 03 41 21.500 104.841960 28.397223 0.6 3.56
2019 06 20 03 45 40.060 104.767887 28.415104 1.4 5.25
2019 06 20 03 46 43.540 104.771370 28.418833 0.4 5.2
2019 06 20 03 46 57.470 104.785335 28.414884 0.4 5.79
2019 06 20 03 49 13.130 104.888281 28.391486 0.6 2.29
2019 06 20 03 50 06.910 104.776139 28.420705 0.8 5.33
2019 06 20 03 50 01.100 104.891610 28.384639 0.9 2.92
2019 06 20 03 50 49.840 104.751619 28.426127 1.2 6.29
2019 06 20 03 53 06.730 104.771232 28.418949 0.6 5.14
2019 06 20 03 52 56.770 104.865072 28.380817 1.2 1.36
2019 06 20 03 55 31.200 104.752450 28.425816 0.8 6.21
2019 06 20 03 56 55.140 104.850708 28.406801 0.6 3.11
2019 06 20 03 57 36.480 104.769743 28.417051 1.8 5.33
2019 06 20 03 57 26.140 104.862899 28.392627 1.4 3.31
2019 06 20 03 58 02.480 104.867407 28.393345 0.9 5.54
2019 06 20 03 59 47.760 104.770638 28.415786 1.1 5.31
2019 06 20 04 01 54.220 104.857064 28.405853 1.0 2.91
2019 06 20 04 03 21.870 104.792952 28.417000 2.0 5.13
2019 06 20 04 04 16.160 104.744678 28.430723 2.0 6.84
2019 06 20 04 08 28.420 104.747786 28.412425 0.8 7.34
2019 06 20 04 09 14.430 104.757064 28.420197 0.6 5.98
2019 06 20 04 10 20.910 104.758895 28.426267 1.0 5.52
2019 06 20 04 12 47.450 104.750008 28.434320 0.5 0.32
2019 06 20 04 14 07.170 104.777515 28.422937 0.1 5.77
2019 06 20 04 16 08.710 104.774202 28.417128 0.8 5.3
2019 06 20 04 16 35.020 104.758301 28.420211 1.6 6.13
2019 06 20 04 20 52.940 104.818717 28.401754 1.5 3.4
2019 06 20 04 22 43.460 104.785059 28.417395 0.3 4.83
2019 06 20 04 23 54.880 104.818791 28.408228 0.5 3.46
2019 06 20 04 28 19.800 104.778141 28.412156 0.7 7.64
2019 06 20 04 32 06.620 104.773494 28.417879 0.8 5.23
2019 06 20 04 33 06.850 104.950993 28.374542 0.8 3.59
2019 06 20 04 32 53.960 104.774414 28.433112 0.6 0.75
2019 06 20 04 33 40.850 104.750635 28.425279 0.4 6.3
2019 06 20 04 35 59.610 104.746330 28.430680 2.2 6.77
2019 06 20 04 35 40.810 104.930990 28.364447 1.1 2.38
2019 06 20 04 36 32.230 104.753385 28.420734 1.0 7.06
2019 06 20 04 41 21.920 104.936076 28.360565 1.2 4.02
2019 06 20 04 44 45.720 104.879801 28.385486 0.2 4.3
2019 06 20 04 45 14.690 104.750675 28.424799 1.3 6.29
2019 06 20 04 46 07.610 104.742887 28.435752 3.1 7.46
2019 06 20 04 47 41.310 104.750423 28.429706 1.9 5.56
2019 06 20 04 48 30.090 104.742171 28.419881 0.8 6.91
2019 06 20 04 49 10.440 104.751245 28.433162 2.3 5.6
2019 06 20 04 49 37.040 104.753670 28.433523 1.9 5.62
2019 06 20 04 51 11.020 104.785612 28.414034 0.8 4.81
2019 06 20 04 56 57.380 104.747754 28.429889 1.9 5.61
2019 06 20 04 58 04.990 104.794897 28.425348 0.7 4.43
2019 06 20 04 57 38.460 104.784481 28.421670 0.9 5.1
2019 06 20 04 59 21.820 104.784416 28.420998 0.9 5.17
2019 06 20 05 00 32.940 104.765641 28.435712 1.6 5.51
2019 06 20 05 02 00.280 104.786068 28.427966 0.9 2.6
2019 06 20 05 02 50.780 104.751538 28.428927 0.6 5.62
2019 06 20 05 06 24.470 104.735368 28.431323 0.8 8.36
2019 06 20 05 12 36.880 104.899056 28.373199 0.6 2.98
2019 06 20 05 12 56.980 104.875911 28.377504 0.8 2.95
2019 06 20 05 13 57.310 104.787020 28.419997 0.6 5.0
2019 06 20 05 13 49.770 104.779842 28.422133 0.3 5.34
2019 06 20 05 17 12.590 104.751750 28.424280 3.6 6.31
2019 06 20 05 19 52.540 104.747852 28.431313 1.6 2.83
2019 06 20 05 19 31.140 104.750806 28.426575 1.1 6.3
2019 06 20 05 21 19.080 104.774805 28.417240 0.6 5.13
2019 06 20 05 21 48.480 104.773291 28.417906 0.8 5.18
2019 06 20 05 22 12.060 104.774430 28.417216 0.9 5.23
2019 06 20 05 22 40.760 104.753727 28.424068 0.9 6.3
2019 06 20 05 24 33.780 104.879224 28.389142 0.3 3.72
2019 06 20 05 25 14.670 104.744523 28.429669 0.8 6.64
2019 06 20 05 26 14.680 104.833301 28.389901 1.0 4.47
2019 06 20 05 25 57.220 104.784823 28.416750 0.6 4.81
2019 06 20 05 27 02.720 104.780656 28.422599 0.8 5.49
2019 06 20 05 28 58.900 104.780941 28.423332 1.4 5.45
2019 06 20 05 29 58.060 104.824479 28.407436 0.4 3.52
2019 06 20 05 30 49.310 104.791659 28.417466 0.3 4.52
2019 06 20 05 31 31.810 104.881372 28.364235 0.8 1.69
2019 06 20 05 32 36.700 104.750114 28.426253 0.6 6.24
2019 06 20 05 33 51.310 104.785352 28.416418 1.0 4.92
2019 06 20 05 34 16.480 104.743628 28.430345 1.0 6.69
2019 06 20 05 35 35.830 104.782528 28.424202 0.6 5.73
2019 06 20 05 36 16.530 104.769523 28.436222 1.8 5.49
2019 06 20 05 37 58.350 104.768197 28.436509 2.0 5.51
2019 06 20 05 39 25.110 104.749552 28.425370 1.1 6.39
2019 06 20 05 39 37.430 104.758260 28.420640 0.6 5.94
2019 06 20 05 43 53.870 104.858252 28.390560 1.0 2.3
2019 06 20 05 44 36.280 104.780021 28.417928 0.5 5.09
2019 06 20 05 45 26.880 104.835360 28.395526 0.9 4.82
2019 06 20 05 45 19.250 104.814445 28.405815 0.2 9.82
2019 06 20 05 46 28.150 104.781893 28.423136 1.4 5.5
2019 06 20 05 55 26.120 104.751571 28.421210 0.8 6.13
2019 06 20 05 56 21.000 104.864730 28.393333 0.4 3.76
2019 06 20 05 57 42.250 104.927458 28.378569 1.1 5.57
2019 06 20 05 58 15.900 104.945443 28.372121 1.0 2.91
2019 06 20 05 59 38.760 104.743457 28.423183 0.6 5.88
2019 06 20 05 59 58.690 104.764876 28.422243 0.5 5.56
2019 06 20 06 00 42.010 104.818449 28.401318 0.3 2.56
2019 06 20 06 01 50.370 104.877832 28.384462 2.1 1.4
2019 06 20 06 01 38.420 104.783903 28.423763 1.1 5.25
2019 06 20 06 02 41.760 104.879899 28.385740 0.9 1.9
2019 06 20 06 04 49.860 104.786035 28.419505 1.3 2.73
2019 06 20 06 04 29.130 104.782601 28.422192 1.0 5.37
2019 06 20 06 07 14.120 104.751261 28.422597 0.8 6.22
2019 06 20 06 09 30.830 104.768262 28.435590 1.0 5.49
2019 06 20 06 10 24.540 104.768620 28.417057 0.5 5.39
2019 06 20 06 12 43.570 104.778988 28.419560 1.6 2.89
2019 06 20 06 13 11.680 104.763721 28.421141 1.2 5.55
2019 06 20 06 19 48.500 104.853654 28.405737 1.0 3.1
2019 06 20 06 26 55.120 104.760026 28.427073 1.3 3.21
2019 06 20 06 27 43.180 104.744857 28.426917 0.6 6.07
2019 06 20 06 28 32.030 104.768742 28.416994 0.9 5.34
2019 06 20 06 28 58.200 104.799666 28.419615 3.9 10.83
2019 06 20 06 30 13.670 104.769344 28.416705 1.7 5.43
2019 06 20 06 31 56.630 104.748739 28.422760 1.0 6.44
2019 06 20 06 32 44.240 104.749650 28.423877 1.0 6.28
2019 06 20 06 34 40.340 104.752165 28.421657 0.3 5.99
2019 06 20 06 35 30.540 104.753247 28.420553 0.5 6.11
2019 06 20 06 36 55.710 104.756657 28.420970 0.9 5.67
2019 06 20 06 37 25.990 104.899740 28.379649 1.1 3.38
2019 06 20 06 38 27.050 104.802425 28.423889 1.2 3.64
2019 06 20 06 40 39.600 104.746875 28.425730 0.7 6.54
2019 06 20 06 41 13.850 104.748389 28.425590 1.2 6.41
2019 06 20 06 41 39.380 104.747233 28.426314 0.9 6.46
2019 06 20 06 43 53.790 104.798869 28.419025 0.4 2.91
2019 06 20 06 45 25.340 104.750985 28.424723 1.7 6.08
2019 06 20 06 47 41.560 104.753402 28.421474 0.3 6.13
2019 06 20 06 49 20.240 104.747925 28.424034 0.8 6.47
2019 06 20 06 49 49.950 104.878231 28.380688 1.1 2.5
2019 06 20 06 50 24.770 104.862061 28.413959 0.9 2.17
2019 06 20 06 52 00.170 104.768815 28.428369 2.6 5.58
2019 06 20 06 54 14.860 104.758244 28.428345 1.5 5.16
2019 06 20 06 54 06.820 104.767212 28.412476 1.0 7.17
2019 06 20 06 55 16.420 104.764705 28.436188 1.2 5.54
2019 06 20 06 55 58.040 104.814754 28.397634 0.3 7.79
2019 06 20 06 56 25.380 104.809098 28.429848 0.6 2.9
2019 06 20 06 58 28.830 104.738672 28.429165 1.1 7.85
2019 06 20 06 58 15.050 104.740194 28.428701 0.6 7.6
2019 06 20 07 00 22.920 104.740169 28.429100 0.9 7.66
2019 06 20 07 03 51.170 104.763232 28.422359 0.8 5.57
2019 06 20 07 05 29.550 104.760091 28.427736 0.3 5.76
2019 06 20 07 07 15.820 104.772786 28.411788 0.5 5.78
2019 06 20 07 17 29.430 104.780379 28.419458 1.6 5.22
2019 06 20 07 19 29.380 104.832275 28.391819 1.3 4.92
2019 06 20 07 19 41.900 104.758830 28.444952 1.0 5.45
2019 06 20 07 21 48.940 104.786410 28.413743 2.4 4.76
2019 06 20 07 22 10.970 104.786035 28.413873 1.7 4.55
2019 06 20 07 23 40.890 104.787443 28.412799 0.6 4.35
2019 06 20 07 27 10.900 104.735457 28.430894 0.7 8.38
2019 06 20 07 27 35.660 104.774585 28.417175 2.0 5.27
2019 06 20 07 28 12.620 104.879508 28.382808 0.6 1.0
2019 06 20 07 30 29.970 104.757015 28.423120 0.7 5.75
2019 06 20 07 30 55.830 104.771338 28.420953 0.6 5.53
2019 06 20 07 33 01.630 104.803410 28.403076 0.5 5.52
2019 06 20 07 34 00.820 104.851343 28.391243 0.4 1.77
2019 06 20 07 34 19.300 104.734839 28.426733 0.5 8.27
2019 06 20 07 36 18.150 104.802295 28.426400 0.9 3.73
2019 06 20 07 37 06.430 104.841862 28.413965 0.4 4.35
2019 06 20 07 39 20.490 104.770549 28.424939 1.3 5.41
2019 06 20 07 40 46.400 104.855070 28.397097 1.2 5.22
2019 06 20 07 41 28.180 104.770654 28.434224 1.1 4.16
2019 06 20 07 47 02.280 104.884082 28.381032 0.4 4.08
2019 06 20 07 48 15.880 104.782300 28.418089 0.4 4.91
2019 06 20 07 49 06.470 104.864054 28.371442 0.6 2.58
2019 06 20 07 50 05.840 104.893506 28.372670 1.4 3.33
2019 06 20 07 50 15.040 104.771379 28.421183 1.2 5.08
2019 06 20 07 53 00.420 104.770239 28.421358 0.3 5.03
2019 06 20 07 53 35.760 104.782316 28.416073 1.4 5.84
2019 06 20 07 53 46.510 104.778931 28.418276 1.4 2.69
2019 06 20 07 55 44.180 104.748421 28.428406 0.5 6.79
2019 06 20 07 56 36.320 104.748022 28.425848 1.1 6.43
2019 06 20 07 56 24.520 104.755127 28.423155 0.7 5.75
2019 06 20 07 58 38.490 104.769336 28.418774 0.2 4.98
2019 06 20 08 00 42.450 104.781494 28.412048 1.2 5.71
2019 06 20 08 00 26.130 104.744287 28.433114 0.5 6.99
2019 06 20 08 01 12.590 104.766056 28.423165 2.2 5.56
2019 06 20 08 03 16.690 104.765308 28.421796 0.6 5.0
2019 06 20 08 04 40.540 104.829891 28.402364 0.6 2.53
2019 06 20 08 04 56.940 104.788192 28.416056 3.3 2.61
2019 06 20 08 09 40.620 104.852075 28.413043 0.5 2.95
2019 06 20 08 10 40.480 104.821004 28.405361 1.0 2.98
2019 06 20 08 14 02.410 104.831445 28.404659 1.3 3.08
2019 06 20 08 16 23.990 104.859342 28.391073 0.8 2.94
2019 06 20 08 16 41.440 104.770011 28.434926 1.2 4.18
2019 06 20 08 18 23.870 104.750212 28.423773 0.8 6.23
2019 06 20 08 19 15.980 104.814925 28.405646 1.0 2.75
2019 06 23 10 16 11.020 104.774528 28.416589 0.7 2.11
2019 06 20 08 24 15.900 104.868742 28.379268 0.5 1.2
2019 06 20 08 27 20.030 104.827319 28.400391 0.8 1.57
2019 06 20 08 28 54.040 104.747673 28.428835 0.9 6.84
2019 06 20 08 29 25.400 104.771867 28.421405 0.6 5.58
2019 06 20 08 29 43.190 104.827962 28.405202 0.4 1.34
2019 06 20 08 31 15.270 104.847892 28.395496 1.2 3.13
2019 06 20 08 32 48.450 104.771663 28.416538 1.2 5.06
2019 06 20 08 34 49.220 104.770264 28.418414 0.9 2.11
2019 06 20 08 39 39.240 104.747656 28.426432 2.5 6.64
2019 06 20 08 42 12.810 104.750480 28.425669 0.8 6.3
2019 06 20 08 50 36.610 104.806030 28.412142 0.7 2.46
2019 06 20 08 53 59.720 104.768685 28.414107 2.6 5.09
2019 06 20 08 54 59.190 104.769352 28.418618 1.2 5.3
2019 06 20 08 56 56.030 104.736003 28.430621 0.8 8.4
2019 06 20 08 58 36.360 104.865959 28.384816 0.9 2.41
2019 06 20 08 59 15.810 104.891976 28.378343 0.9 2.37
2019 06 20 09 02 29.540 104.771476 28.416209 1.1 5.31
2019 06 20 09 03 09.690 104.782397 28.422172 1.0 5.29
2019 06 20 09 03 36.900 104.769751 28.419271 0.5 5.37
2019 06 20 09 03 50.680 104.780322 28.418197 0.9 5.15
2019 06 20 09 07 43.280 104.889941 28.328941 0.4 4.15
2019 06 20 09 08 30.540 104.750618 28.423118 0.7 6.24
2019 06 20 09 10 23.180 104.744466 28.430355 0.8 5.93
2019 06 20 09 11 23.120 104.781234 28.423537 1.9 5.52
2019 06 20 09 11 48.900 104.806299 28.408960 2.0 2.04
2019 06 20 09 12 44.480 104.768693 28.417074 0.6 3.13
2019 06 20 09 13 58.110 104.782699 28.422420 0.2 5.4
2019 06 20 09 15 16.120 104.857072 28.401695 0.5 2.89
2019 06 20 09 16 02.030 104.742033 28.429740 1.6 6.79
2019 06 20 09 19 21.670 104.736686 28.430404 1.0 8.37
2019 06 20 09 19 37.160 104.806738 28.413652 1.1 4.01
2019 06 20 09 23 00.550 104.736719 28.432450 1.8 8.26
2019 06 20 09 23 54.910 104.769889 28.415668 0.8 5.3
2019 06 20 09 24 47.610 104.798983 28.424908 0.8 3.59
2019 06 20 09 26 02.570 104.774780 28.420282 0.5 2.92
2019 06 20 09 26 40.560 104.776880 28.419916 1.3 5.34
2019 06 20 09 27 01.570 104.771476 28.423936 0.3 0.26
2019 06 20 09 27 57.530 104.917163 28.369570 0.5 4.02
2019 06 20 09 28 39.210 104.767904 28.417442 0.3 5.42
2019 06 20 09 31 14.840 104.772241 28.423547 1.0 5.55
2019 06 20 09 33 19.640 104.778182 28.417631 0.6 5.34
2019 06 20 09 34 14.020 104.819531 28.415900 0.4 2.11
2019 06 20 09 34 57.030 104.797144 28.415533 0.9 3.93
2019 06 20 09 36 34.690 104.809676 28.411133 0.8 2.57
2019 06 20 09 37 16.280 104.768766 28.414618 1.4 5.32
2019 06 20 09 38 18.580 104.751099 28.422461 0.3 6.16
2019 06 20 09 40 31.810 104.880452 28.388426 0.3 3.66
2019 06 20 09 41 52.770 104.738590 28.430965 0.4 8.48
2019 06 20 09 41 32.340 104.786418 28.419377 0.2 4.93
2019 06 20 09 45 59.390 104.755013 28.421167 0.4 6.05
2019 06 20 09 46 44.280 104.822949 28.408606 0.8 2.87
2019 06 20 09 50 15.110 104.747266 28.426534 1.0 6.53
2019 06 20 09 50 32.920 104.797990 28.414608 0.8 4.34
2019 06 20 09 52 44.990 104.752311 28.423328 0.9 6.14
2019 06 20 09 54 40.260 104.769010 28.418876 0.9 5.38
2019 06 20 10 01 19.050 104.762907 28.422420 1.0 2.4
2019 06 20 10 05 11.010 104.886833 28.344761 0.7 4.25
2019 06 20 10 06 21.900 104.763232 28.419220 1.9 5.37
2019 06 20 10 07 52.620 104.764071 28.419238 1.6 5.35
2019 06 20 10 09 02.010 104.764266 28.421592 1.5 5.52
2019 06 20 10 09 41.470 104.763314 28.421511 1.6 5.51
2019 06 20 10 09 27.500 104.763973 28.422241 1.1 5.54
2019 06 20 10 11 32.690 104.823511 28.408150 1.1 2.97
2019 06 20 10 11 58.400 104.755583 28.420921 0.8 5.91
2019 06 20 10 15 01.770 104.770410 28.414640 1.3 5.3
2019 06 20 10 16 14.320 104.771427 28.419141 0.3 3.42
2019 06 20 10 16 00.070 104.895182 28.385059 0.5 4.6
2019 06 20 10 19 19.360 104.762158 28.424548 1.3 5.54
2019 06 20 10 24 11.470 104.764274 28.422146 0.9 5.53
2019 06 20 10 26 28.220 104.823853 28.408453 1.3 2.96
2019 06 20 10 26 56.450 104.782487 28.418075 1.5 5.0
2019 06 20 10 28 01.270 104.834302 28.392745 1.0 3.86
2019 06 20 10 29 10.290 104.782609 28.418123 0.8 2.66
2019 06 20 10 31 02.210 104.786279 28.431970 0.6 2.55
2019 06 20 10 32 41.220 104.784603 28.438088 0.8 4.52
2019 06 20 10 37 45.960 104.769377 28.418616 0.6 5.34
2019 06 20 10 38 08.320 104.793880 28.408384 0.5 5.6
2019 06 20 10 38 39.870 104.857601 28.392314 1.2 2.99
2019 06 20 10 38 20.720 104.826294 28.402258 0.7 1.19
2019 06 20 10 41 43.830 104.763590 28.421755 0.9 5.53
2019 06 20 10 44 28.010 104.886523 28.354531 0.5 2.16
2019 06 20 10 44 46.370 104.765161 28.422437 1.8 5.54
2019 06 20 10 45 40.440 104.761971 28.423134 1.1 5.75
2019 06 20 10 49 41.250 104.772192 28.414490 1.1 4.98
2019 06 20 10 52 04.220 104.827995 28.401430 1.3 2.1
2019 06 20 10 53 03.830 104.834009 28.394779 0.4 2.79
2019 06 20 10 54 19.610 104.836190 28.394824 0.6 2.04
2019 06 20 10 55 13.680 104.766593 28.417869 1.0 2.05
2019 06 20 10 56 13.080 104.786605 28.419735 1.1 5.07
2019 06 20 10 57 09.070 104.817082 28.411001 0.8 3.12
2019 06 20 10 57 42.770 104.767887 28.416305 1.1 5.28
2019 06 20 10 59 27.300 104.769604 28.415835 1.0 2.07
2019 06 20 11 01 58.980 104.777832 28.436080 1.4 5.44
2019 06 20 11 04 52.400 104.743921 28.437160 3.2 8.47
2019 06 20 11 08 20.850 104.860547 28.390737 0.8 1.4
2019 06 20 11 10 54.880 104.770109 28.415660 0.8 5.33
2019 06 20 11 11 40.500 104.771989 28.435549 0.7 5.63
2019 06 20 11 15 20.650 104.769694 28.414917 0.5 5.83
2019 06 20 11 17 12.100 104.790194 28.419153 0.8 4.84
2019 06 20 11 17 50.590 104.824862 28.401782 0.8 2.09
2019 06 20 11 18 16.160 104.764347 28.419558 2.5 5.36
2019 06 20 11 19 24.460 104.772738 28.400482 1.0 6.1
2019 06 20 11 20 01.680 104.771265 28.420374 0.7 2.91
2019 06 20 11 22 53.570 104.774251 28.417830 0.7 5.3
2019 06 20 11 25 02.100 104.751782 28.421098 1.0 6.14
2019 06 20 11 26 56.570 104.749878 28.429374 1.4 6.21
2019 06 20 11 28 37.620 104.775155 28.416132 0.7 1.19
2019 06 20 11 29 09.990 104.765275 28.419403 1.5 5.38
2019 06 20 11 29 54.900 104.835107 28.396289 2.2 4.74
2019 06 20 11 32 53.760 104.773014 28.424860 0.7 5.3
2019 06 20 11 34 04.300 104.758179 28.435114 0.7 6.97
2019 06 20 11 34 40.630 104.770378 28.417387 0.9 2.14
2019 06 20 11 39 58.190 104.841715 28.399847 0.5 1.82
2019 06 20 11 40 40.740 104.768359 28.432609 0.2 3.86
2019 06 20 11 40 30.440 104.766878 28.406594 0.5 2.17
2019 06 20 11 41 58.890 104.751424 28.423474 0.3 6.21
2019 06 20 11 47 22.650 104.770272 28.419248 0.2 5.26
2019 06 20 11 48 50.100 104.770736 28.418953 2.1 5.4
2019 06 20 11 55 17.270 104.905233 28.368341 0.5 3.03
2019 06 20 11 57 33.490 104.771501 28.419096 3.2 5.54
2019 06 20 12 00 36.500 104.926147 28.365076 0.9 2.09
2019 06 20 12 02 57.330 104.769067 28.418693 0.4 5.09
2019 06 20 12 03 52.060 104.767285 28.417751 0.9 5.29
2019 06 20 12 04 55.690 104.763851 28.418604 0.6 2.04
2019 06 20 12 05 24.430 104.762516 28.417942 1.1 2.13
2019 06 20 12 05 49.010 104.760946 28.418134 2.0 4.23
2019 06 20 12 07 11.310 104.757576 28.417946 0.6 5.4
2019 06 20 12 07 24.900 104.750993 28.430605 0.6 5.72
2019 06 20 12 07 57.280 104.784399 28.421470 0.7 5.2
2019 06 20 12 11 08.580 104.765177 28.422249 0.6 0.44
2019 06 20 12 11 56.670 104.746965 28.430168 0.3 6.29
2019 06 20 12 13 06.460 104.898641 28.378164 1.3 2.06
2019 06 20 12 14 20.950 104.761825 28.408671 0.4 4.76
2019 06 20 12 15 10.660 104.771981 28.419446 1.2 5.15
2019 06 20 12 17 46.930 104.784928 28.431710 0.5 3.31
2019 06 20 12 19 55.410 104.780160 28.422386 0.8 5.27
2019 06 20 12 20 39.710 104.793319 28.416459 1.4 4.47
2019 06 20 12 21 31.350 104.757894 28.417800 0.7 1.67
2019 06 20 12 22 12.590 104.771069 28.420473 1.1 2.8
2019 06 20 12 23 40.790 104.766504 28.433087 1.1 -1.12
2019 06 20 12 23 28.050 104.774813 28.417106 0.9 5.11
2019 06 20 12 24 19.500 104.792830 28.416726 0.9 4.72
2019 06 20 12 28 28.430 104.769564 28.418758 1.0 5.32
2019 06 20 12 28 01.650 104.824772 28.415334 0.6 3.09
2019 06 20 12 29 35.650 104.768058 28.418038 0.5 2.9
2019 06 20 12 29 56.570 104.775448 28.417316 0.7 5.18
2019 06 20 12 30 02.470 104.772559 28.417678 1.4 5.33
2019 06 20 12 30 32.680 104.776969 28.413082 0.8 6.21
2019 06 20 12 32 26.230 104.927653 28.349007 1.1 4.17
2019 06 20 12 33 35.710 104.773958 28.417133 0.6 5.28
2019 06 20 12 34 15.160 104.738867 28.415059 -0.2 5.86
2019 06 20 12 36 03.110 104.908765 28.370744 0.6 2.0
2019 06 20 12 36 35.310 104.798674 28.405198 0.7 4.5
2019 06 20 12 37 50.290 104.912264 28.357587 0.5 3.98
2019 06 20 12 39 03.800 104.762687 28.419287 1.7 5.37
2019 06 20 12 39 41.360 104.774870 28.417460 0.8 2.11
2019 06 20 12 41 33.850 104.791829 28.440267 1.0 5.52
2019 06 20 12 42 39.280 104.763721 28.417902 0.6 3.98
2019 06 20 12 43 27.060 104.762777 28.418050 0.7 2.1
2019 06 20 12 43 34.420 104.762297 28.417706 0.8 2.12
2019 06 20 12 46 56.330 104.759660 28.419065 1.4 5.35
2019 06 20 12 47 14.570 104.762541 28.417360 1.5 2.17
2019 06 20 12 49 53.920 104.779785 28.415104 0.8 6.09
2019 06 20 12 55 15.670 104.783496 28.416618 0.3 2.59
2019 06 20 12 58 46.130 104.735506 28.430516 3.8 8.43
2019 06 20 13 03 03.220 104.762606 28.417851 0.8 2.06
2019 06 20 13 03 15.590 104.767733 28.420133 0.9 2.78
2019 06 20 13 03 28.590 104.765291 28.418014 0.8 -0.39
2019 06 20 13 03 40.340 104.760303 28.420632 0.5 5.01
2019 06 20 13 04 14.640 104.750448 28.422831 1.4 6.3
2019 06 20 13 05 47.710 104.890063 28.375446 0.7 3.07
2019 06 20 13 07 40.270 104.762248 28.417314 1.4 2.18
2019 06 20 13 07 27.670 104.848429 28.392489 1.0 3.02
2019 06 20 13 08 16.620 104.887467 28.360559 1.9 4.36
2019 06 20 13 08 44.100 104.866064 28.388074 1.7 2.5
2019 06 20 13 09 54.070 104.782959 28.424554 0.6 4.35
2019 06 20 13 10 22.090 104.899390 28.395201 1.1 2.56
2019 06 20 13 11 12.700 104.767977 28.417623 0.4 5.22
2019 06 20 13 12 29.010 104.775285 28.418115 1.1 2.89
2019 06 20 13 12 12.790 104.845890 28.397827 0.4 3.15
2019 06 20 13 13 18.660 104.749764 28.423722 2.4 6.31
2019 06 20 13 13 38.970 104.751758 28.421969 1.4 6.17
2019 06 20 13 14 47.590 104.777336 28.434764 1.6 5.44
2019 06 20 13 15 11.050 104.733040 28.430273 2.0 8.25
2019 06 20 13 18 20.950 104.734294 28.427028 0.9 8.31
2019 06 20 13 19 26.060 104.769051 28.415818 1.2 2.06
2019 06 20 13 19 50.620 104.774894 28.432548 0.9 4.07
2019 06 20 13 19 36.630 104.740405 28.441701 1.0 6.92
2019 06 20 13 21 07.950 104.754321 28.425289 2.5 6.1
2019 06 20 13 21 49.410 104.765072 28.422526 2.4 5.51
2019 06 20 13 22 49.090 104.943107 28.368976 2.2 3.02
2019 06 20 13 22 16.190 104.887223 28.369668 1.9 5.69
2019 06 20 13 24 27.400 104.766227 28.421834 0.4 5.5
2019 06 20 13 26 38.300 104.768905 28.418907 0.7 5.34
2019 06 20 13 27 37.900 104.775203 28.417867 1.4 5.29
2019 06 20 13 28 30.470 104.764103 28.429014 0.7 5.77
2019 06 20 13 29 12.980 104.774040 28.417904 1.2 5.31
2019 06 20 13 31 16.620 104.822518 28.409332 0.3 2.28
2019 06 20 13 33 43.390 104.845231 28.398232 0.5 3.01
2019 06 20 13 36 18.120 104.738338 28.431531 0.7 8.5
2019 06 20 13 37 17.260 104.769507 28.422793 0.8 5.51
2019 06 20 13 42 15.020 104.770719 28.423008 0.6 -0.32
2019 06 20 13 45 49.620 104.778133 28.417208 1.0 2.92
2019 06 20 13 47 43.950 104.821379 28.411287 1.1 1.82
2019 06 20 13 48 16.900 104.826554 28.402346 0.5 1.19
2019 06 20 13 49 12.030 104.774406 28.417261 0.4 5.29
2019 06 20 13 49 37.740 104.729541 28.447302 0.3 7.58
2019 06 20 13 50 16.170 104.764779 28.419525 2.7 5.4
2019 06 20 13 51 15.240 104.762899 28.421637 1.2 0.49
2019 06 20 13 51 55.620 104.771965 28.420280 2.0 2.92
2019 06 20 13 52 34.640 104.766333 28.419956 1.1 2.74
2019 06 20 13 52 43.880 104.761540 28.416193 0.9 1.04
2019 06 20 13 54 06.210 104.766821 28.424337 0.8 1.38
2019 06 25 15 56 01.070 104.767912 28.424111 1.2 5.44
2019 06 20 13 57 30.720 104.766895 28.423682 0.7 5.56
2019 06 20 13 58 04.950 104.932576 28.360142 0.6 2.7
2019 06 20 13 58 42.600 104.776034 28.418176 0.3 2.63
2019 06 20 13 59 30.790 104.833049 28.392981 0.8 5.01
2019 06 20 14 00 43.220 104.917529 28.367045 1.0 1.83
2019 06 20 14 01 16.930 104.754679 28.413342 4.0 5.92
2019 06 20 14 02 24.850 104.763306 28.421993 2.0 4.96
2019 06 20 14 02 48.850 104.756315 28.416064 1.6 0.59
2019 06 20 14 03 58.520 104.747591 28.416154 1.1 2.6
2019 06 20 14 04 08.330 104.737174 28.412301 1.3 1.09
2019 06 20 14 05 49.700 104.755819 28.417094 0.8 0.32
2019 06 20 14 07 07.490 104.889486 28.361859 0.8 1.84
2019 06 20 14 08 40.460 104.767887 28.415061 0.7 5.3
2019 06 20 14 09 12.910 104.755900 28.407292 0.6 1.87
2019 06 20 14 10 08.440 104.743563 28.426095 1.5 5.93
2019 06 20 14 10 58.820 104.760767 28.417924 1.6 3.97
2019 06 20 14 12 37.860 104.812646 28.412443 0.2 4.33
2019 06 20 14 12 58.160 104.737370 28.434314 0.6 7.06
2019 06 20 14 13 11.710 104.757259 28.420742 0.8 4.09
2019 06 20 14 14 07.830 104.895801 28.370825 0.7 2.21
2019 06 20 14 14 44.700 104.774919 28.417092 0.8 5.28
2019 06 20 14 17 02.050 104.769002 28.420030 1.0 2.81
2019 06 20 14 17 39.140 104.946021 28.360950 1.3 3.38
2019 06 20 14 20 35.210 104.758919 28.418463 2.1 5.37
2019 06 20 14 20 14.860 104.767342 28.420038 0.3 2.73
2019 06 20 14 21 17.970 104.764006 28.415074 1.0 2.74
2019 06 20 14 22 01.110 104.760474 28.419448 2.6 5.36
2019 06 20 14 22 53.160 104.871517 28.380835 1.3 2.59
2019 06 20 14 23 36.670 104.766081 28.436123 1.1 4.04
2019 06 20 14 25 04.860 104.871818 28.382859 0.6 2.24
2019 06 20 14 25 31.440 104.766886 28.417407 2.5 5.51
2019 06 20 14 28 14.170 104.843595 28.402582 0.6 2.47
2019 06 20 14 31 24.200 104.772567 28.408199 0.7 3.32
2019 06 20 14 31 45.680 104.789893 28.419173 0.9 4.77
2019 06 20 14 33 45.620 104.768994 28.428381 0.3 4.68
2019 06 20 14 33 56.340 104.763322 28.421067 0.4 5.37
2019 06 20 14 33 39.540 104.946810 28.353353 0.5 4.62
2019 06 20 14 36 24.860 104.759147 28.419495 0.9 5.39
2019 06 20 14 36 45.410 104.769059 28.423358 0.7 5.04
2019 06 20 14 37 24.340 104.892586 28.358504 0.6 4.62
2019 06 20 14 38 14.530 104.764282 28.421684 0.6 4.98
2019 06 20 14 38 05.940 104.772095 28.416174 0.6 5.23
2019 06 20 14 39 25.140 104.769352 28.418620 0.3 5.2
2019 06 20 14 39 42.490 104.770361 28.418646 0.2 3.45
2019 06 20 14 40 23.350 104.891423 28.377759 0.4 0.44
2019 06 20 14 41 32.120 104.843709 28.400441 0.2 2.94
2019 06 20 14 41 56.110 104.798153 28.419718 0.3 3.13
2019 06 20 14 42 49.230 104.811483 28.410691 0.6 2.65
2019 06 20 14 43 39.910 104.782894 28.417485 0.5 2.55
2019 06 20 14 46 06.890 104.824406 28.408236 1.0 5.64
2019 06 20 14 48 13.610 104.758358 28.414524 2.2 6.14
2019 06 20 14 47 54.210 104.769238 28.417399 0.2 5.3
2019 06 20 14 48 08.730 104.862345 28.392668 0.3 2.43
2019 06 20 14 49 44.050 104.764811 28.418650 1.1 4.06
2019 06 20 14 49 26.860 104.896322 28.365070 1.0 2.35
2019 06 20 14 50 18.210 104.888078 28.351398 0.4 3.03
2019 06 20 14 51 19.200 104.776172 28.420030 1.1 2.88
2019 06 20 14 54 02.220 104.757983 28.417175 1.5 4.03
2019 06 20 14 55 45.510 104.766691 28.417391 1.1 5.31
2019 06 20 14 55 30.450 104.826953 28.406932 0.8 3.55
2019 06 20 14 56 31.740 104.766447 28.417218 0.6 5.35
2019 06 20 14 57 20.500 104.860449 28.386884 0.6 1.75
2019 06 20 14 59 46.280 104.815454 28.397174 0.5 1.86
2019 06 20 15 00 03.140 104.900789 28.357035 0.9 2.75
2019 06 20 15 00 37.000 104.829468 28.405750 0.7 2.11
2019 06 20 15 02 05.340 104.931510 28.364840 0.9 2.18
2019 06 20 15 03 31.250 104.870215 28.398612 0.2 2.74
2019 06 20 15 04 13.910 104.759098 28.417365 1.2 4.05
2019 06 20 15 04 01.660 104.787248 28.412970 0.4 4.4
2019 06 20 15 04 50.550 104.949373 28.374886 1.2 3.65
2019 06 20 15 05 27.290 104.766268 28.421145 0.3 5.12
2019 06 20 15 06 24.610 104.832585 28.418791 1.2 3.57
2019 06 20 15 07 51.150 104.824121 28.391307 0.9 10.48
2019 06 20 15 08 57.040 104.850562 28.407511 0.8 3.05
2019 06 20 15 09 30.620 104.769312 28.414811 1.4 5.34
2019 06 20 15 10 31.330 104.767822 28.423592 2.0 5.55
2019 06 20 15 12 00.550 104.764185 28.421871 0.6 5.04
2019 06 20 15 13 01.290 104.766341 28.423905 1.3 5.6
2019 06 20 15 12 46.920 104.789250 28.427148 0.6 3.06
2019 06 20 15 16 14.400 104.771769 28.416034 0.2 5.27
2019 06 20 15 19 44.980 104.881356 28.389687 0.4 2.46
2019 06 20 15 21 12.370 104.768555 28.414689 0.6 5.07
2019 06 20 15 22 56.380 104.735173 28.430939 0.6 8.38
2019 06 20 15 24 06.600 104.766276 28.422858 0.5 5.34
2019 06 20 15 24 31.660 104.768905 28.416978 1.6 5.48
2019 06 20 15 27 46.360 104.783236 28.415837 1.4 5.83
2019 06 20 15 29 31.170 104.896208 28.355337 0.6 3.04
2019 06 20 15 29 46.780 104.844222 28.394163 0.2 1.66
2019 06 20 15 30 22.090 104.793538 28.417135 1.3 4.73
2019 06 20 15 32 29.790 104.764966 28.422231 -0.0 5.54
2019 06 20 15 33 14.780 104.861499 28.407481 0.9 2.85
2019 06 20 15 34 16.440 104.767660 28.420127 0.3 2.78
2019 06 20 15 34 50.660 104.824251 28.411884 1.8 4.13
2019 06 20 15 34 25.260 104.762622 28.418115 0.6 2.05
2019 06 20 15 35 47.140 104.815308 28.397748 0.5 1.86
2019 06 20 15 37 30.390 104.762712 28.427976 0.4 5.54
2019 06 20 15 37 19.810 104.823568 28.403805 0.2 1.91
2019 06 20 15 37 49.050 104.875399 28.378274 0.8 4.94
2019 06 20 15 38 28.980 104.766455 28.416803 1.6 5.45
2019 06 20 15 39 06.750 104.851058 28.406816 0.9 3.13
2019 06 20 15 40 15.840 104.762378 28.428615 1.0 5.54
2019 06 20 15 44 15.430 104.775838 28.418431 0.7 2.89
2019 06 20 15 44 50.920 104.770508 28.420249 0.4 2.68
2019 06 20 15 45 21.820 104.881779 28.366777 0.3 3.97
2019 06 20 15 45 12.860 104.769165 28.416536 0.5 2.07
2019 06 20 15 48 39.430 104.784554 28.427427 0.6 3.15
2019 06 20 15 49 19.320 104.766715 28.415747 0.8 5.36
2019 06 20 15 51 24.690 104.934847 28.356372 0.8 2.81
2019 06 20 15 54 37.330 104.826335 28.404818 0.3 1.65
2019 06 20 15 56 40.490 104.731014 28.439699 0.6 7.39
2019 06 20 15 58 06.990 104.774658 28.418050 0.3 2.92
2019 06 20 15 59 00.710 104.757145 28.418935 0.9 1.2
2019 06 20 16 03 04.760 104.886971 28.377254 1.0 5.39
2019 06 20 16 03 49.740 104.766577 28.415369 1.0 5.33
2019 06 20 16 04 57.050 104.766414 28.415737 1.8 5.26
2019 06 20 16 04 43.030 104.766919 28.415381 0.5 5.27
2019 06 20 16 05 38.460 104.767277 28.415584 1.2 5.3
2019 06 20 16 07 20.180 104.783407 28.422044 1.1 5.22
2019 06 20 16 08 54.960 104.767350 28.415120 2.0 5.25
2019 06 20 16 09 54.430 104.768221 28.416366 1.1 2.09
2019 06 20 16 11 33.800 104.892806 28.387199 1.3 5.61
2019 06 20 16 12 27.130 104.800073 28.415035 2.7 4.9
2019 06 20 16 14 41.700 104.742782 28.426640 1.5 7.68
2019 06 20 16 15 14.200 104.768091 28.416595 1.1 3.15
2019 06 20 16 16 26.220 104.942594 28.355117 0.6 1.88
2019 06 20 16 17 01.810 104.846444 28.400342 0.3 3.23
2019 06 20 16 17 22.160 104.802246 28.414565 1.2 4.51
2019 06 20 16 18 16.510 104.769474 28.413995 1.6 5.85
2019 06 20 16 21 53.550 104.770532 28.419529 0.4 5.29
2019 06 20 16 22 54.640 104.890592 28.376925 0.2 0.0
2019 06 20 16 23 21.390 104.786100 28.416439 0.3 0.4
2019 06 20 16 23 46.720 104.813802 28.408860 0.2 3.56
2019 06 20 16 24 25.020 104.765942 28.417480 0.5 5.44
2019 06 20 16 24 36.420 104.751489 28.425732 0.5 5.26
2019 06 20 16 25 02.560 104.852157 28.406616 1.3 3.09
2019 06 20 16 27 08.360 104.758602 28.431116 0.8 5.67
2019 06 20 16 27 38.310 104.765780 28.417997 1.1 5.32
2019 06 20 16 29 11.050 104.761483 28.431490 1.4 3.24
2019 06 20 16 31 56.710 104.816618 28.405310 0.6 2.67
2019 06 20 16 32 27.600 104.731144 28.439056 0.1 7.33
2019 06 20 16 33 12.320 104.759603 28.419649 1.1 5.47
2019 06 20 16 33 41.760 104.843717 28.397626 0.6 8.29
2019 06 20 16 34 07.050 104.913574 28.367924 0.5 1.44
2019 06 20 16 35 28.790 104.765910 28.417660 1.5 5.43
2019 06 20 16 35 44.760 104.770817 28.414793 2.2 5.29
2019 06 20 16 36 56.260 104.781193 28.421566 0.8 5.26
2019 06 20 16 38 01.120 104.766073 28.418252 1.2 5.41
2019 06 20 16 38 36.700 104.744482 28.421606 1.3 7.38
2019 06 20 16 39 15.650 104.750285 28.413920 0.2 5.48
2019 06 20 16 40 17.820 104.764901 28.420801 -0.0 4.08
2019 06 20 16 40 34.690 104.766528 28.416034 0.3 5.21
2019 06 20 16 42 48.780 104.763631 28.419432 0.5 5.34
2019 06 20 16 46 39.860 104.767057 28.434896 0.9 4.02
2019 06 20 16 48 30.430 104.767489 28.417863 0.2 5.29
2019 06 20 16 51 18.310 104.886694 28.350444 1.5 4.83
2019 06 20 16 52 54.950 104.820540 28.410091 1.0 3.5
2019 06 20 16 53 31.410 104.751375 28.426465 1.0 5.9
2019 06 20 16 53 21.420 104.898201 28.377698 0.6 5.58
2019 06 20 16 55 47.920 104.804590 28.423112 0.6 3.56
2019 06 20 16 56 49.490 104.825138 28.406930 0.3 2.0
2019 06 20 16 58 15.760 104.841829 28.408632 0.9 2.44
2019 06 20 17 00 51.160 104.747347 28.436137 0.3 5.73
2019 06 20 17 04 05.400 104.877840 28.385645 0.9 4.16
2019 06 20 17 04 52.880 104.750382 28.423399 0.5 6.29
2019 06 20 17 05 28.600 104.755933 28.424011 0.3 5.78
2019 06 20 17 06 00.360 104.749740 28.424390 0.2 6.27
2019 06 20 17 06 59.000 104.781502 28.422365 1.0 5.29
2019 06 20 17 07 49.700 104.774764 28.420949 0.8 2.56
2019 06 20 17 12 14.880 104.886759 28.380935 0.4 2.63
2019 06 20 17 12 46.280 104.767155 28.418280 2.2 5.4
2019 06 20 17 15 35.160 104.766675 28.421478 0.2 5.05
2019 06 20 17 18 04.740 104.769767 28.419629 0.7 0.89
2019 06 20 17 18 48.720 104.767106 28.418134 -0.2 5.17
2019 06 20 17 19 16.680 104.766976 28.418435 2.7 5.46
2019 06 20 17 21 00.760 104.766602 28.418294 0.5 5.32
2019 06 20 17 21 25.040 104.824325 28.410858 0.5 1.04
2019 06 20 17 24 16.120 104.759766 28.437156 0.4 4.06
2019 06 20 17 24 43.360 104.834969 28.395677 0.4 4.6
2019 06 20 17 26 07.120 104.772021 28.421507 0.9 5.81
2019 06 20 17 28 14.120 104.857625 28.389549 1.0 2.96
2019 06 20 17 30 13.460 104.847217 28.403278 0.2 4.74
2019 06 20 17 31 35.000 104.865975 28.395630 0.2 2.34
2019 06 20 17 34 03.760 104.766756 28.417291 3.0 5.5
2019 06 20 17 36 15.080 104.876563 28.372255 1.3 1.58
2019 06 20 17 38 58.260 104.874772 28.371611 0.7 4.29
2019 06 20 17 38 41.840 104.771818 28.417088 0.3 2.87
2019 06 20 17 39 12.520 104.771818 28.419598 2.2 5.55
2019 06 20 17 41 38.540 104.945622 28.362431 0.5 3.34
2019 06 20 17 43 01.580 104.767204 28.415269 0.2 5.2
2019 06 20 17 43 30.220 104.774805 28.414852 0.1 5.09
2019 06 20 17 44 12.800 104.853345 28.392228 0.3 2.89
2019 06 20 17 45 04.460 104.767220 28.416174 0.7 5.42
2019 06 20 17 46 27.080 104.793319 28.416425 0.9 4.47
2019 06 20 17 49 17.660 104.757625 28.425297 1.0 3.3
2019 06 20 17 50 28.060 104.877417 28.363603 0.1 8.99
2019 06 20 17 53 45.240 104.764575 28.421985 1.1 5.52
2019 06 20 17 53 55.320 104.771558 28.421806 0.9 2.07
2019 06 20 17 54 29.920 104.832446 28.413108 1.6 6.17
2019 06 20 17 55 41.920 104.877368 28.389695 1.5 5.72
2019 06 20 17 59 16.620 104.732389 28.429641 0.7 8.2
2019 06 20 18 01 51.000 104.768929 28.415181 0.9 5.23
2019 06 20 18 03 02.340 104.881136 28.390743 2.1 6.72
2019 06 20 18 04 15.200 104.825269 28.403792 0.8 2.71
2019 06 20 18 05 19.080 104.745630 28.434462 0.3 8.23
2019 06 20 18 07 01.360 104.728532 28.445490 0.9 7.67
2019 06 20 18 07 40.280 104.744727 28.430255 0.5 5.92
2019 06 20 18 08 29.600 104.793840 28.416248 0.2 4.46
2019 06 20 18 09 21.880 104.760669 28.417645 0.9 4.02
2019 06 20 18 10 26.800 104.776628 28.434285 1.6 5.42
2019 06 20 18 11 51.640 104.765755 28.415098 0.8 5.37
2019 06 20 18 12 25.280 104.763289 28.419995 0.2 5.26
2019 06 20 18 13 39.600 104.832186 28.391813 -0.1 4.84
2019 06 20 18 16 47.000 104.780827 28.416675 -0.1 4.85
2019 06 20 18 17 00.640 104.767537 28.418260 0.2 3.73
2019 06 20 18 17 39.560 104.769914 28.415668 0.4 5.26
2019 06 20 18 18 45.280 104.754712 28.421737 1.3 5.8
2019 06 20 18 18 38.400 104.773161 28.419027 1.1 5.36
2019 06 20 18 20 52.300 104.779867 28.417537 0.4 3.74
2019 06 20 18 21 22.000 104.805094 28.410848 1.0 2.99
2019 06 20 18 22 13.080 104.805306 28.409426 -0.1 1.76
2019 06 20 18 23 06.480 104.785221 28.415334 0.2 4.58
2019 06 20 18 24 40.640 104.896476 28.362801 -0.2 16.1
2019 06 20 18 24 51.640 104.750431 28.432422 -0.1 5.34
2019 06 20 18 25 44.000 104.752287 28.420343 1.5 6.14
2019 06 20 18 25 27.440 104.775627 28.424064 0.8 2.62
2019 06 20 18 26 09.440 104.753434 28.420219 0.7 6.08
2019 06 20 18 27 05.120 104.752100 28.420817 0.7 6.14
2019 06 20 18 28 41.540 104.788086 28.438123 2.5 2.91
2019 06 20 18 29 58.640 104.772144 28.417493 1.1 5.16
2019 06 20 18 31 17.540 104.790959 28.436867 0.3 3.91
2019 06 20 18 32 03.880 104.932373 28.351245 0.4 1.67
2019 06 20 18 33 51.880 104.752734 28.420660 0.3 6.07
2019 06 20 18 34 14.640 104.747396 28.425968 0.6 6.46
2019 06 20 18 34 08.520 104.848771 28.385093 0.6 1.4
2019 06 20 18 35 22.700 104.770174 28.416907 0.8 5.31
2019 06 20 18 36 35.040 104.753491 28.423606 0.1 5.85
2019 06 20 18 39 11.000 104.748617 28.433592 0.2 5.7
2019 06 20 18 40 11.120 104.816667 28.398747 0.0 0.79
2019 06 20 18 40 23.380 104.794287 28.416418 0.3 4.59
2019 06 20 18 41 03.040 104.743514 28.432745 2.0 7.09
2019 06 20 18 40 48.000 104.755054 28.422225 0.4 1.56
2019 06 20 18 42 58.840 104.765120 28.427566 2.2 5.53
2019 06 20 18 45 28.200 104.785799 28.431893 0.6 2.8
2019 06 20 18 46 27.640 104.844336 28.409737 0.6 2.42
2019 06 20 18 46 56.640 104.784375 28.421499 0.1 5.21
2019 06 20 18 47 13.620 104.740177 28.431191 0.9 6.83
2019 06 20 18 48 17.140 104.749300 28.430326 0.9 5.62
2019 06 20 18 49 03.840 104.760986 28.422774 0.3 3.07
2019 06 20 18 50 18.260 104.924308 28.371991 0.2 4.55
2019 06 20 18 52 47.680 104.899056 28.360661 -0.1 2.77
2019 06 20 18 55 07.080 104.899292 28.360811 1.0 2.74
2019 06 20 18 56 49.960 104.768408 28.419110 0.8 5.41
2019 06 20 18 57 36.480 104.754500 28.424803 0.8 5.77
2019 06 20 18 57 31.200 104.937443 28.359894 0.3 2.36
2019 06 20 18 58 12.740 104.889412 28.338114 0.2 5.04
2019 06 20 18 58 28.280 104.737980 28.426090 -0.4 8.59
2019 06 20 18 59 43.060 104.758228 28.414948 0.1 6.19
2019 06 20 19 01 57.820 104.780721 28.430084 0.4 2.71
2019 06 20 19 02 10.360 104.750212 28.434454 0.3 0.19
2019 06 20 19 02 53.040 104.754899 28.440415 0.3 4.46
2019 06 20 19 04 54.240 104.836825 28.417572 0.6 3.77
2019 06 20 19 05 26.760 104.783805 28.410309 0.2 4.3
2019 06 20 19 06 11.540 104.772184 28.423161 0.3 -0.44
2019 06 20 19 07 32.080 104.771655 28.423287 1.5 5.42
2019 06 20 19 08 19.540 104.757707 28.425783 0.6 5.74
2019 06 20 19 08 02.140 104.902189 28.357947 0.7 3.2
2019 06 20 19 08 27.880 104.781470 28.430603 0.8 2.72
2019 06 20 19 09 26.180 104.754313 28.427146 0.4 2.83
2019 06 20 19 11 09.480 104.910238 28.388633 0.4 2.88
2019 06 20 19 11 36.680 104.893481 28.358065 0.8 3.11
2019 06 20 19 11 25.960 104.743107 28.434121 0.8 7.64
2019 06 20 19 12 46.500 104.740308 28.429187 1.1 10.71
2019 06 20 19 13 27.520 104.772762 28.420778 0.6 2.14
2019 06 20 19 14 06.720 104.772103 28.422793 1.1 2.69
2019 06 20 19 14 51.440 104.751611 28.423112 0.4 5.94
2019 06 20 19 16 08.820 104.893197 28.355992 0.1 2.76
2019 06 20 19 16 33.800 104.831079 28.394328 0.8 4.86
2019 06 20 19 17 53.240 104.780868 28.416575 0.1 2.46
2019 06 20 19 20 34.840 104.768376 28.414655 0.6 5.34
2019 06 20 19 21 07.680 104.769084 28.422595 1.2 5.51
2019 06 20 19 22 52.840 104.765951 28.417999 0.2 5.47
2019 06 20 19 23 03.960 104.777726 28.446458 0.8 2.41
2019 06 20 19 24 50.180 104.796899 28.441610 3.1 5.62
2019 06 20 19 26 18.860 104.883895 28.344301 1.3 1.72
2019 06 20 19 27 04.280 104.788713 28.440047 1.1 3.99
2019 06 20 19 27 20.160 104.789176 28.437323 1.4 3.06
2019 06 20 19 27 34.320 104.767928 28.417159 0.8 2.04
2019 06 20 19 28 21.280 104.830583 28.393968 0.7 4.81
2019 06 20 19 28 01.220 104.745199 28.428184 0.1 5.54
2019 06 20 19 28 54.760 104.790845 28.447223 3.6 5.46
2019 06 20 19 33 13.480 104.779508 28.422414 1.6 5.35
2019 06 20 19 33 03.040 104.810482 28.411995 0.4 2.33
2019 06 20 19 33 48.480 104.780884 28.422819 0.6 5.31
2019 06 20 19 38 26.640 104.771729 28.415971 0.2 5.28
2019 06 20 19 39 12.840 104.751489 28.423698 1.0 6.2
2019 06 20 19 42 04.760 104.756478 28.424412 0.3 5.82
2019 06 20 19 43 37.680 104.788835 28.431722 0.0 4.09
2019 06 20 19 46 12.080 104.785417 28.429606 1.4 5.5
2019 06 20 19 47 02.580 104.769580 28.418640 0.2 5.41
2019 06 20 19 49 01.680 104.735026 28.420650 0.2 7.46
2019 06 20 19 49 51.720 104.786296 28.438824 1.2 2.88
2019 06 20 19 51 12.000 104.823739 28.403843 1.5 8.81
2019 06 20 19 52 54.360 104.770158 28.421808 1.1 5.66
2019 06 20 19 53 47.380 104.817887 28.427614 0.1 8.6
2019 06 20 19 54 23.160 104.961076 28.368583 0.0 2.58
2019 06 20 19 54 07.940 104.778174 28.417780 0.3 5.42
2019 06 20 19 54 55.160 104.895142 28.388778 0.8 5.27
2019 06 20 19 55 41.880 104.733569 28.429417 2.2 8.26
2019 06 20 19 56 40.220 104.924699 28.367855 2.3 2.71
2019 06 20 19 57 33.080 104.751685 28.424693 0.8 5.95
2019 06 20 20 00 06.000 104.790894 28.438890 0.6 2.85
2019 06 28 08 02 20.990 104.814006 28.411064 0.6 3.4
2019 06 20 20 01 17.820 104.793677 28.416807 0.7 4.49
2019 06 20 20 01 45.240 104.789347 28.436869 0.9 4.01
2019 06 20 20 03 01.700 104.747062 28.449974 0.4 5.26
2019 06 20 20 04 06.320 104.749211 28.423767 2.8 6.34
2019 06 20 20 06 09.840 104.758236 28.426961 0.4 3.39
2019 06 20 20 08 42.400 104.914624 28.372266 0.5 2.66
2019 06 20 20 09 39.960 104.796875 28.446918 -0.0 4.59
2019 06 20 20 10 54.800 104.891911 28.387944 -0.1 2.65
2019 06 20 20 11 31.880 104.771281 28.420575 1.4 5.39
2019 06 20 20 11 21.640 104.791463 28.436981 0.5 3.94
2019 06 20 20 11 57.280 104.776595 28.418473 2.6 5.49
2019 06 20 20 13 19.680 104.750920 28.421800 2.3 6.23
2019 06 20 20 15 12.440 104.758968 28.422644 0.5 3.21
2019 06 28 10 01 51.120 104.778092 28.422003 0.3 2.29
2019 06 20 20 17 22.340 104.791610 28.434125 3.3 5.67
2019 06 20 20 18 13.760 104.786930 28.434507 1.3 2.55
2019 06 20 20 18 54.640 104.782926 28.417853 1.9 4.98
2019 06 20 20 19 00.280 104.782837 28.417841 2.1 2.58
2019 06 20 20 20 10.600 104.787842 28.435834 0.9 3.98
2019 06 20 20 22 11.800 104.750456 28.425450 2.3 6.31
2019 06 20 20 22 48.800 104.794995 28.441294 1.2 5.45
2019 06 20 20 24 19.180 104.770557 28.444344 0.5 -1.66
2019 06 20 20 25 43.320 104.898901 28.376280 0.4 3.11
2019 06 20 20 26 18.280 104.766260 28.418874 0.6 5.31
2019 06 20 20 27 12.640 104.789290 28.434308 1.1 5.71
2019 06 20 20 28 48.140 104.777018 28.414819 0.7 5.99
2019 06 20 20 30 48.000 104.884766 28.381083 0.7 3.02
2019 06 20 20 31 12.960 104.863184 28.386973 0.4 1.62
2019 06 20 20 33 18.920 104.778011 28.423702 0.0 0.9
2019 06 20 20 34 55.660 104.788615 28.440401 0.7 4.04
2019 06 20 20 34 37.460 104.767000 28.416258 0.0 2.77
2019 06 20 20 35 47.800 104.785677 28.434310 0.3 3.56
2019 06 20 20 36 45.720 104.785425 28.405623 0.3 3.7
2019 06 20 20 37 19.600 104.885254 28.343152 0.2 4.31
2019 06 20 20 39 04.880 104.927970 28.352688 0.3 2.15
2019 06 20 20 39 26.420 104.755461 28.430701 0.6 5.59
2019 06 20 20 40 06.400 104.764868 28.439195 0.0 2.12
2019 06 20 20 42 51.800 104.791764 28.417330 0.8 4.6
2019 06 20 20 43 47.920 104.789990 28.439107 1.4 2.86
2019 06 20 20 46 58.160 104.837939 28.396582 0.9 8.36
2019 06 20 20 47 21.020 104.848747 28.407933 0.5 2.88
2019 06 20 20 47 48.200 104.818530 28.402877 0.1 5.51
2019 06 20 20 48 41.460 104.836499 28.395917 0.6 2.01
2019 06 20 20 48 17.220 104.739331 28.446838 0.3 5.52
2019 06 20 20 49 02.040 104.810710 28.409406 1.0 3.88
2019 06 20 20 51 28.880 104.747900 28.423997 -0.1 6.49
2019 06 20 20 52 51.040 104.751147 28.426874 0.4 5.92
2019 06 20 20 54 26.560 104.810238 28.407056 0.4 2.5
2019 06 20 20 55 10.880 104.768807 28.419767 0.6 2.23
2019 06 20 20 58 21.680 104.937622 28.366264 0.5 2.21
2019 06 20 21 01 03.920 104.763314 28.423985 0.2 2.7
2019 06 20 21 02 08.600 104.793799 28.440812 0.6 3.15
2019 06 20 21 04 26.700 104.933724 28.362012 0.3 2.78
2019 06 20 21 05 42.320 104.778247 28.419954 0.4 2.92
2019 06 20 21 06 22.960 104.778060 28.420579 1.0 5.42
2019 06 20 21 06 52.300 104.774276 28.427844 0.1 1.17
2019 06 20 21 07 37.160 104.908455 28.364233 0.6 2.31
2019 06 20 21 08 09.280 104.883219 28.381527 0.8 2.65
2019 06 20 21 09 35.100 104.771549 28.422548 0.4 5.4
2019 06 20 21 15 19.680 104.915055 28.364174 -0.1 8.45
2019 06 20 21 18 45.360 104.787549 28.434108 1.1 4.49
2019 06 20 21 18 36.720 104.744971 28.422715 0.5 3.83
2019 06 20 21 19 51.160 104.882633 28.381746 0.6 2.74
2019 06 20 21 20 24.040 104.881169 28.382711 0.5 2.71
2019 06 20 21 21 48.400 104.886556 28.360380 0.8 4.31
2019 06 20 21 23 52.920 104.839030 28.398020 1.1 2.68
2019 06 20 21 24 20.260 104.911320 28.367226 2.2 4.14
2019 06 20 21 25 18.880 104.976139 28.340955 0.4 1.79
2019 06 20 21 25 48.260 104.931901 28.360651 0.4 2.74
2019 06 20 21 27 04.880 104.759546 28.419397 0.4 7.01
2019 06 20 21 28 36.240 104.923560 28.365572 1.8 5.11
2019 06 20 21 31 15.600 104.858927 28.391327 0.9 2.96
2019 06 20 21 31 54.580 104.737866 28.429917 0.7 6.22
2019 06 20 21 33 39.160 104.885286 28.347876 2.8 5.74
2019 06 20 21 35 37.000 104.780876 28.417611 1.1 4.94
2019 06 20 21 37 05.160 104.850952 28.401630 1.0 3.65
2019 06 20 21 37 44.920 104.786125 28.434719 1.4 5.57
2019 06 20 21 38 52.980 104.780965 28.422087 0.1 5.36
2019 06 20 21 41 29.620 104.852743 28.411395 0.7 3.04
2019 06 20 21 44 20.760 104.774691 28.417519 0.2 2.01
2019 06 20 21 45 44.860 104.779191 28.426931 0.2 2.94
2019 06 20 21 47 33.060 104.881600 28.385531 -0.2 1.55
2019 06 20 21 47 12.560 104.930298 28.351921 0.4 2.85
2019 06 20 21 52 26.600 104.820671 28.407402 1.1 2.76
2019 06 20 21 53 18.940 104.814486 28.401516 0.1 2.55
2019 06 20 21 56 21.240 104.876929 28.383907 1.4 3.16
2019 06 20 21 57 33.880 104.769263 28.433431 0.3 4.1
2019 06 20 21 58 08.840 104.778158 28.424986 0.8 5.14
2019 06 20 22 01 08.320 104.751831 28.422723 0.8 6.13
2019 06 20 22 01 27.840 104.767936 28.411855 0.3 6.24
2019 06 20 22 08 09.520 104.870117 28.379386 0.4 1.43
2019 06 20 22 08 43.720 104.866048 28.396080 0.1 1.72
2019 06 20 22 10 21.820 104.854126 28.420262 0.6 5.52
2019 06 29 05 01 40.840 104.852694 28.402775 0.6 2.95
2019 06 20 22 11 51.520 104.828263 28.410799 3.1 8.39
2019 06 20 22 15 14.000 104.785986 28.418951 1.1 2.76
2019 06 20 22 16 46.880 104.787386 28.419175 1.0 5.07
2019 06 20 22 17 45.560 104.764958 28.415230 0.6 5.36
2019 06 20 22 17 28.740 104.825887 28.405214 0.5 2.29
2019 06 20 22 20 30.940 104.786873 28.419364 0.8 4.93
2019 06 20 22 21 48.920 104.784163 28.437457 0.9 2.93
2019 06 20 22 23 24.840 104.762687 28.436298 0.0 3.98
2019 06 20 22 24 17.680 104.878044 28.383521 1.1 4.16
2019 06 20 22 24 40.700 104.878141 28.383742 0.9 4.22
2019 06 20 22 25 52.000 104.777417 28.422697 1.0 2.69
2019 06 20 22 26 18.380 104.877262 28.383360 0.7 4.24
2019 06 20 22 27 11.600 104.766968 28.437655 1.8 5.67
2019 06 20 22 28 31.840 104.775846 28.425578 0.4 3.61
2019 06 20 22 28 39.640 104.772819 28.417513 0.6 2.89
2019 06 20 22 29 12.320 104.877954 28.383734 -0.0 4.23
2019 06 20 22 32 56.160 104.773568 28.421100 0.3 5.43
2019 06 20 22 36 05.560 104.847314 28.395610 0.6 3.04
2019 06 20 22 37 23.300 104.749829 28.424341 0.1 6.24
2019 06 20 22 38 23.220 104.898421 28.373684 0.4 3.0
2019 06 20 22 38 02.820 104.818009 28.401703 0.6 2.65
2019 06 20 22 40 10.440 104.770850 28.424491 2.4 5.79
2019 06 20 22 39 50.900 104.777726 28.417824 0.6 5.33
2019 06 20 22 42 38.480 104.933521 28.365959 1.0 2.82
2019 06 20 22 43 19.840 104.767407 28.434975 1.1 4.15
2019 06 20 22 43 47.780 104.895662 28.372054 1.0 2.18
2019 06 20 22 44 01.980 104.738501 28.429242 1.3 6.3
2019 06 20 22 47 09.200 104.734814 28.430355 0.6 8.49
2019 06 20 22 48 22.460 104.765055 28.416193 2.3 5.4
2019 06 20 22 49 20.280 104.768978 28.416935 1.9 5.34
2019 06 20 22 49 41.300 104.770109 28.416980 1.7 5.33
2019 06 20 22 50 38.280 104.825537 28.404604 0.7 1.58
2019 06 20 22 51 14.020 104.808138 28.412533 0.6 2.36
2019 06 20 22 53 18.000 104.767277 28.417088 0.2 2.11
2019 06 20 22 53 08.800 104.901912 28.379513 0.3 2.67
2019 06 20 22 54 04.600 104.787118 28.419413 0.6 4.88
2019 06 20 22 54 21.760 104.880770 28.390729 0.0 1.86
2019 06 20 22 55 20.800 104.882007 28.382365 0.5 2.7
2019 06 20 22 56 49.380 104.786987 28.435738 3.5 7.08
2019 06 20 22 56 27.640 104.769019 28.418840 0.9 3.81
2019 06 20 22 59 29.800 104.897786 28.373816 1.4 3.01
2019 06 20 23 00 19.060 104.771395 28.416079 1.2 5.22
2019 06 20 23 00 51.640 104.774585 28.418884 0.6 2.91
2019 06 20 23 01 06.000 104.796452 28.425773 0.4 6.11
2019 06 20 23 03 51.500 104.902694 28.336161 2.2 7.94
2019 06 20 23 04 29.700 104.767472 28.416142 0.7 2.06
2019 06 20 23 05 35.720 104.785685 28.415141 1.8 5.78
2019 06 20 23 06 44.160 104.948617 28.347583 0.2 2.61
2019 06 20 23 07 35.800 104.783203 28.432599 0.7 4.08
2019 06 20 23 07 47.660 104.875863 28.391349 0.8 1.64
2019 06 20 23 10 16.600 104.821777 28.411920 0.9 3.33
2019 06 20 23 12 11.480 104.753581 28.422367 0.9 6.11
2019 06 20 23 12 43.040 104.753971 28.422292 1.4 6.08
2019 06 20 23 14 49.760 104.828345 28.400053 0.3 3.55
2019 06 20 23 15 42.760 104.880371 28.382621 0.5 2.65
2019 06 20 23 16 54.000 104.767912 28.418319 0.8 3.72
2019 06 20 23 17 40.240 104.749048 28.426711 0.6 6.38
2019 06 20 23 17 57.480 104.782349 28.422498 0.6 5.45
2019 06 20 23 19 31.280 104.769067 28.414122 2.2 5.35
2019 06 20 23 21 00.400 104.769784 28.414482 0.7 2.24
2019 06 20 23 23 21.440 104.918400 28.367991 1.0 1.77
2019 06 20 23 23 57.440 104.744458 28.421309 2.3 5.9
2019 06 20 23 30 11.920 104.870426 28.385189 0.8 1.78
2019 06 20 23 31 11.020 104.900944 28.406266 0.7 5.12
2019 06 20 23 37 45.200 104.791659 28.427195 0.6 2.43
2019 06 20 23 41 11.040 104.886865 28.343913 0.2 4.21
2019 06 20 23 41 41.200 104.752913 28.420624 0.9 6.11
2019 06 20 23 43 51.160 104.951937 28.380493 0.6 2.91
2019 06 20 23 44 56.720 104.743652 28.422386 2.1 5.9
2019 06 20 23 47 19.080 104.823503 28.403792 0.2 2.83
2019 06 20 23 52 51.920 104.776156 28.438831 0.6 -0.23
2019 06 20 23 53 38.040 104.764657 28.416709 1.2 5.26
2019 06 20 23 56 08.240 104.774219 28.417932 1.0 5.31
2019 06 20 23 58 30.960 104.940869 28.367641 0.8 2.35
2019 06 21 00 03 18.370 104.809814 28.417857 0.5 1.93
2019 06 21 00 09 56.780 104.851652 28.410836 1.6 5.39
2019 06 21 02 25 01.200 104.764551 28.436729 1.5 5.53
2019 06 21 00 20 52.770 104.745549 28.417326 0.4 5.83
2019 06 21 00 23 50.330 104.772469 28.421686 0.5 2.45
2019 06 21 00 29 10.020 104.786092 28.414600 0.9 5.81
2019 06 21 00 29 57.390 104.893571 28.357627 1.8 3.84
2019 06 21 00 31 12.810 104.860620 28.404659 0.6 5.2
2019 06 21 00 33 11.110 104.825545 28.406372 1.0 1.85
2019 06 21 00 34 46.490 104.781567 28.421539 1.3 2.84
2019 06 21 00 35 20.870 104.784098 28.430823 0.6 2.76
2019 06 21 00 35 49.610 104.857682 28.403615 0.7 2.86
2019 06 21 00 37 26.010 104.885238 28.342800 0.4 4.37
2019 06 21 04 54 30.960 104.785693 28.431563 0.5 2.91
2019 06 21 00 50 42.110 104.773006 28.417096 0.3 2.9
2019 06 21 00 52 22.360 104.792529 28.424860 1.7 4.13
2019 06 21 00 53 53.700 104.774788 28.417120 0.8 5.18
2019 06 21 00 57 18.030 104.744214 28.421676 1.7 5.9
2019 06 21 00 59 26.840 104.883244 28.390623 0.8 4.04
2019 06 21 01 06 26.370 104.829712 28.392165 1.1 4.4
2019 06 21 01 15 43.200 104.831323 28.391573 1.3 4.86
2019 06 21 01 23 41.230 104.862622 28.389390 0.8 1.7
2019 06 21 01 25 42.170 104.776668 28.419570 0.3 5.28
2019 06 21 01 30 45.980 104.818473 28.402976 1.0 5.52
2019 06 21 01 30 59.740 104.780436 28.394444 0.8 4.17
2019 06 21 01 32 02.200 104.789046 28.439728 0.7 0.45
2019 06 21 01 37 13.580 104.788322 28.423543 0.9 1.66
2019 06 21 01 38 19.290 104.823486 28.415149 0.2 5.64
2019 06 21 01 47 41.390 104.897738 28.355182 1.0 3.1
2019 06 21 01 51 38.070 104.754004 28.422536 0.9 1.82
2019 06 21 01 53 47.930 104.907048 28.397219 0.9 5.6
2019 06 21 01 54 44.390 104.782829 28.419670 3.2 5.39
2019 06 21 01 55 13.680 104.780298 28.418306 2.1 4.94
2019 06 21 01 57 11.510 104.829801 28.444220 1.7 9.12
2019 06 21 01 58 10.490 104.942220 28.359469 0.9 3.19
2019 06 21 01 58 52.200 104.779159 28.416097 0.6 1.84
2019 06 21 02 01 36.920 104.781234 28.419861 3.5 5.45
2019 06 21 02 02 00.690 104.783065 28.422203 2.2 5.29
2019 06 21 02 02 41.610 104.784489 28.420044 1.8 2.77
2019 06 21 02 03 29.550 104.784505 28.421476 1.0 5.25
2019 06 21 02 07 47.800 104.784131 28.436879 0.9 -2.17
2019 06 21 02 09 03.540 104.781616 28.422343 1.0 5.33
2019 06 21 02 08 37.510 104.793669 28.450964 0.8 4.19
2019 06 21 02 10 26.710 104.778296 28.421448 0.8 5.36
2019 06 21 02 13 07.960 104.784562 28.421332 0.5 5.22
2019 06 21 02 18 09.180 104.760889 28.435474 0.6 4.1
2019 06 21 02 22 48.550 104.750317 28.422162 0.5 6.26
2019 06 21 02 28 26.620 104.848576 28.400126 1.4 1.79
2019 06 21 02 32 19.800 104.773470 28.416958 0.8 5.26
2019 06 21 02 32 57.370 104.783569 28.418412 0.6 4.67
2019 06 21 02 33 12.200 104.777799 28.418060 0.1 5.33
2019 06 21 02 33 57.080 104.773356 28.415995 0.2 2.0
2019 06 21 02 35 18.660 104.772184 28.423602 1.9 5.42
2019 06 21 02 37 59.640 104.984131 28.336410 0.6 1.47
2019 06 21 02 40 01.990 104.825309 28.407609 1.0 2.67
2019 06 21 02 42 46.540 104.728068 28.446930 1.5 7.8
2019 06 21 02 44 05.520 104.756006 28.428103 0.5 5.13
2019 06 21 02 45 28.940 104.747803 28.424168 2.1 6.5
2019 06 21 02 48 37.150 104.767456 28.422154 1.4 5.03
2019 06 21 02 49 14.630 104.778296 28.422241 1.2 5.29
2019 06 21 02 49 23.180 104.768921 28.418052 1.2 2.15
2019 06 21 02 51 36.250 104.766260 28.421417 1.2 5.04
2019 06 21 02 55 37.570 104.764469 28.426249 0.7 4.06
2019 06 21 02 57 44.750 104.786353 28.433954 1.0 5.55
2019 06 21 02 59 20.230 104.766813 28.421814 1.0 5.14
2019 06 21 03 00 44.200 104.729720 28.445485 0.6 7.58
2019 06 21 03 04 27.750 104.792660 28.427728 1.1 2.69
2019 06 21 03 06 14.060 104.748568 28.425228 1.6 6.39
2019 06 21 03 11 58.030 104.780680 28.421965 0.5 5.34
2019 06 21 03 13 30.820 104.782992 28.417320 0.9 5.21
2019 06 21 03 16 15.730 104.827197 28.403680 0.8 2.71
2019 06 21 03 18 30.560 104.780290 28.421543 1.1 3.39
2019 06 21 03 20 43.520 104.775033 28.433464 0.7 3.94
2019 06 21 03 21 20.750 104.780843 28.421792 1.2 5.29
2019 06 21 03 26 58.530 104.903434 28.362203 1.0 2.5
2019 06 21 03 28 41.150 104.743921 28.421865 0.4 5.91
2019 06 21 03 29 31.340 104.740462 28.451388 0.5 5.5
2019 06 21 03 30 22.050 104.765316 28.417615 0.4 2.91
2019 06 21 03 33 39.200 104.743384 28.422943 0.8 5.88
2019 06 21 03 34 34.270 104.763973 28.437252 2.0 5.69
2019 06 21 03 37 57.210 104.773356 28.423637 0.7 -0.38
2019 06 21 03 44 59.690 104.776294 28.420632 0.6 5.41
2019 06 21 03 47 01.440 104.827604 28.402763 1.0 2.22
2019 06 21 03 51 07.290 104.783887 28.421602 0.7 5.22
2019 06 21 03 53 12.630 104.809676 28.417190 0.7 0.29
2019 06 21 03 57 32.540 104.818620 28.403379 0.3 5.54
2019 06 21 04 03 09.660 104.796720 28.427362 0.9 5.49
2019 06 21 04 05 40.320 104.764657 28.416911 1.5 5.41
2019 06 21 04 09 52.310 104.772689 28.422257 0.8 5.47
2019 06 21 04 11 49.150 104.849740 28.433291 0.6 7.87
2019 06 21 04 14 07.880 104.789022 28.436599 1.0 6.15
2019 06 21 04 16 47.980 104.758700 28.424933 0.7 3.37
2019 06 21 04 19 25.920 104.774870 28.420514 0.8 5.36
2019 06 21 04 20 38.630 104.765348 28.417688 0.4 5.43
2019 06 21 04 21 49.030 104.765202 28.414736 1.0 5.32
2019 06 21 04 22 51.800 104.814087 28.421488 0.8 10.75
2019 06 21 04 24 21.740 104.885978 28.394712 0.9 0.96
2019 06 21 04 24 44.390 104.770272 28.425238 0.6 5.4
2019 06 21 04 25 27.580 104.828760 28.403448 0.7 2.79
2019 06 21 04 29 15.490 104.763973 28.416608 0.5 5.4
2019 06 21 04 30 35.630 104.747314 28.429856 1.7 3.27
2019 06 21 04 35 36.220 104.734587 28.428975 0.8 8.25
2019 06 21 04 40 07.860 104.881771 28.385026 0.4 3.06
2019 06 21 04 41 29.970 104.767269 28.415289 0.7 5.37
2019 06 21 04 46 45.560 104.740755 28.428489 0.1 7.62
2019 06 21 04 54 34.020 104.830485 28.394200 1.1 4.82
2019 06 21 04 58 55.190 104.773608 28.434141 1.3 5.38
2019 06 21 04 58 48.670 104.878760 28.377763 1.1 -0.2
2019 06 21 05 01 24.760 104.789299 28.416964 1.0 4.5
2019 06 21 05 07 44.670 104.793384 28.412734 0.6 3.28
2019 06 21 05 11 23.470 104.785791 28.433968 0.9 0.64
2019 06 21 05 11 55.960 104.785929 28.411180 1.5 4.51
2019 06 21 05 17 48.390 104.737679 28.438228 2.2 8.41
2019 06 21 05 18 58.040 104.860433 28.407621 0.7 1.48
2019 06 21 05 23 19.710 104.791707 28.440070 1.7 2.98
2019 06 21 05 25 03.000 104.750610 28.435461 1.5 5.69
2019 06 21 05 30 34.170 104.893685 28.356136 2.0 3.82
2019 06 21 05 36 02.910 104.830054 28.400136 1.4 2.97
2019 06 21 05 37 33.690 104.858000 28.422150 1.0 6.48
2019 06 21 05 39 35.820 104.945321 28.369515 0.7 3.64
2019 06 21 05 40 00.230 104.763924 28.416561 1.5 5.35
2019 06 21 05 45 28.630 104.765812 28.417613 1.4 5.41
2019 06 21 05 51 06.020 104.753727 28.416091 1.6 3.99
2019 06 21 05 50 45.800 104.823348 28.408185 0.4 1.64
2019 06 21 05 52 40.630 104.921379 28.402773 0.6 2.63
2019 06 21 05 53 57.480 104.856673 28.392700 1.1 2.99
2019 06 21 05 59 17.810 104.886938 28.360374 1.2 4.26
2019 06 21 06 06 12.460 104.766984 28.417841 0.6 5.4
2019 06 21 06 08 01.410 104.764290 28.417383 0.4 5.25
2019 06 21 06 10 27.170 104.772062 28.428092 0.8 -0.26
2019 06 21 06 10 11.170 104.776921 28.420473 0.6 5.2
2019 06 21 06 10 38.600 104.779395 28.418140 0.8 5.43
2019 06 21 06 11 08.010 104.734562 28.433187 0.5 8.41
2019 06 21 06 13 01.010 104.881820 28.389886 1.0 2.2
2019 06 21 06 16 12.690 104.765348 28.422241 1.4 4.96
2019 06 21 06 20 10.940 104.776904 28.419722 1.4 2.91
2019 06 21 06 24 17.660 104.845280 28.410026 1.0 2.53
2019 06 21 06 26 59.150 104.786426 28.422223 0.6 5.13
2019 06 21 06 28 29.990 104.785376 28.421533 1.2 2.81
2019 06 21 06 29 24.850 104.786491 28.416925 2.3 5.91
2019 06 21 06 35 08.300 104.780379 28.418506 0.7 5.18
2019 06 21 06 39 55.710 104.767505 28.413609 0.9 5.22
2019 06 21 06 41 21.120 104.763997 28.417126 0.6 5.41
2019 06 21 06 43 58.970 104.763184 28.416642 1.5 5.43
2019 06 21 06 47 26.290 104.764518 28.417126 1.8 5.4
2019 06 21 06 48 34.230 104.779867 28.418093 0.6 5.05
2019 06 21 06 51 51.010 104.849308 28.400077 1.9 5.22
2019 06 21 06 51 39.280 104.763452 28.433929 0.9 3.92
2019 06 21 06 54 13.160 104.764209 28.415920 0.6 5.33
2019 06 21 06 56 09.060 104.758765 28.441471 0.9 5.51
2019 06 21 06 59 14.420 104.761328 28.439140 0.6 5.47
2019 06 21 07 02 09.640 104.764811 28.412573 1.1 6.24
2019 06 21 07 02 48.810 104.827026 28.399512 0.6 3.66
2019 06 21 07 05 23.370 104.789941 28.427002 0.7 5.8
2019 06 21 07 07 05.460 104.786556 28.414097 0.6 5.78
2019 06 21 07 09 55.860 104.771118 28.438822 3.5 7.46
2019 06 21 07 15 06.980 104.770353 28.434562 2.8 5.82
2019 06 21 07 15 32.220 104.758708 28.434666 1.6 5.21
2019 06 21 07 21 08.800 104.761263 28.435876 1.0 5.58
2019 06 21 07 20 53.350 104.783846 28.421875 0.4 5.29
2019 06 21 07 22 24.540 104.783529 28.421918 0.7 5.34
2019 06 21 07 27 50.930 104.784326 28.416941 0.6 4.84
2019 06 21 07 28 12.470 104.767619 28.417535 0.6 2.12
2019 06 21 07 29 19.230 104.784774 28.434690 1.1 4.01
2019 06 21 07 34 47.500 104.844255 28.395941 0.2 -2.83
2019 06 21 07 44 32.670 104.789657 28.436650 0.6 2.95
2019 06 21 07 47 14.660 104.826172 28.408228 0.6 3.23
2019 06 21 07 48 41.580 104.766545 28.434814 1.0 4.18
2019 06 21 07 50 50.840 104.796615 28.416199 0.5 4.04
2019 06 21 07 58 54.630 104.835555 28.395233 0.6 4.78
2019 06 21 08 00 01.480 104.776562 28.424882 0.5 5.7
2019 06 21 08 07 10.830 104.761589 28.424569 1.4 5.57
2019 06 21 08 12 54.420 104.754614 28.426676 1.0 5.94
2019 06 21 08 14 50.230 104.760539 28.423053 0.6 5.71
2019 06 21 08 24 10.790 104.760929 28.434552 1.2 3.11
2019 06 21 08 29 27.130 104.820841 28.410065 1.0 1.85
2019 06 21 08 30 52.200 104.907479 28.364571 0.6 2.02
2019 06 21 08 34 38.120 104.875830 28.379287 1.0 1.28
2019 06 21 08 35 44.150 104.768294 28.434060 0.5 3.13
2019 06 21 08 44 07.010 104.766911 28.418396 1.1 5.3
2019 06 21 08 45 44.480 104.851969 28.413928 1.4 2.95
2019 06 21 08 47 42.660 104.762337 28.416418 2.3 5.39
2019 06 21 08 54 24.290 104.757389 28.428522 0.7 2.53
2019 06 24 14 25 40.950 104.737923 28.430027 1.1 6.2
2019 06 21 09 04 55.520 104.842806 28.398588 0.6 4.57
2019 06 21 09 16 20.680 104.860042 28.400523 2.0 3.19
2019 06 21 09 23 07.720 104.763672 28.417240 0.8 5.39
2019 06 21 09 29 13.440 104.777531 28.400411 1.8 5.59
2019 06 21 09 39 39.190 104.784009 28.437213 0.6 -2.33
2019 06 21 09 42 58.550 104.856486 28.387425 1.0 2.93
2019 06 21 09 43 59.040 104.781689 28.417454 0.6 4.97
2019 06 21 09 45 22.150 104.771818 28.420632 0.9 2.85
2019 06 21 09 48 27.010 104.895988 28.354958 1.2 3.14
2019 06 21 09 49 00.980 104.830322 28.408921 0.9 2.97
2019 06 21 09 50 28.400 104.878532 28.383748 0.9 4.09
2019 06 21 09 53 07.390 104.768660 28.433641 0.8 3.11
2019 06 21 09 55 15.420 104.767887 28.434249 1.0 3.17
2019 06 21 09 58 56.950 104.827132 28.400568 1.6 2.09
2019 06 21 10 06 35.300 104.826400 28.407509 0.4 1.67
2019 06 21 10 08 02.180 104.778198 28.424845 0.9 5.11
2019 06 21 10 13 00.620 104.773926 28.421016 0.7 5.42
2019 06 21 10 16 22.650 104.763843 28.437984 1.2 5.57
2019 06 21 10 17 14.520 104.776017 28.430772 0.7 2.96
2019 06 21 10 19 04.880 104.775627 28.420589 0.9 5.47
2019 06 21 10 19 44.510 104.857861 28.392179 0.8 2.97
2019 06 21 10 25 36.270 104.834106 28.397091 1.1 8.02
2019 06 21 10 32 31.840 104.847770 28.403210 1.0 5.31
2019 06 21 10 36 57.460 104.772681 28.419704 0.8 2.26
2019 06 21 10 44 53.200 104.772461 28.419602 1.3 2.2
2019 06 21 10 44 29.980 104.921598 28.367643 0.9 1.91
2019 06 21 10 48 01.130 104.742139 28.447575 0.9 8.09
2019 06 21 10 49 24.960 104.778410 28.421586 0.8 5.62
2019 06 21 10 50 32.170 104.747729 28.434167 0.9 5.81
2019 06 21 10 53 11.260 104.780526 28.421611 0.7 2.85
2019 06 21 10 55 00.250 104.766138 28.421224 0.5 5.42
2019 06 21 10 56 28.340 104.774658 28.419371 1.6 5.69
2019 06 21 11 06 30.950 104.872567 28.413114 0.6 5.44
2019 06 21 11 12 52.310 104.764404 28.421928 0.8 0.51
2019 06 21 11 14 00.970 104.844092 28.398177 0.9 3.21
2019 06 21 11 13 41.900 104.751839 28.420974 0.7 6.16
2019 06 21 11 17 28.340 104.820947 28.405363 0.6 2.22
2019 06 21 11 20 49.620 104.908854 28.408319 1.2 6.81
2019 06 21 11 21 29.600 104.786768 28.434393 0.9 4.1
2019 06 21 11 23 25.240 104.750521 28.423511 0.4 6.39
2019 06 21 11 27 10.040 104.895435 28.355739 0.7 3.1
2019 06 21 11 29 57.450 104.870353 28.384465 1.0 2.39
2019 06 21 11 31 52.510 104.825220 28.420256 1.1 6.41
2019 06 21 11 33 17.970 104.769515 28.417959 0.2 1.81
2019 06 21 11 38 08.070 104.818595 28.410909 0.4 2.56
2019 06 21 11 40 37.000 104.765894 28.437406 1.0 5.56
2019 06 21 11 40 56.700 104.726131 28.444564 1.1 7.7
2019 06 21 11 42 31.490 104.761702 28.419501 1.5 5.39
2019 06 21 11 43 58.180 104.770166 28.436727 1.2 5.5
2019 06 21 11 46 25.740 104.816943 28.402765 -0.1 2.83
2019 06 21 11 47 48.540 104.764364 28.415118 1.1 5.4
2019 06 21 11 56 00.970 104.771558 28.421159 0.9 5.31
2019 06 21 11 57 35.140 104.809090 28.414809 0.9 4.0
2019 06 21 11 57 19.220 104.822843 28.420306 0.2 2.01
2019 06 21 11 58 43.520 104.793132 28.429427 1.7 5.26
2019 06 21 11 59 02.710 104.767204 28.422738 1.8 4.99
2019 06 21 11 59 27.870 104.769450 28.420890 1.1 5.91
2019 06 21 12 01 12.500 104.751099 28.456476 0.9 6.2
2019 06 21 12 06 31.730 104.768042 28.422866 0.9 5.22
2019 06 21 12 07 42.010 104.835360 28.399577 0.7 4.29
2019 06 21 12 08 21.960 104.860067 28.390440 1.4 2.94
2019 06 21 12 08 28.320 104.771379 28.420673 1.0 4.98
2019 06 21 12 10 04.150 104.770101 28.425682 0.6 4.86
2019 06 21 12 11 17.920 104.748543 28.425830 0.2 6.47
2019 06 26 01 52 01.050 104.780396 28.436021 0.1 -0.36
2019 06 21 12 17 54.270 104.867969 28.386334 0.6 2.38
2019 06 21 12 18 43.890 104.763973 28.416471 1.1 5.33
2019 06 21 12 19 46.420 104.831820 28.378052 0.6 0.65
2019 06 21 12 23 43.470 104.870109 28.389787 0.4 1.6
2019 06 21 12 24 39.670 104.766610 28.421861 0.8 5.5
2019 06 21 12 25 07.550 104.765405 28.421722 0.6 4.97
2019 06 21 12 25 43.910 104.768188 28.423273 0.6 5.29
2019 06 21 12 27 10.140 104.768001 28.435992 1.6 5.5
2019 06 21 12 28 07.240 104.769181 28.414787 1.7 5.44
2019 06 21 12 29 02.250 104.890723 28.355878 1.2 3.05
2019 06 21 12 28 55.190 104.782406 28.422528 1.0 5.38
2019 06 21 12 32 22.290 104.795435 28.416526 0.6 4.75
2019 06 21 12 35 39.080 104.764071 28.422744 0.7 5.66
2019 06 21 12 36 09.770 104.747160 28.424164 -0.0 6.58
2019 06 21 12 40 53.750 104.764111 28.422097 1.5 5.05
2019 06 21 12 42 03.740 104.763346 28.422868 1.5 5.55
2019 06 21 12 48 35.470 104.782064 28.425582 0.4 2.71
2019 06 21 12 48 10.680 104.898022 28.368624 1.1 2.53
2019 06 21 12 49 54.750 104.897982 28.367946 0.4 2.51
2019 06 21 12 51 14.160 104.749211 28.426890 0.7 6.04
2019 06 21 12 51 51.820 104.771883 28.421297 1.1 5.43
2019 06 21 12 54 51.140 104.731901 28.429215 0.1 8.15
2019 06 21 12 57 54.950 104.765617 28.416372 2.1 5.43
2019 06 26 06 24 11.220 104.766048 28.417668 2.3 5.52
2019 06 21 13 03 07.920 104.814705 28.410740 0.3 4.54
2019 06 21 13 03 48.140 104.769556 28.417238 0.3 2.11
2019 06 21 13 04 49.490 104.767358 28.415167 0.7 5.29
2019 06 21 13 05 29.100 104.764331 28.422080 0.4 5.5
2019 06 21 13 06 15.330 104.767041 28.415550 0.3 5.33
2019 06 21 13 07 21.630 104.765259 28.414773 0.5 5.21
2019 06 21 13 08 26.910 104.776660 28.429887 1.0 2.85
2019 06 21 13 08 02.190 104.778923 28.419100 0.6 5.23
2019 06 21 13 09 30.260 104.763607 28.417253 0.6 5.45
2019 06 21 13 11 51.040 104.874455 28.389042 0.3 2.45
2019 06 21 13 12 34.830 104.782170 28.423458 0.9 5.59
2019 06 21 13 15 38.100 104.769653 28.418671 1.1 5.38
2019 06 21 13 17 11.960 104.886768 28.351992 0.6 2.74
2019 06 21 13 17 29.540 104.768140 28.416205 1.3 5.35
2019 06 21 13 18 14.120 104.767863 28.415926 0.6 5.34
2019 06 21 13 18 45.360 104.768620 28.416817 1.5 5.45
2019 06 21 13 19 50.960 104.889518 28.360223 0.8 2.96
2019 06 21 13 19 36.810 104.772380 28.415393 0.7 2.04
2019 06 21 13 20 41.230 104.751929 28.421936 1.0 6.14
2019 06 21 13 21 33.030 104.743197 28.411367 0.1 6.54
2019 06 21 13 23 30.130 104.765576 28.417912 0.8 5.31
2019 06 21 13 25 55.360 104.785148 28.435002 1.9 4.11
2019 06 21 13 27 00.360 104.833268 28.404911 0.6 2.88
2019 06 21 13 28 35.480 104.783805 28.423985 1.9 5.49
2019 06 21 13 29 40.900 104.826554 28.405080 0.8 3.16
2019 06 21 13 29 54.600 104.769873 28.415513 1.0 5.34
2019 06 21 13 31 10.480 104.804338 28.413157 1.3 4.43
2019 06 21 13 31 58.330 104.856958 28.392019 0.5 2.97
2019 06 21 13 33 29.170 104.760718 28.422186 0.5 5.56
2019 06 21 13 35 03.530 104.804338 28.415328 2.4 5.49
2019 06 21 13 39 06.270 104.854045 28.389996 1.1 2.66
2019 06 21 13 39 41.580 104.768400 28.434324 0.3 3.14
2019 06 21 13 40 57.540 104.770361 28.418939 0.2 5.21
2019 06 21 13 46 04.970 104.779663 28.424298 1.5 5.51
2019 06 21 13 46 46.350 104.758325 28.437301 1.3 5.06
2019 06 21 13 50 03.660 104.892619 28.354397 0.5 3.03
2019 06 21 13 53 05.860 104.781405 28.420321 0.4 4.81
2019 06 21 13 57 39.880 104.750016 28.423250 1.0 6.29
2019 06 21 13 59 22.620 104.825293 28.414665 0.9 4.73
2019 06 21 13 58 58.630 104.893742 28.392796 0.5 4.03
2019 06 21 13 59 59.800 104.782308 28.422837 1.2 5.39
2019 06 21 14 01 59.070 104.789771 28.431360 0.5 2.67
2019 06 21 14 04 25.690 104.750911 28.450061 0.9 5.66
2019 06 21 14 05 48.630 104.776693 28.419491 0.3 5.28
2019 06 21 14 06 25.080 104.789152 28.419731 0.2 4.92
2019 06 21 14 09 27.260 104.747241 28.424243 0.6 6.57
2019 06 21 14 11 11.980 104.780990 28.424286 1.0 5.52
2019 06 21 14 12 30.860 104.781673 28.422915 0.3 5.49
2019 06 21 14 12 20.230 104.763534 28.411646 0.4 4.46
2019 06 21 14 15 16.890 104.765535 28.429688 0.5 -1.92
2019 06 21 14 16 22.570 104.781193 28.422489 0.2 5.18
2019 06 21 14 16 34.010 104.795361 28.441488 0.6 3.1
2019 06 21 14 24 58.570 104.764559 28.437762 0.5 5.58
2019 06 21 14 30 23.030 104.765731 28.417873 1.7 5.51
2019 06 21 14 32 50.470 104.780770 28.419533 1.0 5.31
2019 06 21 14 34 56.800 104.886507 28.352427 0.6 2.28
2019 06 21 14 36 53.850 104.867098 28.393418 1.0 5.61
2019 06 21 14 39 43.620 104.739152 28.431160 1.7 8.54
2019 06 21 14 39 38.060 104.739429 28.432330 1.7 8.6
2019 06 21 14 40 30.290 104.737630 28.438611 1.0 7.59
2019 06 21 14 43 28.820 104.829614 28.386403 0.2 -0.11
2019 06 21 14 45 16.250 104.910832 28.384102 -0.0 1.9
2019 06 21 14 45 57.390 104.892383 28.356512 0.6 2.98
2019 06 21 14 47 51.640 104.764852 28.430092 1.1 2.1
2019 06 21 14 48 28.400 104.762882 28.422066 0.8 5.55
2019 06 21 14 50 01.390 104.937264 28.359495 0.2 4.08
2019 06 21 14 50 36.460 104.765324 28.436922 1.3 5.54
2019 06 21 14 51 12.630 104.877091 28.383140 0.7 4.22
2019 06 21 14 52 58.910 104.764632 28.417841 0.7 5.47
2019 06 21 14 54 25.670 104.759652 28.434566 0.3 -1.07
2019 06 21 14 54 49.880 104.779468 28.422972 0.6 5.31
2019 06 21 14 56 34.510 104.765991 28.418490 1.4 5.46
2019 06 21 14 57 51.760 104.878361 28.383712 0.7 4.29
2019 06 21 15 00 20.580 104.792342 28.417131 0.2 4.35
2019 06 21 15 02 11.090 104.885059 28.393695 0.6 2.53
2019 06 21 15 03 35.780 104.797412 28.414771 0.4 4.3
2019 06 21 15 04 57.740 104.912866 28.364130 0.3 2.52
2019 06 21 15 05 37.850 104.858008 28.403469 1.3 2.86
2019 06 21 15 06 36.220 104.910693 28.377930 0.5 5.83
2019 06 21 15 16 22.250 104.779419 28.422184 0.8 5.28
2019 06 21 15 17 45.810 104.891048 28.354291 0.5 3.06
2019 06 21 15 20 02.980 104.845955 28.407257 1.0 3.11
2019 06 21 15 20 25.510 104.852539 28.388806 0.8 2.43
2019 06 21 15 21 34.800 104.774040 28.423861 0.3 4.46
2019 06 21 15 22 05.200 104.884139 28.378324 0.4 3.65
2019 06 21 15 25 36.100 104.786841 28.419908 0.4 5.01
2019 06 21 15 30 28.230 104.743335 28.422807 0.9 5.89
2019 06 21 15 30 53.960 104.756299 28.421407 0.9 5.75
2019 06 21 15 31 57.090 104.947274 28.346397 0.7 0.67
2019 06 21 15 33 53.610 104.891496 28.357743 0.2 2.96
2019 06 21 15 39 40.290 104.848608 28.407487 0.7 2.96
2019 06 21 15 39 58.770 104.833496 28.393032 0.8 4.83
2019 06 21 15 40 12.420 104.765902 28.421511 0.6 5.72
2019 06 21 15 41 22.600 104.911076 28.359806 0.4 1.48
2019 06 21 15 45 14.890 104.786605 28.419893 1.1 5.13
2019 06 21 15 45 22.270 104.878638 28.383476 1.2 4.2
2019 06 21 15 45 50.020 104.779411 28.422430 0.9 5.25
2019 06 21 15 47 30.510 104.880640 28.383423 0.5 0.55
2019 06 21 15 48 00.480 104.888387 28.352250 0.0 3.22
2019 06 21 15 49 13.290 104.877710 28.389380 0.8 3.5
2019 06 21 15 51 33.890 104.750594 28.444545 1.0 5.44
2019 06 21 15 52 42.460 104.783455 28.417181 0.2 4.87
2019 06 21 15 53 45.120 104.763403 28.422538 0.9 5.57
2019 06 21 15 56 11.980 104.744710 28.430048 1.6 5.93
2019 06 21 15 57 02.520 104.766235 28.416502 1.5 2.09
2019 06 21 16 00 29.070 104.752604 28.434428 1.1 5.64
2019 06 21 16 04 03.950 104.929818 28.364787 1.0 2.59
2019 06 21 16 05 09.760 104.857373 28.392275 0.8 2.97
2019 06 21 16 07 56.400 104.746981 28.392377 0.2 3.14
2019 06 21 16 09 19.540 104.745060 28.429895 0.3 5.93
2019 06 21 16 11 07.380 104.857381 28.402012 -0.0 2.38
2019 06 21 16 11 58.910 104.903101 28.365900 0.6 2.28
2019 06 21 16 12 24.480 104.746118 28.418477 0.1 5.2
2019 06 21 16 13 02.730 104.865820 28.375671 0.4 1.73
2019 06 21 16 14 05.960 104.753198 28.443740 0.6 5.57
2019 06 21 16 15 40.180 104.791602 28.440379 1.0 4.59
2019 06 21 16 15 25.110 104.788281 28.415074 0.7 1.6
2019 06 21 16 16 50.500 104.781860 28.422982 0.4 5.49
2019 06 21 16 19 04.750 104.868848 28.385754 0.4 2.63
2019 06 21 16 21 23.010 104.877132 28.383272 1.5 4.23
2019 06 21 16 24 30.060 104.762882 28.423924 0.9 5.2
2019 06 21 16 26 00.060 104.872331 28.384619 0.7 2.41
2019 06 21 16 29 15.050 104.791292 28.436316 0.9 3.98
2019 06 21 16 30 47.980 104.841699 28.393433 0.0 1.53
2019 06 21 16 34 02.680 104.870947 28.370233 -0.2 4.76
2019 06 21 16 33 54.280 104.773071 28.412140 0.0 6.32
2019 06 21 16 36 24.930 104.765934 28.435158 0.3 3.01
2019 06 21 16 38 44.380 104.744954 28.429893 0.3 5.94
2019 06 21 16 39 22.780 104.884481 28.369574 -0.0 -0.8
2019 06 21 16 39 56.680 104.877214 28.383248 0.6 4.24
2019 06 21 16 42 51.430 104.752466 28.421678 2.2 6.65
2019 06 21 16 42 30.170 104.877091 28.383305 1.1 4.23
2019 06 21 16 44 05.910 104.889022 28.345671 0.9 3.96
2019 06 21 16 45 37.330 104.833325 28.408152 0.2 2.14
2019 06 21 16 45 19.950 104.751400 28.423936 -0.1 6.24
2019 06 21 16 46 29.480 104.907430 28.361084 0.3 3.0
2019 06 21 16 47 28.080 104.751025 28.424563 0.7 6.25
2019 06 21 16 47 20.450 104.747201 28.425258 0.4 6.52
2019 06 21 16 48 13.480 104.887891 28.345860 0.1 4.1
2019 06 21 16 49 03.810 104.888973 28.380227 0.5 2.48
2019 06 21 16 49 48.040 104.773739 28.421171 2.5 5.55
2019 06 21 16 50 18.900 104.923446 28.379067 1.1 -1.64
2019 06 21 16 51 19.260 104.774772 28.420667 2.1 5.54
2019 06 21 16 53 52.940 104.904492 28.373358 0.3 2.15
2019 06 21 16 55 21.780 104.863273 28.402753 0.9 5.23
2019 06 21 16 55 37.110 104.752563 28.420022 0.9 6.14
2019 06 21 16 56 07.350 104.900431 28.366223 0.5 2.5
2019 06 21 16 57 00.730 104.881323 28.384491 0.9 4.31
2019 06 21 17 00 50.600 104.880273 28.384224 0.9 4.29
2019 06 21 17 00 40.540 104.769336 28.417301 0.6 5.35
2019 06 21 17 01 25.320 104.869792 28.369934 0.0 4.79
2019 06 21 17 02 10.120 104.752995 28.419753 2.4 6.12
2019 06 21 17 02 38.320 104.752637 28.419637 0.8 6.17
2019 06 21 17 05 49.600 104.808252 28.413965 1.8 3.39
2019 06 21 17 07 46.800 104.763330 28.423319 1.0 5.32
2019 06 21 17 08 47.520 104.896387 28.355896 0.3 3.03
2019 06 21 17 09 27.260 104.752856 28.419722 0.8 6.12
2019 06 21 17 12 13.840 104.752816 28.420245 1.4 6.16
2019 06 21 17 13 01.080 104.829020 28.405615 1.0 3.03
2019 06 21 17 14 31.680 104.957642 28.377588 0.3 4.29
2019 06 21 17 14 41.680 104.790991 28.440920 0.1 1.2
2019 06 21 17 14 22.260 104.899048 28.370085 0.5 1.92
2019 06 21 17 15 28.300 104.763965 28.415525 1.9 5.35
2019 06 21 17 17 33.480 104.765560 28.417653 2.0 5.52
2019 06 21 17 18 25.360 104.864893 28.362146 0.6 2.3
2019 06 21 17 19 12.440 104.933203 28.364044 0.2 2.54
2019 06 21 17 18 55.440 104.933105 28.391754 0.4 2.7
2019 06 21 17 20 11.440 104.766781 28.415326 0.6 5.36
2019 06 21 17 20 48.520 104.766007 28.415220 0.6 5.14
2019 06 21 17 21 56.600 104.748535 28.423083 1.8 6.43
2019 06 21 17 26 16.480 104.791479 28.427985 0.8 2.98
2019 06 21 17 27 11.320 104.895207 28.389819 0.4 2.12
2019 06 21 17 29 43.360 104.914535 28.398173 0.2 4.46
2019 06 21 17 31 45.640 104.927051 28.371389 0.5 0.49
2019 06 21 17 33 01.160 104.877637 28.383541 0.9 4.25
2019 06 21 17 33 39.540 104.878052 28.383665 0.9 4.22
2019 06 21 17 34 12.060 104.841870 28.421965 0.2 3.3
2019 06 21 17 34 34.800 104.769759 28.425682 0.4 5.39
2019 06 21 17 34 59.960 104.775236 28.420378 0.1 2.91
2019 06 21 17 35 29.960 104.869230 28.369816 0.1 -0.31
2019 06 21 17 37 20.880 104.821436 28.408938 0.3 2.86
2019 06 21 17 38 22.360 104.859204 28.388222 0.3 1.73
2019 06 21 17 38 48.840 104.766284 28.418663 2.0 5.53
2019 06 21 17 40 26.720 104.886084 28.383268 0.9 1.58
2019 06 21 17 40 15.360 104.900781 28.357123 0.0 1.84
2019 06 21 17 41 13.160 104.767139 28.416903 0.5 5.36
2019 06 21 17 42 22.960 104.753605 28.420374 2.2 6.09
2019 06 21 17 45 06.280 104.815169 28.410010 1.0 3.64
2019 06 21 17 46 04.100 104.779370 28.422565 1.0 5.26
2019 06 21 17 47 16.780 104.764876 28.425435 0.3 4.41
2019 06 21 17 47 46.240 104.833968 28.409585 -0.2 2.53
2019 06 21 17 48 40.560 104.752563 28.431297 -0.0 6.16
2019 06 21 17 49 14.720 104.776717 28.419940 0.7 2.87
2019 06 21 17 49 39.280 104.884709 28.338499 0.5 4.48
2019 06 21 17 50 21.800 104.801750 28.413159 1.4 3.82
2019 06 21 17 52 15.920 104.877417 28.383051 0.5 4.27
2019 06 21 17 53 09.780 104.886068 28.343026 0.4 4.27
2019 06 21 17 52 58.480 104.906112 28.369511 0.3 2.14
2019 06 21 17 56 22.260 104.782056 28.396120 1.2 4.13
2019 06 21 17 58 04.240 104.763045 28.428005 0.7 -0.7
2019 06 21 18 00 03.360 104.849268 28.394228 0.4 2.83
2019 06 21 18 00 45.420 104.864958 28.384674 0.6 0.72
2019 06 21 18 01 08.800 104.863672 28.391349 1.1 1.71
2019 06 21 18 04 12.640 104.769987 28.414541 0.3 5.32
2019 06 21 18 03 59.660 104.765788 28.416364 0.1 2.03
2019 06 21 18 05 25.560 104.905176 28.368522 2.4 4.89
2019 06 21 18 08 32.240 104.766561 28.421358 0.3 4.98
2019 06 21 18 08 42.120 104.877360 28.383413 0.8 4.28
2019 06 21 18 11 11.780 104.906852 28.368520 0.2 2.28
2019 06 21 18 11 55.960 104.922705 28.347489 0.4 2.93
2019 06 21 18 11 41.600 104.880811 28.383563 0.6 4.37
2019 06 21 18 14 13.920 104.877344 28.371598 0.2 -0.53
2019 06 21 18 15 41.160 104.769385 28.424192 0.3 4.83
2019 06 21 18 17 23.680 104.850244 28.393880 0.7 2.93
2019 06 21 18 18 27.080 104.769409 28.415379 0.6 5.2
2019 06 21 18 21 22.240 104.772632 28.428365 0.2 2.52
2019 06 21 18 23 24.880 104.871444 28.413869 0.4 1.63
2019 06 21 18 26 41.500 104.769458 28.423405 0.4 5.06
2019 06 21 18 27 48.580 104.890910 28.354867 0.5 3.03
2019 06 21 18 28 40.160 104.901107 28.369887 0.3 2.57
2019 06 21 18 32 11.140 104.780029 28.422485 0.7 5.34
2019 06 21 18 33 59.200 104.772144 28.422455 0.8 5.42
2019 06 21 18 34 48.640 104.783944 28.417698 0.2 2.47
2019 06 21 18 35 25.600 104.732951 28.429492 2.5 8.26
2019 06 21 18 37 33.720 104.829761 28.400997 0.3 1.56
2019 06 21 18 37 49.080 104.874886 28.385606 1.1 0.53
2019 06 21 18 38 39.160 104.800618 28.412813 0.1 2.86
2019 06 21 18 40 18.160 104.787337 28.433020 0.9 5.6
2019 06 21 18 41 11.760 104.747982 28.430709 0.3 5.67
2019 06 21 18 42 15.120 104.918042 28.399587 0.6 5.7
2019 06 21 18 43 03.040 104.813127 28.410561 0.4 4.07
2019 06 21 18 51 52.560 104.769377 28.420079 0.5 2.28
2019 06 21 18 52 36.560 104.887077 28.376265 0.4 2.52
2019 06 21 18 54 52.880 104.761792 28.437113 0.7 5.37
2019 06 21 18 55 41.720 104.939860 28.367657 1.1 2.84
2019 06 21 18 56 40.860 104.815967 28.409326 -0.0 2.86
2019 06 21 18 57 26.760 104.939925 28.372148 0.9 2.67
2019 06 21 18 58 39.060 104.764111 28.415739 0.2 5.23
2019 06 21 18 59 33.280 104.899235 28.381217 0.3 1.92
2019 06 21 19 00 31.940 104.804834 28.415763 1.8 4.4
2019 06 21 19 03 36.160 104.935425 28.364901 0.2 2.57
2019 06 21 19 05 07.980 104.887036 28.351727 1.7 3.61
2019 06 21 19 07 40.500 104.879663 28.384922 0.5 1.47
2019 06 21 19 14 43.840 104.790739 28.417977 0.3 4.58
2019 06 21 19 15 27.600 104.763574 28.416494 0.1 5.38
2019 06 21 19 17 38.200 104.932918 28.391701 0.7 2.73
2019 06 21 19 23 49.880 104.948999 28.363957 0.7 3.46
2019 06 21 19 24 26.240 104.857039 28.389231 0.8 2.89
2019 06 21 19 29 53.000 104.795793 28.414923 0.1 4.83
2019 06 21 19 30 10.980 104.789933 28.439783 1.2 5.52
2019 06 21 19 30 24.660 104.892765 28.356771 0.9 2.95
2019 06 21 19 31 38.320 104.892822 28.354722 0.3 2.64
2019 06 21 19 32 03.360 104.839412 28.406132 0.4 2.31
2019 06 21 19 32 33.400 104.893180 28.355613 0.4 2.7
2019 06 21 19 33 50.440 104.895321 28.353937 0.1 2.13
2019 06 21 19 35 54.240 104.870174 28.381616 0.4 1.32
2019 06 21 19 39 25.920 104.908154 28.371212 0.3 1.97
2019 06 21 19 41 45.880 104.803475 28.415576 1.8 4.82
2019 06 21 19 43 45.300 104.848682 28.396480 0.4 2.69
2019 06 21 19 45 53.760 104.933309 28.392035 0.9 2.7
2019 06 21 19 45 24.960 104.775781 28.416913 1.0 4.93
2019 06 21 19 47 20.360 104.771273 28.420778 -0.3 5.62
2019 06 21 19 51 27.420 104.768400 28.412325 1.6 6.32
2019 06 21 19 53 41.080 104.818726 28.400197 0.3 2.16
2019 06 21 19 54 28.960 104.835034 28.395640 0.8 4.62
2019 06 21 19 55 57.840 104.820898 28.411336 0.5 3.29
2019 06 21 19 56 40.380 104.791309 28.438291 1.3 5.49
2019 06 21 19 59 31.480 104.896672 28.377877 0.4 2.35
2019 06 21 20 00 40.480 104.893677 28.367293 0.3 3.45
2019 06 21 20 04 01.000 104.762972 28.421574 0.4 5.51
2019 06 21 20 04 18.400 104.762964 28.421122 0.5 5.53
2019 06 21 20 05 05.320 104.893066 28.354893 0.3 2.7
2019 06 21 20 05 59.800 104.785750 28.425002 1.8 4.92
2019 06 21 20 05 40.260 104.764526 28.420422 0.6 4.85
2019 06 21 20 08 07.440 104.780330 28.421071 0.5 2.72
2019 06 21 20 09 54.960 104.788363 28.431567 3.1 7.46
2019 06 21 20 12 12.360 104.780908 28.426239 0.7 2.84
2019 06 21 20 13 37.360 104.769824 28.423433 0.2 0.56
2019 06 21 20 14 14.800 104.766016 28.416349 0.1 2.01
2019 06 21 20 14 41.680 104.916951 28.360946 -0.4 1.52
2019 06 21 20 15 50.080 104.776221 28.420687 0.5 5.43
2019 06 21 20 17 21.720 104.760986 28.436338 2.0 5.66
2019 06 21 20 17 47.200 104.853866 28.395469 1.2 2.88
2019 06 21 20 18 18.880 104.854777 28.399571 1.3 5.24
2019 06 21 20 20 08.840 104.868302 28.391032 0.1 1.95
2019 06 21 20 21 45.740 104.761857 28.435427 1.2 5.56
2019 06 21 20 23 30.140 104.782869 28.426711 0.3 4.69
2019 06 21 20 25 34.480 104.927091 28.363989 0.6 2.12
2019 06 21 20 33 01.800 104.853410 28.396210 0.7 2.98
2019 06 21 20 33 44.680 104.915275 28.368347 0.3 1.88
2019 06 29 11 45 11.100 104.853459 28.395915 0.2 2.95
2019 06 21 20 37 53.520 104.777059 28.432422 0.3 4.36
2019 06 21 20 38 35.440 104.856600 28.403153 0.0 10.36
2019 06 21 20 41 15.320 104.891610 28.355540 0.5 2.88
2019 06 21 20 43 08.480 104.752612 28.421198 -0.0 6.11
2019 06 21 20 46 35.440 104.852751 28.394285 0.5 2.98
2019 06 21 20 47 45.400 104.802702 28.408083 0.3 2.32
2019 06 21 20 50 12.400 104.803849 28.430961 0.2 8.61
2019 06 21 20 50 41.400 104.770386 28.424013 0.4 -1.12
2019 06 21 20 54 02.180 104.748356 28.433396 1.1 6.61
2019 06 21 20 59 51.120 104.847689 28.395996 1.4 3.22
2019 06 21 21 02 34.640 104.925187 28.348442 0.5 2.54
2019 06 21 21 03 21.220 104.746859 28.431531 0.6 5.61
2019 06 21 21 04 27.020 104.772038 28.422679 3.0 5.59
2019 06 21 21 07 23.160 104.902075 28.370463 0.7 2.59
2019 06 21 21 08 06.100 104.773315 28.420310 0.3 2.86
2019 06 21 21 08 30.200 104.762948 28.426729 0.3 5.64
2019 06 21 21 08 43.620 104.757121 28.425861 -0.0 5.88
2019 06 21 21 09 45.960 104.857560 28.393563 0.4 2.86
2019 06 21 21 11 29.040 104.764657 28.419796 0.4 5.12
2019 06 21 21 13 17.720 104.760669 28.429588 0.3 1.25
2019 06 21 21 14 18.920 104.742082 28.431732 -0.1 6.86
2019 06 21 21 14 41.320 104.774097 28.420188 0.7 2.03
2019 06 21 21 15 00.160 104.761768 28.424471 2.0 5.56
2019 06 21 21 15 57.040 104.754476 28.421307 0.4 4.16
2019 06 21 21 16 22.160 104.742904 28.433598 0.4 6.49
2019 06 21 21 16 52.640 104.766813 28.432257 0.8 1.3
2019 06 21 21 18 11.460 104.759448 28.428821 0.3 1.37
2019 06 21 21 20 13.840 104.933057 28.391642 0.6 2.73
2019 06 21 21 21 19.040 104.769971 28.425114 0.4 5.45
2019 06 21 21 22 44.040 104.793962 28.397909 0.3 3.92
2019 06 21 21 25 11.640 104.851278 28.420030 -0.2 1.47
2019 06 21 21 26 04.760 104.779850 28.420860 0.4 5.32
2019 06 21 21 28 44.960 104.752319 28.425358 1.7 6.03
2019 06 21 21 31 21.240 104.894303 28.354124 0.1 2.6
2019 06 21 21 36 30.880 104.765552 28.436328 0.3 4.06
2019 06 21 21 36 42.180 104.763770 28.421114 0.2 5.41
2019 06 21 21 37 46.200 104.896842 28.350301 0.3 2.03
2019 06 21 21 38 18.400 104.878825 28.384896 -0.0 2.93
2019 06 21 21 40 17.800 104.862476 28.401351 0.8 5.35
2019 06 21 21 41 32.280 104.783952 28.416951 0.3 4.85
2019 06 21 21 44 36.420 104.771712 28.436405 0.3 0.23
2019 06 21 21 46 27.860 104.783179 28.412364 0.2 1.93
2019 06 21 21 46 11.140 104.835449 28.395148 -0.3 4.82
2019 06 21 21 47 09.440 104.931787 28.361780 0.6 2.16
2019 06 21 21 49 53.680 104.854557 28.395095 0.7 2.91
2019 06 21 21 51 29.920 104.881974 28.338617 0.5 4.67
2019 06 21 21 51 58.820 104.765576 28.428682 0.2 -0.68
2019 06 21 21 52 30.100 104.772388 28.420357 0.7 5.12
2019 06 21 21 52 52.140 104.772900 28.420115 0.7 2.89
2019 06 21 21 53 38.880 104.799202 28.427026 1.2 3.78
2019 06 21 21 55 25.680 104.820809 28.412437 1.2 3.46
2019 06 21 22 08 53.820 104.763118 28.438037 1.6 5.59
2019 06 21 22 09 45.160 104.771240 28.434135 1.1 4.14
2019 06 21 22 10 42.260 104.882153 28.338472 0.2 4.66
2019 06 21 22 11 26.480 104.983870 28.354464 0.4 7.12
2019 06 30 05 22 30.960 104.766113 28.424795 0.2 4.59
2019 06 21 22 13 50.160 104.833244 28.408521 0.2 2.14
2019 06 21 22 22 27.440 104.867660 28.386196 0.5 2.36
2019 06 21 22 27 51.020 104.849829 28.371765 0.8 2.99
2019 06 21 22 30 34.560 104.892342 28.377641 0.9 3.06
2019 06 21 22 32 12.640 104.911784 28.378099 0.7 2.83
2019 06 21 22 33 04.280 104.876432 28.387856 0.9 1.11
2019 06 21 22 40 17.080 104.770329 28.425234 0.9 5.41
2019 06 21 22 42 51.240 104.820793 28.408748 0.4 1.74
2019 06 21 22 45 21.380 104.852197 28.397616 1.3 2.84
2019 06 21 22 49 05.600 104.834448 28.431683 3.3 9.1
2019 06 21 22 48 55.360 104.891349 28.378141 0.2 1.61
2019 06 21 22 52 19.640 104.889250 28.379828 0.2 5.92
2019 06 21 22 53 15.520 104.765373 28.417757 0.7 5.3
2019 06 21 22 54 06.640 104.783309 28.417249 1.3 5.02
2019 06 21 22 56 31.620 104.768180 28.435624 1.0 4.19
2019 06 21 22 59 28.080 104.744808 28.430035 0.8 5.93
2019 06 21 23 01 03.280 104.931982 28.364305 1.0 2.17
2019 06 21 23 00 45.280 104.902865 28.364441 0.6 2.29
2019 06 21 23 01 58.180 104.854411 28.391219 0.4 2.76
2019 06 21 23 05 39.260 104.883716 28.381553 0.8 2.91
2019 06 21 23 05 22.200 104.785653 28.433417 0.4 1.35
2019 06 21 23 07 11.080 104.839803 28.420583 0.4 3.49
2019 06 21 23 06 45.880 104.801611 28.421566 0.4 5.14
2019 06 21 23 09 24.560 104.805876 28.419204 0.7 3.36
2019 06 21 23 12 37.580 104.738704 28.430686 0.9 8.44
2019 06 21 23 16 11.800 104.773006 28.412113 0.3 6.52
2019 06 21 23 19 45.640 104.794678 28.427972 0.4 3.01
2019 06 21 23 22 08.080 104.793864 28.427126 1.3 5.39
2019 06 21 23 24 09.660 104.816813 28.407717 0.6 2.39
2019 06 21 23 30 59.820 104.783138 28.423228 0.6 5.29
2019 06 21 23 32 08.840 104.776888 28.416683 0.3 3.57
2019 06 21 23 32 44.140 104.820996 28.408683 0.9 9.46
2019 06 21 23 33 15.560 104.799414 28.416329 0.5 3.66
2019 06 21 23 35 13.240 104.761849 28.436631 0.9 4.25
2019 06 21 23 36 46.800 104.931763 28.392240 1.5 2.74
2019 06 21 23 38 16.060 104.771313 28.434686 0.7 4.18
2019 06 21 23 42 10.100 104.781763 28.417306 0.2 4.97
2019 06 21 23 43 37.460 104.881901 28.338753 0.6 4.7
2019 06 21 23 44 08.680 104.747160 28.426683 1.1 6.48
2019 06 21 23 44 58.880 104.858993 28.391219 1.0 2.93
2019 06 21 23 46 55.560 104.881641 28.339010 0.3 4.68
2019 06 21 23 53 25.000 104.841024 28.420264 0.7 3.43
2019 06 21 23 57 37.360 104.826904 28.420762 1.4 5.44
2019 06 21 23 59 28.640 104.762012 28.423643 1.4 2.99
2019 06 22 00 00 53.630 104.760978 28.432113 0.3 4.22
2019 06 22 00 01 54.660 104.839445 28.387319 0.3 4.03
2019 06 22 00 02 47.380 104.772754 28.420170 0.8 2.9
2019 06 22 00 10 19.010 104.802018 28.411857 0.7 4.79
2019 06 22 00 13 51.470 104.881966 28.339189 0.2 4.66
2019 06 22 00 16 54.450 104.818042 28.405760 0.6 2.85
2019 06 22 00 17 16.500 104.932878 28.367045 1.0 3.42
2019 06 22 00 18 38.080 104.884001 28.381726 0.9 2.9
2019 06 22 00 25 17.620 104.848324 28.393424 0.7 5.64
2019 06 22 00 31 31.150 104.881624 28.338997 1.6 4.7
2019 06 22 00 35 18.610 104.890780 28.356512 0.3 2.59
2019 06 22 00 43 51.610 104.771102 28.434186 1.1 4.18
2019 06 22 00 53 07.600 104.765438 28.436330 1.2 5.68
2019 06 22 00 57 31.420 104.771940 28.421299 1.4 5.43
2019 06 22 00 59 00.040 104.883626 28.346696 2.5 3.51
2019 06 22 01 01 06.400 104.772005 28.421641 0.8 5.43
2019 06 22 01 01 27.610 104.763737 28.420213 0.8 4.97
2019 06 22 01 02 40.920 104.779191 28.419053 0.7 5.49
2019 06 22 01 07 40.460 104.926978 28.378790 0.9 3.02
2019 06 22 01 14 47.720 104.772404 28.435459 0.8 5.31
2019 06 22 01 18 05.420 104.827572 28.405145 0.6 3.06
2019 06 22 01 18 55.140 104.881649 28.384723 0.9 4.24
2019 06 22 01 22 22.130 104.746582 28.431114 1.2 7.04
2019 06 22 01 23 28.870 104.783260 28.426864 0.6 4.76
2019 06 22 01 28 04.870 104.802913 28.422536 3.5 7.91
2019 06 22 01 28 57.350 104.764526 28.420227 2.0 5.49
2019 06 22 01 29 24.390 104.801099 28.423480 3.5 7.56
2019 06 22 01 34 36.170 104.764372 28.421423 2.2 5.5
2019 06 22 01 36 43.540 104.763420 28.421228 0.6 4.93
2019 06 22 01 40 12.740 104.945142 28.361405 1.2 3.4
2019 06 22 01 41 13.610 104.771631 28.420587 0.8 2.88
2019 06 22 01 42 01.700 104.771663 28.420862 0.9 5.25
2019 06 22 01 47 48.730 104.838802 28.403920 0.5 4.05
2019 06 22 01 49 12.400 104.951335 28.364469 0.7 3.27
2019 06 22 01 51 32.460 104.848486 28.389545 1.0 2.88
2019 06 22 01 52 44.690 104.761792 28.423195 0.8 3.22
2019 06 22 01 54 07.530 104.743237 28.422829 1.7 5.89
2019 06 22 01 57 21.900 104.776978 28.418846 1.1 2.74
2019 06 22 01 57 49.970 104.761662 28.422646 0.9 5.59
2019 06 22 02 01 59.890 104.854492 28.394238 0.9 2.89
2019 06 22 02 04 03.110 104.761393 28.435203 1.0 5.54
2019 06 22 02 06 51.120 104.848291 28.401550 0.6 5.22
2019 06 22 02 08 34.900 104.767204 28.421794 0.5 5.13
2019 06 22 02 09 26.940 104.881917 28.340037 1.2 4.68
2019 06 22 02 12 49.760 104.855640 28.400267 1.1 5.32
2019 06 22 02 12 56.060 104.764412 28.416329 1.2 5.5
2019 06 22 02 13 45.250 104.784408 28.435154 0.6 4.13
2019 06 22 02 14 54.230 104.932397 28.354425 -0.1 1.57
2019 06 22 02 15 44.100 104.747860 28.425557 2.9 6.43
2019 06 22 02 23 25.430 104.838273 28.386825 1.5 4.0
2019 06 22 02 25 14.690 104.766007 28.414827 0.5 4.93
2019 06 22 02 32 11.910 104.826750 28.407876 0.7 2.95
2019 06 22 02 36 58.580 104.847412 28.399347 0.9 3.06
2019 06 22 02 43 59.880 104.856576 28.403717 0.9 2.92
2019 06 22 02 46 39.080 104.874162 28.385370 0.1 0.86
2019 06 22 02 58 07.400 104.790324 28.416024 1.0 4.77
2019 06 22 03 02 35.020 104.770589 28.414968 0.6 5.77
2019 06 22 03 15 01.680 104.791414 28.438314 2.2 5.02
2019 06 22 03 21 11.120 104.770313 28.434867 1.0 5.47
2019 06 22 03 24 53.670 104.756600 28.421370 0.2 5.25
2019 06 22 03 26 19.850 104.882454 28.339398 0.9 4.65
2019 06 22 03 26 42.170 104.769442 28.436265 1.4 5.51
2019 06 22 03 32 26.320 104.771794 28.422026 0.9 5.38
2019 06 22 03 34 46.020 104.946232 28.372679 0.6 3.02
2019 06 22 03 35 57.140 104.930257 28.365037 1.1 4.13
2019 06 22 03 40 02.460 104.786230 28.405235 0.2 4.95
2019 06 22 03 42 31.070 104.766211 28.419368 1.0 2.23
2019 06 22 03 44 15.570 104.786458 28.419324 0.5 4.95
2019 06 22 03 48 41.750 104.754899 28.441290 0.4 5.54
2019 06 22 03 49 35.730 104.882511 28.339783 1.5 4.67
2019 06 22 03 50 23.400 104.889779 28.353294 2.8 2.94
2019 06 22 03 51 40.970 104.883179 28.339901 0.5 4.55
2019 06 22 03 52 39.010 104.794507 28.416382 0.9 4.57
2019 06 22 03 54 40.890 104.770101 28.425031 1.6 5.46
2019 06 22 04 03 54.290 104.765177 28.417712 0.8 5.29
2019 06 22 04 08 27.060 104.850724 28.410431 1.3 2.98
2019 06 22 04 09 45.250 104.846647 28.406095 0.6 1.59
2019 06 22 04 11 10.860 104.767904 28.415344 0.3 6.36
2019 06 22 04 13 31.860 104.799447 28.416195 1.6 4.61
2019 06 22 04 14 23.570 104.768392 28.419200 0.7 5.42
2019 06 22 04 15 57.120 104.755298 28.443642 0.7 5.55
2019 06 22 04 15 50.710 104.890747 28.347052 0.3 1.41
2019 06 22 04 16 43.120 104.781120 28.417657 0.3 4.93
2019 06 22 04 18 02.800 104.803141 28.430184 0.9 6.47
2019 06 22 04 19 56.130 104.883952 28.338300 0.3 4.64
2019 06 22 04 25 09.340 104.767920 28.422668 0.9 5.24
2019 06 22 04 33 49.880 104.842000 28.392295 1.2 0.23
2019 06 22 04 37 32.870 104.784749 28.424068 1.2 2.76
2019 06 22 04 41 55.690 104.784058 28.427779 0.4 2.84
2019 06 22 04 42 39.060 104.752083 28.435333 1.0 5.52
2019 06 22 04 47 12.010 104.857170 28.391663 0.2 2.22
2019 06 22 04 50 05.780 104.764551 28.417255 0.9 2.87
2019 06 22 04 58 28.530 104.814722 28.407037 0.5 3.12
2019 06 22 04 58 24.420 104.833927 28.397782 0.3 4.97
2019 06 22 05 04 11.030 104.897673 28.366345 0.5 2.33
2019 06 22 05 04 51.830 104.784587 28.433378 0.7 4.16
2019 06 22 05 06 19.710 104.797241 28.415096 0.1 3.8
2019 06 22 05 10 21.950 104.823592 28.414659 1.3 3.18
2019 06 22 05 11 16.960 104.764876 28.417118 0.5 5.39
2019 06 22 05 14 27.300 104.869222 28.391475 0.4 1.44
2019 06 22 05 28 14.780 104.763745 28.416217 0.4 5.23
2019 06 22 05 31 37.330 104.765706 28.425793 1.1 5.67
2019 06 22 05 33 53.240 104.854639 28.395734 0.6 2.95
2019 06 22 05 36 16.580 104.802433 28.411503 0.1 2.82
2019 06 22 05 42 35.570 104.784692 28.433144 1.0 4.16
2019 06 22 05 44 00.320 104.881868 28.338765 1.2 4.72
2019 06 22 05 56 26.070 104.840365 28.421434 0.7 3.52
2019 06 22 05 58 13.120 104.772160 28.415243 1.8 5.83
2019 06 22 06 01 57.820 104.774976 28.417912 0.6 5.23
2019 06 22 06 06 54.410 104.933252 28.367426 1.2 2.21
2019 06 22 06 06 34.710 104.751416 28.443437 0.9 5.93
2019 06 22 06 09 30.400 104.775895 28.417450 0.8 5.26
2019 06 22 06 14 01.200 104.893384 28.376402 0.8 5.72
2019 06 22 06 27 55.560 104.880363 28.386239 1.1 4.16
2019 06 22 06 31 04.300 104.768758 28.414709 1.0 5.32
2019 06 22 06 36 13.160 104.747510 28.423936 1.5 6.53
2019 06 22 06 36 44.080 104.749528 28.436808 0.7 6.56
2019 06 22 06 38 01.710 104.796208 28.419120 0.9 -0.44
2019 06 22 06 42 51.950 104.747021 28.424103 0.5 6.61
2019 06 22 06 43 15.520 104.806478 28.410604 0.2 1.44
2019 06 22 06 47 02.340 104.764412 28.419954 2.0 5.45
2019 06 22 06 48 10.300 104.764746 28.420388 0.9 5.52
2019 06 22 06 48 44.180 104.766520 28.420410 1.6 5.46
2019 06 22 06 50 46.380 104.884538 28.361200 0.8 2.17
2019 06 22 06 54 03.710 104.769425 28.434019 0.4 4.14
2019 06 22 06 55 43.290 104.795378 28.423033 0.9 5.24
2019 06 22 06 56 12.930 104.768620 28.420772 1.8 5.65
2019 06 22 06 57 49.750 104.766610 28.420837 0.9 5.08
2019 06 22 06 59 39.600 104.775798 28.422013 1.2 2.81
2019 06 22 07 06 15.570 104.925863 28.363629 0.6 1.93
2019 06 22 07 06 39.970 104.848926 28.416341 1.0 3.09
2019 06 22 07 11 56.800 104.775252 28.432196 0.9 4.05
2019 06 22 07 17 39.310 104.767367 28.424540 0.5 0.55
2019 06 22 07 17 48.250 104.758870 28.424288 0.5 0.34
2019 06 22 07 20 29.390 104.775057 28.432544 1.0 4.13
2019 06 22 07 32 36.620 104.763118 28.420109 0.3 5.45
2019 06 22 07 39 25.880 104.943091 28.364956 0.9 2.22
2019 06 22 07 44 08.260 104.754297 28.421163 1.7 6.1
2019 06 22 07 46 20.020 104.916707 28.366453 1.1 1.77
2019 06 22 07 47 12.640 104.757161 28.439742 1.0 5.51
2019 06 22 07 48 13.780 104.767586 28.434652 1.2 4.14
2019 06 22 07 49 03.480 104.750692 28.413316 2.8 6.74
2019 06 22 07 48 40.300 104.775090 28.425983 1.3 5.09
2019 06 22 07 48 48.870 104.792253 28.431236 0.8 3.1
2019 06 22 07 50 14.530 104.755249 28.419973 1.6 6.03
2019 06 22 07 50 49.250 104.755526 28.419926 2.6 6.03
2019 06 22 07 50 26.220 104.743237 28.422620 1.4 5.91
2019 06 22 07 54 17.530 104.754793 28.420166 1.1 6.05
2019 06 22 07 54 02.140 104.769434 28.418129 1.0 2.38
2019 06 22 07 54 48.770 104.756600 28.421252 1.1 6.04
2019 06 22 08 02 35.860 104.766113 28.423057 0.9 5.25
2019 06 22 08 06 04.040 104.853792 28.405282 0.8 3.04
2019 06 22 08 07 54.170 104.765365 28.423977 1.4 5.54
2019 06 22 08 09 21.120 104.766951 28.423234 1.2 2.34
2019 06 22 08 12 00.990 104.765007 28.422980 1.1 5.57
2019 06 22 08 13 31.490 104.764844 28.422255 2.0 5.52
2019 06 22 08 18 45.880 104.823608 28.413149 0.4 2.5
2019 06 22 08 19 31.530 104.776440 28.417074 0.6 5.24
2019 06 22 08 21 38.190 104.764299 28.418311 0.5 2.87
2019 06 22 08 21 52.090 104.883366 28.341416 0.5 4.61
2019 06 22 08 24 45.860 104.753735 28.421055 0.7 6.1
2019 06 22 08 27 37.830 104.755127 28.421971 1.0 6.09
2019 06 22 08 27 14.710 104.759961 28.421104 0.7 5.63
2019 06 22 08 28 10.340 104.756657 28.420424 1.2 6.01
2019 06 22 08 29 39.520 104.806274 28.410931 0.3 1.48
2019 06 22 08 30 12.660 104.851009 28.390658 0.8 2.9
2019 06 22 08 34 25.480 104.769507 28.423863 1.1 5.57
2019 06 22 08 42 22.430 104.740462 28.429268 1.4 7.67
2019 06 22 08 42 19.820 104.876310 28.386041 1.1 3.89
2019 06 22 08 45 53.560 104.738835 28.429405 1.0 7.9
2019 06 22 08 47 08.430 104.764396 28.423004 0.4 5.58
2019 06 22 08 48 02.260 104.856453 28.388359 1.0 2.74
2019 06 22 08 50 37.850 104.767456 28.421405 0.8 5.46
2019 06 22 08 53 51.580 104.770768 28.417603 0.5 5.5
2019 06 22 08 54 51.450 104.854915 28.413538 0.9 4.98
2019 06 22 08 54 34.400 104.754858 28.421863 0.2 6.1
2019 06 22 08 57 43.550 104.818774 28.402702 0.5 5.49
2019 06 22 09 03 17.440 104.761190 28.438715 0.9 5.44
2019 06 22 09 04 34.740 104.770076 28.423389 0.6 1.43
2019 06 22 09 07 17.640 104.772087 28.420691 0.4 5.23
2019 06 22 09 11 54.080 104.734888 28.433840 0.8 8.41
2019 06 22 09 21 51.490 104.785050 28.421088 1.9 5.26
2019 06 22 09 31 27.280 104.839575 28.421263 0.7 3.53
2019 06 22 09 32 19.710 104.793864 28.416500 0.3 4.55
2019 06 22 09 34 16.060 104.763354 28.417322 0.5 5.45
2019 06 22 09 35 49.370 104.783659 28.421629 1.4 5.26
2019 06 22 09 36 40.040 104.811938 28.410508 1.4 3.92
2019 06 22 09 37 53.890 104.776554 28.417849 0.6 2.08
2019 06 22 09 41 44.910 104.784367 28.420992 0.5 5.12
2019 06 22 09 42 11.580 104.796045 28.423773 1.5 5.1
2019 06 22 09 45 23.590 104.852848 28.404576 1.0 3.01
2019 06 22 09 45 57.630 104.853410 28.405605 1.0 3.05
2019 06 22 09 48 01.170 104.854354 28.405009 0.8 3.03
2019 06 22 09 50 38.840 104.787467 28.423281 0.1 2.34
2019 06 22 09 50 14.590 104.784627 28.421208 0.4 5.18
2019 06 22 09 53 30.650 104.848877 28.401141 1.0 3.09
2019 06 22 09 56 08.360 104.760588 28.421796 1.4 5.93
2019 06 22 09 56 52.930 104.763281 28.423313 1.4 4.87
2019 06 22 10 00 04.960 104.764958 28.423641 0.5 2.42
2019 06 22 10 02 34.050 104.767749 28.418728 0.2 3.91
2019 06 22 10 08 42.400 104.785270 28.416229 2.7 5.88
2019 06 22 10 14 19.920 104.884212 28.338055 0.6 4.61
2019 06 22 10 15 42.360 104.792196 28.431175 0.6 3.96
2019 06 22 10 17 12.480 104.777287 28.418618 0.4 2.68
2019 06 22 10 16 54.040 104.815137 28.406142 0.3 2.6
2019 06 22 10 21 25.590 104.882666 28.385791 1.2 4.15
2019 06 22 10 24 40.540 104.737964 28.431966 0.8 8.53
2019 06 22 10 25 26.460 104.892863 28.354972 0.8 3.14
2019 06 22 10 26 02.660 104.889355 28.356702 0.2 2.52
2019 06 22 10 30 52.330 104.759733 28.406480 1.2 5.28
2019 06 22 10 37 38.070 104.745150 28.423293 0.6 3.82
2019 06 22 10 39 05.440 104.928141 28.352456 0.8 2.91
2019 06 22 10 40 39.730 104.945825 28.368437 0.5 1.26
2019 06 22 10 41 09.220 104.849805 28.394944 0.8 3.22
2019 06 22 10 44 28.930 104.766439 28.421273 0.5 4.98
2019 06 22 10 45 44.070 104.864071 28.385559 0.7 2.39
2019 06 22 10 47 35.960 104.846322 28.394720 0.6 3.24
2019 06 22 10 50 30.790 104.918734 28.399528 0.6 5.7
2019 06 22 10 53 00.570 104.799316 28.422664 0.3 2.91
2019 06 22 10 52 33.660 104.885620 28.345325 0.1 3.66
2019 06 22 10 55 16.180 104.883805 28.338558 0.4 4.65
2019 06 22 10 57 01.220 104.734937 28.433083 2.3 8.43
2019 06 22 10 58 20.870 104.734253 28.434145 1.3 8.47
2019 06 22 11 00 12.550 104.739600 28.435476 0.2 6.47
2019 06 22 11 08 51.970 104.871419 28.339286 0.4 4.73
2019 06 22 11 14 05.890 104.849056 28.412531 0.6 2.97
2019 06 22 11 15 04.900 104.888135 28.376721 0.6 2.11
2019 06 22 11 28 29.840 104.735173 28.433698 0.9 8.46
2019 06 22 11 32 08.390 104.832218 28.381919 3.2 5.65
2019 06 22 11 32 34.160 104.764950 28.431065 0.4 4.5
2019 06 22 11 41 31.970 104.810327 28.413979 1.7 3.46
2019 06 22 11 43 09.800 104.840698 28.400773 1.1 3.17
2019 06 22 11 43 20.620 104.793693 28.416813 1.5 4.55
2019 06 22 11 45 31.820 104.771200 28.420197 0.9 4.16
2019 06 22 11 47 53.390 104.841382 28.407530 0.6 2.24
2019 06 22 11 57 02.950 104.914323 28.371084 0.6 1.69
2019 06 22 11 58 42.750 104.774943 28.418073 0.3 2.89
2019 06 22 12 03 44.540 104.893506 28.360205 0.4 2.9
2019 06 22 12 05 16.000 104.789201 28.419550 2.1 5.26
2019 06 22 12 05 05.060 104.755566 28.421281 0.8 6.05
2019 06 22 12 06 52.830 104.830591 28.393636 1.9 4.86
2019 06 22 12 09 26.030 104.760645 28.443756 0.6 2.4
2019 06 22 12 11 41.520 104.764990 28.420131 2.0 5.35
2019 06 22 12 15 31.730 104.813118 28.414445 1.6 3.9
2019 06 22 12 22 16.700 104.925708 28.391608 0.2 5.11
2019 06 22 12 23 34.190 104.894442 28.379995 0.9 4.33
2019 06 22 12 28 42.400 104.886662 28.379199 0.4 2.63
2019 06 22 12 30 26.340 104.827262 28.391333 3.7 9.03
2019 06 22 12 31 54.290 104.831510 28.390350 1.7 4.93
2019 06 22 12 33 00.410 104.834530 28.393504 1.1 4.83
2019 06 22 12 33 47.890 104.830168 28.389543 0.9 4.92
2019 06 22 12 34 12.040 104.834855 28.393907 0.8 4.89
2019 06 22 12 34 48.640 104.834814 28.394169 1.7 4.91
2019 06 22 12 35 32.210 104.834945 28.393691 0.8 4.86
2019 06 22 12 36 05.360 104.834074 28.394120 0.4 4.78
2019 06 22 12 36 50.790 104.828605 28.394788 0.6 5.05
2019 06 22 12 37 51.520 104.828491 28.394590 0.4 5.13
2019 06 22 12 39 05.610 104.895540 28.380239 1.5 5.97
2019 06 22 12 42 13.600 104.834342 28.380251 0.0 4.02
2019 06 22 12 43 46.480 104.834318 28.394155 0.5 4.78
2019 06 22 12 44 29.830 104.758854 28.424286 0.4 0.36
2019 06 22 12 45 07.410 104.764811 28.419690 0.7 2.92
2019 06 22 12 47 05.240 104.878345 28.383708 1.2 4.32
2019 06 22 12 47 40.950 104.860750 28.399685 0.8 7.95
2019 06 22 12 48 45.050 104.838045 28.396159 2.7 8.88
2019 06 22 12 51 05.600 104.848291 28.393618 0.6 3.02
2019 06 22 12 51 41.580 104.767179 28.417367 0.5 2.13
2019 06 22 12 52 28.820 104.817114 28.400775 1.0 1.69
2019 06 22 12 58 20.140 104.883040 28.337042 0.1 4.66
2019 06 22 13 00 16.570 104.769515 28.435982 0.4 5.5
2019 06 22 13 02 05.320 104.834212 28.394185 1.2 4.83
2019 06 22 13 02 24.080 104.873657 28.375562 1.3 3.09
2019 06 22 13 03 39.460 104.830648 28.389524 0.8 4.92
2019 06 22 13 04 58.960 104.884115 28.380062 0.3 2.4
2019 06 22 13 05 11.330 104.942790 28.375456 0.6 3.27
2019 06 22 13 07 01.850 104.790446 28.417354 0.8 2.63
2019 06 22 13 10 18.870 104.831779 28.390609 1.6 4.95
2019 06 22 13 14 38.360 104.834245 28.395754 0.6 7.26
2019 06 22 13 15 33.690 104.822795 28.415741 0.7 5.66
2019 06 22 13 18 33.470 104.883968 28.341437 0.4 4.47
2019 06 22 13 18 45.580 104.830493 28.390200 2.4 4.95
2019 06 22 13 18 39.230 104.773364 28.411318 1.6 6.3
2019 06 22 13 22 46.740 104.843376 28.397349 1.0 2.77
2019 06 22 13 29 35.470 104.766081 28.421631 0.4 3.25
2019 06 22 13 32 42.680 104.773307 28.430717 0.5 1.95
2019 06 22 13 37 06.480 104.934456 28.363155 0.6 2.65
2019 06 22 13 37 50.290 104.831852 28.393713 0.9 4.7
2019 06 22 13 44 12.290 104.930542 28.362284 0.8 2.19
2019 06 22 13 44 45.860 104.734733 28.433988 0.9 8.45
2019 06 22 13 45 17.280 104.940356 28.368514 0.2 2.34
2019 06 22 13 46 50.400 104.776758 28.429942 1.9 5.93
2019 06 22 13 50 00.860 104.833040 28.391638 0.8 4.9
2019 06 22 13 51 47.480 104.933781 28.362229 0.6 2.44
2019 06 22 13 57 05.390 104.764689 28.416471 0.4 2.88
2019 06 22 13 57 41.090 104.882617 28.336737 0.5 4.69
2019 06 22 13 57 53.700 104.894906 28.371682 0.8 2.19
2019 06 22 14 08 01.650 104.772428 28.420498 1.2 5.41
2019 06 22 14 14 13.180 104.797111 28.430621 0.7 2.83
2019 06 22 14 15 55.650 104.788550 28.438920 0.5 4.18
2019 06 22 14 16 09.900 104.778076 28.412307 0.2 4.55
2019 06 22 14 17 44.140 104.767318 28.424398 0.2 -0.6
2019 06 22 14 17 27.700 104.917350 28.399530 0.5 5.68
2019 06 22 14 19 43.730 104.772477 28.416427 0.5 5.23
2019 06 22 14 21 12.550 104.769051 28.422528 0.9 5.52
2019 06 22 14 23 04.360 104.771590 28.421277 2.5 5.44
2019 06 22 14 24 39.130 104.768896 28.423826 0.5 5.56
2019 06 22 14 28 15.730 104.769043 28.434373 0.6 4.15
2019 06 22 14 29 56.390 104.780868 28.447870 5.2 5.74
2019 06 22 14 32 20.320 104.790332 28.437079 3.3 3.09
2019 06 22 14 32 59.960 104.777279 28.439062 2.7 2.95
2019 06 22 14 33 52.210 104.769157 28.416964 2.7 2.08
2019 06 22 14 34 45.930 104.787931 28.430353 2.8 5.58
2019 06 22 14 35 43.220 104.893091 28.371753 1.9 1.9
2019 06 22 14 36 28.140 104.787712 28.415251 1.8 1.82
2019 06 22 14 36 49.940 104.775456 28.427299 1.6 1.33
2019 06 22 14 37 14.090 104.808944 28.423273 1.5 3.04
2019 06 22 14 38 33.490 104.771655 28.417253 1.6 2.11
2019 06 22 14 38 20.690 104.791935 28.428892 1.2 2.53
2019 06 22 14 39 13.690 104.798201 28.439307 1.5 2.37
2019 06 22 14 39 43.660 104.778988 28.489036 1.3 4.07
2019 06 22 14 40 39.100 104.791423 28.434973 1.2 2.61
2019 06 22 14 40 47.900 104.783171 28.431714 1.0 2.88
2019 06 22 14 41 32.960 104.782853 28.429897 0.9 2.82
2019 06 22 14 41 18.920 104.794881 28.440493 0.8 2.88
2019 06 22 14 41 38.860 104.794246 28.440658 1.0 3.2
2019 06 22 14 42 57.270 104.792782 28.442682 2.6 5.52
2019 06 22 14 43 26.930 104.785669 28.439484 1.6 5.82
2019 06 22 14 44 13.750 104.771639 28.416209 1.2 5.23
2019 06 22 14 44 57.370 104.808561 28.448356 1.9 6.06
2019 06 22 14 44 33.470 104.894157 28.346397 0.7 2.8
2019 06 22 14 45 49.290 104.781624 28.431496 1.2 2.85
2019 06 22 14 46 00.750 104.780745 28.430316 1.3 2.91
2019 06 22 14 47 07.720 104.811344 28.451058 1.4 5.37
2019 06 22 14 47 51.990 104.794840 28.439406 2.3 2.97
2019 06 22 14 48 19.390 104.768636 28.414581 1.8 5.32
2019 06 22 14 49 03.730 104.780851 28.439825 2.0 2.92
2019 06 22 14 50 02.450 104.762101 28.421783 1.3 4.99
2019 06 22 14 50 29.170 104.792700 28.436058 1.7 3.32
2019 06 22 14 51 02.390 104.768302 28.416597 1.2 5.35
2019 06 22 14 51 32.630 104.765959 28.416388 0.9 2.12
2019 06 22 14 51 58.690 104.784489 28.433010 2.2 4.14
2019 06 22 14 53 32.940 104.758268 28.426267 0.7 -0.28
2019 06 22 14 53 10.580 104.769149 28.416840 0.8 5.37
2019 06 22 14 53 40.940 104.788232 28.443009 1.6 3.43
2019 06 22 14 54 37.720 104.793595 28.441030 1.3 3.2
2019 06 22 14 55 36.990 104.882869 28.337872 2.0 4.68
2019 06 22 14 56 39.500 104.769987 28.417660 0.8 3.23
2019 06 22 14 56 14.810 104.776042 28.489512 0.9 3.94
2019 06 22 14 56 56.700 104.797233 28.440479 1.8 3.96
2019 06 22 14 57 34.270 104.786906 28.459302 1.5 2.41
2019 06 22 14 58 22.900 104.795125 28.438788 1.0 3.28
2019 06 22 14 58 36.470 104.769499 28.422860 0.9 5.14
2019 06 22 14 59 08.290 104.773258 28.411129 2.6 6.38
2019 06 22 15 01 02.080 104.769808 28.419263 1.6 5.87
2019 06 22 15 01 43.190 104.876733 28.394489 0.9 5.62
2019 06 22 15 02 20.220 104.772949 28.418483 0.8 2.91
2019 06 22 15 03 28.740 104.786621 28.437685 0.6 3.7
2019 06 22 15 04 04.470 104.819824 28.408972 0.4 2.46
2019 06 22 15 04 41.590 104.768058 28.474219 0.6 5.66
2019 06 22 15 07 36.400 104.773047 28.416921 1.0 5.3
2019 06 22 15 08 34.690 104.783944 28.427167 1.0 3.15
2019 06 22 15 09 01.540 104.774113 28.418644 0.7 2.92
2019 06 22 15 09 18.730 104.770524 28.415804 0.9 5.27
2019 06 22 15 09 44.800 104.783626 28.426599 0.9 3.13
2019 06 22 15 10 14.010 104.771427 28.416113 1.3 5.23
2019 06 22 15 10 52.970 104.768685 28.414750 1.6 5.32
2019 06 22 15 11 49.450 104.788843 28.425616 0.4 1.59
2019 06 22 15 12 33.160 104.783081 28.437215 1.1 2.94
2019 06 22 15 13 18.930 104.766634 28.415556 0.5 5.39
2019 06 22 15 13 45.140 104.782983 28.437510 1.2 3.94
2019 06 22 15 15 24.390 104.786833 28.432068 0.3 2.74
2019 06 22 15 16 25.010 104.791390 28.430282 0.3 2.92
2019 06 22 15 16 49.170 104.783179 28.417086 0.7 2.67
2019 06 22 15 17 01.530 104.786157 28.448081 0.8 5.8
2019 06 22 15 17 36.960 104.799137 28.443709 1.9 5.4
2019 06 22 15 19 09.650 104.797070 28.441821 0.4 3.04
2019 06 22 15 18 54.130 104.796240 28.439716 0.9 2.77
2019 06 22 15 21 40.320 104.805054 28.446061 1.2 2.03
2019 06 22 15 22 18.070 104.818026 28.398739 0.7 1.77
2019 06 22 15 22 26.590 104.794214 28.441345 0.9 3.21
2019 06 22 15 23 06.630 104.792139 28.435834 0.8 4.12
2019 06 22 15 23 31.310 104.771289 28.419718 2.3 5.62
2019 06 22 15 25 35.290 104.800610 28.449575 3.2 7.19
2019 06 22 15 26 55.050 104.783187 28.443089 2.9 5.83
2019 06 22 15 28 29.480 104.794263 28.438743 1.1 2.89
2019 06 22 15 28 45.490 104.787199 28.435864 0.9 2.26
2019 06 22 15 31 00.170 104.781584 28.431272 0.8 2.92
2019 06 22 15 31 14.240 104.782804 28.424642 1.2 4.78
2019 06 22 15 31 54.510 104.798356 28.437783 0.5 3.08
2019 06 22 15 33 27.860 104.776742 28.428025 0.7 2.86
2019 06 22 15 33 49.150 104.782951 28.454769 0.6 2.41
2019 06 22 15 34 24.200 104.853833 28.414897 0.7 2.95
2019 06 28 10 01 21.700 104.787793 28.493140 0.9 8.9
2019 06 22 15 37 21.380 104.788534 28.462555 0.9 2.59
2019 06 22 15 38 39.320 104.858049 28.395056 1.0 2.67
2019 06 22 15 38 59.690 104.806608 28.448570 1.5 5.76
2019 06 22 15 39 23.870 104.792782 28.434353 1.2 5.94
2019 06 22 15 40 34.010 104.771875 28.420372 0.9 5.33
2019 06 22 15 41 11.890 104.853792 28.389203 0.4 2.61
2019 06 22 15 42 48.640 104.785994 28.453481 0.2 -0.61
2019 06 22 15 43 10.640 104.785726 28.439836 0.9 3.27
2019 06 22 15 44 23.900 104.794450 28.438326 0.6 2.99
2019 06 22 15 45 12.980 104.799373 28.451070 0.7 4.69
2019 06 22 15 46 08.530 104.810311 28.410000 1.7 3.58
2019 06 22 15 46 52.800 104.790812 28.430068 1.2 2.91
2019 06 22 15 47 03.010 104.809570 28.440607 1.6 5.51
2019 06 22 15 48 46.780 104.800806 28.429315 1.0 3.67
2019 06 22 15 51 29.740 104.769059 28.418339 0.9 2.17
2019 06 22 15 51 17.100 104.788094 28.415013 0.2 2.6
2019 06 22 15 53 00.630 104.832357 28.393766 1.6 4.76
2019 06 22 15 53 43.230 104.783040 28.425568 1.6 4.79
2019 06 22 15 56 06.760 104.762882 28.426917 1.9 5.51
2019 06 22 15 56 50.910 104.797746 28.439701 0.9 2.91
2019 06 22 15 57 42.020 104.795939 28.437026 1.4 3.1
2019 06 22 15 58 07.690 104.777490 28.433470 0.8 -1.0
2019 06 22 15 59 35.880 104.772526 28.420542 0.8 2.94
2019 06 22 15 59 41.070 104.793132 28.441510 1.1 5.35
2019 06 22 16 01 03.670 104.765649 28.487142 1.6 8.38
2019 06 22 16 01 18.230 104.794824 28.440243 1.6 5.67
2019 06 22 16 02 36.350 104.785978 28.457585 1.7 5.98
2019 06 22 16 02 57.180 104.795190 28.445355 1.2 5.9
2019 06 22 16 04 00.590 104.780119 28.433303 0.6 4.63
2019 06 22 16 04 29.950 104.781885 28.442088 0.6 1.99
2019 06 22 16 05 34.690 104.783016 28.422732 1.0 5.31
2019 06 22 16 06 39.240 104.808895 28.444106 0.5 5.54
2019 06 22 16 07 58.910 104.833122 28.392883 0.7 4.86
2019 06 22 16 08 41.820 104.787427 28.428664 0.4 2.88
2019 06 22 16 08 29.760 104.796126 28.437821 0.7 5.18
2019 06 22 16 09 39.150 104.760588 28.428265 0.9 2.04
2019 06 22 16 09 16.700 104.793709 28.417452 0.5 4.8
2019 06 22 16 10 31.480 104.787272 28.450378 0.7 3.72
2019 06 22 16 11 01.370 104.796297 28.427771 0.9 3.87
2019 06 22 16 12 04.750 104.789526 28.424489 0.9 2.72
2019 06 22 16 12 51.760 104.786776 28.445056 3.2 5.86
2019 06 22 16 12 28.730 104.785913 28.451933 0.9 5.9
2019 06 22 16 16 45.240 104.793351 28.434049 0.6 3.41
2019 06 22 16 18 07.900 104.930086 28.354161 1.0 2.17
2019 06 22 16 20 35.260 104.892505 28.352570 0.4 1.59
2019 06 22 16 20 44.690 104.916195 28.389551 0.7 3.89
2019 06 22 16 21 29.270 104.786393 28.447205 0.3 5.93
2019 06 22 16 22 10.240 104.802661 28.434717 0.7 3.86
2019 06 22 16 22 48.060 104.792415 28.437506 0.2 2.8
2019 06 22 16 23 24.680 104.829997 28.391805 0.6 4.68
2019 06 22 16 25 03.380 104.777393 28.491553 1.0 5.13
2019 06 22 16 24 38.230 104.796069 28.442122 0.4 3.0
2019 06 22 16 27 48.130 104.773381 28.443032 0.9 3.36
2019 06 22 16 27 38.340 104.802002 28.439785 0.7 4.21
2019 06 22 16 29 07.770 104.792782 28.441429 0.6 3.19
2019 06 22 16 29 47.260 104.786597 28.431571 0.3 2.71
2019 06 22 16 30 36.720 104.759635 28.427728 0.9 5.52
2019 06 22 16 31 56.850 104.793441 28.434233 0.6 3.44
2019 06 22 16 35 27.930 104.789111 28.446059 0.6 5.72
2019 06 22 16 36 09.790 104.795589 28.445496 0.6 5.33
2019 06 22 16 37 14.960 104.772070 28.420518 1.0 2.88
2019 06 22 16 36 57.540 104.917790 28.374969 0.4 2.39
2019 06 22 16 38 11.800 104.776725 28.420791 0.4 5.29
2019 06 22 16 40 12.270 104.925358 28.382867 0.4 2.48
2019 06 22 16 41 17.980 104.734245 28.432992 0.9 8.41
2019 06 22 16 41 41.420 104.776172 28.419548 0.9 2.53
2019 06 22 16 41 50.330 104.833887 28.389705 0.9 4.82
2019 06 22 16 42 19.840 104.777051 28.428971 0.3 2.87
2019 06 22 16 44 41.410 104.788721 28.454704 -0.0 5.8
2019 06 22 16 44 57.960 104.793937 28.436243 0.6 6.27
2019 06 22 16 46 09.380 104.762158 28.428845 2.1 5.57
2019 06 22 16 46 04.020 104.761279 28.427570 1.9 5.54
2019 06 22 16 47 09.250 104.798853 28.439691 1.0 5.65
2019 06 22 16 48 30.900 104.767871 28.421918 0.8 5.28
2019 06 22 16 49 20.160 104.766927 28.419232 2.0 5.5
2019 06 22 16 51 23.670 104.787842 28.428784 1.1 5.41
2019 06 22 16 51 00.190 104.801652 28.439187 0.2 2.38
2019 06 22 16 51 49.430 104.803198 28.447133 0.6 4.69
2019 06 22 16 53 31.480 104.769637 28.416962 0.3 5.24
2019 06 22 16 53 14.450 104.805485 28.447833 0.4 4.44
2019 06 22 16 55 01.240 104.945076 28.351589 1.8 2.65
2019 06 22 16 54 34.410 104.769043 28.475716 0.2 5.94
2019 06 22 16 56 20.940 104.779354 28.440236 1.0 1.08
2019 06 22 16 55 59.640 104.879565 28.378920 0.6 1.27
2019 06 22 16 57 13.990 104.830729 28.394261 2.2 4.8
2019 06 22 16 58 16.750 104.932023 28.359745 0.6 2.75
2019 06 22 16 58 52.520 104.780583 28.423733 1.3 5.23
2019 06 22 16 58 48.020 104.806795 28.448354 1.0 3.25
2019 06 22 16 59 44.600 104.771940 28.438867 0.5 -1.23
2019 06 22 17 00 18.800 104.798446 28.414490 1.0 3.83
2019 06 22 17 01 19.520 104.791211 28.441770 0.5 4.58
2019 06 22 17 04 04.120 104.788761 28.451896 0.4 5.81
2019 06 22 17 03 54.600 104.766349 28.419922 0.5 5.25
2019 06 22 17 08 17.840 104.762809 28.429572 1.0 5.52
2019 06 22 17 08 55.060 104.796997 28.443449 0.2 2.13
2019 06 22 17 09 21.180 104.785327 28.448452 0.6 5.82
2019 06 22 17 10 15.760 104.809131 28.441972 0.6 5.68
2019 06 22 17 11 01.940 104.895435 28.371305 0.8 2.19
2019 06 22 17 12 41.880 104.797054 28.416075 3.2 4.95
2019 06 22 17 15 56.980 104.763184 28.416046 1.1 5.21
2019 06 22 17 15 48.080 104.790487 28.445180 0.8 4.99
2019 06 22 17 17 31.940 104.881844 28.337736 -0.0 4.75
2019 06 22 17 17 07.680 104.786759 28.431301 0.3 1.53
2019 06 22 17 18 04.580 104.786523 28.440017 1.1 3.23
2019 06 22 17 17 52.920 104.795654 28.436562 0.5 3.6
2019 06 22 17 19 24.960 104.797526 28.428548 0.6 4.92
2019 06 22 17 19 10.360 104.781445 28.441813 0.5 3.75
2019 06 22 17 19 44.720 104.780843 28.429667 0.9 2.81
2019 06 22 17 20 38.360 104.783089 28.441199 1.1 5.72
2019 06 22 17 20 53.200 104.794523 28.413534 1.0 8.74
2019 06 22 17 21 17.980 104.787386 28.443205 0.8 2.92
2019 06 22 17 24 31.720 104.785864 28.420986 0.7 5.17
2019 06 22 17 25 27.180 104.770109 28.481976 0.7 6.6
2019 06 22 17 26 06.880 104.786011 28.428737 0.5 5.52
2019 06 22 17 27 25.300 104.830127 28.389939 3.0 8.78
2019 06 22 17 28 04.560 104.830046 28.389553 1.6 4.88
2019 06 22 17 30 14.760 104.830509 28.393105 0.8 4.84
2019 06 22 17 31 05.520 104.784823 28.441311 1.8 6.46
2019 06 22 17 32 23.460 104.882552 28.357406 0.4 3.52
2019 06 22 17 35 07.280 104.763688 28.429803 0.1 4.5
2019 06 22 17 35 40.160 104.786906 28.442550 0.2 3.52
2019 06 22 17 36 19.760 104.803939 28.437358 0.4 2.77
2019 06 22 17 37 29.840 104.877734 28.383315 0.8 4.37
2019 06 22 17 37 48.880 104.830387 28.389524 0.1 5.02
2019 06 22 17 38 30.040 104.771867 28.421153 1.8 5.45
2019 06 22 17 38 20.720 104.776383 28.442893 0.8 -1.58
2019 06 22 17 39 41.720 104.809375 28.422770 0.4 2.86
2019 06 22 17 40 47.720 104.790731 28.431864 1.2 5.71
2019 06 22 17 40 56.400 104.829761 28.389109 1.1 4.79
2019 06 22 17 42 25.160 104.785368 28.450346 0.2 5.77
2019 06 22 17 44 51.220 104.792049 28.428339 0.3 3.82
2019 06 22 17 44 29.080 104.770109 28.435647 0.1 4.21
2019 06 22 17 47 45.000 104.744434 28.430302 0.2 1.79
2019 06 22 17 48 17.800 104.772070 28.420878 1.0 5.42
2019 06 22 17 47 54.760 104.736759 28.427065 0.4 9.0
2019 06 22 17 49 13.040 104.768058 28.417983 0.1 3.67
2019 06 22 17 49 56.080 104.805656 28.447424 0.9 3.74
2019 06 22 17 50 36.200 104.763843 28.430678 0.6 3.2
2019 06 22 17 51 18.600 104.818978 28.400323 0.3 3.57
2019 06 22 17 52 07.400 104.795312 28.441054 0.3 2.91
2019 06 22 17 53 51.060 104.777441 28.491209 0.7 5.07
2019 06 22 17 55 57.940 104.777271 28.428892 0.7 2.9
2019 06 22 17 55 36.320 104.882251 28.338680 0.1 4.68
2019 06 22 17 56 29.060 104.800163 28.429112 0.3 5.29
2019 06 22 17 57 18.060 104.799764 28.442723 1.8 5.39
2019 06 22 18 01 25.240 104.768221 28.420233 2.3 5.6
2019 06 22 18 01 06.540 104.891642 28.374937 1.0 4.95
2019 06 22 18 03 22.120 104.771956 28.420249 0.9 5.14
2019 06 22 18 04 31.240 104.770003 28.483053 0.4 6.58
2019 06 22 18 05 16.200 104.779574 28.420984 2.5 5.49
2019 06 22 18 06 28.080 104.774186 28.423043 0.6 0.58
2019 06 22 18 07 34.100 104.766715 28.420274 1.5 5.47
2019 06 22 18 10 37.600 104.794792 28.435565 0.5 3.17
2019 06 22 18 11 45.600 104.776912 28.420416 1.8 5.31
2019 06 22 18 12 06.900 104.806193 28.446165 1.4 3.65
2019 06 22 18 15 27.320 104.775130 28.417104 0.8 5.29
2019 06 22 18 16 27.360 104.795557 28.428367 0.1 3.82
2019 06 22 18 18 00.620 104.855843 28.386859 0.3 2.46
2019 06 22 18 18 27.220 104.735116 28.434391 3.0 8.45
2019 06 22 18 19 46.660 104.808569 28.412720 1.1 3.96
2019 06 22 18 20 21.040 104.815104 28.408624 3.7 5.98
2019 06 22 18 23 04.680 104.821110 28.407139 1.4 3.52
2019 06 22 18 23 58.480 104.809977 28.413019 0.7 2.3
2019 06 22 18 25 09.480 104.791919 28.430328 1.1 5.71
2019 06 22 18 25 26.140 104.795353 28.414889 0.9 2.05
2019 06 22 18 26 03.640 104.807756 28.412585 0.4 4.38
2019 06 22 18 26 36.760 104.810937 28.412498 0.6 4.55
2019 06 22 18 27 51.520 104.789168 28.458738 0.4 5.9
2019 06 22 18 28 04.600 104.804712 28.411182 0.4 2.82
2019 06 22 18 29 46.520 104.780021 28.433586 1.0 4.69
2019 06 22 18 30 52.120 104.774691 28.431675 1.4 6.0
2019 06 22 18 30 28.320 104.892196 28.358608 0.5 3.13
2019 06 22 18 32 06.240 104.808219 28.412413 0.5 2.34
2019 06 22 18 33 38.360 104.900578 28.377142 0.7 5.51
2019 06 22 18 34 57.800 104.809408 28.410738 0.7 2.36
2019 06 22 18 36 47.940 104.783732 28.440790 0.8 4.04
2019 06 22 18 41 20.800 104.793132 28.439368 0.4 4.47
2019 06 22 18 42 29.800 104.786263 28.449963 2.6 6.07
2019 06 22 18 45 38.940 104.783301 28.441850 0.7 5.65
2019 06 22 18 47 36.540 104.796696 28.439124 0.2 5.35
2019 06 22 18 48 09.120 104.787809 28.434576 0.6 5.58
2019 06 22 18 48 42.520 104.953735 28.370603 -0.3 10.16
2019 06 22 18 49 14.600 104.768953 28.418264 0.5 2.14
2019 06 22 18 49 36.680 104.811938 28.411269 0.4 3.32
2019 06 22 18 50 17.120 104.769808 28.435459 1.4 4.19
2019 06 22 18 50 09.240 104.887565 28.358594 0.3 2.68
2019 06 22 18 50 39.780 104.789421 28.459052 1.5 5.94
2019 06 22 18 51 40.720 104.808748 28.414290 0.2 1.16
2019 06 22 18 52 07.640 104.736263 28.433956 1.9 8.48
2019 06 22 18 53 06.960 104.751050 28.422603 0.6 6.22
2019 06 22 18 53 36.140 104.788070 28.434233 1.0 5.59
2019 06 22 18 54 27.960 104.804272 28.411247 0.3 3.13
2019 06 22 18 55 08.520 104.794743 28.445266 0.4 4.79
2019 06 22 18 56 16.960 104.782088 28.441815 0.4 5.66
2019 06 22 18 56 55.160 104.789795 28.444849 0.4 5.47
2019 06 22 18 57 31.480 104.790462 28.445032 1.0 5.67
2019 06 22 18 58 53.920 104.785075 28.439728 0.3 5.5
2019 06 22 18 59 38.320 104.783504 28.432355 0.8 4.11
2019 06 22 19 00 45.120 104.778149 28.419796 0.9 2.86
2019 06 22 19 01 05.380 104.794238 28.441160 1.6 6.06
2019 06 22 19 01 29.600 104.749080 28.426225 1.7 6.19
2019 06 22 19 03 57.280 104.793457 28.438881 0.3 2.78
2019 06 22 19 04 59.280 104.785531 28.431885 0.4 2.91
2019 06 22 19 06 20.240 104.810189 28.439722 0.8 5.51
2019 06 22 19 08 01.720 104.888053 28.351619 1.0 3.54
2019 06 22 19 10 21.360 104.793221 28.441431 0.0 2.97
2019 06 22 19 11 06.740 104.788566 28.447233 1.9 5.81
2019 06 22 19 10 48.360 104.771476 28.431545 0.5 3.88
2019 06 22 19 13 14.720 104.741366 28.434422 0.7 6.43
2019 06 22 19 13 23.880 104.886947 28.384922 1.0 0.27
2019 06 22 19 16 20.060 104.758618 28.427675 1.2 5.55
2019 06 22 19 17 14.140 104.793693 28.439262 0.7 3.0
2019 06 22 19 17 53.480 104.777433 28.488916 0.7 4.96
2019 06 22 19 18 18.940 104.781885 28.442021 0.7 5.66
2019 06 22 19 18 54.260 104.775936 28.429077 0.6 2.31
2019 06 22 19 19 42.820 104.787590 28.444073 1.0 3.45
2019 06 22 19 19 55.460 104.925643 28.391785 0.9 5.14
2019 06 22 19 21 55.620 104.777808 28.419698 0.7 2.74
2019 06 22 19 22 53.520 104.783447 28.455489 0.5 2.49
2019 06 22 19 23 14.360 104.772412 28.419505 0.7 2.18
2019 06 22 19 24 23.740 104.796541 28.427525 0.6 3.82
2019 06 22 19 25 25.100 104.927588 28.354348 2.1 2.83
2019 06 22 19 29 35.840 104.929582 28.355023 1.5 2.84
2019 06 22 19 30 21.600 104.792106 28.426402 1.3 5.34
2019 06 22 19 30 41.160 104.791838 28.439195 1.0 2.89
2019 06 22 19 31 26.880 104.819930 28.432973 0.6 1.15
2019 06 22 19 33 31.900 104.801587 28.417299 0.6 1.53
2019 06 22 19 35 32.640 104.786995 28.429679 0.6 5.03
2019 06 22 19 37 11.000 104.778532 28.490660 0.4 5.06
2019 06 22 19 38 03.400 104.789469 28.437429 0.8 2.98
2019 06 22 19 39 15.500 104.781087 28.439943 2.3 5.52
2019 06 22 19 41 58.640 104.772323 28.424095 -0.1 -0.39
2019 06 22 19 44 26.960 104.767961 28.420748 1.0 5.46
2019 06 22 19 45 03.140 104.837028 28.398067 0.5 4.51
2019 06 22 19 46 42.200 104.802376 28.412278 0.5 3.44
2019 06 22 19 47 10.220 104.756966 28.424099 0.6 5.6
2019 06 22 19 50 19.340 104.788997 28.447255 1.5 5.77
2019 06 22 19 51 08.920 104.790706 28.436928 1.1 2.97
2019 06 22 19 54 25.760 104.771077 28.421281 0.1 5.0
2019 06 22 19 58 49.080 104.771826 28.422156 0.8 5.33
2019 06 22 19 59 27.440 104.779997 28.441579 1.0 2.71
2019 06 22 20 00 07.340 104.807194 28.413513 0.1 3.99
2019 06 22 20 00 38.920 104.834847 28.393184 0.5 4.91
2019 06 22 20 00 59.960 104.924325 28.366121 0.5 1.98
2019 06 22 20 03 13.020 104.775277 28.430703 0.6 3.67
2019 06 22 20 03 59.520 104.858162 28.392198 1.3 2.97
2019 06 22 20 05 42.480 104.776685 28.421122 0.5 5.44
2019 06 22 20 06 44.960 104.782983 28.454130 0.7 2.46
2019 06 22 20 08 07.120 104.772453 28.420526 1.0 5.38
2019 06 22 20 09 11.380 104.917928 28.374620 0.3 1.9
2019 06 22 20 10 17.420 104.770850 28.423857 0.7 5.47
2019 06 22 20 11 53.560 104.885677 28.348765 0.5 2.83
2019 06 22 20 12 27.900 104.875854 28.386336 0.2 1.98
2019 06 22 20 13 40.000 104.788680 28.440417 0.5 2.91
2019 06 22 20 14 06.060 104.775293 28.431610 1.0 2.88
2019 06 22 20 16 48.640 104.795492 28.430121 2.8 5.29
2019 06 22 20 18 15.300 104.748674 28.434129 0.9 5.65
2019 06 22 20 19 15.700 104.768148 28.479844 0.5 6.56
2019 06 22 20 21 57.820 104.764380 28.421462 1.5 5.52
2019 06 22 20 23 53.920 104.764722 28.420241 1.7 5.54
2019 06 22 20 27 51.300 104.778743 28.431559 0.6 1.6
2019 06 22 20 27 31.120 104.766317 28.420549 0.2 5.33
2019 06 22 20 28 54.200 104.762931 28.421781 0.3 5.54
2019 06 22 20 29 21.360 104.741903 28.431917 0.8 5.95
2019 06 22 20 30 36.940 104.778475 28.436137 0.5 2.38
2019 06 22 20 31 52.280 104.766935 28.419415 -0.1 2.24
2019 06 22 20 32 43.080 104.833846 28.394293 0.4 4.84
2019 06 22 20 33 16.680 104.834245 28.393685 0.6 4.88
2019 06 22 20 35 00.560 104.929899 28.354327 0.5 2.81
2019 06 22 20 36 16.920 104.861198 28.400293 0.3 3.31
2019 06 22 20 36 52.560 104.766626 28.421899 1.1 5.51
2019 06 22 20 37 49.220 104.790837 28.440334 0.6 4.47
2019 06 22 20 39 05.840 104.877840 28.383539 0.6 4.3
2019 06 22 20 38 48.920 104.758927 28.423020 0.2 5.7
2019 06 22 20 38 55.040 104.748519 28.416260 0.6 7.26
2019 06 22 20 40 29.600 104.770833 28.483897 1.9 8.31
2019 06 22 20 43 29.440 104.770410 28.434220 0.4 4.15
2019 06 22 20 44 30.360 104.733870 28.434336 0.3 8.45
2019 06 22 20 45 47.320 104.889925 28.373637 0.3 1.46
2019 06 22 20 45 56.960 104.783024 28.429022 1.1 2.84
2019 06 22 20 47 43.780 104.758228 28.416311 0.1 2.92
2019 06 22 20 48 41.320 104.789583 28.443634 1.2 5.59
2019 06 22 20 52 17.280 104.770207 28.420844 0.6 2.2
2019 06 22 20 53 39.920 104.792627 28.446399 0.8 3.05
2019 06 22 20 55 10.800 104.751896 28.421971 1.1 6.15
2019 06 22 20 56 18.840 104.751693 28.421525 -0.0 6.16
2019 06 22 20 57 12.560 104.884644 28.381211 0.3 2.66
2019 06 22 20 57 18.620 104.792660 28.437177 0.6 2.37
2019 06 22 20 57 31.940 104.787093 28.443394 0.8 3.49
2019 06 22 20 58 18.680 104.861344 28.389915 0.4 2.91
2019 06 22 21 00 11.040 104.768327 28.419023 1.8 5.47
2019 06 22 21 01 06.000 104.856795 28.402712 0.6 2.92
2019 06 22 21 03 07.760 104.774121 28.411497 1.3 6.28
2019 06 22 21 05 04.160 104.786149 28.438092 0.9 3.73
2019 06 22 21 05 50.320 104.890088 28.354801 0.5 3.04
2019 06 22 21 06 22.280 104.777759 28.490946 0.7 5.01
2019 06 22 21 06 32.200 104.776139 28.489388 0.5 3.94
2019 06 22 21 06 53.840 104.768644 28.418575 0.4 3.79
2019 06 22 21 07 36.920 104.772070 28.422740 2.7 5.5
2019 06 22 21 08 23.960 104.779102 28.435166 4.0 7.58
2019 06 22 21 10 53.680 104.780021 28.433655 1.7 2.94
2019 06 22 21 12 42.080 104.767171 28.434753 0.9 4.19
2019 06 22 21 13 27.220 104.788932 28.447843 1.2 5.77
2019 06 22 21 14 03.340 104.771663 28.435201 0.8 4.15
2019 06 22 21 14 57.200 104.772127 28.423088 3.0 5.45
2019 06 22 21 14 54.240 104.783537 28.437282 3.3 6.42
2019 06 22 21 16 38.580 104.778923 28.437435 1.1 5.48
2019 06 22 21 17 42.760 104.760799 28.421334 0.3 3.95
2019 06 22 21 19 06.280 104.780868 28.435496 0.7 3.9
2019 06 22 21 19 37.440 104.782178 28.429875 0.6 2.85
2019 06 22 21 20 33.480 104.772420 28.434113 0.8 4.15
2019 06 22 21 20 58.120 104.777775 28.430101 1.0 3.07
2019 06 22 21 21 29.360 104.776172 28.433042 1.1 4.08
2019 06 22 21 21 54.760 104.778996 28.436405 1.4 5.46
2019 06 22 21 22 29.680 104.769889 28.435671 1.1 5.49
2019 06 22 21 22 59.880 104.888835 28.356289 0.6 2.59
2019 06 22 21 23 33.120 104.831592 28.389819 0.2 5.88
2019 06 22 21 24 05.460 104.750651 28.447550 0.9 5.68
2019 06 22 21 25 20.240 104.766846 28.422943 0.6 2.31
2019 06 22 21 26 05.760 104.759041 28.427509 0.3 5.51
2019 06 22 21 27 13.840 104.796248 28.427549 0.4 3.02
2019 06 22 21 27 29.800 104.877604 28.383388 1.2 4.32
2019 06 22 21 30 44.960 104.842163 28.417963 0.8 2.28
2019 06 22 21 31 27.600 104.776766 28.435044 0.7 4.02
2019 06 22 21 33 59.720 104.809912 28.440133 0.1 5.49
2019 06 22 21 34 37.300 104.741292 28.428766 0.6 7.63
2019 06 22 21 35 12.200 104.801278 28.442240 0.6 3.15
2019 06 22 21 37 07.720 104.774927 28.418787 0.6 2.89
2019 06 22 21 38 12.920 104.747225 28.425006 0.3 6.52
2019 06 22 21 38 43.260 104.783822 28.454860 0.6 2.43
2019 06 22 21 39 11.000 104.774544 28.418829 0.5 2.92
2019 06 22 21 38 57.860 104.778149 28.415240 0.3 3.11
2019 06 22 21 41 46.200 104.905908 28.370376 0.6 3.0
2019 06 22 21 42 17.460 104.764225 28.430992 0.2 -2.22
2019 06 22 21 43 10.800 104.773332 28.422479 0.8 5.64
2019 06 22 21 44 00.080 104.778817 28.437075 1.7 5.46
2019 06 22 21 46 16.740 104.784204 28.429472 0.9 2.83
2019 06 22 21 47 44.040 104.783691 28.481346 1.2 5.87
2019 06 22 21 48 24.260 104.786589 28.446704 0.8 3.64
2019 06 22 21 49 41.980 104.810311 28.412728 0.8 4.31
2019 06 22 21 50 31.800 104.787337 28.450507 1.2 3.73
2019 06 22 21 50 24.280 104.785856 28.480804 0.6 6.02
2019 06 22 21 51 04.680 104.778752 28.414681 0.8 2.71
2019 06 22 21 52 56.080 104.775732 28.437095 1.2 5.51
2019 06 22 21 52 36.880 104.770866 28.435236 0.6 5.49
2019 06 22 21 54 51.140 104.801986 28.448142 0.4 4.23
2019 06 22 21 57 23.460 104.783952 28.458616 0.3 1.1
2019 06 22 21 59 12.240 104.892448 28.343099 0.6 1.62
2019 06 22 22 03 57.920 104.786654 28.435834 2.4 6.99
2019 06 22 22 08 35.980 104.774561 28.420083 0.3 5.37
2019 06 22 22 11 12.900 104.784668 28.430251 0.7 5.55
2019 06 22 22 11 42.280 104.915853 28.369096 0.5 2.31
2019 06 22 22 14 15.560 104.775594 28.434226 2.5 2.92
2019 06 22 22 15 33.520 104.765161 28.415588 0.6 2.07
2019 06 22 22 16 21.880 104.778027 28.437286 1.4 5.45
2019 06 22 22 16 08.360 104.770801 28.434524 0.7 4.14
2019 06 22 22 16 55.480 104.772306 28.420113 1.3 2.89
2019 06 22 22 17 54.040 104.771289 28.421293 1.8 5.4
2019 06 22 22 19 01.000 104.765251 28.415489 0.2 2.2
2019 06 22 22 21 20.040 104.772380 28.420974 0.6 5.22
2019 06 22 22 22 16.680 104.770011 28.482888 1.4 6.63
2019 06 22 22 24 48.300 104.899365 28.373258 0.4 3.28
2019 06 22 22 25 15.080 104.811540 28.408773 0.5 2.12
2019 06 22 22 26 00.360 104.831974 28.393333 0.5 4.21
2019 06 22 22 27 51.760 104.847274 28.396820 0.4 2.93
2019 06 22 22 29 01.720 104.771810 28.422070 1.4 5.49
2019 06 22 22 29 10.520 104.846403 28.398250 1.5 2.91
2019 06 22 22 28 50.000 104.775749 28.436621 0.8 5.21
2019 06 22 22 29 35.200 104.847152 28.403544 1.3 5.53
2019 06 22 22 34 56.500 104.772770 28.420276 0.3 2.15
2019 06 22 22 35 03.620 104.803524 28.428044 0.7 5.35
2019 06 22 22 36 56.260 104.797721 28.434479 0.6 2.92
2019 06 22 22 39 11.040 104.783740 28.481606 1.2 5.9
2019 06 22 22 40 10.960 104.806470 28.406622 0.7 5.97
2019 06 22 22 41 05.440 104.788314 28.451919 0.6 5.87
2019 06 22 22 42 14.000 104.800456 28.429482 0.7 5.38
2019 06 22 22 43 23.700 104.860775 28.410341 0.8 2.05
2019 06 22 22 45 46.740 104.784806 28.434462 0.4 5.11
2019 06 22 22 46 34.540 104.813859 28.411141 1.8 3.35
2019 06 22 22 48 12.480 104.878076 28.383881 0.9 4.33
2019 06 22 22 49 27.480 104.764209 28.417041 1.3 5.32
2019 06 22 22 49 41.400 104.833317 28.391205 1.8 8.19
2019 06 22 22 50 08.180 104.783008 28.436200 0.9 5.35
2019 06 22 22 51 10.320 104.878345 28.383767 0.5 4.27
2019 06 22 22 52 51.640 104.832723 28.389496 0.3 4.88
2019 06 22 22 53 21.360 104.782576 28.462191 1.0 2.9
2019 06 22 22 53 53.840 104.878377 28.383923 0.9 4.28
2019 06 22 22 54 30.400 104.757243 28.421659 2.2 6.24
2019 06 22 22 56 36.200 104.761117 28.422805 0.9 3.02
2019 06 22 22 56 15.080 104.753442 28.420571 1.0 6.07
2019 06 22 22 58 04.940 104.878581 28.383858 1.3 4.24
2019 06 22 22 58 54.320 104.877620 28.383392 1.4 4.24
2019 06 22 22 59 34.840 104.877352 28.383588 1.1 4.29
2019 06 22 23 00 05.080 104.878060 28.383732 1.4 4.28
2019 06 22 23 01 26.800 104.774194 28.420469 0.8 2.97
2019 06 22 23 02 08.840 104.751180 28.435366 0.7 5.6
2019 06 22 23 03 31.920 104.804492 28.413894 0.8 4.4
2019 06 22 23 04 12.600 104.744718 28.430965 0.3 5.94
2019 06 22 23 05 30.800 104.785352 28.425293 0.4 4.51
2019 06 22 23 07 08.400 104.941064 28.369635 0.6 3.19
2019 06 22 23 07 32.960 104.752466 28.441482 1.4 5.62
2019 06 22 23 08 56.820 104.835042 28.394409 0.8 4.89
2019 06 22 23 11 47.460 104.876302 28.382880 0.9 4.3
2019 06 22 23 12 35.440 104.766341 28.420595 1.3 5.48
2019 06 22 23 14 09.640 104.796753 28.457314 0.5 4.59
2019 06 22 23 14 46.280 104.791968 28.425033 1.0 2.76
2019 06 22 23 18 50.180 104.798934 28.442483 1.1 5.27
2019 07 01 16 14 00.840 104.843856 28.404124 1.9 4.8
2019 06 22 23 22 54.320 104.788940 28.421729 0.6 5.46
2019 06 22 23 30 07.800 104.757251 28.422133 1.1 5.72
2019 06 22 23 29 52.260 104.843962 28.398584 0.7 3.17
2019 06 22 23 30 40.460 104.771069 28.419061 0.8 2.16
2019 06 22 23 32 54.680 104.771134 28.420966 0.4 5.02
2019 06 22 23 33 39.820 104.769328 28.419598 0.7 5.39
2019 06 22 23 34 30.320 104.943636 28.364695 0.5 3.24
2019 06 22 23 41 07.920 104.933439 28.392887 0.8 3.03
2019 06 22 23 45 22.200 104.784115 28.432935 1.2 4.23
2019 06 22 23 48 02.680 104.762695 28.420093 0.3 4.91
2019 06 22 23 49 25.000 104.759888 28.432534 0.9 3.59
2019 06 22 23 50 57.180 104.781592 28.429209 0.7 5.8
2019 06 22 23 51 20.260 104.782764 28.430221 1.0 5.78
2019 06 22 23 53 40.640 104.778507 28.436808 0.7 5.49
2019 06 22 23 56 28.200 104.831812 28.393498 0.7 4.55
2019 06 22 23 57 39.880 104.824618 28.402468 1.8 3.74
2019 06 22 23 58 04.160 104.813322 28.409662 1.5 3.86
2019 06 22 23 59 40.880 104.771973 28.423558 0.7 5.23
2019 06 23 00 01 29.980 104.801880 28.450584 0.9 5.71
2019 06 23 00 04 45.410 104.769971 28.434395 0.7 3.21
2019 06 23 00 04 32.480 104.761239 28.442330 0.5 4.87
2019 06 23 00 06 21.810 104.804150 28.407737 0.6 -0.87
2019 06 23 00 06 40.100 104.827433 28.416003 0.8 3.81
2019 06 23 00 07 39.180 104.771126 28.412767 0.1 2.11
2019 06 23 00 08 00.970 104.808325 28.412103 -0.1 2.22
2019 06 23 00 08 41.690 104.787996 28.415356 1.0 4.95
2019 06 23 00 11 35.190 104.797738 28.451890 -0.1 7.69
2019 06 23 00 20 36.190 104.893848 28.373090 1.0 2.14
2019 06 23 00 21 03.280 104.764510 28.417216 0.8 5.58
2019 06 23 00 21 32.430 104.814990 28.412964 1.1 3.98
2019 06 23 00 23 14.260 104.850610 28.412026 0.7 2.93
2019 06 23 00 23 46.150 104.780477 28.436857 0.6 5.36
2019 06 23 00 25 38.290 104.833659 28.393221 0.5 4.83
2019 06 23 00 26 39.850 104.776953 28.490763 0.3 4.74
2019 06 23 00 32 25.810 104.838900 28.396108 1.2 5.08
2019 06 23 00 32 50.440 104.828589 28.390422 0.8 4.65
2019 06 23 00 33 18.360 104.828271 28.390222 1.3 4.68
2019 06 23 00 34 54.960 104.828068 28.390344 0.9 4.78
2019 06 23 00 35 21.270 104.835807 28.395988 0.7 4.91
2019 06 23 00 36 04.350 104.848999 28.399683 2.7 9.07
2019 06 23 00 38 53.110 104.833496 28.395101 1.7 4.7
2019 06 23 00 39 19.480 104.785173 28.417196 0.9 0.45
2019 06 23 00 39 55.550 104.783219 28.440544 0.6 4.06
2019 06 23 00 40 50.170 104.833683 28.395349 1.3 4.58
2019 06 23 00 40 29.490 104.833512 28.396851 0.8 4.95
2019 06 23 00 41 53.910 104.828573 28.390405 0.6 4.55
2019 06 23 00 42 25.510 104.757064 28.420526 0.7 6.01
2019 06 23 00 45 08.850 104.754028 28.440741 0.8 5.62
2019 06 23 00 45 40.410 104.828044 28.390088 0.8 4.65
2019 06 23 00 45 22.160 104.827645 28.389945 0.6 4.56
2019 06 23 00 45 52.980 104.836214 28.396120 0.5 4.73
2019 06 23 00 46 23.990 104.836328 28.394918 0.8 4.9
2019 06 23 00 46 51.710 104.833325 28.395113 0.6 4.58
2019 06 23 00 48 12.340 104.771688 28.434611 0.4 4.15
2019 06 23 00 49 13.710 104.774886 28.417780 0.5 5.59
2019 06 23 00 50 14.740 104.801636 28.445538 0.5 3.61
2019 06 23 00 52 53.160 104.782674 28.428965 0.9 5.65
2019 06 23 00 53 35.570 104.820776 28.412691 0.9 3.72
2019 06 23 00 54 51.670 104.835221 28.396110 0.6 4.25
2019 06 23 00 55 55.430 104.833504 28.394712 0.3 4.11
2019 06 23 00 58 29.320 104.804956 28.445791 0.1 4.42
2019 06 23 00 59 55.120 104.766943 28.421112 0.7 5.17
2019 06 23 01 01 13.950 104.837842 28.396566 1.4 4.98
2019 06 23 01 01 46.480 104.828255 28.390116 1.0 4.63
2019 06 23 01 04 33.930 104.822616 28.409336 1.0 3.45
2019 06 23 01 04 56.340 104.801929 28.440253 0.5 5.04
2019 06 23 01 05 44.030 104.786499 28.416349 1.5 1.77
2019 06 23 01 06 48.680 104.763379 28.417440 0.9 5.3
2019 06 23 01 07 47.510 104.830135 28.380892 1.0 3.91
2019 06 23 01 10 34.410 104.787443 28.415828 1.0 2.61
2019 06 23 01 13 00.900 104.785807 28.426129 0.8 3.15
2019 06 23 01 12 36.890 104.848869 28.397687 0.5 5.72
2019 06 23 01 14 10.720 104.762565 28.421305 0.9 4.99
2019 06 23 01 19 46.450 104.773096 28.419666 0.7 2.11
2019 06 23 01 21 31.110 104.801514 28.443054 2.1 6.41
2019 06 23 01 24 34.430 104.728434 28.447557 1.0 7.73
2019 06 23 01 25 49.740 104.829403 28.397913 1.1 5.04
2019 06 23 01 27 22.610 104.796533 28.414650 1.0 3.85
2019 06 23 01 29 34.040 104.813363 28.413635 0.7 4.08
2019 06 23 01 33 09.970 104.828784 28.390643 0.9 4.63
2019 06 23 01 33 40.480 104.833512 28.394828 0.7 4.27
2019 06 23 01 34 33.390 104.743815 28.433242 0.4 6.5
2019 06 23 01 35 21.750 104.833911 28.395959 1.8 4.68
2019 06 23 01 38 44.950 104.757511 28.428640 0.6 -1.16
2019 06 23 01 38 58.360 104.832788 28.394318 0.6 4.43
2019 06 23 01 41 29.840 104.857267 28.403294 0.7 2.87
2019 06 23 01 43 30.190 104.829484 28.389156 0.5 4.98
2019 06 23 01 45 08.740 104.834619 28.396301 0.9 4.6
2019 06 23 01 45 26.330 104.785400 28.433832 2.7 4.13
2019 06 23 01 47 21.410 104.764347 28.421879 0.7 4.96
2019 06 23 01 49 31.860 104.829110 28.394755 0.8 5.08
2019 06 23 01 50 23.700 104.766488 28.433065 0.9 2.98
2019 06 23 01 51 14.570 104.774202 28.435628 0.9 4.07
2019 06 23 01 58 30.530 104.766512 28.415778 1.2 5.02
2019 06 23 02 00 29.410 104.813135 28.419973 0.4 5.85
2019 06 23 02 01 23.320 104.784489 28.429236 0.6 2.8
2019 06 23 02 03 13.820 104.779191 28.436096 0.9 5.43
2019 06 23 02 04 44.700 104.788135 28.452167 1.3 5.83
2019 06 23 02 05 40.460 104.946810 28.365635 0.7 3.15
2019 06 23 02 06 09.880 104.767643 28.420127 0.8 5.34
2019 06 23 02 07 31.520 104.767293 28.420333 1.2 5.43
2019 06 23 02 08 22.250 104.777271 28.436273 1.3 5.52
2019 06 23 02 09 33.630 104.792643 28.403611 0.8 0.99
2019 06 23 02 09 24.020 104.825977 28.390554 0.6 4.99
2019 06 23 02 10 28.410 104.787752 28.415991 1.0 1.71
2019 06 23 02 14 20.570 104.791390 28.432943 1.1 3.88
2019 06 23 02 14 46.520 104.920540 28.375555 0.7 3.65
2019 06 23 02 16 31.400 104.786353 28.495199 1.5 10.25
2019 06 23 02 23 02.960 104.854085 28.411975 0.7 2.96
2019 06 23 02 23 49.480 104.819979 28.409847 0.7 3.58
2019 06 23 02 26 36.160 104.776929 28.415808 1.2 5.19
2019 06 23 02 28 36.010 104.778564 28.422666 0.4 2.72
2019 06 23 02 31 38.080 104.937451 28.355831 0.5 2.33
2019 06 23 02 37 20.740 104.790861 28.416909 0.5 2.39
2019 06 23 02 38 04.400 104.853776 28.411627 0.8 2.95
2019 06 23 02 45 51.670 104.929728 28.353453 0.9 2.8
2019 06 23 02 51 10.920 104.763623 28.435079 1.4 5.52
2019 06 23 02 53 24.650 104.775260 28.417670 0.8 5.71
2019 06 23 02 59 41.100 104.776611 28.420243 2.6 5.31
2019 06 23 03 00 55.450 104.770785 28.422508 0.9 5.38
2019 06 23 03 07 26.090 104.776123 28.420487 1.0 5.24
2019 06 23 03 09 14.630 104.738452 28.432741 1.1 8.54
2019 06 23 03 09 27.420 104.738013 28.431911 0.8 8.48
2019 06 23 03 11 48.370 104.781201 28.416386 1.8 5.85
2019 06 23 03 13 14.010 104.790715 28.433980 0.7 3.03
2019 06 23 03 16 17.730 104.913607 28.368125 0.5 1.52
2019 06 23 03 17 04.080 104.847770 28.408653 1.3 3.02
2019 06 23 03 18 01.280 104.779159 28.422331 0.3 5.24
2019 06 23 03 26 03.770 104.833691 28.392086 0.6 4.62
2019 06 23 03 29 16.660 104.795687 28.436302 0.7 2.99
2019 06 23 03 32 57.050 104.834937 28.396364 1.1 4.6
2019 06 23 03 33 43.620 104.776725 28.419604 3.0 5.29
2019 06 23 03 34 51.570 104.755957 28.421724 0.7 6.01
2019 06 23 03 38 42.050 104.799390 28.437828 1.2 2.82
2019 06 23 03 40 37.510 104.777441 28.433897 1.2 4.76
2019 06 23 03 41 25.290 104.843262 28.380664 0.6 4.15
2019 06 23 03 45 34.460 104.793311 28.439895 1.8 3.02
2019 06 23 03 47 27.390 104.776400 28.421320 0.4 5.76
2019 06 23 03 49 32.370 104.877987 28.390041 0.6 4.41
2019 06 23 03 50 07.810 104.777132 28.428306 0.6 2.0
2019 06 23 03 51 23.670 104.768180 28.420915 1.0 5.08
2019 06 23 03 52 04.180 104.768693 28.422231 1.4 5.21
2019 06 23 03 53 03.560 104.805241 28.446592 0.9 4.41
2019 06 23 03 54 45.170 104.887150 28.356071 0.5 3.31
2019 06 23 03 56 58.640 104.776196 28.430664 0.7 2.87
2019 06 23 03 57 43.470 104.766764 28.489229 2.5 8.51
2019 06 23 04 03 30.700 104.767611 28.421639 1.2 5.41
2019 06 23 04 04 26.650 104.833073 28.394503 0.6 4.3
2019 06 23 04 05 02.830 104.829134 28.388875 0.5 4.86
2019 06 23 04 05 36.200 104.877303 28.367804 -0.2 -1.87
2019 06 23 04 06 12.380 104.786174 28.443791 0.1 3.67
2019 06 23 04 06 49.260 104.829712 28.389360 1.3 4.96
2019 06 23 04 07 30.190 104.824219 28.414134 0.2 3.7
2019 06 23 04 10 26.450 104.793783 28.423659 0.6 5.97
2019 06 23 04 14 17.000 104.769019 28.435260 0.4 3.17
2019 06 23 04 15 41.560 104.787337 28.444291 1.3 3.48
2019 06 23 04 16 38.440 104.948934 28.368890 1.1 3.18
2019 06 23 04 18 16.920 104.831478 28.389532 1.2 5.07
2019 06 23 04 19 36.920 104.738721 28.430402 0.6 8.45
2019 06 23 04 20 10.250 104.789176 28.448594 0.3 5.77
2019 06 23 04 23 12.820 104.776603 28.430249 0.7 2.88
2019 06 23 04 30 17.990 104.812419 28.409273 0.4 3.86
2019 06 23 04 32 27.800 104.901733 28.359045 0.9 2.77
2019 06 23 04 37 29.610 104.822640 28.411696 0.4 4.14
2019 06 23 04 38 13.580 104.770671 28.423688 0.5 5.65
2019 06 23 04 40 39.360 104.789152 28.448118 1.3 5.76
2019 06 23 04 40 59.300 104.789095 28.447768 1.7 5.76
2019 06 23 04 41 33.420 104.780623 28.500130 2.7 10.85
2019 06 23 04 43 33.680 104.856844 28.391335 1.7 2.84
2019 06 23 04 44 09.750 104.778979 28.440208 1.4 1.11
2019 06 23 04 46 51.000 104.777433 28.491931 0.6 5.04
2019 06 23 04 49 27.470 104.834147 28.396731 2.0 7.8
2019 06 23 04 50 51.460 104.793628 28.423718 0.6 2.43
2019 06 23 04 53 02.210 104.768075 28.436031 0.8 5.5
2019 06 23 04 56 44.980 104.783944 28.416821 0.2 2.72
2019 06 23 04 58 07.360 104.917415 28.370850 1.0 2.64
2019 06 23 05 01 18.730 104.776628 28.491638 0.8 5.15
2019 06 23 05 02 01.210 104.763444 28.419908 0.8 5.34
2019 06 23 05 02 31.640 104.785474 28.432522 0.5 4.39
2019 06 23 05 05 12.130 104.818652 28.411857 0.7 2.42
2019 06 23 05 05 41.410 104.790137 28.442731 1.0 3.4
2019 06 23 05 10 09.470 104.781006 28.430320 0.4 2.06
2019 06 23 05 10 38.150 104.787061 28.435191 2.0 5.67
2019 06 23 05 12 54.380 104.828158 28.390021 0.3 4.65
2019 06 23 05 13 36.490 104.827645 28.389834 0.8 4.51
2019 06 23 05 17 38.000 104.762769 28.416300 0.6 5.15
2019 06 23 05 20 21.380 104.753540 28.422131 1.0 6.1
2019 06 23 05 23 56.990 104.795662 28.439482 2.3 5.25
2019 06 23 05 26 23.820 104.774211 28.421218 1.9 5.55
2019 06 23 05 30 32.700 104.764111 28.420699 0.5 4.87
2019 06 23 05 31 03.020 104.776872 28.419556 0.8 5.33
2019 06 23 05 38 36.010 104.791300 28.445679 0.9 5.66
2019 06 23 05 39 23.000 104.730811 28.446505 1.4 7.65
2019 06 23 05 40 02.850 104.805282 28.421910 1.1 3.59
2019 06 23 05 40 39.930 104.876644 28.391313 1.0 1.9
2019 06 23 05 43 18.770 104.791406 28.445479 1.5 5.69
2019 06 23 05 45 15.420 104.910636 28.373997 1.4 5.08
2019 06 23 05 49 31.510 104.767057 28.436121 1.0 3.59
2019 06 23 05 50 44.220 104.850806 28.394527 0.3 2.96
2019 06 23 05 55 07.930 104.793327 28.433997 0.6 3.37
2019 06 23 05 56 29.270 104.787419 28.426133 0.5 3.1
2019 06 23 05 59 56.860 104.831982 28.394419 0.7 4.48
2019 06 23 06 00 35.930 104.766105 28.424040 0.9 5.32
2019 06 23 06 01 58.750 104.875806 28.382719 0.7 4.3
2019 06 23 06 02 23.640 104.827311 28.389693 0.8 4.51
2019 06 23 06 02 54.100 104.799740 28.436041 0.4 3.18
2019 06 23 06 07 28.340 104.829110 28.390794 0.9 4.62
2019 06 23 06 09 30.270 104.770459 28.420671 0.7 2.8
2019 06 23 06 09 51.370 104.769808 28.412018 1.1 5.39
2019 06 23 06 10 55.500 104.766927 28.420115 1.2 5.25
2019 06 23 06 11 32.530 104.781380 28.423293 1.0 5.34
2019 06 23 06 12 46.600 104.823340 28.414388 0.9 -0.42
2019 06 23 06 14 34.950 104.828271 28.389907 0.7 4.45
2019 06 23 06 15 07.190 104.827384 28.389579 1.2 4.6
2019 06 23 06 15 40.150 104.781559 28.450720 0.8 -1.25
2019 06 23 06 16 23.800 104.837524 28.397744 0.9 4.19
2019 06 23 06 16 41.620 104.827620 28.389691 0.7 4.58
2019 06 23 06 17 36.270 104.767855 28.420485 1.1 5.4
2019 06 23 06 17 16.530 104.831657 28.404867 0.9 2.74
2019 06 23 06 18 44.680 104.951953 28.366547 0.6 3.24
2019 06 23 06 18 26.010 104.874015 28.343817 0.7 3.2
2019 06 23 06 18 57.710 104.766683 28.418939 0.8 5.64
2019 06 23 06 24 21.170 104.763688 28.415715 0.9 5.24
2019 06 23 06 24 32.260 104.783740 28.429980 1.8 3.03
2019 06 23 06 29 12.800 104.797575 28.415417 0.8 2.9
2019 06 23 06 29 00.790 104.787207 28.441888 0.6 5.78
2019 06 23 06 31 23.590 104.827075 28.389496 0.6 4.62
2019 06 23 06 30 57.540 104.756112 28.413985 0.2 6.46
2019 06 23 06 32 04.240 104.908984 28.383278 0.9 1.27
2019 06 23 06 34 04.280 104.805029 28.441388 0.6 5.79
2019 06 23 06 34 52.610 104.791602 28.426143 0.9 3.34
2019 06 23 06 37 08.680 104.789258 28.428782 0.6 5.6
2019 06 23 06 38 22.310 104.928996 28.353516 0.8 2.17
2019 06 23 06 41 05.780 104.835929 28.396446 1.2 4.36
2019 06 23 06 40 44.410 104.835791 28.396360 0.6 4.25
2019 06 23 06 44 21.130 104.844515 28.395601 0.7 3.1
2019 06 23 06 44 30.230 104.750464 28.450124 0.4 5.71
2019 06 23 06 45 07.220 104.801017 28.445872 0.7 3.13
2019 06 23 06 46 22.790 104.893311 28.358266 0.3 4.59
2019 06 23 06 48 33.080 104.794263 28.416343 1.2 4.47
2019 06 23 06 50 59.200 104.792749 28.435229 0.6 3.57
2019 06 23 06 52 17.040 104.832113 28.388434 1.1 4.93
2019 06 23 06 54 10.590 104.885246 28.376648 0.6 2.06
2019 06 23 06 59 12.460 104.870597 28.383934 0.3 4.38
2019 06 23 07 02 13.420 104.830192 28.389911 0.8 4.88
2019 06 23 07 02 35.950 104.790682 28.436751 0.6 2.93
2019 06 23 07 05 02.050 104.771981 28.421759 1.8 5.43
2019 06 23 07 07 45.090 104.767529 28.418614 1.8 5.55
2019 06 23 07 12 33.570 104.767033 28.417747 0.3 5.39
2019 06 23 07 13 23.090 104.902157 28.363536 0.9 2.57
2019 06 23 07 16 43.200 104.769019 28.418819 0.8 5.28
2019 06 23 07 28 42.590 104.847876 28.402584 1.4 3.26
2019 06 23 07 29 19.380 104.770841 28.417999 0.5 2.02
2019 06 23 07 30 41.460 104.763224 28.413432 0.9 6.15
2019 06 23 07 31 06.290 104.785368 28.425714 1.8 4.75
2019 06 23 07 33 05.360 104.733553 28.446165 0.6 6.94
2019 06 23 07 34 57.900 104.831706 28.394415 0.3 4.53
2019 06 23 07 37 34.970 104.792513 28.415928 0.7 2.21
2019 06 23 07 43 32.960 104.769539 28.418732 0.3 5.41
2019 06 23 07 45 48.980 104.794027 28.443233 0.6 3.66
2019 06 23 07 48 10.390 104.793107 28.434701 1.0 3.49
2019 06 23 07 50 19.080 104.769344 28.422074 1.6 5.47
2019 06 23 07 51 49.500 104.795125 28.416726 0.8 5.03
2019 06 23 07 56 09.800 104.850350 28.411898 0.9 2.95
2019 06 23 08 02 47.970 104.853231 28.395540 0.6 2.96
2019 06 23 08 04 28.620 104.756226 28.422117 1.7 6.05
2019 06 23 08 05 14.620 104.757284 28.421395 1.1 6.02
2019 06 23 08 05 08.580 104.761548 28.431171 0.9 5.48
2019 06 23 08 06 49.400 104.886117 28.353477 3.5 7.75
2019 06 23 08 14 13.870 104.889144 28.351833 0.2 3.21
2019 06 23 08 17 06.100 104.862028 28.389742 0.9 2.94
2019 06 23 08 18 15.940 104.748820 28.424441 0.4 6.36
2019 06 23 08 22 09.830 104.777572 28.416996 0.6 5.46
2019 06 23 08 22 45.520 104.775952 28.417277 0.5 5.29
2019 06 23 08 27 04.050 104.770980 28.422253 1.1 5.5
2019 06 23 08 28 48.780 104.766089 28.417904 2.5 5.55
2019 06 23 08 30 34.030 104.763737 28.418736 0.9 5.48
2019 06 23 08 31 42.970 104.751473 28.420984 1.1 6.12
2019 06 23 08 32 41.050 104.774520 28.421118 0.4 2.88
2019 06 23 08 33 04.920 104.766203 28.416589 1.0 5.29
2019 06 23 08 33 27.680 104.781600 28.415403 0.4 5.84
2019 06 23 08 35 51.870 104.742464 28.430878 0.7 6.85
2019 06 23 08 36 28.990 104.871997 28.384031 1.8 3.88
2019 06 23 08 36 56.620 104.789657 28.458934 1.6 5.93
2019 06 23 08 39 21.070 104.763216 28.416243 0.2 5.17
2019 06 23 08 40 42.330 104.818953 28.402905 0.8 5.5
2019 06 23 08 43 01.400 104.764909 28.417306 0.5 1.4
2019 06 23 08 43 39.050 104.820256 28.407481 0.5 6.94
2019 06 23 08 45 31.130 104.834538 28.395612 0.8 4.27
2019 06 23 08 46 01.510 104.818408 28.402600 1.2 5.53
2019 06 23 08 50 22.880 104.768595 28.416703 1.6 5.42
2019 06 23 08 51 11.500 104.767716 28.416075 0.7 5.25
2019 06 23 08 51 45.270 104.767253 28.415953 0.8 5.36
2019 06 23 08 51 35.900 104.764290 28.418119 0.4 4.52
2019 06 23 08 52 16.930 104.772502 28.418787 2.5 5.54
2019 06 23 08 54 06.360 104.772542 28.416760 1.4 5.29
2019 06 23 08 54 53.220 104.771240 28.419948 2.0 5.39
2019 06 23 08 54 40.120 104.769425 28.414941 1.4 5.22
2019 06 23 08 56 51.670 104.899658 28.344906 0.8 0.61
2019 06 23 08 57 35.480 104.767114 28.416921 0.3 5.4
2019 06 23 08 57 46.280 104.770793 28.418435 0.2 5.18
2019 06 23 08 59 05.240 104.773910 28.417027 0.8 5.28
2019 06 23 08 59 18.810 104.931901 28.364931 0.7 2.58
2019 06 23 09 01 20.040 104.771948 28.418418 2.2 5.5
2019 06 23 09 05 46.870 104.770573 28.415662 1.3 5.31
2019 06 23 09 06 00.710 104.775195 28.417356 1.1 5.1
2019 06 23 09 08 12.830 104.791659 28.417299 0.7 4.6
2019 06 23 09 10 11.960 104.772257 28.420127 0.8 5.05
2019 06 23 09 16 55.890 104.777238 28.430149 1.0 2.65
2019 06 23 09 17 43.210 104.762858 28.433645 1.0 4.16
2019 06 23 09 18 54.660 104.773877 28.417839 0.8 5.31
2019 06 23 09 19 17.030 104.797681 28.430208 2.7 5.34
2019 06 23 09 20 22.100 104.792554 28.427920 1.2 2.67
2019 06 23 09 23 20.900 104.792448 28.432355 0.8 5.23
2019 06 23 09 23 50.920 104.771541 28.415963 0.8 5.21
2019 06 23 09 27 50.750 104.776473 28.432349 1.4 4.37
2019 06 23 09 28 30.080 104.774780 28.435712 1.0 3.87
2019 06 23 09 32 02.840 104.780680 28.423497 0.9 5.22
2019 06 23 09 31 42.310 104.849894 28.398792 1.2 2.24
2019 06 23 09 32 22.850 104.952743 28.366227 1.2 3.2
2019 06 23 09 33 02.500 104.933488 28.357847 1.1 2.17
2019 06 23 09 33 51.740 104.836165 28.396771 2.2 4.71
2019 06 23 09 35 56.720 104.784538 28.432666 1.0 3.83
2019 06 23 09 39 10.210 104.796159 28.446631 0.9 5.88
2019 06 23 09 40 04.270 104.835693 28.396566 0.6 4.29
2019 06 23 09 40 31.380 104.773779 28.416996 0.8 5.34
2019 06 23 09 43 13.200 104.776082 28.425505 0.8 3.57
2019 06 23 09 47 19.560 104.775846 28.417535 1.0 5.2
2019 06 23 09 49 40.100 104.949056 28.367226 0.7 3.13
2019 06 23 09 54 43.800 104.794124 28.430064 1.2 3.83
2019 06 23 09 55 50.640 104.822282 28.410409 0.7 1.92
2019 06 23 09 56 32.870 104.763346 28.419995 1.8 5.52
2019 06 23 09 58 37.270 104.831364 28.389630 0.5 4.99
2019 06 23 10 09 01.300 104.752620 28.419983 1.4 6.16
2019 06 23 10 09 55.590 104.772412 28.420355 2.2 5.41
2019 06 23 10 11 20.850 104.941642 28.373299 0.5 3.24
2019 06 23 10 12 11.800 104.753052 28.419399 1.0 6.18
2019 06 23 10 14 03.730 104.820166 28.409971 1.1 3.56
2019 06 23 10 21 04.280 104.787549 28.451874 1.6 5.86
2019 06 23 10 21 46.090 104.867399 28.386294 1.0 2.39
2019 06 23 10 24 37.760 104.772323 28.422756 0.6 5.45
2019 06 23 10 28 48.490 104.750212 28.424473 0.4 6.34
2019 06 23 10 30 52.920 104.883398 28.349438 0.4 3.51
2019 06 23 10 32 58.410 104.862142 28.388175 0.8 2.77
2019 06 23 10 34 57.600 104.847160 28.407792 0.6 1.42
2019 06 23 10 36 54.290 104.750155 28.424200 0.8 6.33
2019 06 23 10 38 54.560 104.749520 28.424329 1.1 6.27
2019 06 23 10 38 45.600 104.880013 28.382682 0.6 2.66
2019 06 23 10 47 31.580 104.827694 28.389781 0.7 4.59
2019 06 23 10 48 42.120 104.788118 28.448869 0.8 5.72
2019 06 23 10 53 21.010 104.813989 28.394969 1.9 4.97
2019 06 23 10 54 10.260 104.756657 28.425258 1.2 5.74
2019 06 23 10 54 25.260 104.835767 28.415310 2.0 6.11
2019 06 23 11 00 11.410 104.774349 28.418066 0.6 5.34
2019 06 23 11 02 56.420 104.771842 28.416325 0.8 5.36
2019 06 23 11 02 43.370 104.774007 28.418044 0.8 5.44
2019 06 23 11 04 59.100 104.838265 28.398433 0.6 4.69
2019 06 23 11 07 42.260 104.785897 28.433518 1.2 4.19
2019 06 23 11 08 13.700 104.769482 28.419753 0.8 5.47
2019 06 23 11 09 54.910 104.778743 28.490234 0.6 4.97
2019 06 23 11 13 43.650 104.807593 28.409383 0.5 6.99
2019 06 23 11 16 32.150 104.772591 28.438112 1.2 4.83
2019 06 23 11 19 08.410 104.840682 28.421625 0.6 3.52
2019 06 23 11 19 24.450 104.783146 28.417635 0.6 4.88
2019 06 23 11 20 28.810 104.773006 28.431333 1.0 3.01
2019 06 23 11 21 17.470 104.758016 28.438863 0.6 6.07
2019 06 23 11 23 31.650 104.803320 28.410767 0.8 9.73
2019 06 23 11 25 48.450 104.794645 28.415519 1.0 4.74
2019 06 23 11 27 10.530 104.784391 28.418073 0.5 4.87
2019 06 23 11 27 41.290 104.765820 28.434729 2.0 5.51
2019 06 23 11 30 33.470 104.790926 28.439280 0.7 2.25
2019 06 23 11 31 33.910 104.758252 28.428383 0.9 3.31
2019 06 23 11 34 16.100 104.769499 28.437042 1.0 5.49
2019 06 23 11 34 50.170 104.795239 28.426497 0.4 3.95
2019 06 23 11 38 20.050 104.812500 28.419525 -0.0 5.27
2019 06 23 11 41 32.310 104.812215 28.411837 0.3 3.4
2019 06 23 11 41 54.730 104.804631 28.422575 0.4 3.76
2019 06 23 11 44 33.310 104.781510 28.454983 1.2 5.94
2019 06 23 11 48 25.100 104.830908 28.393903 0.7 4.43
2019 06 23 11 50 22.420 104.883374 28.381307 0.7 2.65
2019 06 23 11 51 35.170 104.848804 28.395129 1.0 3.19
2019 06 23 11 52 38.110 104.789331 28.418109 1.1 2.59
2019 06 23 11 52 55.030 104.790715 28.417751 1.3 4.68
2019 06 23 11 55 52.430 104.754215 28.425041 0.8 5.99
2019 06 23 11 58 02.380 104.787581 28.448067 2.0 5.84
2019 06 23 12 08 40.490 104.794434 28.416239 0.4 5.04
2019 06 23 12 10 48.580 104.789478 28.424776 0.9 5.22
2019 06 23 12 11 51.610 104.780363 28.409261 0.3 6.09
2019 06 23 12 16 52.010 104.776270 28.418142 0.3 5.08
2019 06 23 12 17 12.850 104.766797 28.423122 1.6 5.56
2019 06 23 12 21 19.370 104.739648 28.429702 1.6 7.81
2019 06 23 12 23 08.390 104.768848 28.435661 0.9 4.22
2019 06 23 12 31 30.120 104.766602 28.422304 1.3 5.53
2019 06 23 12 34 05.170 104.768319 28.423635 1.0 5.55
2019 06 23 12 34 50.690 104.763322 28.423315 0.6 5.25
2019 06 23 12 37 53.790 104.793774 28.416526 0.8 4.56
2019 06 23 12 39 03.010 104.771867 28.423409 0.7 5.27
2019 06 23 12 40 44.400 104.733675 28.429425 0.3 8.16
2019 06 23 12 42 46.930 104.775716 28.435417 1.4 4.07
2019 06 23 12 44 22.840 104.861434 28.382123 0.7 1.95
2019 06 23 12 45 13.620 104.777083 28.437172 0.7 5.49
2019 06 23 12 45 24.680 104.774601 28.435258 0.8 2.19
2019 06 23 12 46 06.850 104.860457 28.382355 1.9 1.94
2019 06 23 12 47 04.150 104.761727 28.437036 1.4 5.41
2019 06 23 12 47 46.110 104.772380 28.421505 1.3 5.5
2019 06 23 12 49 22.460 104.754712 28.408555 0.4 5.53
2019 06 23 12 53 38.860 104.767961 28.422750 0.8 5.61
2019 06 23 12 54 34.390 104.792537 28.417303 1.8 5.19
2019 06 23 12 56 13.910 104.794377 28.416866 1.2 4.69
2019 06 23 12 55 48.540 104.790942 28.417249 0.5 2.71
2019 06 23 12 55 58.860 104.778784 28.418317 0.2 4.61
2019 06 23 12 56 46.020 104.844401 28.392137 0.8 3.01
2019 06 23 13 03 25.540 104.789299 28.442751 0.9 4.69
2019 06 23 13 04 57.230 104.766154 28.421352 0.7 5.14
2019 06 23 13 05 09.900 104.771143 28.421594 1.1 5.34
2019 06 23 13 07 09.160 104.845093 28.402848 0.3 4.52
2019 06 23 13 10 39.080 104.791455 28.416290 0.6 2.17
2019 06 23 13 13 02.850 104.767879 28.414213 0.6 5.26
2019 06 23 13 14 42.800 104.793107 28.417544 0.9 5.18
2019 06 23 13 15 31.500 104.783398 28.431270 0.6 3.04
2019 06 23 13 20 17.650 104.776440 28.491610 0.2 4.84
2019 06 23 13 25 38.170 104.763159 28.421415 2.1 4.99
2019 06 23 13 25 43.110 104.764982 28.422479 2.2 5.56
2019 06 23 13 26 59.230 104.767082 28.422831 0.8 5.21
2019 06 23 13 27 50.310 104.828239 28.261855 -0.1 7.62
2019 06 23 13 29 35.250 104.772754 28.422766 1.1 5.33
2019 06 23 13 29 19.600 104.764893 28.423826 0.9 2.95
2019 06 23 13 30 42.020 104.867684 28.393087 0.4 2.32
2019 06 23 13 34 03.550 104.832430 28.394132 0.4 4.33
2019 06 23 13 34 48.640 104.833407 28.395099 0.5 4.58
2019 06 23 13 35 56.450 104.873258 28.382487 2.1 2.86
2019 06 23 13 37 22.310 104.793343 28.443188 0.7 3.04
2019 06 23 13 38 49.730 104.764803 28.416858 0.6 2.05
2019 06 23 13 40 11.450 104.761686 28.422050 0.8 5.56
2019 06 23 13 42 09.280 104.818693 28.414573 0.2 9.77
2019 06 23 13 46 21.200 104.949479 28.370730 1.1 3.1
2019 06 23 13 47 33.330 104.849097 28.395209 1.0 3.0
2019 06 23 13 51 49.240 104.744971 28.430575 0.6 5.95
2019 06 23 13 52 21.520 104.851416 28.387834 0.6 2.58
2019 06 23 13 53 45.910 104.888916 28.351149 0.5 3.21
2019 06 23 14 00 43.190 104.762231 28.421244 0.8 4.98
2019 06 23 14 00 33.780 104.902930 28.377069 0.7 2.0
2019 06 23 14 02 29.210 104.761157 28.422312 0.2 5.74
2019 06 23 14 04 56.590 104.779663 28.441726 0.3 2.89
2019 06 23 14 07 04.980 104.769450 28.423816 1.5 5.55
2019 06 23 14 13 10.520 104.756445 28.432001 0.3 5.31
2019 06 23 14 14 03.580 104.881323 28.345880 0.4 1.91
2019 06 23 14 17 19.050 104.843294 28.401058 0.9 3.16
2019 06 23 14 17 55.080 104.787199 28.449632 0.5 5.8
2019 06 23 14 19 18.070 104.771948 28.423653 0.3 0.29
2019 06 23 14 20 01.250 104.836190 28.412624 2.9 5.52
2019 06 23 14 24 24.200 104.757137 28.424699 0.4 6.18
2019 06 23 14 24 14.420 104.948389 28.394902 0.0 2.4
2019 06 23 14 25 03.410 104.784538 28.481742 0.3 5.85
2019 06 23 14 27 39.420 104.877523 28.386621 0.4 2.01
2019 06 23 14 27 14.060 104.786776 28.481376 0.1 5.8
2019 06 23 14 28 15.400 104.767578 28.422829 2.0 5.56
2019 06 23 14 28 04.090 104.770475 28.423181 0.7 0.61
2019 06 23 14 32 16.490 104.882625 28.369120 0.8 2.83
2019 06 23 14 33 31.310 104.836605 28.397746 1.6 4.6
2019 06 23 14 36 01.780 104.932731 28.392552 0.9 2.74
2019 06 23 14 36 48.440 104.771045 28.421077 0.4 2.86
2019 06 23 14 37 25.030 104.769336 28.422898 0.3 5.01
2019 06 23 14 40 25.500 104.768083 28.422719 -0.0 5.24
2019 06 23 14 42 37.850 104.779012 28.418660 0.6 4.77
2019 06 23 14 46 51.440 104.769442 28.420321 0.4 2.95
2019 06 23 14 48 39.040 104.768815 28.420982 1.8 5.46
2019 06 23 14 51 50.820 104.830021 28.414644 0.7 5.86
2019 06 23 14 53 57.340 104.856356 28.400846 0.6 2.22
2019 06 23 14 53 36.730 104.766121 28.420520 0.5 5.51
2019 06 23 14 54 46.140 104.768937 28.420121 1.0 5.53
2019 06 23 14 54 52.590 104.768424 28.420304 1.2 5.41
2019 06 23 14 55 42.160 104.766903 28.435069 0.7 5.45
2019 06 23 14 56 40.260 104.797160 28.427273 2.7 4.31
2019 06 23 14 58 09.530 104.771582 28.423851 0.9 -0.41
2019 06 23 15 09 07.040 104.827010 28.389600 1.0 4.65
2019 06 23 15 08 59.430 104.760539 28.422133 0.7 5.0
2019 06 23 15 11 42.790 104.756608 28.419458 0.6 5.99
2019 06 23 15 12 55.540 104.796281 28.437864 0.6 3.27
2019 06 23 15 13 57.190 104.816479 28.408240 0.5 2.59
2019 06 23 15 14 53.810 104.782316 28.420909 0.3 5.23
2019 06 23 15 17 31.810 104.760026 28.442444 1.4 5.53
2019 06 23 15 17 21.060 104.754671 28.442590 1.0 5.59
2019 06 23 15 21 16.380 104.780493 28.418850 -0.0 5.08
2019 06 23 15 22 44.660 104.887573 28.360866 0.2 4.28
2019 06 23 15 23 44.760 104.772282 28.420201 0.7 5.21
2019 06 23 15 24 10.970 104.771232 28.420630 0.3 2.13
2019 06 23 15 25 59.530 104.898462 28.353746 0.9 2.68
2019 06 23 15 30 01.000 104.825342 28.404628 -0.0 2.01
2019 06 23 15 30 48.850 104.765934 28.420353 0.6 5.47
2019 06 23 15 31 36.120 104.768896 28.423069 1.0 5.07
2019 06 23 15 34 18.340 104.773844 28.434072 0.6 5.49
2019 06 23 15 38 53.740 104.827979 28.389834 0.8 4.49
2019 06 23 15 40 22.400 104.770955 28.437144 1.3 5.49
2019 06 23 15 44 55.840 104.784285 28.417037 0.7 5.05
2019 06 23 15 48 45.910 104.793774 28.416774 0.7 4.6
2019 06 23 15 51 35.490 104.793831 28.438340 0.5 2.79
2019 06 23 15 53 23.640 104.768579 28.423407 0.4 5.06
2019 06 23 15 52 58.500 104.747103 28.425643 0.0 6.52
2019 06 23 15 54 24.790 104.793335 28.416248 0.7 4.48
2019 06 23 15 55 22.130 104.766854 28.420058 1.2 5.43
2019 06 23 15 56 26.980 104.811027 28.412000 1.7 4.01
2019 06 23 15 56 14.210 104.764852 28.420162 -0.1 5.62
2019 06 23 15 57 14.540 104.793278 28.416457 1.0 4.48
2019 06 23 15 57 24.730 104.765690 28.418606 0.8 5.56
2019 06 23 15 58 41.460 104.852913 28.387524 0.8 2.57
2019 06 23 15 59 38.770 104.793123 28.442428 0.7 3.0
2019 06 23 16 00 15.480 104.846045 28.394700 0.1 2.97
2019 06 23 16 02 27.170 104.777751 28.417686 0.8 5.21
2019 06 23 16 04 24.270 104.881470 28.351272 0.4 3.05
2019 06 23 16 05 25.810 104.866138 28.386749 1.1 2.75
2019 06 23 16 07 37.580 104.775301 28.436182 1.4 4.08
2019 06 23 16 09 05.740 104.771240 28.422502 0.6 4.84
2019 06 23 16 09 48.150 104.805737 28.442637 0.3 2.84
2019 06 23 16 11 48.040 104.853011 28.387162 0.4 2.55
2019 06 23 16 12 54.700 104.764323 28.420583 0.2 5.45
2019 06 23 16 17 40.480 104.851351 28.408813 0.2 2.77
2019 06 23 16 18 12.060 104.830371 28.388833 0.1 5.04
2019 06 23 16 20 23.840 104.887451 28.374967 0.3 2.9
2019 06 23 16 22 34.180 104.795264 28.435858 0.1 2.61
2019 06 23 16 23 34.710 104.787899 28.423773 -0.0 5.07
2019 06 23 16 26 50.400 104.831714 28.393941 0.5 4.58
2019 06 23 16 28 00.640 104.752604 28.446240 1.9 5.5
2019 06 23 16 33 33.680 104.774870 28.435671 0.2 3.07
2019 06 23 16 33 59.710 104.859041 28.381637 0.3 1.93
2019 06 23 16 34 47.930 104.777604 28.490291 0.8 5.03
2019 06 23 16 36 10.310 104.768880 28.420241 -0.1 2.86
2019 06 23 16 36 38.960 104.875993 28.382652 0.5 4.27
2019 06 23 16 37 56.820 104.799780 28.444155 2.6 5.39
2019 06 23 16 46 26.000 104.811377 28.400429 0.4 1.67
2019 06 23 16 47 04.540 104.949512 28.359143 0.3 2.88
2019 06 23 16 52 16.730 104.772477 28.437988 0.7 5.56
2019 06 23 16 55 39.700 104.786084 28.413381 0.2 4.42
2019 06 23 16 57 03.980 104.772355 28.420648 0.7 2.84
2019 06 23 16 58 33.630 104.748926 28.429620 0.5 0.64
2019 06 23 16 58 26.090 104.769963 28.421289 0.5 5.34
2019 06 23 17 01 45.120 104.771997 28.423960 0.1 -0.31
2019 06 23 17 03 32.040 104.825000 28.410551 0.1 0.99
2019 06 23 17 07 53.260 104.762549 28.420217 0.4 5.49
2019 06 23 17 08 16.640 104.852230 28.412864 0.4 2.97
2019 06 23 17 13 09.840 104.762858 28.419731 0.1 2.41
2019 06 23 17 14 54.400 104.905452 28.370732 0.8 2.53
2019 06 23 17 15 35.640 104.766300 28.418949 0.3 2.21
2019 06 23 17 16 44.160 104.763363 28.426609 0.5 5.16
2019 06 23 17 18 21.440 104.796981 28.425513 0.7 3.01
2019 06 23 17 19 03.600 104.856787 28.391231 0.8 2.83
2019 06 23 17 22 02.880 104.858976 28.388247 0.2 1.79
2019 06 30 04 31 41.270 104.775155 28.417141 0.9 5.29
2019 06 23 17 30 56.260 104.773983 28.420241 0.5 -1.49
2019 06 23 17 33 44.800 104.784505 28.422583 1.4 5.25
2019 06 23 17 35 36.060 104.937948 28.365424 0.4 3.05
2019 06 23 17 37 07.360 104.891056 28.355243 0.8 3.03
2019 06 23 17 46 21.240 104.798250 28.426723 0.2 3.75
2019 06 23 17 47 14.600 104.856641 28.392749 0.3 3.03
2019 06 23 17 47 51.320 104.905127 28.373081 -0.3 7.98
2019 06 23 17 49 27.920 104.792920 28.417407 0.4 4.69
2019 06 23 17 49 12.580 104.892928 28.346816 0.7 1.42
2019 06 23 17 50 05.280 104.773910 28.431177 0.5 3.0
2019 06 23 17 54 04.160 104.782845 28.423551 0.3 5.62
2019 06 23 17 54 58.000 104.884668 28.383826 0.4 1.79
2019 06 23 17 56 10.400 104.833105 28.389539 0.0 5.42
2019 06 23 17 56 52.240 104.865210 28.388326 -0.1 1.52
2019 06 23 17 57 17.760 104.883529 28.381169 0.1 2.59
2019 06 23 17 58 02.880 104.879191 28.386074 2.3 4.2
2019 06 23 18 00 24.480 104.883154 28.381496 0.4 2.65
2019 06 23 18 01 28.180 104.894474 28.354828 0.4 2.66
2019 06 30 12 21 20.740 104.788647 28.426709 2.1 3.08
2019 06 23 18 04 06.920 104.870532 28.381409 0.2 1.07
2019 06 23 18 05 31.240 104.777279 28.419035 0.3 2.86
2019 06 23 18 05 55.420 104.866911 28.386607 0.1 2.21
2019 06 23 18 07 55.360 104.783317 28.422115 0.1 5.26
2019 06 23 18 12 50.480 104.790951 28.475566 1.1 0.26
2019 06 23 18 16 09.660 104.852433 28.402315 0.0 1.6
2019 06 23 18 20 16.080 104.793986 28.440833 1.8 2.92
2019 06 23 18 21 19.400 104.887972 28.380349 0.4 2.69
2019 06 23 18 22 26.760 104.900090 28.382121 0.8 3.56
2019 06 23 18 24 42.960 104.942049 28.357591 0.4 3.61
2019 06 23 18 25 41.480 104.798014 28.430334 0.4 5.76
2019 06 23 18 25 56.980 104.940601 28.361434 0.4 3.37
2019 06 23 18 32 54.400 104.892871 28.347937 1.0 2.4
2019 06 23 18 33 25.760 104.795378 28.439520 0.5 4.73
2019 06 23 18 34 30.200 104.890112 28.351721 0.5 2.89
2019 06 23 18 36 39.680 104.822900 28.403931 0.2 2.22
2019 06 23 18 37 09.640 104.787638 28.447394 -0.2 5.79
2019 06 23 18 43 50.560 104.762329 28.438169 0.8 5.64
2019 06 23 18 44 28.600 104.894393 28.344710 0.3 1.5
2019 06 23 18 50 13.560 104.886475 28.380170 1.9 2.22
2019 06 23 18 51 17.320 104.837077 28.396049 0.4 4.67
2019 06 23 18 51 38.240 104.867944 28.369920 0.2 -0.24
2019 06 23 18 52 29.200 104.917855 28.378210 0.4 4.52
2019 06 23 18 58 18.120 104.811914 28.420664 -0.1 4.22
2019 06 23 19 00 25.640 104.781877 28.423720 0.3 5.53
2019 06 23 19 09 11.560 104.824552 28.423822 0.4 3.35
2019 06 23 19 12 56.300 104.789030 28.426526 0.6 3.08
2019 06 23 19 14 01.180 104.972534 28.333848 0.2 1.71
2019 06 23 19 14 31.400 104.899935 28.364604 0.3 2.41
2019 06 23 19 19 17.720 104.810441 28.413359 0.1 3.4
2019 06 23 19 21 22.560 104.796769 28.439221 0.1 3.5
2019 06 23 19 21 02.840 104.834798 28.410358 0.0 3.73
2019 06 23 19 23 44.920 104.744987 28.423625 0.4 3.81
2019 06 23 19 24 26.280 104.893221 28.347829 0.6 2.46
2019 06 23 19 29 18.760 104.804964 28.443127 0.5 1.94
2019 06 23 19 29 42.600 104.769686 28.435758 0.7 4.18
2019 06 23 19 30 57.160 104.773364 28.419548 0.2 2.91
2019 06 23 19 32 05.840 104.804964 28.441777 0.2 5.2
2019 06 23 19 32 55.160 104.815080 28.422894 0.2 1.0
2019 06 23 19 33 13.880 104.811198 28.414323 -0.1 3.93
2019 06 23 19 33 56.940 104.859513 28.396785 0.5 3.38
2019 06 23 19 37 52.780 104.789355 28.435756 0.2 2.93
2019 06 23 19 38 19.200 104.840080 28.398981 1.5 4.8
2019 06 23 19 39 14.120 104.764372 28.416571 0.9 2.87
2019 06 23 19 39 47.320 104.827441 28.396501 0.6 5.17
2019 06 23 19 41 29.520 104.783488 28.439604 0.3 3.42
2019 06 23 19 41 53.600 104.797933 28.414675 0.6 3.84
2019 06 23 19 42 12.360 104.791146 28.434397 0.9 3.06
2019 06 23 19 42 44.940 104.813232 28.411405 -0.1 3.59
2019 06 23 19 43 57.520 104.778524 28.490175 0.6 4.92
2019 06 23 19 46 11.260 104.762752 28.415485 0.3 5.25
2019 06 23 19 46 55.400 104.888647 28.353005 -0.1 3.0
2019 06 23 19 48 27.760 104.799186 28.446141 1.0 5.33
2019 06 23 19 49 35.760 104.839771 28.398682 0.8 4.7
2019 06 23 19 51 59.160 104.775643 28.429655 1.3 2.89
2019 06 23 19 51 52.240 104.933065 28.392483 0.3 2.75
2019 06 23 19 53 00.880 104.799951 28.425287 0.4 7.91
2019 06 23 19 54 06.640 104.775171 28.430804 0.7 1.75
2019 06 23 19 56 13.660 104.883521 28.383207 0.4 2.65
2019 06 23 19 57 56.600 104.750553 28.424976 1.0 6.31
2019 06 23 19 59 39.680 104.789583 28.430493 0.3 3.32
2019 06 23 20 00 20.600 104.886759 28.380583 0.1 2.64
2019 06 23 20 01 02.980 104.865373 28.389642 0.8 2.77
2019 06 23 20 01 27.920 104.787760 28.451567 0.4 5.97
2019 06 23 20 05 05.640 104.766927 28.419812 0.3 5.59
2019 06 23 20 06 19.580 104.801530 28.438570 1.4 5.67
2019 06 23 20 07 11.280 104.846183 28.393166 0.8 2.99
2019 06 23 20 09 39.120 104.886629 28.380804 0.5 2.64
2019 06 23 20 10 22.000 104.778011 28.432532 0.2 4.29
2019 06 23 20 13 33.640 104.772941 28.434403 0.7 4.1
2019 06 23 20 16 35.260 104.901676 28.354220 0.3 2.6
2019 06 23 20 16 52.920 104.794328 28.439199 0.7 2.96
2019 06 23 20 19 20.180 104.887671 28.380459 0.2 1.5
2019 06 23 20 20 55.640 104.790234 28.430198 0.9 5.53
2019 06 23 20 23 04.420 104.770264 28.423492 0.4 5.44
2019 06 23 20 24 46.240 104.837891 28.384863 0.4 -0.06
2019 06 23 20 25 03.100 104.804378 28.445793 0.4 3.39
2019 06 23 20 26 05.520 104.933219 28.365896 0.3 2.55
2019 07 01 11 01 20.880 104.786605 28.415660 0.2 2.75
2019 06 23 20 26 55.720 104.780477 28.420848 0.6 2.7
2019 06 23 20 27 37.360 104.772526 28.431287 0.3 2.96
2019 06 23 20 29 16.200 104.759285 28.432003 0.5 3.01
2019 06 23 20 31 19.440 104.837264 28.388106 0.6 0.06
2019 06 23 20 31 48.120 104.903833 28.363047 2.1 5.65
2019 06 23 20 32 53.340 104.920972 28.365562 0.6 2.24
2019 06 23 20 33 16.920 104.880697 28.345083 -0.0 2.59
2019 06 23 20 35 01.260 104.904785 28.364768 0.5 2.14
2019 06 23 20 37 19.360 104.901799 28.390662 0.3 1.23
2019 06 23 20 38 15.160 104.767977 28.420699 0.8 5.07
2019 06 23 20 39 10.500 104.904541 28.365367 0.8 2.54
2019 06 23 20 39 05.240 104.793742 28.482078 0.5 6.64
2019 06 23 20 39 25.880 104.773462 28.442517 0.7 -0.87
2019 06 23 20 42 00.640 104.817773 28.412199 0.4 2.47
2019 06 23 20 42 52.120 104.886198 28.345669 0.2 3.62
2019 07 01 12 51 00.940 104.765869 28.429671 0.8 5.51
2019 06 23 20 45 59.420 104.763289 28.420115 0.1 5.46
2019 06 23 20 46 57.320 104.889486 28.351619 0.1 2.68
2019 06 23 20 47 22.500 104.789396 28.450983 3.8 6.19
2019 06 23 20 48 25.720 104.782650 28.446279 2.0 4.68
2019 06 23 20 51 10.720 104.780054 28.442458 0.8 4.02
2019 06 23 20 53 08.100 104.857365 28.391947 0.5 2.97
2019 06 23 20 57 08.400 104.764225 28.421665 1.1 5.52
2019 06 23 20 56 52.760 104.786841 28.415556 0.3 2.72
2019 06 23 20 58 30.980 104.794442 28.442251 0.5 4.06
2019 06 23 21 06 05.920 104.780208 28.424827 2.9 5.53
2019 06 23 21 05 44.500 104.763696 28.421356 1.0 5.51
2019 06 23 21 11 36.720 104.783000 28.422032 0.6 5.25
2019 06 23 21 12 13.760 104.804329 28.415346 0.5 3.75
2019 06 23 21 11 51.980 104.734090 28.432648 0.6 8.37
2019 06 23 21 13 38.360 104.792269 28.416014 0.3 2.26
2019 06 23 21 16 48.860 104.792334 28.415818 0.3 2.16
2019 06 23 21 17 51.760 104.867041 28.370184 0.7 -0.05
2019 06 23 21 21 40.120 104.755037 28.433911 0.5 7.75
2019 06 23 21 23 09.100 104.782324 28.424512 2.6 5.72
2019 06 23 21 24 22.780 104.782544 28.422211 0.5 5.26
2019 06 23 21 27 14.640 104.768294 28.420799 1.0 4.96
2019 06 23 21 30 19.160 104.783008 28.421143 0.5 2.99
2019 06 23 21 35 45.440 104.854297 28.401577 1.2 5.27
2019 06 23 21 40 33.480 104.839738 28.385278 0.2 4.01
2019 06 23 21 40 52.720 104.749023 28.422845 0.7 6.28
2019 06 23 21 41 40.560 104.791138 28.434538 0.3 -0.55
2019 06 23 21 41 25.260 104.778678 28.424833 0.2 5.88
2019 06 23 21 42 41.420 104.839738 28.386306 0.2 4.15
2019 06 23 21 43 28.260 104.770199 28.420351 0.6 2.95
2019 06 23 21 44 10.240 104.839616 28.385187 0.2 3.99
2019 06 23 21 44 47.240 104.778792 28.421436 0.5 2.78
2019 06 23 21 46 01.440 104.771615 28.421444 2.7 5.54
2019 06 23 21 48 10.760 104.839535 28.385236 0.5 4.0
2019 06 23 21 49 22.800 104.773250 28.420357 -0.0 5.33
2019 06 23 21 53 50.680 104.789445 28.440438 0.3 3.22
2019 06 23 21 54 09.560 104.791439 28.445048 0.1 5.65
2019 06 23 21 57 42.320 104.933000 28.356982 0.4 2.76
2019 06 23 21 58 29.940 104.862557 28.377336 0.4 1.65
2019 06 23 22 02 30.900 104.829744 28.388780 1.0 5.07
2019 06 23 22 02 49.640 104.853621 28.393896 0.9 2.85
2019 06 23 22 03 55.560 104.778662 28.417480 2.1 5.41
2019 06 23 22 03 27.960 104.839665 28.385419 0.6 4.01
2019 06 23 22 06 02.320 104.772266 28.422394 0.5 5.45
2019 06 23 22 07 36.800 104.787142 28.432524 0.4 4.18
2019 06 23 22 10 11.120 104.931673 28.356569 0.7 2.08
2019 06 23 22 15 12.620 104.896281 28.355225 0.4 2.99
2019 06 23 22 18 11.640 104.772257 28.420105 0.8 2.89
2019 06 23 22 22 22.800 104.796566 28.438770 1.0 5.15
2019 06 23 22 28 08.840 104.777547 28.417938 0.6 5.29
2019 06 23 22 31 42.260 104.760099 28.424121 2.7 6.01
2019 06 23 22 32 42.840 104.760433 28.423289 1.5 3.31
2019 06 23 22 37 48.200 104.830241 28.393752 0.5 4.57
2019 06 23 22 38 00.920 104.785978 28.420559 0.8 5.17
2019 06 23 22 38 41.560 104.760099 28.424587 0.4 5.66
2019 06 23 22 39 45.000 104.839632 28.385256 0.9 3.99
2019 06 23 22 42 38.160 104.781022 28.426971 0.8 2.89
2019 06 23 22 42 32.400 104.953117 28.371429 0.7 2.31
2019 06 23 22 43 45.080 104.839209 28.385173 0.8 4.01
2019 06 23 22 48 25.520 104.839128 28.385158 0.5 4.04
2019 06 23 22 49 28.060 104.865788 28.387142 0.6 2.41
2019 06 23 22 49 58.960 104.799577 28.447172 1.0 3.24
2019 06 23 22 53 40.860 104.746606 28.444836 1.1 5.24
2019 06 23 22 54 11.720 104.825041 28.400275 0.3 1.69
2019 06 23 22 57 25.080 104.867098 28.389109 1.0 2.58
2019 06 23 23 00 56.240 104.793978 28.416803 1.7 5.2
2019 06 23 23 03 12.160 104.782951 28.429824 0.9 2.8
2019 06 23 23 07 12.440 104.853581 28.396271 0.6 2.98
2019 06 23 23 10 12.760 104.841398 28.399727 0.9 4.8
2019 06 23 23 15 42.720 104.942765 28.361326 0.3 3.32
2019 06 23 23 16 11.240 104.942537 28.361253 0.6 3.33
2019 06 23 23 16 29.060 104.850936 28.402606 0.6 5.11
2019 06 23 23 17 27.080 104.770728 28.420447 0.1 4.22
2019 06 23 23 26 53.840 104.779321 28.440265 0.6 3.13
2019 06 23 23 30 12.340 104.762858 28.435840 1.6 5.56
2019 06 23 23 31 40.080 104.791886 28.445087 0.9 5.66
2019 06 23 23 34 58.880 104.836019 28.395907 4.0 9.17
2019 06 23 23 38 34.760 104.839933 28.399146 1.0 4.79
2019 06 23 23 39 27.040 104.847420 28.394712 1.1 3.16
2019 06 23 23 40 12.000 104.841659 28.399634 1.0 4.65
2019 06 23 23 45 20.080 104.830355 28.389010 0.8 5.02
2019 06 23 23 46 29.080 104.763070 28.427574 0.4 2.57
2019 06 23 23 47 50.360 104.840088 28.399719 1.1 5.09
2019 06 23 23 58 07.040 104.862866 28.387425 0.6 1.73
2019 06 24 00 02 09.100 104.827026 28.406604 0.5 4.04
2019 06 24 00 09 43.410 104.791520 28.446517 1.6 5.7
2019 06 24 00 10 44.900 104.784318 28.421895 0.5 5.2
2019 06 24 00 11 23.310 104.857104 28.399357 0.7 3.03
2019 06 24 00 12 59.970 104.811263 28.399518 1.1 2.61
2019 06 24 00 13 23.940 104.792847 28.435809 0.7 3.06
2019 06 24 00 14 50.100 104.927840 28.378931 0.8 3.04
2019 06 24 00 16 08.750 104.770996 28.423073 0.4 -0.32
2019 06 24 00 17 00.230 104.840560 28.398979 0.8 4.84
2019 06 24 00 20 27.860 104.791235 28.416071 0.7 1.54
2019 06 24 00 28 35.170 104.838908 28.398954 1.4 4.62
2019 06 24 00 32 16.150 104.792057 28.446488 1.9 5.66
2019 06 24 00 37 14.640 104.754232 28.426208 1.5 6.09
2019 06 24 00 37 51.040 104.791520 28.445264 1.6 5.67
2019 06 24 00 39 27.070 104.790828 28.445302 0.2 5.6
2019 06 24 00 45 19.950 104.886206 28.380275 2.3 2.51
2019 06 24 00 47 08.350 104.787744 28.437410 1.0 3.17
2019 06 24 00 51 27.750 104.800562 28.411277 0.6 2.7
2019 06 24 01 01 23.210 104.773356 28.424811 0.8 0.77
2019 06 24 01 01 54.330 104.832650 28.419371 0.6 3.53
2019 06 24 01 03 16.070 104.777482 28.433061 0.9 2.97
2019 06 24 01 05 17.280 104.788013 28.441595 1.6 3.16
2019 06 24 01 06 55.820 104.819474 28.404716 0.6 3.15
2019 06 24 01 09 30.680 104.793612 28.424341 0.8 2.08
2019 06 24 01 11 24.130 104.891593 28.356809 1.3 1.24
2019 06 24 01 15 48.630 104.743026 28.450637 1.6 5.67
2019 06 24 01 16 15.200 104.838306 28.383057 1.6 4.39
2019 06 24 01 20 30.280 104.771053 28.435496 2.1 5.5
2019 06 24 01 23 16.160 104.789746 28.446637 3.8 5.78
2019 06 24 01 26 07.980 104.787231 28.449345 1.6 5.57
2019 06 24 01 28 54.240 104.789030 28.442576 0.9 3.4
2019 06 24 01 29 45.400 104.790723 28.445858 0.9 5.79
2019 06 24 01 29 59.330 104.787703 28.455190 0.8 4.77
2019 06 24 01 31 09.520 104.787354 28.448409 1.1 5.84
2019 06 24 01 31 46.440 104.787581 28.442377 1.1 3.54
2019 06 24 01 32 16.980 104.788363 28.453554 0.8 5.9
2019 06 24 01 34 45.190 104.787516 28.450775 0.9 5.7
2019 06 24 01 35 13.620 104.916040 28.376825 1.0 2.29
2019 06 24 01 35 55.870 104.788550 28.449729 0.9 5.65
2019 06 24 01 37 32.030 104.854687 28.411623 0.8 2.88
2019 06 24 01 39 57.620 104.748747 28.428585 0.9 6.51
2019 06 24 01 40 14.560 104.843075 28.399982 0.8 4.68
2019 06 24 01 44 48.450 104.851082 28.406160 1.7 3.12
2019 06 24 01 45 27.800 104.750789 28.429592 0.5 3.63
2019 06 24 01 49 52.780 104.768766 28.435004 1.0 3.18
2019 06 24 01 50 39.780 104.781966 28.449363 0.7 -1.24
2019 06 24 01 53 17.160 104.787272 28.446497 0.9 5.8
2019 06 24 01 54 25.730 104.774902 28.432420 1.0 4.12
2019 06 24 15 51 51.110 104.838232 28.398576 0.8 4.68
2019 06 24 01 55 44.040 104.783016 28.445384 1.0 4.08
2019 06 24 02 06 55.270 104.784155 28.426821 0.6 3.85
2019 06 24 02 07 21.360 104.967985 28.380996 0.9 2.99
2019 06 24 02 11 31.000 104.787557 28.448435 2.6 5.86
2019 06 24 02 13 57.100 104.877368 28.385128 1.2 4.16
2019 06 24 02 13 50.070 104.815755 28.397225 0.8 1.73
2019 06 24 02 16 02.690 104.828084 28.261552 0.8 7.59
2019 06 24 02 17 36.290 104.853581 28.415220 1.3 2.94
2019 06 24 02 21 58.750 104.770394 28.418329 0.8 2.16
2019 06 24 02 22 30.790 104.730143 28.428269 0.8 7.87
2019 06 24 02 30 10.610 104.790308 28.445756 1.0 5.7
2019 06 24 02 29 51.340 104.777865 28.420249 0.4 5.09
2019 06 24 02 30 33.400 104.788615 28.449955 0.7 5.55
2019 06 24 02 32 51.290 104.936922 28.361194 1.0 2.96
2019 06 24 02 34 17.180 104.840007 28.397852 1.4 4.79
2019 06 24 02 34 44.950 104.781372 28.449457 0.2 0.74
2019 06 24 02 41 26.920 104.787118 28.451219 1.4 5.88
2019 06 24 02 47 19.870 104.820402 28.410258 1.2 5.76
2019 06 24 02 57 47.170 104.852995 28.414819 0.5 2.93
2019 06 24 02 59 09.710 104.906803 28.366970 1.2 4.38
2019 06 24 03 04 27.850 104.844548 28.394928 1.6 3.23
2019 06 24 03 28 56.070 104.867993 28.386123 1.1 2.36
2019 06 24 03 35 24.820 104.788175 28.447160 0.8 5.34
2019 06 24 03 37 37.010 104.737720 28.430343 1.6 6.22
2019 06 24 03 43 29.830 104.840283 28.398940 1.2 4.65
2019 06 24 03 47 50.980 104.852734 28.414315 0.8 2.96
2019 06 24 03 49 23.620 104.733651 28.430166 0.8 8.25
2019 06 24 03 50 27.850 104.781022 28.423698 0.8 1.81
2019 06 24 03 57 04.620 104.788753 28.448389 1.1 5.78
2019 06 24 04 00 42.740 104.897111 28.353621 1.1 2.69
2019 06 24 04 01 09.730 104.769027 28.424447 0.8 5.58
2019 06 24 04 08 45.160 104.840633 28.387077 0.9 3.95
2019 06 24 04 10 53.110 104.786182 28.436900 1.1 2.43
2019 06 24 04 15 35.420 104.786776 28.439492 0.6 5.38
2019 06 24 04 17 23.930 104.898348 28.373836 1.0 3.02
2019 06 24 04 18 45.760 104.884855 28.383388 0.6 2.94
2019 06 24 04 20 13.540 104.899813 28.378259 1.3 1.34
2019 06 24 04 22 50.490 104.752214 28.432821 1.0 4.95
2019 06 24 04 25 10.590 104.780485 28.425924 0.4 5.8
2019 06 24 04 27 04.300 104.788241 28.451031 1.1 5.85
2019 06 24 04 26 56.510 104.770418 28.418821 0.8 1.73
2019 06 24 04 29 40.170 104.933976 28.391805 0.9 2.75
2019 06 24 04 30 14.520 104.857723 28.392133 0.6 2.96
2019 06 24 04 30 59.040 104.933903 28.391933 1.1 2.75
2019 06 24 04 31 33.890 104.825212 28.413590 1.5 2.57
2019 06 24 04 38 43.920 104.809896 28.449638 1.0 1.08
2019 06 24 04 46 56.130 104.757804 28.426522 0.7 3.54
2019 06 24 04 53 37.470 104.787557 28.447439 0.7 5.8
2019 06 24 04 57 17.040 104.767342 28.423132 1.5 5.52
2019 06 24 04 59 30.290 104.837671 28.397803 0.7 4.58
2019 06 24 05 05 28.590 104.890397 28.380101 0.6 2.88
2019 06 24 05 08 34.390 104.942879 28.353593 1.2 2.58
2019 06 24 05 13 39.290 104.787354 28.451343 1.0 5.86
2019 06 24 05 14 26.940 104.857886 28.396417 1.2 5.34
2019 06 24 05 20 39.210 104.789217 28.445640 1.5 5.61
2019 06 24 05 23 52.060 104.815454 28.397512 0.7 1.79
2019 06 24 05 26 00.110 104.832886 28.414557 0.8 2.05
2019 06 24 05 27 33.760 104.780151 28.449904 0.5 1.43
2019 06 24 05 28 08.540 104.762240 28.422780 0.6 4.62
2019 06 24 05 30 34.040 104.785042 28.448836 0.6 5.2
2019 06 24 05 31 35.690 104.789299 28.426416 0.4 3.04
2019 06 24 05 33 34.460 104.771037 28.434892 1.1 5.52
2019 06 24 05 36 27.870 104.873543 28.397048 0.4 2.57
2019 06 24 05 40 23.330 104.768660 28.433390 1.4 3.13
2019 06 24 05 42 28.840 104.837345 28.397750 0.5 4.7
2019 06 24 05 47 22.540 104.739372 28.431053 0.5 5.37
2019 06 24 05 49 39.840 104.787052 28.442169 1.1 3.55
2019 06 24 05 53 38.780 104.788672 28.446018 0.6 5.74
2019 06 24 05 55 53.110 104.787150 28.450205 1.7 5.87
2019 06 24 05 58 19.090 104.777458 28.478790 1.4 8.4
2019 06 24 06 00 41.160 104.841398 28.399467 0.7 4.63
2019 06 24 06 01 47.740 104.934245 28.391929 1.0 2.73
2019 06 24 06 02 58.720 104.788452 28.454911 0.6 5.84
2019 06 24 06 03 51.910 104.780330 28.422937 1.6 5.3
2019 06 24 06 05 10.470 104.827303 28.411281 1.0 0.89
2019 06 24 06 08 16.710 104.774390 28.434072 0.8 4.68
2019 06 24 06 08 44.500 104.775765 28.435146 0.6 3.94
2019 06 24 06 14 28.930 104.756307 28.423307 0.8 2.63
2019 06 24 06 18 37.590 104.875212 28.392389 0.9 2.19
2019 06 24 06 22 05.880 104.792367 28.438365 0.4 3.88
2019 06 24 06 23 35.260 104.901359 28.362327 0.4 -0.98
2019 06 24 06 26 34.700 104.772607 28.422904 1.2 5.48
2019 06 24 06 28 35.410 104.768164 28.422638 0.5 5.27
2019 06 24 06 29 52.460 104.811719 28.414372 0.4 3.74
2019 06 24 06 36 26.740 104.766951 28.423615 2.4 5.68
2019 06 24 06 37 51.320 104.906982 28.392621 1.3 5.59
2019 06 24 06 38 30.410 104.840535 28.421820 1.5 3.52
2019 06 24 06 39 44.280 104.766553 28.424563 1.4 5.37
2019 06 24 06 40 00.260 104.792855 28.452694 1.5 5.75
2019 06 24 06 40 42.580 104.769165 28.422538 0.9 5.47
2019 06 26 16 12 21.000 104.934562 28.392035 0.9 2.75
2019 06 24 06 43 57.810 104.797380 28.440426 1.5 5.4
2019 06 24 06 44 52.320 104.836890 28.397569 0.9 4.58
2019 06 24 06 47 01.450 104.767822 28.423716 0.6 5.49
2019 06 24 06 47 45.390 104.787101 28.442509 0.7 3.47
2019 06 24 06 56 28.990 104.777979 28.419314 1.0 4.49
2019 06 24 06 57 48.180 104.887150 28.373704 0.9 2.08
2019 06 24 06 58 22.350 104.880404 28.385942 1.5 4.18
2019 06 26 22 23 41.060 104.934253 28.349066 0.5 3.8
2019 06 24 07 05 40.350 104.931234 28.351898 1.0 2.16
2019 06 24 07 15 51.580 104.769035 28.482766 1.0 6.65
2019 06 24 07 20 52.620 104.931616 28.364583 1.5 2.19
2019 06 24 07 23 11.550 104.793905 28.436141 1.0 2.98
2019 06 24 07 23 35.220 104.786328 28.415814 0.7 2.74
2019 06 24 07 29 25.460 104.735824 28.431984 0.5 8.46
2019 06 24 07 32 25.440 104.896257 28.379484 0.8 6.01
2019 06 24 07 55 13.980 104.776506 28.418089 0.5 2.85
2019 06 24 08 06 29.600 104.822697 28.424561 0.1 3.92
2019 06 24 08 06 51.430 104.891870 28.354344 1.5 3.28
2019 06 24 08 16 10.770 104.945785 28.378538 0.8 3.06
2019 06 24 08 16 55.590 104.786027 28.443795 0.4 3.68
2019 06 24 08 20 38.770 104.730029 28.439535 0.7 7.31
2019 06 24 08 24 53.140 104.790649 28.450340 0.4 5.71
2019 06 24 08 24 31.370 104.861646 28.388141 0.2 1.83
2019 06 24 08 25 16.170 104.731584 28.430184 0.5 8.19
2019 06 24 08 30 00.950 104.868376 28.385734 1.0 2.75
2019 06 24 08 36 16.120 104.844938 28.375810 0.5 4.17
2019 06 24 08 37 49.220 104.930396 28.352557 0.9 2.8
2019 06 24 08 47 55.030 104.782381 28.424546 0.5 5.65
2019 06 24 08 48 18.690 104.831934 28.394037 1.5 4.32
2019 06 24 08 54 58.380 104.807756 28.412970 1.2 2.35
2019 06 24 08 57 19.010 104.789697 28.451648 0.9 5.8
2019 06 24 08 57 50.320 104.900488 28.361879 0.9 2.58
2019 06 24 08 58 18.310 104.788818 28.449945 0.7 5.81
2019 06 24 09 11 51.730 104.798901 28.438255 0.9 5.64
2019 06 24 09 13 02.310 104.772290 28.442637 0.0 -0.83
2019 06 24 09 16 06.760 104.786361 28.428188 0.8 6.18
2019 06 24 09 21 20.170 104.783773 28.433468 1.1 0.7
2019 06 24 09 33 57.440 104.767961 28.423700 1.0 5.49
2019 06 24 09 41 19.120 104.834351 28.390369 0.4 5.09
2019 06 24 09 51 36.600 104.770068 28.480363 0.7 3.87
2019 06 24 09 55 13.430 104.787313 28.446155 1.4 5.78
2019 06 24 09 56 54.920 104.829948 28.383374 0.6 4.31
2019 06 24 10 03 19.020 104.866520 28.391982 1.2 5.39
2019 06 24 10 05 40.160 104.793514 28.440002 0.3 3.3
2019 06 24 10 07 49.130 104.839876 28.385154 1.0 3.98
2019 06 24 10 12 45.900 104.891056 28.374270 0.8 2.44
2019 06 24 10 17 31.230 104.800212 28.438835 0.6 2.75
2019 06 24 10 18 24.280 104.782878 28.426526 0.9 3.13
2019 06 24 10 21 41.890 104.745907 28.451410 0.7 8.78
2019 06 24 10 23 00.530 104.781177 28.441545 0.3 3.26
2019 06 24 10 24 29.720 104.934456 28.351455 1.1 2.25
2019 06 24 10 27 11.900 104.825936 28.408285 0.6 3.16
2019 06 24 10 27 42.860 104.825920 28.408272 0.7 3.2
2019 06 24 10 31 25.180 104.744987 28.452059 0.5 8.78
2019 06 24 10 32 55.190 104.821712 28.407568 0.9 3.48
2019 06 24 10 35 17.050 104.739502 28.429875 0.6 8.0
2019 06 24 10 37 36.130 104.890666 28.373539 0.8 2.36
2019 06 24 10 41 09.020 104.760758 28.420713 0.9 3.61
2019 06 24 10 42 07.900 104.810173 28.440316 1.0 5.48
2019 06 24 10 44 40.060 104.782861 28.424119 0.4 5.8
2019 06 24 10 47 42.170 104.753117 28.413774 0.3 6.49
2019 06 24 10 48 57.510 104.824202 28.406045 0.1 2.25
2019 06 24 10 50 57.360 104.763013 28.436410 2.4 5.37
2019 06 24 10 51 52.190 104.788908 28.457723 1.0 5.82
2019 06 24 10 53 39.170 104.776392 28.430105 1.2 2.84
2019 06 24 10 55 49.570 104.747925 28.424868 0.7 6.43
2019 06 24 10 56 53.470 104.794409 28.440023 0.9 3.06
2019 06 24 10 59 44.400 104.751750 28.431390 0.9 1.21
2019 06 24 11 07 36.270 104.780314 28.415082 0.4 2.39
2019 06 24 11 10 29.930 104.889860 28.354008 0.5 2.99
2019 06 24 11 15 18.690 104.752262 28.423962 0.6 6.1
2019 06 24 11 20 17.340 104.768465 28.436053 0.3 5.68
2019 06 24 11 22 02.720 104.934530 28.392834 0.4 2.75
2019 06 24 11 23 58.620 104.750521 28.434519 1.0 5.62
2019 06 24 11 31 56.970 104.786271 28.414746 0.5 1.63
2019 06 24 11 32 14.270 104.788167 28.450712 0.7 5.58
2019 06 24 11 37 58.410 104.764494 28.418154 0.9 2.89
2019 06 24 11 40 38.530 104.876302 28.367906 1.9 4.26
2019 06 24 11 49 01.400 104.788965 28.423865 0.7 4.23
2019 06 24 11 50 02.070 104.770532 28.421478 0.6 5.03
2019 06 24 11 52 44.180 104.794914 28.416911 0.9 5.17
2019 06 24 11 53 50.370 104.749650 28.449573 1.1 5.67
2019 06 24 11 54 19.300 104.764046 28.421840 0.7 2.41
2019 06 24 11 55 59.980 104.887695 28.377338 0.8 2.22
2019 06 24 11 57 38.900 104.793636 28.438472 1.3 2.9
2019 06 24 12 01 50.350 104.795825 28.425112 0.7 3.91
2019 06 24 12 06 13.350 104.750871 28.423517 1.0 6.31
2019 06 24 12 09 52.470 104.896826 28.362288 0.7 3.41
2019 06 24 12 14 36.700 104.772909 28.429260 0.4 2.3
2019 06 24 12 21 46.730 104.777189 28.482249 0.5 7.44
2019 06 24 12 22 21.030 104.768498 28.479824 0.4 5.9
2019 06 24 12 25 09.610 104.788916 28.423928 1.7 4.24
2019 06 24 12 29 31.100 104.770369 28.425208 0.9 5.43
2019 06 24 12 30 07.500 104.801172 28.439233 1.6 5.29
2019 06 24 12 32 38.370 104.753540 28.419609 0.3 6.08
2019 06 24 12 36 53.320 104.744482 28.434511 1.2 6.26
2019 06 24 12 39 15.150 104.827913 28.390002 0.7 4.69
2019 06 24 12 39 59.580 104.788135 28.450208 1.1 5.83
2019 06 24 12 42 01.960 104.788289 28.446564 0.7 5.75
2019 06 24 12 43 38.810 104.872965 28.388944 1.3 3.92
2019 06 24 12 46 59.780 104.805249 28.443223 1.3 3.28
2019 06 24 12 51 24.900 104.892277 28.361129 0.4 2.88
2019 06 24 12 55 46.500 104.799447 28.475938 0.7 1.11
2019 06 24 12 57 59.520 104.865666 28.370844 0.7 2.55
2019 06 24 12 59 12.070 104.787769 28.450293 1.5 5.84
2019 06 24 13 01 25.620 104.875285 28.387028 0.7 3.9
2019 06 24 13 02 24.830 104.768750 28.419110 -0.0 4.67
2019 06 24 13 03 19.590 104.790104 28.428284 0.8 2.76
2019 06 24 13 04 19.730 104.788053 28.450264 0.3 5.82
2019 06 24 13 05 58.420 104.788883 28.452104 0.6 5.75
2019 06 24 13 11 35.090 104.795964 28.479376 1.5 1.69
2019 06 24 13 11 59.650 104.748519 28.430086 1.0 6.24
2019 06 24 13 18 22.780 104.788534 28.424200 0.9 4.23
2019 06 29 12 24 51.360 104.839632 28.385388 0.9 3.96
2019 06 24 13 23 53.050 104.783455 28.427380 0.0 4.78
2019 06 24 13 29 05.610 104.925757 28.382448 1.2 1.88
2019 06 24 13 35 51.710 104.788851 28.449955 1.1 5.81
2019 06 24 13 40 14.080 104.861157 28.390592 1.3 3.28
2019 06 24 13 40 50.340 104.745841 28.419517 0.8 1.0
2019 06 24 13 44 07.210 104.894889 28.370923 1.2 2.2
2019 06 24 13 45 01.680 104.773438 28.430153 1.2 2.86
2019 06 24 13 52 44.170 104.746883 28.425106 0.5 6.56
2019 06 24 13 54 35.370 104.789884 28.442590 0.5 2.95
2019 06 24 13 57 10.450 104.770394 28.420504 0.4 5.29
2019 06 24 13 57 28.200 104.728882 28.439524 0.9 7.35
2019 06 24 14 00 54.760 104.770288 28.417745 0.3 3.29
2019 06 24 14 04 05.560 104.935498 28.359819 0.8 1.75
2019 06 24 14 06 55.010 104.856909 28.392757 0.4 2.96
2019 06 24 14 09 36.880 104.802881 28.445160 0.4 3.45
2019 06 24 14 11 51.550 104.793115 28.424314 0.5 2.46
2019 06 24 14 14 19.880 104.782772 28.430570 0.6 2.03
2019 06 24 14 17 24.650 104.819678 28.442324 0.6 6.31
2019 06 24 14 21 46.410 104.796582 28.425094 0.5 3.8
2019 06 24 14 25 45.380 104.787004 28.451613 0.9 5.88
2019 06 24 14 29 20.020 104.739266 28.431411 0.8 8.56
2019 06 24 14 29 53.380 104.738078 28.432009 1.2 8.55
2019 06 24 14 33 34.740 104.934961 28.392057 0.8 2.74
2019 06 24 14 36 28.080 104.739518 28.430890 0.2 8.56
2019 06 24 14 37 31.780 104.788379 28.449967 1.2 5.81
2019 06 24 14 37 48.010 104.787939 28.449506 1.0 5.83
2019 06 24 14 43 55.400 104.780184 28.424465 0.5 1.97
2019 06 24 14 47 20.310 104.737467 28.431984 0.0 8.5
2019 06 24 14 50 18.780 104.811784 28.410291 1.3 3.84
2019 06 24 14 52 42.040 104.774300 28.439258 0.3 5.61
2019 06 24 14 56 27.820 104.738534 28.431724 0.9 8.53
2019 06 24 14 59 54.370 104.748283 28.426768 0.2 6.44
2019 06 24 15 01 57.780 104.764876 28.436119 0.9 4.23
2019 06 24 15 02 49.580 104.763631 28.437465 0.3 5.6
2019 06 24 15 07 47.720 104.823820 28.406445 -0.1 2.65
2019 06 24 15 08 53.630 104.801326 28.426538 1.1 4.37
2019 06 24 15 12 54.160 104.864901 28.408563 0.3 1.2
2019 06 24 15 13 49.380 104.769124 28.424939 1.0 5.73
2019 06 24 15 14 51.840 104.765088 28.435679 0.4 4.23
2019 06 24 15 19 43.230 104.853060 28.390196 1.2 3.03
2019 06 24 15 22 36.960 104.935075 28.392122 0.7 2.76
2019 06 24 15 24 39.800 104.832170 28.394271 0.6 4.32
2019 06 24 15 25 38.060 104.888330 28.353599 0.0 2.96
2019 06 24 15 29 30.210 104.855428 28.391368 0.5 2.85
2019 06 24 15 30 08.600 104.789811 28.430880 0.6 2.74
2019 06 24 15 31 48.720 104.772217 28.422215 0.2 5.28
2019 06 24 15 33 13.770 104.795174 28.415863 0.4 4.41
2019 06 24 15 33 39.780 104.795052 28.415863 0.8 4.42
2019 06 24 15 34 44.910 104.895101 28.353296 0.6 3.74
2019 06 24 15 35 20.200 104.794808 28.415721 1.2 4.4
2019 06 24 15 34 57.860 104.853597 28.389382 0.6 2.89
2019 06 24 15 38 12.760 104.809033 28.439978 1.7 5.55
2019 06 24 15 37 52.350 104.804264 28.439775 1.3 3.54
2019 06 24 15 45 19.400 104.903133 28.354222 0.1 2.54
2019 06 24 15 46 58.870 104.776139 28.492566 0.6 5.15
2019 06 24 15 47 38.600 104.935148 28.367704 0.6 2.23
2019 06 24 15 48 46.010 104.837191 28.397593 0.3 4.56
2019 06 24 15 49 10.340 104.836792 28.397434 0.4 4.58
2019 06 24 15 51 40.970 104.752555 28.420264 0.2 6.09
2019 06 24 15 52 13.010 104.752856 28.420172 0.7 6.1
2019 06 24 15 52 54.730 104.788810 28.449613 0.3 5.81
2019 06 24 15 54 20.330 104.837777 28.397563 0.4 4.39
