2008 5 12 6 28 0.390 103.352529 30.960706 7.4 18.804
2008 5 12 7 34 44.360 103.534546 31.264712 5.4 9.289
2008 5 12 7 45 35.760 103.764131 31.320565 4.7 19.019
2008 5 12 8 3 0.190 104.221167 31.778191 4.4 6.622
2008 5 12 8 11 0.090 103.482936 31.144631 4.9 18.396
2008 5 12 8 18 51.030 103.681124 31.224255 4.2 10.788
2008 5 12 8 26 15.960 103.919462 31.471692 4.9 22.346
2008 5 12 9 7 2.770 103.566313 31.229553 5.0 18.226
2008 5 12 9 34 56.660 103.198968 30.859107 4.1 12.471
2008 5 12 9 42 27.770 103.997013 31.544692 5.4 17.504
2008 5 12 9 54 52.250 103.206618 30.926978 4.2 18.922
2008 5 12 10 23 42.070 103.277570 30.930481 5.2 15.349
2008 5 12 10 57 49.750 103.290120 31.003107 3.8 10.577
2008 5 12 11 11 2.720 103.430415 31.276959 6.0 13.166
2008 5 12 11 20 24.370 103.475528 31.422137 3.7 9.266
2008 5 12 11 28 38.640 103.803901 31.250351 4.5 20.458
2008 5 12 11 33 19.800 105.377984 32.608734 4.7 14.262
2008 5 12 11 41 12.060 105.001019 32.356375 4.8 21.380
2008 5 12 11 45 17.880 104.881805 32.237611 4.3 10.545
2008 5 12 12 1 53.370 103.721478 31.228772 4.1 19.527
2008 5 12 12 4 41.000 105.255801 32.555311 4.6 9.073
2008 5 12 12 13 48.990 103.483783 31.350601 4.8 14.441
2008 5 12 12 29 59.330 103.887581 31.375459 4.3 15.855
2008 5 12 12 37 46.060 103.254740 30.875767 3.8 15.624
2008 5 12 12 50 14.790 103.570143 31.165013 3.8 11.225
2008 5 12 12 58 48.020 103.245829 31.028510 4.0 18.833
2008 5 12 13 0 17.100 103.493544 31.070532 4.0 13.972
2008 5 12 13 2 5.130 103.245533 31.011843 4.3 15.877
2008 5 12 13 6 0.320 103.226664 30.928851 3.3 20.772
2008 5 12 13 7 17.240 103.444519 31.140497 4.0 18.606
2008 5 12 13 14 16.900 103.355398 30.994628 3.2 18.680
2008 5 12 13 16 25.130 103.739815 31.341233 3.9 18.688
2008 5 12 13 26 51.580 103.496984 31.060260 4.2 33.298
2008 5 12 13 32 13.820 103.873106 31.271161 4.2 21.342
2008 5 12 13 33 53.990 103.570781 31.205970 3.7 13.157
2008 5 12 13 35 6.030 103.429363 31.164282 4.0 10.514
2008 5 12 13 40 56.020 103.377826 31.035925 5.3 14.698
2008 5 12 13 50 17.130 103.272855 30.927160 3.9 15.505
2008 5 12 14 23 42.470 104.065889 31.635525 3.8 17.605
2008 5 12 14 26 17.890 103.796754 31.396358 3.6 20.488
2008 5 12 14 37 50.160 103.278687 30.917159 3.9 14.392
2008 5 12 14 54 54.140 103.455524 30.752667 3.3 43.741
2008 5 12 15 5 32.520 103.612198 31.266437 5.1 8.115
2008 5 12 15 5 46.000 103.463130 31.308234 5.2 19.418
2008 5 12 15 28 54.780 103.367372 31.021097 5.3 11.792
2008 5 12 16 15 25.620 103.531852 31.041081 3.1 19.806
2008 5 12 16 28 54.800 103.716176 31.151619 4.3 20.439
2008 5 12 16 40 55.720 103.272902 30.847204 3.9 12.623
2008 5 12 17 7 54.650 103.643281 31.233052 4.4 18.781
2008 5 12 17 10 23.930 103.841810 31.257750 3.6 16.607
2008 5 12 17 13 33.760 104.024932 31.535684 3.6 11.640
2008 5 12 17 20 54.480 103.185509 30.982608 4.0 15.017
2008 5 12 17 26 42.020 103.469157 31.186843 3.7 11.210
2008 5 12 17 29 7.160 103.419392 31.281039 5.1 16.769
2008 5 12 17 31 17.870 103.688868 31.340645 3.7 14.805
2008 5 12 17 54 33.990 103.449191 31.278353 5.3 17.075
2008 5 12 18 26 20.170 103.929070 31.410434 4.3 18.247
2008 5 12 18 44 11.480 103.730623 31.222983 4.3 19.414
2008 5 12 18 46 12.500 105.037399 32.384327 4.7 13.818
2008 5 12 20 8 51.820 103.683948 31.574550 6.0 38.511
2008 5 12 20 24 30.860 103.373206 31.326097 2.8 16.158
2008 5 12 20 45 33.360 104.363558 31.791872 5.5 18.510
2008 5 12 20 48 58.440 103.599934 31.222109 4.1 16.913
2008 5 12 20 56 45.100 103.312888 30.883385 3.2 4.289
2008 5 12 21 10 51.390 103.212957 31.265061 3.8 17.615
2008 5 12 21 18 5.230 103.387288 31.009033 3.2 18.741
2008 5 12 21 19 35.300 103.300288 31.014851 3.0 20.101
2008 5 12 21 25 17.080 103.650121 31.174545 3.6 16.519
2008 5 12 21 30 31.860 103.631911 31.246306 3.6 19.638
2008 5 12 21 34 7.870 103.591490 31.245330 4.2 36.055
2008 5 12 21 35 3.570 103.334480 31.122814 3.7 11.931
2008 5 12 21 36 0.690 103.235727 30.782643 3.3 11.988
2008 5 12 21 47 43.690 103.560937 31.198189 3.2 19.527
2008 5 12 21 53 2.200 103.600017 31.218580 3.3 21.595
2008 5 12 22 1 0.670 103.932101 31.482430 3.3 19.089
2008 5 12 22 8 16.550 103.740079 31.217087 3.7 18.513
2008 5 12 22 10 11.290 103.551392 31.305519 3.1 14.660
2008 5 12 22 19 33.010 104.311820 31.828697 4.3 19.779
2008 5 12 22 23 15.240 104.372652 31.928653 3.9 12.970
2008 5 12 22 28 37.740 103.489470 30.962156 4.5 17.088
2008 5 12 22 47 22.550 103.374093 31.264627 4.4 17.378
2008 5 12 22 52 59.260 103.356744 30.911763 4.2 12.367
2008 5 12 23 5 11.430 103.484507 31.227188 3.7 8.664
2008 5 12 23 43 54.780 103.874548 31.270094 4.6 19.414
2008 5 12 23 46 20.540 103.360934 31.302180 5.8 16.032
2008 5 13 0 24 34.290 104.399071 31.825135 4.4 20.075
2008 5 13 0 49 2.250 103.389632 30.795130 2.9 45.311
2008 5 13 0 54 3.890 105.422993 32.612285 4.3 17.618
2008 5 13 1 8 0.290 103.764333 31.363713 4.1 19.591
2008 5 13 1 56 15.920 103.427745 31.195690 3.2 15.598
2008 5 13 1 59 22.220 103.350192 31.123801 3.7 15.894
2008 5 13 2 15 19.800 104.030167 31.572020 4.8 16.869
2008 5 13 2 28 14.530 103.887267 31.362343 4.2 15.217
2008 5 13 2 33 41.440 103.599882 31.235363 4.7 19.951
2008 5 13 2 39 8.610 103.433089 31.023578 3.1 32.127
2008 5 13 2 44 35.080 103.886678 31.325390 4.1 15.204
2008 5 13 2 59 34.400 103.337898 30.967046 4.6 14.520
2008 5 13 3 0 40.740 103.556573 31.213960 5.1 11.171
2008 5 13 3 9 57.170 103.634892 31.218390 4.2 18.643
2008 5 13 3 36 57.480 103.368364 30.960845 4.0 11.142
2008 5 13 3 48 47.700 103.742380 31.276258 4.8 17.475
2008 5 13 5 10 25.550 103.489742 31.126056 3.5 13.874
2008 5 13 5 36 33.760 105.217516 32.415810 4.9 22.441
2008 5 13 6 26 40.840 103.317047 31.345628 3.7 20.551
2008 5 13 6 35 38.040 104.627134 32.111199 4.4 13.583
2008 5 13 7 7 10.260 103.160649 30.903471 6.2 16.856
2008 5 13 7 32 7.390 104.112984 31.658682 3.2 16.939
2008 5 13 7 36 43.180 103.639637 31.285964 3.9 14.714
2008 5 13 7 53 3.960 104.923397 32.295460 5.0 16.127
2008 5 13 7 53 4.680 104.944598 32.274739 5.2 15.688
2008 5 13 7 57 35.080 104.100194 31.693677 3.4 9.112
2008 5 13 8 20 54.310 103.905245 31.377692 5.2 18.761
2008 5 13 8 44 3.080 103.631055 31.254791 3.2 14.389
2008 5 13 8 49 37.080 103.657638 31.269337 2.9 20.211
2008 5 13 9 19 12.820 104.460540 31.793737 3.5 9.465
2008 5 13 9 36 2.830 103.280750 30.844450 3.5 15.592
2008 5 13 9 39 45.030 103.346896 30.976356 3.5 14.740
2008 5 13 9 41 21.330 104.440633 32.043393 4.4 15.134
2008 5 13 10 16 7.970 104.286559 31.721365 5.1 11.584
2008 5 13 10 16 7.900 104.294927 31.724413 4.5 14.080
2008 5 13 10 20 17.260 104.299369 31.864888 4.5 12.574
2008 5 13 10 36 43.620 103.660722 31.261014 4.7 19.226
2008 5 13 10 36 43.580 103.649881 31.264590 4.6 17.962
2008 5 13 12 18 59.200 103.995532 31.590482 3.3 18.969
2008 5 13 12 34 3.260 103.443348 31.163054 3.4 13.963
2008 5 13 12 34 3.650 103.455241 31.128220 3.4 15.629
2008 5 13 13 31 36.650 105.036013 32.263814 4.9 17.177
2008 5 13 15 0 15.010 103.419787 31.127469 3.5 14.299
2008 5 13 15 0 15.080 103.408049 31.102605 3.2 15.735
2008 5 13 15 1 25.110 104.301783 31.792577 3.2 6.765
2008 5 13 15 19 15.340 103.576339 31.254489 3.4 16.885
2008 5 13 15 26 28.850 104.375796 31.894050 3.7 16.606
2008 5 13 15 38 25.870 104.905292 32.226549 3.6 16.865
2008 5 13 15 44 3.910 103.511757 31.126289 3.2 12.582
2008 5 13 15 55 7.230 103.190795 30.930801 3.5 17.796
2008 5 13 15 55 7.130 103.195918 30.955902 3.7 16.468
2008 5 13 15 59 13.270 103.796862 31.264545 3.8 16.135
2008 5 13 15 59 13.600 103.810411 31.246707 3.9 17.072
2008 5 13 16 12 31.450 104.292865 31.442825 4.0 22.976
2008 5 13 16 37 57.350 104.344196 31.893849 4.0 17.759
2008 5 13 16 58 53.210 104.298236 31.833562 3.3 17.581
2008 5 13 17 41 48.230 103.325557 31.146524 3.9 20.327
2008 5 13 18 10 5.550 104.609642 32.086074 4.3 19.859
2008 5 13 19 51 54.620 103.258767 30.941536 4.6 15.978
2008 5 13 20 25 44.830 104.275414 31.819963 3.9 10.487
2008 5 13 20 25 45.040 104.303855 31.799735 4.1 13.320
2008 5 13 20 42 38.410 103.556467 31.221363 3.5 23.017
2008 5 13 20 50 33.750 103.456479 31.103579 4.5 19.043
2008 5 13 20 57 30.480 104.035780 31.484367 3.8 17.304
2008 5 13 21 27 55.290 103.802932 31.380929 3.4 19.201
2008 5 13 21 58 22.550 103.489080 31.176157 2.8 17.005
2008 5 13 22 3 33.420 103.623521 31.236610 4.6 19.040
2008 5 13 22 17 22.870 103.553791 31.287205 3.5 5.562
2008 5 13 22 50 52.940 103.794672 31.303500 3.1 18.271
2008 5 13 23 19 42.030 103.617260 31.203064 3.0 28.375
2008 5 13 23 51 53.720 103.983330 31.440109 3.7 18.566
2008 5 14 0 8 14.730 103.431128 31.006602 4.9 15.500
2008 5 14 0 13 19.710 103.567091 31.333332 3.5 8.686
2008 5 14 1 9 22.540 103.882240 31.384694 4.7 16.327
2008 5 14 1 56 42.830 103.568572 31.230741 4.6 17.789
2008 5 14 1 56 42.820 103.541237 31.257307 4.8 16.052
2008 5 14 2 7 57.410 103.561082 31.296476 4.1 19.772
2008 5 14 2 34 32.820 103.585735 31.246313 3.3 17.450
2008 5 14 2 42 43.670 103.344135 30.993759 3.1 12.253
2008 5 14 2 45 40.610 103.527656 31.249561 3.9 15.277
2008 5 14 2 48 19.880 103.696442 31.228653 3.2 15.994
2008 5 14 2 54 38.730 103.368601 31.335590 5.7 17.331
2008 5 14 3 7 49.290 103.207081 30.932728 4.5 18.607
2008 5 14 5 27 28.960 105.137969 32.382047 4.1 11.392
2008 5 14 6 30 11.470 103.938513 31.396431 3.0 17.903
2008 5 14 6 33 57.980 103.979150 31.352679 4.4 16.809
2008 5 14 6 46 56.750 103.170745 30.903875 3.1 15.846
2008 5 14 6 58 6.270 103.378304 31.054379 3.1 14.565
2008 5 14 7 59 8.880 105.101309 32.380104 3.7 16.747
2008 5 14 8 1 21.070 105.047242 32.324696 3.3 22.673
2008 5 14 8 18 46.780 103.979629 31.341982 4.1 14.902
2008 5 14 8 39 41.950 103.871879 31.422673 3.4 18.437
2008 5 14 8 41 23.130 103.157930 30.883759 3.6 20.271
2008 5 14 8 42 50.620 103.396099 31.153697 3.4 20.284
2008 5 14 8 46 37.970 103.473480 31.207870 3.0 19.314
2008 5 14 8 49 45.940 103.984148 31.536645 2.9 15.324
2008 5 14 8 51 12.150 103.301808 30.941956 3.1 9.962
2008 5 14 8 57 27.320 103.391168 30.931391 4.1 17.265
2008 5 14 9 24 0.420 103.951531 31.512706 2.8 39.768
2008 5 14 9 26 46.710 103.947231 31.407981 5.5 19.783
2008 5 14 9 51 21.130 103.710742 31.173215 3.9 13.212
2008 5 14 9 58 10.540 104.150492 31.833253 3.3 17.948
2008 5 14 10 11 17.260 104.655554 32.156703 4.3 14.625
2008 5 14 10 15 23.220 104.578656 32.088770 3.1 16.232
2008 5 14 10 18 16.540 103.155030 30.867845 3.9 17.255
2008 5 14 10 21 29.870 104.321196 31.920265 3.3 4.853
2008 5 14 10 21 30.060 104.357840 31.926672 3.3 10.585
2008 5 14 10 27 15.130 103.508292 31.182881 3.7 13.762
2008 5 14 10 34 14.670 104.576572 31.977996 3.1 14.018
2008 5 14 10 35 29.620 104.602776 32.138388 3.0 16.587
2008 5 14 10 44 38.730 104.763785 32.131053 5.3 15.380
2008 5 14 10 44 39.000 104.729666 32.149858 4.4 12.442
2008 5 14 10 46 23.970 103.321601 31.318519 3.2 10.621
2008 5 14 10 49 56.340 104.365106 31.833823 3.5 8.127
2008 5 14 10 52 11.960 103.931945 31.431177 3.2 18.477
2008 5 14 11 0 3.440 104.275015 31.808818 2.8 7.947
2008 5 14 11 9 46.980 103.914585 31.525395 4.0 44.413
2008 5 14 11 9 46.920 103.905538 31.555871 3.6 65.494
2008 5 14 11 14 8.890 103.281945 30.984145 3.5 12.328
2008 5 14 11 21 29.970 103.588673 31.222561 3.6 14.950
2008 5 14 11 22 41.830 103.391747 30.996520 3.8 14.413
2008 5 14 11 25 28.660 103.462340 31.367871 4.2 15.327
2008 5 14 11 30 39.110 105.038982 32.356699 3.2 15.152
2008 5 14 11 33 39.780 103.709863 31.116176 3.0 20.586
2008 5 14 12 55 41.590 104.606062 32.071298 3.1 15.232
2008 5 14 13 9 58.010 105.278187 32.551275 3.1 16.470
2008 5 14 13 13 34.150 103.320678 31.005849 2.3 13.716
2008 5 14 13 19 45.630 104.581245 32.095380 3.3 14.071
2008 5 14 13 20 9.430 103.667372 31.233162 3.3 17.497
2008 5 14 13 24 30.920 104.563907 32.196730 3.0 9.185
2008 5 14 13 25 9.060 103.634564 31.217139 2.7 20.911
2008 5 14 13 27 20.450 105.252443 32.511125 4.1 18.483
2008 5 14 13 29 44.920 105.083148 32.359569 4.8 15.922
2008 5 14 13 33 42.240 103.348540 30.986420 3.2 11.366
2008 5 14 13 35 12.000 103.602076 31.229552 3.9 18.327
2008 5 14 13 38 33.790 103.355050 31.114867 2.9 18.176
2008 5 14 13 41 14.450 105.021397 32.313233 2.5 12.076
2008 5 14 13 42 44.050 103.341840 31.134076 2.7 15.024
2008 5 14 16 0 4.310 104.896019 32.180620 2.6 12.093
2008 5 14 16 3 13.020 103.444872 31.292081 3.2 14.113
2008 5 14 16 10 20.740 104.268720 31.860721 2.3 11.853
2008 5 14 16 11 57.730 104.589087 32.091415 3.9 12.093
2008 5 14 16 13 59.330 104.997336 32.316807 3.1 17.482
2008 5 14 16 14 38.630 104.358434 31.867399 3.2 23.293
2008 5 14 16 28 27.360 104.599195 32.146052 3.4 14.275
2008 5 14 16 32 5.110 104.178155 31.522606 2.4 11.497
2008 5 14 16 37 18.220 103.510798 31.232268 3.8 20.842
2008 5 14 16 45 24.210 103.397385 30.950376 2.8 13.687
2008 5 14 16 45 41.720 105.132786 32.267479 3.3 11.489
2008 5 14 16 48 42.840 103.456495 31.324104 3.5 13.255
2008 5 14 16 50 12.730 103.589276 31.279161 2.4 16.065
2008 5 14 16 53 23.900 103.638795 31.192326 2.6 22.009
2008 5 14 16 56 11.450 104.326384 31.765506 3.2 12.457
2008 5 14 16 58 34.360 103.775999 31.441520 2.6 15.819
2008 5 14 19 5 58.580 103.400522 31.161172 2.6 21.180
2008 5 14 19 8 13.140 104.526467 32.064467 3.4 18.202
2008 5 14 19 11 1.420 103.459280 31.229212 3.3 14.596
2008 5 14 19 12 38.480 103.807122 31.266833 3.2 14.002
2008 5 14 19 17 4.010 103.914731 31.386186 3.0 16.551
2008 5 14 19 19 27.370 104.987749 32.244573 4.2 12.696
2008 5 14 19 21 40.470 104.458969 31.974359 3.1 9.034
2008 5 14 19 24 21.870 103.915215 31.402190 2.7 29.087
2008 5 14 19 29 54.090 103.348678 31.002547 2.6 14.040
2008 5 14 19 35 35.280 104.957443 32.243283 3.6 7.697
2008 5 14 19 38 12.780 103.717022 31.300645 2.6 16.491
2008 5 14 19 39 44.820 103.424580 31.026734 2.4 7.292
2008 5 14 19 41 49.910 103.256887 30.892535 3.2 11.937
2008 5 14 19 45 1.120 104.303616 31.844662 2.3 6.788
2008 5 14 19 47 8.540 103.327617 31.052752 2.4 11.639
2008 5 14 19 48 15.070 103.230704 30.939784 3.3 20.334
2008 5 14 19 49 38.590 104.613930 32.098838 3.7 20.599
2008 5 14 19 51 44.780 103.504139 31.250630 3.2 15.178
2008 5 14 19 59 3.880 103.530682 31.031842 4.4 18.910
2008 5 14 21 1 9.470 104.183694 31.722938 5.1 17.995
2008 5 14 21 1 9.410 104.167739 31.714195 5.3 17.664
2008 5 14 22 10 11.930 103.625697 31.209365 5.0 19.469
2008 5 14 22 28 38.330 104.913744 32.239727 3.0 17.135
2008 5 14 22 33 4.040 103.573707 31.268464 3.3 14.737
2008 5 14 22 39 52.630 103.818283 31.307873 3.6 17.366
2008 5 14 22 39 52.770 103.818830 31.303354 3.5 17.976
2008 5 14 22 50 32.800 103.467259 31.143986 3.0 17.802
2008 5 14 23 28 15.380 104.583542 32.156388 3.8 16.273
2008 5 14 23 38 13.980 103.852261 31.217585 2.5 13.382
2008 5 14 23 39 4.770 103.336714 31.060376 2.7 11.392
2008 5 14 23 43 18.320 103.350368 31.258128 3.2 14.084
2008 5 15 0 3 31.370 103.838347 31.282380 3.4 16.663
2008 5 15 0 9 31.210 104.374661 31.840086 4.5 14.624
2008 5 15 0 9 31.190 104.366878 31.835839 4.8 13.031
2008 5 15 0 10 19.980 103.189395 30.995342 4.2 16.744
2008 5 15 0 15 16.190 103.450171 31.206260 2.7 14.901
2008 5 15 0 23 59.310 103.546873 31.153187 3.1 19.685
2008 5 15 0 32 48.940 103.861695 31.329531 2.8 14.942
2008 5 15 0 33 37.710 103.560277 31.291856 3.1 15.344
2008 5 15 0 34 25.450 103.624711 31.247618 3.0 17.820
2008 5 15 0 39 43.820 103.383099 31.052865 4.0 11.670
2008 5 15 0 50 21.160 103.421857 31.342262 4.2 14.737
2008 5 15 1 17 17.800 103.302924 30.927773 3.5 16.506
2008 5 15 1 45 39.380 104.312082 31.749214 4.3 18.953
2008 5 15 2 0 26.320 104.044597 31.481364 3.7 17.369
2008 5 15 2 9 24.340 103.714311 31.191680 3.7 22.689
2008 5 15 2 19 34.600 103.307222 31.063673 3.8 18.452
2008 5 15 3 29 42.070 103.510235 31.154293 3.0 16.464
2008 5 15 3 58 6.150 104.775339 32.148766 3.1 5.750
2008 5 15 4 6 31.220 104.364058 31.749623 4.2 12.876
2008 5 15 4 18 45.570 103.327170 30.994325 2.6 14.070
2008 5 15 4 27 32.200 103.753205 31.287565 4.4 17.401
2008 5 15 4 27 32.220 103.756729 31.283649 4.5 18.178
2008 5 15 5 3 3.620 103.240782 31.017086 2.9 18.857
2008 5 15 5 27 50.240 104.344053 31.951317 5.0 14.802
2008 5 15 5 35 36.070 104.912650 32.275759 3.7 18.262
2008 5 15 6 30 56.340 103.261505 30.965097 3.6 16.296
2008 5 15 6 53 32.490 103.315963 31.373534 2.3 14.561
2008 5 15 7 44 16.540 104.063607 31.522716 3.2 13.704
2008 5 15 7 47 41.410 103.218423 30.868952 4.1 17.438
2008 5 15 7 58 6.140 103.092771 31.514456 2.8 14.786
2008 5 15 8 1 18.860 103.261118 30.832211 3.7 12.657
2008 5 15 8 13 17.560 103.428138 30.919845 3.6 19.036
2008 5 15 8 28 10.910 104.595195 32.082895 3.7 16.527
2008 5 15 8 31 29.280 103.599514 31.222248 4.1 15.499
2008 5 15 8 37 56.140 103.599465 31.148073 3.1 21.323
2008 5 15 8 44 47.980 103.400343 30.978920 3.5 15.581
2008 5 15 9 40 42.090 103.356409 30.932740 3.4 14.157
2008 5 15 9 58 24.540 105.695232 32.782613 3.9 13.767
2008 5 15 10 24 18.060 104.076547 31.515230 3.1 16.808
2008 5 15 10 24 18.150 104.087636 31.507715 3.1 17.072
2008 5 15 10 32 31.720 103.863524 31.406620 3.8 15.151
2008 5 15 10 32 31.920 103.890983 31.384560 3.7 18.607
2008 5 15 10 34 54.880 103.688549 31.168386 3.6 16.504
2008 5 15 10 34 54.860 103.700985 31.174443 3.6 17.424
2008 5 15 10 44 48.120 105.213613 32.534384 4.0 17.871
2008 5 15 11 0 52.590 104.949150 32.203298 3.1 15.486
2008 5 15 11 2 31.190 105.200892 32.492475 2.7 19.450
2008 5 15 11 5 24.700 105.466288 32.740659 2.5 9.984
2008 5 15 11 6 38.990 103.695032 31.589900 2.1 94.755
2008 5 15 11 9 0.320 103.256566 30.830538 2.2 12.626
2008 5 15 11 10 32.710 103.409904 31.039950 2.7 10.064
2008 5 15 11 11 46.940 104.387316 31.857052 3.7 12.864
2008 5 15 11 15 40.470 104.976046 32.257039 3.1 18.064
2008 5 15 11 19 11.070 103.233528 30.874365 3.1 17.615
2008 5 15 11 20 32.420 105.175391 32.518947 3.0 9.331
2008 5 15 11 24 43.210 103.370984 30.970817 3.0 15.831
2008 5 15 11 29 45.720 103.532860 31.197235 3.2 14.816
2008 5 15 11 33 24.870 105.236828 32.517092 2.1 8.594
2008 5 15 11 35 40.320 104.567123 32.142425 2.5 14.746
2008 5 15 11 38 38.630 103.990419 31.428409 2.7 21.566
2008 5 15 11 44 34.100 103.337881 30.974776 2.9 12.777
2008 5 15 11 47 56.850 103.456279 31.220445 3.5 18.991
2008 5 15 11 47 56.800 103.463145 31.220992 3.5 19.646
2008 5 15 11 49 39.100 103.961224 31.422218 3.9 19.130
2008 5 15 11 49 38.970 103.960837 31.414360 4.1 16.941
2008 5 15 11 53 47.300 104.059631 31.567230 2.3 15.965
2008 5 15 12 10 26.640 103.817805 31.387534 4.7 18.407
2008 5 15 13 20 25.310 103.635592 31.276863 4.2 8.135
2008 5 15 13 54 47.900 104.861541 32.224528 3.9 19.036
2008 5 15 14 8 9.750 103.230889 30.931785 2.3 18.601
2008 5 15 14 18 41.320 103.572269 31.277776 3.5 17.084
2008 5 15 14 38 37.110 104.008504 31.567553 3.0 20.321
2008 5 15 15 35 22.720 103.586387 31.285073 2.7 15.119
2008 5 15 15 37 10.610 104.281782 31.817441 2.7 16.783
2008 5 15 15 41 13.720 103.302734 31.124172 2.4 15.658
2008 5 15 15 56 39.380 103.592494 31.231237 2.1 16.663
2008 5 15 15 58 1.970 105.414773 32.623193 2.5 16.389
2008 5 15 15 59 29.270 103.426307 30.903718 2.4 16.523
2008 5 15 16 6 58.750 105.222187 32.507260 4.3 17.103
2008 5 15 16 27 33.440 103.249343 31.007271 2.8 8.228
2008 5 15 16 27 33.600 103.249556 31.013032 3.4 11.283
2008 5 15 16 45 28.590 103.412752 31.067523 2.6 3.063
2008 5 15 16 58 51.910 104.211744 31.788597 2.8 16.666
2008 5 15 17 19 43.090 105.033991 32.344628 3.2 14.869
2008 5 15 17 30 50.730 103.599808 31.322826 2.6 16.327
2008 5 15 17 54 12.620 104.676452 32.149103 3.8 13.987
2008 5 15 18 5 24.550 104.235700 31.836148 4.3 16.317
2008 5 15 18 5 24.260 104.236147 31.855365 2.5 17.588
2008 5 15 18 5 24.300 104.231311 31.854196 4.3 17.293
2008 5 15 19 3 16.620 104.098076 31.641995 2.5 17.005
2008 5 15 19 13 42.780 103.599757 31.230526 3.5 16.302
2008 5 15 19 41 4.590 103.351660 30.877294 2.9 14.282
2008 5 15 20 25 21.490 104.287225 31.854142 2.9 11.267
2008 5 15 20 35 42.820 103.315153 30.760498 3.0 13.217
2008 5 15 20 49 13.120 104.184718 32.216918 3.1 12.613
2008 5 15 21 29 4.290 103.609637 31.227703 3.5 20.353
2008 5 15 21 55 50.020 104.667804 32.241612 4.8 14.842
2008 5 15 22 2 35.840 104.957140 32.223894 4.3 16.972
2008 5 15 22 2 35.930 104.960518 32.227098 4.2 18.507
2008 5 15 22 7 24.640 104.745066 32.158903 3.7 14.231
2008 5 15 22 10 37.330 103.945291 31.332874 4.8 17.394
2008 5 15 22 19 24.140 103.456632 31.330396 2.3 10.404
2008 5 15 22 20 3.700 104.270135 31.791494 2.5 11.749
2008 5 15 22 22 40.860 104.087659 31.434523 2.3 19.485
2008 5 15 22 26 0.610 104.108918 31.463741 2.7 21.016
2008 5 15 22 30 6.730 103.687570 31.120665 3.4 20.301
2008 5 15 22 34 34.180 104.390183 31.878155 4.6 12.556
2008 5 15 22 34 34.040 104.378624 31.863328 4.5 11.949
2008 5 15 22 37 53.150 104.313271 31.909677 3.4 15.020
2008 5 15 22 41 50.200 103.665804 31.068585 2.6 20.382
2008 5 15 22 42 10.580 104.236272 31.742580 3.3 10.622
2008 5 15 22 47 42.480 103.413858 31.268003 4.1 18.247
2008 5 15 22 47 42.390 103.420587 31.283186 4.1 17.353
2008 5 15 22 54 59.940 103.470602 31.147854 2.7 18.243
2008 5 15 23 21 43.730 103.227705 30.984268 3.4 13.014
2008 5 15 23 47 1.030 103.689888 31.302885 3.4 26.531
2008 5 16 0 35 54.490 104.534111 32.013720 3.0 11.689
2008 5 16 1 9 1.830 105.170319 32.464621 2.8 7.612
2008 5 16 1 15 35.090 104.183553 31.724912 3.9 9.874
2008 5 16 1 16 23.230 103.637178 31.181934 4.2 18.808
2008 5 16 2 2 3.120 104.013150 31.488760 3.1 18.017
2008 5 16 2 8 31.280 104.295990 31.813239 2.4 17.023
2008 5 16 2 9 53.490 104.147287 31.695214 3.3 7.369
2008 5 16 2 11 37.800 105.142813 32.213511 3.7 47.627
2008 5 16 2 13 7.580 104.252268 31.668668 3.1 13.504
2008 5 16 2 17 49.360 104.955877 32.296862 2.6 15.626
2008 5 16 2 21 49.290 103.581839 31.135396 3.2 16.095
2008 5 16 2 25 18.220 103.764937 31.215062 3.4 20.721
2008 5 16 2 34 35.680 104.103169 31.702081 3.7 14.690
2008 5 16 2 44 40.880 105.122639 32.424454 2.7 14.517
2008 5 16 2 47 2.570 104.024892 31.566753 2.5 15.921
2008 5 16 2 54 4.010 103.751528 31.274507 2.5 18.917
2008 5 16 3 34 29.450 103.991230 31.435595 5.1 17.920
2008 5 16 4 45 11.690 103.112437 30.944420 2.6 17.918
2008 5 16 5 43 34.180 105.033649 32.365605 3.5 17.874
2008 5 16 6 3 4.050 105.067806 32.388873 3.3 13.837
2008 5 16 8 26 5.650 104.350232 31.844169 3.7 11.706
2008 5 16 8 31 47.220 103.844238 31.276748 3.1 15.865
2008 5 16 8 37 29.530 104.296684 31.436425 3.7 19.351
2008 5 16 8 57 23.990 103.703242 31.540640 3.0 41.417
2008 5 16 9 38 27.460 103.681022 31.487167 3.6 42.242
2008 5 16 9 56 0.250 103.790040 31.255612 3.3 0.962
2008 5 16 10 32 44.220 103.749761 31.277488 3.3 18.497
2008 5 16 10 41 38.250 103.658266 31.170990 3.5 18.645
2008 5 16 10 51 47.700 103.669706 31.299287 4.7 20.168
2008 5 16 11 9 18.790 105.378416 32.621916 2.5 13.871
2008 5 16 11 15 7.890 104.978216 32.301503 3.0 15.827
2008 5 16 11 34 15.840 103.752882 31.195178 2.8 19.636
2008 5 16 11 35 16.780 104.285574 31.427163 3.4 19.063
2008 5 16 11 42 52.930 103.354905 30.963021 2.6 11.960
2008 5 16 11 45 0.090 105.010280 32.337425 3.1 19.186
2008 5 16 11 54 20.910 105.016958 32.262129 3.0 18.154
2008 5 16 11 56 56.530 103.493394 31.230152 3.1 17.128
2008 5 16 11 58 9.720 103.292483 30.765905 3.0 13.474
2008 5 16 13 6 49.600 104.109938 31.662117 3.7 13.902
2008 5 16 13 21 13.810 104.274230 31.913533 4.2 16.666
2008 5 16 13 31 33.630 103.968236 31.467401 3.3 18.163
2008 5 16 15 21 8.120 103.883375 31.441248 3.8 12.822
2008 5 16 16 14 45.460 103.453580 31.139931 5.3 18.825
2008 5 16 18 36 32.440 103.685995 31.294978 2.9 16.436
2008 5 16 18 47 43.370 104.171095 31.683690 3.5 13.807
2008 5 16 19 9 24.850 104.954706 32.246733 3.2 16.340
2008 5 16 19 25 4.420 103.501918 31.291408 3.0 4.651
2008 5 16 20 0 12.240 105.412902 32.672373 4.3 18.646
2008 5 16 20 15 24.360 104.885225 32.269319 4.4 18.158
2008 5 16 20 16 53.110 103.472067 31.273005 5.4 16.856
2008 5 16 20 29 6.190 103.322606 31.344396 4.7 13.335
2008 5 16 20 42 7.330 104.053446 31.557689 2.9 16.322
2008 5 16 21 56 40.360 103.152059 30.989149 2.5 3.887
2008 5 16 22 0 30.770 105.447534 32.667090 3.2 11.848
2008 5 16 22 13 10.780 103.217140 30.973294 2.9 17.741
2008 5 16 22 30 42.390 104.945948 32.219771 3.4 20.428
2008 5 16 22 33 11.120 105.010144 32.277981 4.4 15.296
2008 5 16 22 54 32.410 103.631364 31.236374 3.5 15.127
2008 5 16 22 57 20.660 105.162710 32.434558 3.9 15.532
2008 5 16 23 0 26.790 103.744787 31.118041 3.8 20.544
2008 5 16 23 19 52.810 104.469830 31.868450 3.3 11.801
2008 5 16 23 23 9.400 103.752948 31.283274 4.5 15.906
2008 5 16 23 23 9.510 103.761640 31.267827 4.1 19.151
2008 5 16 23 40 33.050 104.554591 31.959621 3.1 12.760
2008 5 16 23 45 57.700 104.827954 32.201384 2.8 14.994
2008 5 16 23 48 26.140 103.619154 31.218073 3.5 17.510
2008 5 17 0 29 3.320 103.969404 31.477480 4.6 18.711
2008 5 17 0 54 13.540 103.140549 30.996586 4.0 19.426
2008 5 17 1 45 47.920 104.502523 31.971997 3.3 8.044
2008 5 17 2 34 24.990 103.805401 31.317997 2.7 19.392
2008 5 17 2 41 36.040 104.903335 32.270889 2.1 21.173
2008 5 17 2 45 4.140 103.435664 30.981331 3.9 18.068
2008 5 17 3 55 8.730 103.490605 31.155279 3.1 13.427
2008 5 17 4 2 16.720 104.437832 32.044024 3.0 16.036
2008 5 17 5 3 40.030 103.608161 31.204060 3.3 17.228
2008 5 17 5 6 22.780 105.023697 32.271149 3.0 18.327
2008 5 17 5 28 14.300 103.552965 31.141958 3.1 14.718
2008 5 17 5 38 58.290 104.893413 32.229275 3.0 18.478
2008 5 17 5 40 42.690 103.845158 31.412308 3.1 15.066
2008 5 17 5 49 2.990 103.493096 31.168672 3.3 11.942
2008 5 17 6 3 22.410 103.281826 31.028079 2.9 14.722
2008 5 17 6 15 58.010 103.288011 30.990696 3.4 10.293
2008 5 17 6 19 56.680 104.999125 32.266862 2.8 14.122
2008 5 17 7 38 45.750 104.395969 31.984975 4.3 12.960
2008 5 17 10 48 27.560 104.149614 31.591224 4.1 9.360
2008 5 19 17 52 35.830 104.924722 32.193825 5.7 2.362
2008 5 20 2 4 21.390 103.246108 31.617799 3.6 15.326
2008 5 20 2 15 36.680 103.321843 31.047857 3.4 9.782
2008 5 20 6 5 18.980 104.934682 32.267179 3.2 16.322
2008 5 20 16 43 47.250 104.865779 32.230411 3.5 12.495
2008 5 20 17 23 51.000 103.665994 31.157937 3.3 15.846
2008 5 20 17 48 27.880 103.210521 30.995264 3.2 14.113
2008 5 20 17 56 56.360 103.871740 31.311549 3.0 17.017
2008 5 20 18 5 17.670 105.079268 32.371878 2.7 16.185
2008 5 20 19 5 12.800 105.050503 32.354189 3.2 17.588
2008 5 20 20 23 16.000 103.356324 31.025220 3.5 4.530
2008 5 20 23 24 52.950 103.633732 31.222892 2.7 16.395
2008 5 20 23 36 28.440 103.824276 31.303209 2.8 15.293
2008 5 21 1 15 29.110 103.734558 31.261612 3.0 18.512
2008 5 21 1 27 7.080 103.507172 31.281141 3.6 15.708
2008 5 21 2 29 7.990 105.106751 32.437550 2.8 17.681
2008 5 21 2 56 9.430 103.604150 31.173438 3.2 15.669
2008 5 21 3 52 44.540 105.003774 32.237514 3.6 17.128
2008 5 21 5 10 19.710 104.317817 31.780160 3.4 10.725
2008 5 21 5 57 52.320 105.054556 32.517292 2.9 18.116
2008 5 21 6 55 57.400 105.108700 32.385742 2.9 16.101
2008 5 21 7 12 6.310 104.997974 32.223469 3.4 15.338
2008 5 21 7 27 18.710 105.237148 32.522192 3.1 19.319
2008 5 21 7 32 40.230 103.223665 30.887755 3.0 24.155
2008 5 21 7 53 38.820 104.614154 32.099080 2.8 16.482
2008 5 21 8 8 13.250 103.761766 31.236126 2.7 19.182
2008 5 21 8 8 21.620 104.924388 32.265318 3.4 20.160
2008 5 21 8 40 55.230 103.298806 31.369282 4.1 16.990
2008 5 21 8 56 48.090 103.713957 30.819236 2.8 10.582
2008 5 21 9 25 3.850 104.212820 31.739487 2.4 14.084
2008 5 21 10 47 41.860 105.336371 32.719201 3.2 34.768
2008 5 21 10 52 39.060 103.898157 31.349921 3.8 19.841
2008 5 21 11 55 44.720 105.254447 32.535077 2.7 20.740
2008 5 21 13 25 10.210 103.370648 30.898739 3.1 15.272
2008 5 21 13 47 22.950 104.336539 31.553910 3.0 16.825
2008 5 21 13 59 10.480 103.693753 31.503468 4.5 43.514
2008 5 21 13 59 10.520 103.873970 31.394958 4.5 17.856
2008 5 21 14 6 13.750 103.306887 31.111248 3.7 19.830
2008 5 21 14 58 1.490 103.351196 31.326379 3.5 15.012
2008 5 21 15 9 0.790 103.403498 31.146629 3.7 17.375
2008 5 21 15 20 34.120 104.417116 31.839741 3.7 13.584
2008 5 21 15 28 44.940 103.767163 31.233278 2.6 20.598
2008 5 21 15 29 57.400 105.086785 32.369384 4.7 18.721
2008 5 21 16 31 25.470 104.901098 32.255182 3.6 17.030
2008 5 21 20 36 29.550 104.760974 32.195870 5.0 17.174
2008 5 22 16 6 20.400 103.219704 30.952044 2.5 18.923
2008 5 22 16 25 23.320 104.578817 32.050899 2.8 13.450
2008 5 22 16 33 12.270 103.244309 30.664384 2.3 7.662
2008 5 22 16 40 26.920 104.210554 31.573360 2.7 11.847
2008 5 22 16 48 58.920 103.633351 31.271620 2.6 9.368
2008 5 22 17 9 1.090 103.271954 30.806986 2.8 13.647
2008 5 22 17 37 39.780 103.637443 31.230302 4.9 18.612
2008 5 22 17 48 13.090 103.629723 31.219634 3.0 17.676
2008 5 22 18 6 31.720 104.287280 31.714010 2.9 16.132
2008 5 22 18 13 40.610 104.274357 31.725639 2.7 13.585
2008 5 22 18 44 45.330 104.930029 32.268480 3.2 16.445
2008 5 22 18 46 39.270 103.686833 31.114243 3.3 17.228
2008 5 22 18 49 49.750 103.674708 31.314016 2.8 20.698
2008 5 22 18 57 19.530 103.167775 30.946462 2.9 14.925
2008 5 22 19 50 11.550 103.511358 31.253540 3.3 16.824
2008 5 22 19 58 51.920 104.472753 31.880118 4.0 13.466
2008 5 22 23 14 3.810 103.589369 31.242035 3.1 16.472
2008 5 22 23 35 50.190 105.085999 32.365975 2.4 6.364
2008 5 23 0 5 7.070 103.599271 31.140853 4.9 17.619
2008 5 23 0 5 7.010 103.600235 31.152759 4.7 17.054
2008 5 23 0 31 22.130 104.033517 31.518601 2.8 12.455
2008 5 23 1 23 30.610 103.500081 31.196406 4.3 17.096
2008 5 23 2 20 33.050 104.723133 32.169536 2.4 16.270
2008 5 23 2 29 4.370 103.680093 30.865138 2.1 9.721
2008 5 23 2 32 32.990 103.327133 30.992810 2.6 19.363
2008 5 23 2 42 5.240 103.587947 31.151057 2.4 15.003
2008 5 23 3 9 18.290 103.681434 31.208030 3.4 18.404
2008 5 23 3 41 26.680 104.926973 32.271604 3.9 17.514
2008 5 23 3 51 39.100 105.094461 32.371938 3.0 15.246
2008 5 23 3 59 11.430 105.058080 32.362110 2.6 16.085
2008 5 23 4 7 42.740 105.005288 32.327319 3.7 18.046
2008 5 23 4 7 42.810 105.001378 32.318912 3.9 17.529
2008 5 23 5 0 35.190 103.599255 31.225023 2.9 14.911
2008 5 23 5 6 36.420 104.970997 32.373952 2.8 15.886
2008 5 23 5 12 46.540 103.912490 31.390774 2.8 19.439
2008 5 23 5 16 16.680 105.066996 32.371168 2.6 15.404
2008 5 23 5 40 38.310 103.461589 31.083054 2.6 14.441
2008 5 23 5 58 38.600 103.601190 31.138695 2.7 16.742
2008 5 23 6 15 4.830 105.083068 32.394532 3.0 16.464
2008 5 23 6 19 34.240 105.786916 32.837536 3.6 10.602
2008 5 23 6 30 34.220 105.211323 32.483836 3.1 15.011
2008 5 23 6 32 39.160 103.647808 31.235779 2.2 17.380
2008 5 23 6 58 10.880 103.904442 31.397378 2.5 19.147
2008 5 23 8 7 26.880 104.943293 32.240031 2.6 13.786
2008 5 23 8 15 17.050 105.303253 32.562361 2.8 14.655
2008 5 23 8 31 0.250 103.263951 31.383344 3.3 13.809
2008 5 23 8 47 2.960 104.045061 31.540810 3.1 13.678
2008 5 23 8 57 14.990 103.739819 31.236010 2.4 22.518
2008 5 23 9 1 38.880 103.949740 31.457367 3.1 14.898
2008 5 23 9 6 42.890 104.934860 32.276728 2.7 17.081
2008 5 23 9 13 57.310 105.007253 32.247850 2.5 15.210
2008 5 23 9 25 18.910 103.939481 31.435858 2.8 18.826
2008 5 23 9 58 43.850 103.593309 31.159818 2.8 14.695
2008 5 23 10 2 21.720 103.281662 30.905527 3.0 12.782
2008 5 23 10 23 23.060 104.884553 32.258576 2.2 16.102
2008 5 23 10 33 44.310 104.014223 31.792711 3.3 16.696
2008 5 23 10 37 13.020 103.820291 31.245843 3.4 15.687
2008 5 23 10 37 52.110 104.591254 32.189858 3.2 16.807
2008 5 23 11 27 28.530 103.417376 30.964180 3.2 19.556
2008 5 23 13 10 10.210 104.304780 31.477301 2.6 19.915
2008 5 23 13 18 49.910 103.530830 31.120547 2.5 13.637
2008 5 23 13 21 22.150 103.287706 31.070885 3.1 12.182
2008 5 23 13 38 33.750 104.577217 32.164219 3.8 12.787
2008 5 23 13 38 33.940 104.568643 32.161845 3.7 14.318
2008 5 23 13 42 25.600 105.298587 32.520607 2.6 17.560
2008 5 23 13 42 51.350 103.397819 31.031294 2.3 15.197
2008 5 23 13 52 23.770 103.249753 30.991793 2.4 19.133
2008 5 23 14 8 29.360 103.561384 31.305957 2.9 11.271
2008 5 23 14 16 36.190 103.543377 31.181550 3.2 8.819
2008 5 23 14 59 21.870 105.005399 32.328499 3.3 17.143
2008 5 23 15 47 52.970 103.288081 30.976532 2.1 16.815
2008 5 23 15 51 3.540 103.911169 31.389644 3.8 16.885
2008 5 24 17 1 38.000 104.949047 32.286350 3.4 16.699
2008 5 24 17 20 8.070 105.056053 32.307533 2.3 16.481
2008 5 24 17 45 17.650 103.342328 30.879186 3.0 15.009
2008 5 24 17 58 27.170 103.949728 31.405863 3.3 22.391
2008 5 24 19 37 54.870 104.367048 31.836426 3.8 11.681
2008 5 24 19 37 54.810 104.364884 31.832245 4.2 12.031
2008 5 24 20 2 8.780 104.948780 32.281176 3.1 16.995
2008 5 24 20 14 39.640 103.918084 31.388793 2.2 20.375
2008 5 24 20 45 4.550 104.103076 31.538038 2.5 12.884
2008 5 24 20 50 8.400 103.227386 30.904417 2.6 13.530
2008 5 24 21 13 0.890 103.812181 31.247274 2.7 18.314
2008 5 24 21 25 8.860 104.125520 31.655884 2.1 14.266
2008 5 24 21 43 52.320 104.506231 32.081706 3.2 14.531
2008 5 24 21 58 3.980 104.987044 32.297749 2.5 15.374
2008 5 24 22 42 16.160 104.973519 32.308107 2.3 16.328
2008 5 24 23 1 12.520 103.306549 30.998282 2.5 18.842
2008 5 24 23 8 55.670 104.931144 32.279409 2.6 12.559
2008 5 24 23 23 56.300 103.265467 31.012939 2.4 16.185
2008 5 24 23 38 40.270 104.307796 31.757772 3.6 13.188
2008 5 25 0 9 55.720 104.318820 31.750632 2.6 14.580
2008 5 25 1 51 12.030 103.441309 31.165041 3.3 10.779
2008 5 25 2 28 45.030 104.652329 32.079022 2.3 14.944
2008 5 25 2 58 0.000 105.436774 32.661033 2.9 13.084
2008 5 25 3 32 31.880 103.572537 31.084647 2.9 11.160
2008 5 25 3 43 40.260 104.276457 31.711599 3.6 11.621
2008 5 25 3 43 40.240 104.260003 31.715991 3.8 8.135
2008 5 25 3 45 55.660 103.168556 30.868892 2.7 15.937
2008 5 25 3 58 48.950 103.671700 31.216221 2.8 17.157
2008 5 25 5 48 45.880 103.969230 31.548298 3.4 18.389
2008 5 25 5 50 19.570 103.593759 31.093718 2.7 13.390
2008 5 25 6 24 40.770 103.199551 30.942766 2.5 15.839
2008 5 25 6 29 49.290 103.657168 31.255111 2.1 16.563
2008 5 25 6 40 30.810 104.939670 32.274764 3.6 17.003
2008 5 25 6 57 33.090 103.564985 31.164035 3.1 23.618
2008 5 25 6 57 51.270 104.864819 32.274770 2.9 14.834
2008 5 25 7 1 44.490 103.462695 31.113561 3.1 16.578
2008 5 25 7 6 37.340 105.129577 32.484477 3.0 18.214
2008 5 25 7 39 33.760 103.281044 30.785471 2.5 13.798
2008 5 25 7 51 22.790 104.971399 32.309114 2.2 17.420
2008 5 25 8 12 27.180 103.722027 31.176964 3.4 17.250
2008 5 25 8 12 27.330 103.730822 31.177500 3.3 15.705
2008 5 25 8 21 52.400 105.342709 32.542294 6.3 9.486
2008 5 25 8 37 47.510 105.149645 32.379346 2.9 16.929
2008 5 25 8 38 47.780 103.756111 31.291366 4.1 18.456
2008 5 25 8 51 38.630 103.601922 31.228957 2.7 16.941
2008 5 25 9 3 39.340 105.391518 32.608901 2.4 16.079
2008 5 25 9 11 54.850 103.774288 31.318931 2.4 18.780
2008 5 25 9 17 24.440 103.943700 31.416265 3.7 13.414
2008 5 25 9 57 13.280 104.800489 32.352831 4.0 18.319
2008 5 25 10 5 52.540 103.192081 31.347461 2.4 11.936
2008 5 25 10 20 24.990 104.987327 32.326667 2.8 14.174
2008 5 25 10 31 31.770 105.414796 32.604584 2.7 18.475
2008 5 25 10 55 40.210 105.090742 32.405210 2.1 17.194
2008 5 25 11 11 39.630 104.580121 32.134949 2.9 15.896
2008 5 25 11 25 31.360 103.882438 31.642217 2.7 20.038
2008 5 25 11 37 3.060 104.626066 32.064594 2.7 13.457
2008 5 25 11 42 33.220 104.980508 32.312874 2.2 20.129
2008 5 25 11 52 30.020 103.119221 30.842455 2.4 16.615
2008 5 25 11 56 36.420 103.920260 31.403119 3.2 18.366
2008 5 25 12 23 56.750 103.323912 31.089023 2.5 18.309
2008 5 25 12 26 41.140 105.064266 32.368250 3.3 17.038
2008 5 25 12 31 38.380 103.430139 31.316493 3.0 15.762
2008 5 25 12 39 24.420 105.389672 32.598555 2.4 19.084
2008 5 25 13 28 32.860 103.412568 30.938560 2.4 16.458
2008 5 25 13 47 52.940 104.566344 32.076423 2.3 12.958
2008 5 25 14 9 28.260 103.460028 31.285330 2.4 17.728
2008 5 25 14 18 8.390 104.094340 31.590094 2.8 12.905
2008 5 25 14 20 58.510 103.311944 30.833521 2.8 15.499
2008 5 25 14 28 49.920 105.001569 32.316772 3.4 18.448
2008 5 25 14 50 21.620 104.174940 31.795645 2.9 16.137
2008 5 25 18 16 34.090 104.006728 31.572362 2.3 18.746
2008 5 25 18 40 12.580 103.490061 31.151243 2.2 16.403
2008 5 25 18 48 42.660 103.374114 31.279738 2.8 15.279
2008 5 25 19 43 52.110 105.287150 32.570646 2.7 15.356
2008 5 25 23 5 30.120 104.129130 31.689180 3.0 15.209
2008 5 25 23 19 37.240 103.274732 30.789995 2.8 10.917
2008 5 25 23 23 20.140 103.586136 31.222377 2.2 22.344
2008 5 25 23 42 0.640 104.978815 32.319463 2.8 19.326
2008 5 25 23 45 14.220 104.875993 32.271770 2.7 19.563
2008 5 25 23 47 22.670 105.134494 32.401433 4.1 16.876
2008 5 25 23 57 45.410 103.430850 30.943319 2.8 15.181
2008 5 26 0 10 49.060 103.889139 31.304392 2.8 19.106
2008 5 26 0 19 13.810 104.354978 31.784808 3.1 13.933
2008 5 26 0 28 55.310 104.768911 32.203597 2.0 15.575
2008 5 26 0 39 49.950 103.293607 30.778705 4.8 14.420
2008 5 26 0 39 49.820 103.291326 30.794665 4.7 16.023
2008 5 26 1 45 5.400 103.504131 31.223693 2.4 13.625
2008 5 26 4 18 39.870 104.061068 31.587235 2.9 15.987
2008 5 26 4 40 38.800 104.022324 31.456924 2.6 16.398
2008 5 26 4 40 38.910 104.020508 31.465148 2.4 20.169
2008 5 26 4 53 33.240 104.971286 32.332255 2.1 12.592
2008 5 26 4 56 42.310 103.354910 31.016385 2.9 13.221
2008 5 26 5 7 19.020 103.667993 31.210687 2.7 9.521
2008 5 26 5 8 41.080 103.559236 31.272174 3.0 16.145
2008 5 26 5 16 32.050 104.201853 31.937863 2.2 11.417
2008 5 26 5 39 8.030 105.058757 32.334924 2.3 17.956
2008 5 26 5 40 25.580 103.456057 31.190713 2.7 12.026
2008 5 26 6 13 17.350 105.334706 32.545184 3.1 16.007
2008 5 26 6 37 57.550 105.218975 32.508050 3.6 18.085
2008 5 26 9 6 10.560 103.319503 31.154739 3.1 20.333
2008 5 26 9 42 58.340 103.201286 31.280920 2.1 14.364
2008 5 26 9 53 1.560 103.433641 30.836596 2.4 6.792
2008 5 26 10 12 14.310 104.310111 31.900787 3.2 13.163
2008 5 26 10 32 15.940 103.506611 31.135855 4.2 17.477
2008 5 26 10 52 46.430 103.891608 31.314888 3.5 18.841
2008 5 26 14 1 23.020 103.776244 31.261931 2.2 17.537
2008 5 26 14 34 21.300 104.577319 32.029169 2.6 13.816
2008 5 26 14 34 53.730 103.283960 30.817667 2.6 15.752
2008 5 26 14 43 58.890 104.305654 31.847495 2.2 10.785
2008 5 26 15 5 52.840 103.841644 31.284775 3.0 18.626
2008 5 26 15 15 10.350 104.405412 32.041706 2.2 16.046
2008 5 26 15 17 0.900 103.264776 30.993963 2.1 14.782
2008 5 26 15 28 44.090 104.277176 31.735177 3.0 11.258
2008 5 26 15 52 2.810 104.095241 31.541705 3.7 15.526
2008 5 26 15 56 16.660 103.669162 31.214452 2.0 17.680
2008 5 26 16 18 34.920 103.666379 31.214579 3.3 17.534
2008 5 26 16 47 56.980 103.294682 31.035396 2.7 13.492
2008 5 26 16 57 14.240 103.285531 30.841220 2.9 19.326
2008 5 26 17 11 2.510 104.644819 32.174677 3.7 16.109
2008 5 26 17 16 29.000 104.589983 32.123490 2.8 14.367
2008 5 26 17 36 29.970 104.830332 32.219896 2.1 16.282
2008 5 26 17 47 43.910 103.360583 30.965660 3.2 14.236
2008 5 26 17 53 14.030 103.561315 31.260792 2.1 16.488
2008 5 26 17 54 55.560 105.064018 32.329874 2.4 18.490
2008 5 26 18 6 52.880 103.252619 30.806880 2.3 12.604
2008 5 26 18 11 31.390 105.101296 32.388584 2.6 13.921
2008 5 26 18 15 58.900 103.797979 31.302570 2.6 16.066
2008 5 26 18 28 2.630 103.830639 31.359192 3.2 19.314
2008 5 26 18 47 54.150 103.609699 31.095628 2.4 13.427
2008 5 26 18 58 7.030 105.189141 32.248336 2.6 54.318
2008 5 26 19 48 34.340 103.305672 30.998359 2.5 13.858
2008 5 26 20 6 31.290 105.221759 32.500584 3.1 16.933
2008 5 26 20 31 1.880 103.254490 30.965903 3.1 13.107
2008 5 26 20 34 52.110 104.943776 32.264679 3.1 16.793
2008 5 26 20 42 4.010 105.039175 32.367593 3.7 19.924
2008 5 26 21 52 19.380 103.685164 31.179114 3.0 16.776
2008 5 26 22 20 6.410 103.431814 31.311827 3.0 15.192
2008 5 26 23 1 29.440 103.243539 31.006816 4.0 17.537
2008 5 26 23 22 7.790 103.904154 31.340926 4.2 19.960
2008 5 26 23 59 13.200 103.845545 31.356100 3.1 18.335
2008 5 27 3 16 18.440 103.641078 31.209226 2.6 17.774
2008 5 27 3 24 6.420 103.460266 31.172709 2.4 9.023
2008 5 27 3 25 31.960 104.314762 31.775513 3.0 7.855
2008 5 27 3 35 13.780 103.864031 31.305374 2.6 16.044
2008 5 27 3 49 45.950 104.028479 31.505639 2.6 13.566
2008 5 27 4 16 3.350 103.466744 31.159433 2.1 15.782
2008 5 27 4 32 1.300 104.478709 31.969402 2.5 10.575
2008 5 27 4 58 32.060 104.912176 32.264997 3.2 15.200
2008 5 27 9 1 38.660 103.248295 30.734470 3.0 11.911
2008 5 27 9 2 57.980 105.577930 32.737145 3.4 12.623
2008 5 27 9 20 55.110 103.898689 31.400048 2.2 18.247
2008 5 27 9 36 38.140 105.460616 32.690477 3.0 19.684
2008 5 27 10 12 57.190 104.992833 32.240703 2.4 15.382
2008 5 27 10 26 49.520 103.597272 31.150253 4.2 17.444
2008 5 27 10 37 24.160 103.675747 31.209261 2.0 18.690
2008 5 27 10 40 31.220 105.033563 32.349769 3.1 14.377
2008 5 27 10 43 24.290 104.563833 32.115439 3.4 15.515
2008 5 27 10 49 7.620 103.322047 31.066352 2.7 16.676
2008 5 27 14 5 53.560 103.734304 31.219557 2.5 16.939
2008 5 27 14 14 3.250 103.461562 31.270627 4.5 17.046
2008 5 27 14 24 21.790 105.200870 32.524906 3.1 12.419
2008 5 27 14 25 48.930 103.708910 31.341509 2.6 19.799
2008 5 27 14 28 7.020 104.186826 31.855159 2.3 12.758
2008 5 27 14 38 5.080 105.182813 32.488719 2.1 5.280
2008 5 27 14 41 23.060 104.970600 32.337006 3.5 16.314
2008 5 27 14 41 23.200 104.971805 32.330376 3.8 18.656
2008 5 27 14 52 27.410 103.371515 31.121905 2.0 15.114
2008 5 27 15 3 23.260 104.971733 32.365681 2.3 12.956
2008 5 27 15 7 26.380 105.187385 32.512242 2.0 9.864
2008 5 27 15 10 29.880 104.918457 32.273299 3.1 16.192
2008 5 27 15 23 54.030 103.355779 31.064762 3.4 14.306
2008 5 27 15 37 43.320 103.172385 30.899305 3.0 15.277
2008 5 27 15 42 55.650 103.571994 31.260808 2.2 18.892
2008 5 27 15 47 1.160 103.784746 31.308009 2.6 16.708
2008 5 27 16 6 12.350 103.313009 31.372615 3.4 14.049
2008 5 27 16 7 42.300 103.627821 31.208626 2.0 19.007
2008 5 27 16 8 31.180 105.541950 32.728028 3.2 13.473
2008 5 27 16 19 25.110 105.587905 32.744332 2.5 15.893
2008 5 27 16 30 3.510 103.185380 31.074369 2.3 7.968
2008 5 27 16 38 16.860 105.048308 32.360686 3.0 19.178
2008 5 27 16 41 16.160 105.346227 32.568210 3.2 11.688
2008 5 27 16 46 9.480 104.602616 32.139835 4.3 14.874
2008 5 27 16 55 6.350 103.394139 30.833177 3.4 11.218
2008 5 27 16 58 27.520 104.588614 32.169113 3.4 14.922
2008 5 27 17 0 33.540 104.998364 32.264948 3.1 12.563
2008 5 27 17 8 36.890 105.396659 32.598230 2.3 14.425
2008 5 27 17 12 1.290 103.440608 31.281587 2.8 15.728
2008 5 27 17 27 36.080 103.746254 31.232923 3.1 14.153
2008 5 27 17 35 11.150 105.471535 32.695928 5.0 20.110
2008 5 27 17 41 7.070 105.007831 32.308757 4.0 15.175
2008 5 27 17 44 43.230 103.871113 31.357003 2.5 19.138
2008 5 27 17 58 19.110 103.899850 31.338976 2.8 16.579
2008 5 27 18 4 33.860 103.435690 31.279033 3.4 15.159
2008 5 27 18 29 50.820 103.500942 31.290314 3.2 15.880
2008 5 27 19 11 55.350 104.219049 31.864464 4.0 18.241
2008 5 27 19 30 11.530 104.221758 31.756199 3.5 10.390
2008 5 27 20 45 50.260 103.301555 30.942626 3.0 14.655
2008 5 27 20 57 14.930 104.596934 32.190683 2.7 15.534
2008 5 27 21 57 1.680 104.315884 31.838621 3.5 13.190
2008 5 27 23 18 59.890 104.265228 31.798212 3.1 7.128
2008 5 27 23 23 0.870 103.356743 30.937118 3.1 13.444
2008 5 27 23 55 43.410 104.316062 31.798175 2.5 16.070
2008 5 28 0 0 41.870 104.027093 31.597493 3.5 18.618
2008 5 28 0 8 40.840 103.429561 31.280000 2.3 15.401
2008 5 28 0 10 10.370 105.207568 32.525648 2.8 15.879
2008 5 28 0 38 51.390 103.465450 31.137518 2.3 19.191
2008 5 28 0 39 13.890 103.667990 31.219193 3.0 21.176
2008 5 28 0 49 2.040 104.182379 31.734419 3.3 14.437
2008 5 28 1 5 17.180 103.270604 30.735695 2.2 14.882
2008 5 28 1 28 16.920 105.406819 32.688085 2.4 35.813
2008 5 28 1 34 36.830 103.729382 31.351640 2.9 18.557
2008 5 28 1 53 42.260 104.294122 31.997184 2.7 17.429
2008 5 28 1 57 22.240 104.298347 31.775401 2.5 16.266
2008 5 28 1 58 22.020 104.969409 32.306794 3.1 19.207
2008 5 28 8 1 27.570 103.355863 30.979142 2.6 12.971
2008 5 28 8 9 24.200 103.872252 31.423319 2.1 20.566
2008 5 28 8 20 21.110 104.230473 31.825259 2.2 17.033
2008 5 28 8 26 18.100 103.710600 31.243002 3.4 18.249
2008 5 28 8 29 56.230 103.487626 31.190829 3.2 18.345
2008 5 28 8 43 4.300 103.644364 31.254174 2.1 18.203
2008 5 28 9 29 48.160 103.359755 30.847963 2.5 13.614
2008 5 28 9 35 53.400 103.374108 30.956032 2.3 8.824
2008 5 28 9 48 13.160 105.068364 32.350328 2.6 15.989
2008 5 28 9 49 52.450 103.530442 31.158193 2.9 16.326
2008 5 28 9 53 43.940 104.907424 32.197611 2.3 17.661
2008 5 28 9 56 45.390 103.573683 31.161059 2.2 11.944
2008 5 28 20 57 54.200 104.312558 31.876102 2.1 12.169
2008 5 28 21 26 10.480 104.754726 32.341346 2.6 18.469
2008 5 28 21 51 50.170 104.072640 31.674831 2.4 9.587
2008 5 28 21 59 11.220 103.514907 31.164742 2.9 15.245
2008 5 28 22 14 15.940 105.220834 32.357362 2.5 16.124
2008 5 28 23 10 5.880 103.687765 31.272447 2.5 18.722
2008 5 28 23 16 24.970 103.484763 31.178371 2.1 10.084
2008 5 28 23 28 29.960 104.907546 32.262933 2.5 11.960
2008 5 28 23 35 15.290 103.996759 31.460297 2.4 19.043
2008 5 28 23 48 28.940 103.609776 31.179742 2.6 14.491
2008 5 29 4 23 52.070 104.361134 31.760490 3.6 10.478
2008 5 29 4 34 14.290 104.013977 31.781150 3.4 17.409
2008 5 29 4 47 32.770 105.000139 32.303783 2.3 13.355
2008 5 29 4 48 47.210 105.401374 32.730555 4.7 30.721
2008 5 29 5 2 27.180 104.034276 32.055469 2.6 3.201
2008 5 29 5 3 41.400 103.381768 31.063180 2.0 12.262
2008 5 29 5 9 8.240 103.144217 30.955668 2.4 16.854
2008 5 29 5 26 10.480 105.189355 32.478427 2.3 11.909
2008 5 29 5 31 20.040 103.308121 31.126228 2.9 18.008
2008 5 29 5 46 11.780 103.398812 30.778422 2.6 4.630
2008 5 29 5 52 48.750 104.968094 32.311365 2.6 18.189
2008 5 29 5 55 27.050 105.152671 32.430335 3.4 16.462
2008 5 29 6 10 34.490 103.643861 31.229475 2.4 15.980
2008 5 29 6 33 7.920 104.531876 32.197419 2.6 17.062
2008 5 29 6 37 28.070 104.306803 31.796010 3.0 12.621
2008 5 29 6 46 2.630 105.063684 32.299553 2.5 14.647
2008 5 29 7 10 23.040 103.743805 31.331501 4.7 20.495
2008 5 29 7 15 14.270 105.590299 32.736553 2.9 11.969
2008 5 29 7 18 16.840 103.727113 31.342129 2.3 19.899
2008 5 29 7 59 0.140 103.314740 30.983535 2.4 19.203
2008 5 29 12 6 59.050 104.792353 32.205505 2.1 17.385
2008 5 29 12 7 37.140 103.743380 31.315019 2.6 19.155
2008 5 29 12 13 11.040 103.614366 31.237046 2.2 17.045
2008 5 29 12 17 16.030 103.657219 31.270923 2.7 17.961
2008 5 29 13 2 3.930 104.353721 31.888062 2.1 14.898
2008 5 29 13 17 12.380 105.403322 32.586708 2.4 12.505
2008 5 29 13 37 25.550 105.112374 32.433621 2.2 15.908
2008 5 29 18 5 10.880 103.963494 31.412147 2.0 18.418
2008 5 29 18 28 13.720 103.527777 31.125172 3.2 17.179
2008 5 29 18 40 17.690 103.468872 31.181194 2.3 14.890
2008 5 29 18 45 39.990 104.894658 32.264096 3.0 18.417
2008 5 29 18 58 9.530 103.426993 31.291491 2.1 11.819
2008 5 29 19 4 10.200 105.009329 32.345729 3.7 17.445
2008 5 29 19 12 26.800 105.092795 32.392195 2.7 13.358
2008 5 29 19 28 33.920 105.301934 32.562922 2.8 15.737
2008 5 29 19 43 39.740 105.418448 32.728496 2.1 4.899
2008 5 29 19 53 15.920 105.265646 32.538116 2.0 11.293
2008 5 29 19 54 27.760 103.741370 31.295967 2.5 18.062
2008 5 30 0 3 18.620 104.545505 32.017752 2.1 14.143
2008 5 30 0 26 57.110 105.192238 32.389677 2.5 14.514
2008 5 30 0 42 12.160 103.853147 31.331780 2.2 15.792
2008 5 30 0 47 46.620 105.152594 32.444561 2.3 17.743
2008 5 30 0 58 25.070 105.430506 32.581539 3.4 19.105
2008 5 30 1 34 42.480 103.406892 31.018603 2.5 14.105
2008 5 30 1 35 58.940 103.843829 31.276079 2.8 16.716
2008 5 30 1 35 59.050 103.832565 31.279924 2.7 13.722
2008 5 30 2 23 44.900 104.328520 31.885582 2.8 16.801
2008 5 30 2 25 8.420 105.432148 32.710282 3.2 11.047
2008 5 30 2 39 46.840 103.648205 31.156269 2.7 15.229
2008 5 30 2 43 15.060 104.252138 31.743014 2.0 7.859
2008 5 30 2 48 39.480 103.438743 30.963524 2.1 15.979
2008 5 30 3 1 39.460 105.077409 32.360725 2.6 21.560
2008 5 30 3 15 8.640 104.170240 31.743367 2.1 19.792
2008 5 30 3 18 57.060 103.872806 31.401855 2.2 20.203
2008 5 30 3 24 52.780 103.925235 31.368085 2.9 17.546
2008 5 30 3 29 38.670 103.710818 31.225356 2.3 16.886
2008 5 30 3 46 10.530 104.327136 31.872587 2.3 16.484
2008 5 30 3 50 4.280 105.153629 32.396715 2.4 12.421
2008 5 30 3 50 55.390 105.032684 32.375253 3.9 13.728
2008 5 30 8 7 10.390 105.333143 32.569322 2.4 11.649
2008 5 30 8 8 44.450 104.266071 31.754555 2.2 17.158
2008 5 30 8 27 22.560 104.084270 31.637842 2.3 11.208
2008 5 30 8 41 33.390 103.424134 31.274932 3.0 15.086
2008 5 30 8 58 3.890 104.146545 31.701912 2.8 14.500
2008 5 30 9 0 2.140 104.319722 31.771919 4.0 8.237
2008 5 30 9 8 33.610 104.818330 32.202821 3.5 16.603
2008 5 30 9 31 6.940 103.273234 31.414124 2.2 13.577
2008 5 30 9 45 41.910 104.219193 31.726747 2.6 11.295
2008 5 30 10 10 3.220 104.052808 31.550696 2.4 11.733
2008 5 30 10 18 55.220 105.164674 32.453701 2.2 14.606
2008 5 30 10 26 21.890 103.625654 31.162102 2.3 16.932
2008 5 30 10 28 6.070 103.495086 31.180343 2.2 14.377
2008 5 30 10 29 53.440 105.003804 32.231177 2.9 17.116
2008 5 30 10 41 44.650 104.305197 31.781435 2.6 13.415
2008 5 30 10 42 51.670 103.376165 31.195931 2.8 17.358
2008 5 30 10 50 3.540 104.323564 31.925299 2.9 12.648
2008 5 30 10 56 24.310 103.542318 31.277643 2.1 17.280
2008 5 30 11 11 21.540 104.284945 31.761047 3.4 9.677
2008 5 30 11 25 47.420 103.586701 31.258752 2.2 17.672
2008 5 30 11 33 24.230 104.608432 32.140650 2.5 16.390
2008 5 30 11 33 46.050 103.648621 31.234205 2.0 17.933
2008 5 30 11 38 59.840 103.382459 31.009293 2.2 17.039
2008 5 30 11 48 27.650 103.422269 31.277300 2.5 13.821
2008 5 30 11 57 54.310 105.117447 32.401544 4.2 16.108
2008 5 30 15 33 5.920 103.878588 31.385868 3.0 21.782
2008 5 30 20 8 29.670 103.326548 30.918411 2.7 15.478
2008 5 30 20 15 53.720 103.710344 31.211769 2.7 17.879
2008 5 30 20 28 57.560 103.302480 30.935770 2.2 16.495
2008 5 30 20 35 17.540 103.498976 31.032680 2.4 29.542
2008 5 30 21 3 36.260 104.370159 31.821536 2.3 12.573
2008 5 30 21 8 46.800 104.138333 31.610740 2.3 11.552
2008 5 30 21 17 50.890 105.033842 32.345013 2.4 17.007
2008 5 30 21 18 55.150 103.191063 31.322102 2.5 17.239
2008 5 30 21 22 3.820 105.178064 32.442348 2.6 18.637
2008 5 30 21 33 44.690 104.960673 32.199084 2.3 16.840
2008 5 30 21 53 32.660 104.474207 32.069740 2.1 14.968
2008 5 30 22 13 58.480 104.731319 32.157378 2.6 7.730
2008 5 30 22 15 11.950 103.439338 31.127248 2.4 17.009
2008 5 30 22 18 20.130 105.075153 32.432181 2.2 8.296
2008 5 30 22 32 46.920 104.344981 31.819878 2.6 9.194
2008 5 30 22 41 34.680 104.574546 32.119018 2.4 13.953
2008 5 30 22 46 49.440 103.964162 31.503911 3.0 20.163
2008 5 30 23 2 27.510 103.386608 30.965840 2.8 14.628
2008 5 30 23 18 47.200 103.930260 31.426060 2.1 17.829
2008 5 30 23 29 0.970 104.622999 32.153070 2.7 10.403
2008 5 30 23 40 13.600 103.332203 31.004467 2.2 10.479
2008 5 30 23 45 26.180 104.276970 31.766059 2.7 14.314
2008 5 30 23 57 44.720 104.167137 31.744188 2.9 11.540
2008 5 31 4 19 52.600 103.721210 31.131400 2.2 15.047
2008 5 31 4 23 10.830 105.045382 32.440362 2.8 14.242
2008 5 31 4 28 18.580 105.453158 32.701067 2.9 13.700
2008 5 31 4 34 43.950 103.512994 31.313964 2.0 18.577
2008 5 31 4 38 1.680 104.079448 31.615990 2.5 11.654
2008 5 31 5 8 39.700 103.608378 31.206395 2.5 18.161
2008 5 31 5 12 56.210 103.589619 31.217555 2.9 14.397
2008 5 31 5 15 56.110 105.049375 32.386986 2.8 16.340
2008 5 31 5 22 49.520 105.440252 32.604325 2.8 12.533
2008 5 31 5 35 9.460 103.946709 31.528344 2.4 18.948
2008 5 31 5 40 14.860 103.452628 31.171123 3.0 16.361
2008 5 31 5 54 10.950 103.965454 31.451444 2.9 17.712
2008 5 31 6 22 44.810 105.035202 32.363105 4.4 21.061
2008 5 31 6 43 21.820 103.420326 31.293087 2.1 25.115
2008 5 31 6 45 34.930 103.897958 31.417655 2.8 19.680
2008 5 31 6 52 6.170 105.000574 32.319763 2.2 16.491
2008 5 31 7 18 35.200 105.039399 32.363347 2.8 17.628
2008 5 31 7 29 54.150 103.286603 30.884729 2.9 8.685
2008 5 31 7 32 48.330 103.419076 31.286772 3.7 10.056
2008 5 31 7 34 24.080 105.480221 32.764500 4.4 27.897
2008 5 31 12 3 29.150 103.649321 31.197368 2.6 17.381
2008 5 31 12 12 51.920 105.409603 32.610791 2.4 12.185
2008 5 31 12 20 40.580 105.683717 32.812946 2.9 10.374
2008 5 31 12 26 51.210 105.482728 32.735319 2.2 17.255
2008 5 31 12 29 39.390 103.867269 31.394737 2.2 16.531
2008 5 31 12 47 32.380 103.091125 30.918714 2.1 12.271
2008 5 31 12 53 37.100 103.658348 31.196361 3.4 16.396
2008 5 31 13 5 25.480 103.572375 31.235504 2.2 17.498
2008 5 31 13 18 35.410 103.823806 31.264123 2.3 16.815
2008 5 31 13 41 48.960 103.563591 31.278196 2.2 16.472
2008 5 31 14 2 31.790 105.365198 32.557069 2.9 15.623
2008 5 31 14 7 24.500 103.460514 31.179508 2.5 15.311
2008 5 31 14 7 24.470 103.458958 31.178615 2.4 15.445
2008 5 31 14 8 54.670 104.143414 31.618657 2.6 14.977
2008 5 31 14 30 55.320 103.515380 31.239357 2.2 16.424
2008 5 31 14 38 29.460 104.316961 31.826038 2.0 11.031
2008 5 31 15 6 54.360 104.139448 31.796269 3.6 15.907
2008 5 31 15 25 22.310 104.961623 32.348303 2.4 18.452
2008 5 31 15 26 39.440 105.202958 32.522757 3.6 17.665
2008 5 31 15 30 41.590 105.363886 32.622327 2.3 15.298
2008 5 31 15 32 10.200 105.088912 32.438851 2.3 16.938
2008 5 31 15 33 37.030 103.467316 31.169683 2.4 13.135
2008 5 31 15 33 48.400 103.370244 31.067425 2.4 17.787
2008 5 31 15 39 10.600 103.445246 31.132644 3.6 16.313
2008 5 31 15 40 24.660 103.584635 31.231462 3.1 16.599
2008 5 31 15 44 32.580 103.613590 31.178675 2.2 16.787
2008 5 31 15 48 21.380 104.642951 32.070712 2.4 15.061
2008 5 31 16 15 0.440 104.963761 32.332168 2.4 19.363
2008 5 31 16 15 13.340 103.610316 31.262471 2.1 19.201
2008 5 31 16 29 36.160 103.715138 31.316699 2.5 19.042
2008 5 31 16 31 47.290 104.100781 31.445594 2.3 11.580
2008 5 31 16 33 21.550 104.440449 31.971299 2.1 10.713
2008 5 31 16 43 36.100 103.855352 31.370396 2.7 18.877
2008 5 31 16 58 6.760 103.360060 30.991291 2.0 17.790
2008 5 31 17 1 54.640 104.336055 31.823572 2.2 9.603
2008 5 31 17 2 57.380 103.286665 30.883449 3.9 15.155
2008 5 31 17 31 16.140 103.264274 30.802278 3.2 14.367
2008 5 31 17 41 31.140 104.112651 32.162309 2.2 4.505
2008 5 31 18 20 40.790 104.318704 31.930176 3.0 16.917
2008 5 31 18 35 22.180 105.254985 32.590675 2.8 16.587
2008 5 31 19 2 24.060 105.140936 32.427588 3.0 14.323
2008 5 31 20 0 9.460 105.245948 32.383599 2.9 17.364
2008 5 31 20 9 47.310 104.052077 31.524880 2.1 17.629
2008 5 31 20 21 25.830 103.715586 31.174560 2.3 17.055
2008 5 31 20 37 48.780 105.090819 32.400677 2.9 19.244
2008 5 31 20 42 5.660 104.925217 32.223251 2.5 17.432
2008 5 31 20 46 26.700 105.058854 32.421499 2.7 15.674
2008 5 31 20 53 55.160 104.657137 32.142633 2.0 13.621
2008 5 31 20 57 53.140 103.378529 30.910466 3.0 14.900
2008 5 31 20 59 24.590 104.620252 32.175275 2.8 17.931
2008 5 31 21 9 49.180 105.392917 32.529720 2.9 13.357
2008 5 31 21 13 14.030 104.322446 31.881467 2.2 4.293
2008 5 31 21 34 5.230 103.477990 31.274307 3.6 15.707
2008 5 31 21 38 5.700 103.474088 31.267525 2.1 16.845
2008 5 31 21 53 35.260 105.191463 32.413844 3.2 19.206
2008 5 31 23 16 20.250 103.620742 31.221099 4.1 20.406
2008 6 1 3 24 0.410 104.030080 31.609668 4.6 20.037
2008 6 1 4 21 31.050 103.323451 30.781889 2.8 12.081
2008 6 1 4 36 21.680 104.567764 32.121800 2.1 9.452
2008 6 1 4 43 9.190 103.399870 30.956266 2.3 12.436
2008 6 1 5 1 43.180 104.872092 32.265208 2.7 15.227
2008 6 1 5 5 22.190 103.443090 31.214324 3.3 18.079
2008 6 1 5 15 54.380 103.454319 31.234718 2.4 14.863
2008 6 1 5 20 13.020 104.098038 31.578567 3.7 17.207
2008 6 1 5 33 2.360 103.352516 31.320833 2.0 15.588
2008 6 1 5 58 53.380 103.643658 31.218091 2.7 17.383
2008 6 1 12 16 43.840 104.265981 31.643640 2.1 10.771
2008 6 1 12 23 49.390 103.447758 31.310203 2.3 16.155
2008 6 1 12 32 24.470 104.847447 32.236369 2.1 13.131
2008 6 1 12 34 28.800 103.566520 31.265294 3.4 19.511
2008 6 1 12 57 27.670 103.702318 31.203197 2.7 17.851
2008 6 1 13 2 2.620 103.357869 31.320055 3.3 17.756
2008 6 1 13 12 24.350 103.616516 31.208611 2.4 18.322
2008 6 1 13 28 28.950 105.150816 32.404679 3.3 18.484
2008 6 1 13 39 31.340 105.510550 32.769239 2.4 14.744
2008 6 1 13 40 44.430 104.122212 31.607205 2.4 10.462
2008 6 1 13 53 29.000 104.013647 31.529623 3.1 18.472
2008 6 1 13 59 27.330 103.926724 31.369431 2.3 19.260
2008 6 1 14 6 19.320 104.978652 32.247128 3.2 14.368
2008 6 1 14 17 53.080 104.853524 32.213485 2.6 15.478
2008 6 1 14 21 13.620 103.594390 31.241490 2.5 19.091
2008 6 1 14 22 33.460 105.433691 32.662989 2.7 13.449
2008 6 1 14 27 48.020 103.717841 31.230096 2.3 18.329
2008 6 1 14 38 20.260 104.171774 31.836642 3.4 17.393
2008 6 1 14 56 59.900 103.793760 31.317432 3.1 18.830
2008 6 1 15 3 8.600 104.200257 31.605161 2.3 9.303
2008 6 1 15 11 28.060 103.529288 31.122713 2.5 15.061
2008 6 1 15 20 17.920 103.431070 31.284757 2.3 17.598
2008 6 1 15 25 5.580 105.111489 32.395805 2.3 19.170
2008 6 1 15 40 48.720 104.915921 32.307967 2.2 16.529
2008 6 1 15 47 23.430 104.926643 32.276876 2.9 12.364
2008 6 1 16 9 5.550 105.021243 32.349558 2.0 19.719
2008 6 1 16 17 10.100 105.038386 32.355745 3.1 18.754
2008 6 1 16 26 32.940 104.070501 32.111646 2.1 10.847
2008 6 1 16 36 42.660 103.955502 31.472415 2.6 19.242
2008 6 1 16 47 27.350 104.913499 32.298949 2.3 17.718
2008 6 1 16 55 22.590 104.591993 32.049735 3.0 12.253
2008 6 1 17 2 10.360 105.039964 32.361949 3.0 14.568
2008 6 1 17 12 26.110 103.669208 31.256685 2.5 19.561
2008 6 1 17 20 37.820 105.041223 32.348433 2.4 18.415
2008 6 1 17 28 55.380 103.687089 31.184953 2.1 13.637
2008 6 1 17 32 23.500 103.956955 31.486881 2.2 18.347
2008 6 1 17 39 10.010 103.361913 30.992352 2.9 13.795
2008 6 1 17 46 16.290 105.108551 32.384402 2.1 14.358
2008 6 1 17 50 35.410 103.254742 31.048426 2.0 14.529
2008 6 1 19 8 57.370 103.718329 31.230522 4.2 18.752
2008 6 1 19 48 13.640 103.402968 31.344205 3.0 10.513
2008 6 1 20 28 0.140 104.619293 32.206997 3.4 14.892
2008 6 1 21 36 20.520 104.261361 31.729552 3.0 10.009
2008 6 1 21 45 42.080 103.250478 31.009969 3.5 16.736
2008 6 1 22 44 42.310 104.595948 32.087012 3.0 16.274
2008 6 2 0 4 32.470 103.805589 31.345369 2.2 19.099
2008 6 2 0 15 6.120 104.172483 31.730130 2.1 12.594
2008 6 2 0 15 6.230 104.172998 31.736100 2.0 9.898
2008 6 2 0 30 31.850 103.288227 30.988777 2.0 14.597
2008 6 2 0 42 3.850 103.803908 31.381090 2.6 18.156
2008 6 2 1 36 27.420 103.360826 31.011684 2.0 16.487
2008 6 2 1 56 46.980 104.303128 31.950941 2.1 17.091
2008 6 2 8 9 31.640 103.628388 31.243016 2.1 17.009
2008 6 2 8 29 18.350 105.048734 32.311746 2.1 18.416
2008 6 2 8 43 30.670 103.550998 31.282801 2.3 15.251
2008 6 2 8 44 2.420 103.759058 31.268633 2.1 13.919
2008 6 2 9 0 42.770 105.155348 32.407159 3.1 18.292
2008 6 2 9 5 4.030 104.304300 31.861458 2.1 16.368
2008 6 2 9 28 1.170 103.383734 31.008372 2.4 14.329
2008 6 2 17 24 3.260 103.767881 31.205453 3.8 20.591
2008 6 2 20 6 31.070 104.215731 31.851764 2.2 18.147
2008 6 2 20 13 31.750 103.336621 30.952106 2.4 10.567
2008 6 2 20 27 48.810 103.255809 31.046433 3.1 11.807
2008 6 2 20 31 20.210 105.602037 32.750579 2.5 14.838
2008 6 2 20 33 44.140 103.652791 31.228717 2.2 16.761
2008 6 2 21 10 47.640 103.932327 31.400127 2.2 19.764
2008 6 2 21 12 56.520 104.972245 32.232613 2.1 16.093
2008 6 2 21 37 15.600 103.747209 31.239922 2.1 18.428
2008 6 2 22 15 56.480 104.848089 32.236883 2.1 13.510
2008 6 2 22 21 14.350 103.515651 31.166792 2.1 21.566
2008 6 2 22 21 24.250 104.919606 32.211055 2.4 14.371
2008 6 2 22 30 1.000 104.394268 31.855811 2.9 9.966
2008 6 2 22 34 19.360 104.067241 31.651724 2.1 16.489
2008 6 2 22 38 26.520 104.385785 31.878053 2.5 9.533
2008 6 2 22 53 27.010 103.622772 31.231816 2.4 15.768
2008 6 2 23 2 46.470 105.003162 32.280542 2.2 14.088
2008 6 2 23 34 13.070 105.171337 32.425049 2.2 15.285
2008 6 2 23 35 24.170 103.298703 31.002301 2.2 13.387
2008 6 2 23 40 51.980 103.939246 31.425723 2.2 19.376
2008 6 2 23 52 33.010 104.462864 31.755708 2.2 10.925
2008 6 2 23 56 54.420 103.818537 31.390306 2.4 21.001
2008 6 3 0 2 3.000 105.020281 32.327448 3.2 16.659
2008 6 3 4 3 12.630 103.712016 31.264538 2.3 18.216
2008 6 3 4 33 12.040 103.448770 31.299382 2.5 15.807
2008 6 3 4 39 58.000 105.638167 32.776567 3.1 14.062
2008 6 3 4 51 19.070 103.376903 30.954720 2.1 12.635
2008 6 3 4 54 20.700 103.663478 31.233046 2.7 23.151
2008 6 3 5 19 35.560 103.770856 31.251560 2.1 15.525
2008 6 3 5 21 18.860 104.297784 31.744498 2.4 13.970
2008 6 3 5 29 54.600 103.437901 31.176263 2.2 12.658
2008 6 3 5 35 5.160 103.297229 31.052320 2.1 11.757
2008 6 3 5 40 48.990 103.507765 31.196615 2.3 19.197
2008 6 3 6 1 3.440 104.251775 31.405845 2.3 21.518
2008 6 3 7 17 8.870 104.587599 32.144214 3.7 14.732
2008 6 3 7 18 0.400 105.523425 32.771468 3.3 12.189
2008 6 3 7 21 13.650 103.789255 31.320507 2.0 17.578
2008 6 3 7 25 39.590 103.468066 31.167699 2.8 15.975
2008 6 3 7 31 37.310 104.858731 32.220814 2.6 15.249
2008 6 3 12 34 24.220 104.381354 31.893883 2.4 12.773
2008 6 3 12 51 27.710 103.788321 31.333536 2.4 17.241
2008 6 3 13 3 13.110 104.054334 31.518697 2.1 16.496
2008 6 3 13 10 44.070 103.965411 31.502712 2.0 18.630
2008 6 3 13 14 14.610 105.095033 32.357459 2.6 15.081
2008 6 3 13 34 45.540 104.084820 31.545772 2.4 14.318
2008 6 3 13 47 2.850 104.946838 32.294123 2.3 15.855
2008 6 3 13 56 28.720 105.030999 32.422664 3.0 15.808
2008 6 3 18 17 46.160 104.785829 32.220326 2.2 13.642
2008 6 3 18 36 56.180 104.183942 31.681905 2.3 13.714
2008 6 3 18 37 18.010 103.372607 30.994632 2.5 7.044
2008 6 3 18 45 31.180 104.302914 31.769407 2.1 10.517
2008 6 3 18 46 14.360 105.414168 32.653185 2.8 14.441
2008 6 3 18 54 23.450 104.820662 32.320774 2.2 14.971
2008 6 3 19 44 58.230 103.887649 31.343894 2.1 20.390
2008 6 4 0 23 6.040 104.656804 32.075653 2.4 15.522
2008 6 4 0 29 40.850 105.041047 32.377276 2.3 18.635
2008 6 4 0 45 28.800 103.983428 31.394367 3.4 19.543
2008 6 4 1 46 30.870 104.086118 31.581963 2.3 15.070
2008 6 4 4 13 43.690 104.066078 31.514431 3.7 16.615
2008 6 4 5 10 20.240 105.388355 32.599217 3.3 20.229
2008 6 4 8 19 43.610 103.327652 30.892416 4.3 10.171
2008 6 4 8 54 32.120 105.146802 32.433447 2.6 16.813
2008 6 4 9 17 13.480 104.992334 32.304481 2.2 17.734
2008 6 4 9 22 10.100 103.461827 31.128784 2.5 16.418
2008 6 4 9 23 56.340 103.988665 31.478779 2.4 19.438
2008 6 4 11 45 10.650 105.369480 32.644991 4.3 19.151
2008 6 4 22 48 52.100 103.572242 31.270039 2.2 16.739
2008 6 4 23 6 15.520 103.625415 31.201458 2.7 9.215
2008 6 4 23 11 12.920 104.351424 31.541302 2.1 14.576
2008 6 4 23 36 54.130 103.519940 31.260754 2.8 15.453
2008 6 4 23 48 22.690 103.607956 31.150329 2.4 16.070
2008 6 4 23 58 11.870 104.533189 32.024745 2.2 14.033
2008 6 5 6 0 50.540 103.696118 31.182648 2.6 15.911
2008 6 5 6 2 30.460 105.495982 32.807633 4.6 20.962
2008 6 5 6 8 48.590 103.402642 31.222305 2.7 13.793
2008 6 5 6 9 59.330 103.597844 31.142882 2.1 12.879
2008 6 5 6 17 52.050 105.038273 32.322436 2.2 14.477
2008 6 5 6 20 30.530 105.220336 32.487415 2.5 13.185
2008 6 5 6 27 17.380 103.757169 31.237920 2.1 23.016
2008 6 5 6 35 29.250 103.348407 30.851331 4.1 12.906
2008 6 5 6 46 0.990 104.952759 32.241805 3.1 18.233
2008 6 5 6 52 41.510 105.618057 32.772059 2.5 13.512
2008 6 5 6 53 0.150 103.407929 30.951658 2.4 11.193
2008 6 5 6 59 19.360 103.358793 30.859637 2.1 10.432
2008 6 5 7 43 38.480 103.497950 31.225996 2.6 16.200
2008 6 5 7 48 18.020 103.254497 30.960343 2.8 16.518
2008 6 5 14 1 24.910 105.045822 32.346266 2.2 15.304
2008 6 5 14 2 10.800 103.442964 30.918925 2.0 13.185
2008 6 5 14 11 22.060 105.407655 32.607697 2.0 14.952
2008 6 5 14 17 38.560 104.912956 32.210417 2.5 16.204
2008 6 5 14 28 34.490 103.354419 31.339334 2.1 20.782
2008 6 5 14 29 2.300 105.326411 32.588637 2.2 15.785
2008 6 5 14 35 28.930 103.982118 31.613359 2.0 16.080
2008 6 5 14 41 38.950 105.127469 32.548279 2.5 22.938
2008 6 5 14 49 17.940 105.243084 32.529076 2.2 17.263
2008 6 5 14 52 42.570 103.632413 31.229667 2.2 15.864
2008 6 5 15 9 26.060 103.923329 31.461563 2.6 19.004
2008 6 5 15 20 26.690 103.368049 30.811143 3.7 10.832
2008 6 5 15 45 7.190 103.256444 30.777174 2.3 13.531
2008 6 5 15 53 33.060 103.476025 30.991360 2.2 16.179
2008 6 5 15 54 33.010 105.624300 32.748344 3.0 13.603
2008 6 5 16 9 14.570 105.335381 32.626770 2.8 13.563
2008 6 5 16 18 19.550 104.413809 31.843103 3.4 13.223
2008 6 5 17 33 25.450 103.215878 30.976142 2.0 14.431
2008 6 5 17 53 3.160 105.344481 32.611170 2.3 20.270
2008 6 5 17 59 12.080 104.000252 31.536311 2.0 19.357
2008 6 5 18 42 10.250 104.862920 32.220814 3.1 16.486
2008 6 5 18 48 7.500 105.195637 32.527113 2.9 16.073
2008 6 5 19 28 32.390 105.314928 32.552055 3.0 17.713
2008 6 5 20 3 21.620 103.648832 31.281280 2.2 15.706
2008 6 5 20 4 15.290 105.020138 32.313386 2.8 18.510
2008 6 5 20 16 37.050 104.337940 31.793095 2.3 6.503
2008 6 5 20 18 18.370 104.284973 31.747450 2.4 8.939
2008 6 5 20 22 32.880 105.020991 32.317258 2.7 17.858
2008 6 5 21 5 2.860 103.320765 30.763643 3.7 11.163
2008 6 5 21 20 17.830 103.357183 31.319411 2.8 14.945
2008 6 5 21 31 54.950 104.966698 32.299090 2.7 15.615
2008 6 5 21 51 9.130 103.504392 31.023246 2.0 14.100
2008 6 5 21 57 33.500 104.204498 31.853228 2.7 9.493
2008 6 5 22 23 24.790 104.213132 31.864263 3.3 16.068
2008 6 5 23 38 52.490 105.020166 32.323657 2.7 17.524
2008 6 6 6 17 17.350 104.962989 32.280588 2.3 13.186
2008 6 6 6 32 16.120 105.213623 32.509134 2.1 10.992
2008 6 6 6 47 8.870 105.374932 32.577341 2.7 11.643
2008 6 6 6 58 17.350 104.960032 32.284887 3.0 16.795
2008 6 6 7 9 38.370 104.677979 32.306412 2.1 13.531
2008 6 6 7 12 26.760 105.014968 32.285400 2.1 18.415
2008 6 6 7 18 4.130 104.686730 32.130326 2.7 16.284
2008 6 6 7 29 15.550 105.653907 32.766906 3.4 15.760
2008 6 6 7 46 23.030 104.127888 31.685517 2.9 15.876
2008 6 6 7 59 29.450 104.448457 31.935604 3.3 9.240
2008 6 6 14 23 27.500 104.557386 32.047887 2.5 14.932
2008 6 6 14 27 36.030 105.115788 32.409470 2.5 14.410
2008 6 6 14 27 36.040 105.127316 32.420739 2.5 15.837
2008 6 6 14 38 49.550 103.295805 31.070992 4.7 20.356
2008 6 6 15 24 12.530 104.196713 31.729226 3.0 14.099
2008 6 6 15 34 4.800 103.927453 31.340181 2.2 17.527
2008 6 6 15 51 25.550 103.790040 31.255613 2.3 1.889
2008 6 6 16 14 7.660 104.326428 31.881736 2.1 15.526
2008 6 6 16 22 47.190 105.157337 32.512931 3.8 18.032
2008 6 6 16 25 53.780 103.619682 31.314667 2.1 18.149
2008 6 6 16 31 16.680 104.989389 32.307011 2.4 18.830
2008 6 6 16 36 40.160 104.913937 32.264602 2.7 15.782
2008 6 6 16 36 54.060 104.896503 32.274096 2.5 18.168
2008 6 6 17 1 54.990 104.071616 31.526403 3.5 16.263
2008 6 6 17 12 36.490 105.232711 32.508418 3.7 18.077
2008 6 6 17 18 36.720 103.141368 30.942203 2.8 16.834
2008 6 6 17 37 24.640 103.421119 31.210805 3.7 19.312
2008 6 6 17 44 19.790 103.605838 31.230587 2.6 17.186
2008 6 6 23 54 50.490 104.431564 32.019199 3.9 13.151
2008 6 7 0 48 13.300 103.457000 31.161672 4.8 18.157
2008 6 7 2 59 48.850 105.003587 32.335526 3.4 18.889
2008 6 7 7 32 47.820 105.177375 32.500566 4.3 19.491
2008 6 7 18 1 22.680 103.718328 31.310747 2.4 17.573
2008 6 7 18 35 19.950 103.695225 31.206128 3.0 18.139
2008 6 7 18 42 5.150 103.685636 31.335325 2.3 20.298
2008 6 7 18 51 32.830 103.799593 31.386046 2.2 19.021
2008 6 7 19 32 37.840 104.950592 32.246666 3.1 16.693
2008 6 7 19 50 16.420 104.340829 31.795662 2.2 13.840
2008 6 8 2 10 34.040 105.259946 32.511496 2.3 10.447
2008 6 8 2 29 47.690 103.833030 31.367246 2.1 22.372
2008 6 8 2 32 28.810 104.074427 31.549436 2.5 14.803
2008 6 8 2 33 24.590 103.614462 31.247820 2.8 17.543
2008 6 8 2 43 8.620 104.343250 31.862311 2.7 9.617
2008 6 8 3 2 26.670 103.829358 31.342137 2.6 17.920
2008 6 8 3 3 35.150 104.323353 31.823994 2.4 12.792
2008 6 8 3 30 33.630 103.622681 31.273851 2.1 15.873
2008 6 8 3 36 38.460 103.278962 31.035273 2.4 9.924
2008 6 8 3 52 48.960 105.732281 32.842957 2.2 11.322
2008 6 8 3 57 19.960 105.181406 32.527540 2.2 14.191
2008 6 8 8 3 54.810 104.614545 32.147663 3.0 14.218
2008 6 8 8 6 15.420 103.674825 31.237196 2.2 18.174
2008 6 8 8 16 24.320 105.479225 32.793609 3.0 11.503
2008 6 8 8 33 58.430 105.448141 32.656387 2.3 13.142
2008 6 8 9 3 27.010 104.716157 32.186552 4.1 14.886
2008 6 8 9 6 9.680 104.845159 32.388677 2.2 24.344
2008 6 8 9 18 42.400 103.426545 31.293520 2.7 15.202
2008 6 8 9 53 4.490 103.880556 31.389560 2.5 18.264
2008 6 8 18 7 35.820 103.497148 31.288891 3.6 16.417
2008 6 8 18 22 48.230 103.582443 31.274412 3.5 16.913
2008 6 8 20 2 11.220 103.390134 31.056203 2.5 15.179
2008 6 8 20 11 1.660 104.987199 32.311201 3.2 17.549
2008 6 8 20 23 37.320 105.195147 32.540846 2.7 17.125
2008 6 8 20 27 50.060 104.720201 32.137583 2.4 13.387
2008 6 8 20 44 21.860 105.068017 32.470244 2.4 15.074
2008 6 8 21 6 4.350 105.366321 32.528614 3.0 17.595
2008 6 8 21 19 5.940 105.094822 32.373330 2.4 13.573
2008 6 8 21 33 34.480 104.305260 31.774604 2.6 5.401
2008 6 8 21 46 31.330 105.014379 32.275718 2.5 15.220
2008 6 8 23 10 37.970 105.269066 32.570037 2.1 17.049
2008 6 9 4 0 29.540 103.986839 31.512071 2.0 18.019
2008 6 9 4 12 58.240 103.401129 31.254988 2.1 19.168
2008 6 9 4 25 8.690 105.014077 32.413488 2.2 17.202
2008 6 9 4 54 26.910 103.806264 31.274088 2.8 16.423
2008 6 9 5 8 34.280 103.447259 31.293166 2.5 16.065
2008 6 9 5 28 33.220 104.287263 31.806275 2.7 14.777
2008 6 9 5 41 4.130 104.566890 32.096361 2.7 14.559
2008 6 9 5 52 48.150 105.352048 32.658028 2.5 10.202
2008 6 9 10 5 14.750 103.658593 31.273133 2.6 18.245
2008 6 9 10 19 23.130 103.251192 31.003878 2.5 13.381
2008 6 9 10 52 41.880 104.563659 32.048658 3.0 14.867
2008 6 9 10 57 31.550 104.566311 32.048401 2.2 15.282
2008 6 9 11 29 52.720 104.309156 31.841136 2.2 16.734
2008 6 9 22 31 43.560 105.466748 32.811622 2.6 7.038
2008 6 9 22 34 43.220 103.543022 31.216364 2.3 16.463
2008 6 9 22 42 6.290 103.926162 31.373838 2.5 19.106
2008 6 9 23 20 16.900 104.481349 32.026605 4.0 16.989
2008 6 9 23 26 56.410 105.015786 32.333059 2.9 17.888
2008 6 9 23 45 26.110 105.079967 32.320135 2.4 17.928
2008 6 9 23 56 59.110 103.553092 31.310529 2.2 15.600
2008 6 10 0 0 5.620 103.776511 31.328909 2.2 14.803
2008 6 10 0 2 0.430 105.049507 32.350912 3.7 17.063
2008 6 10 0 29 13.590 103.712807 31.318596 2.0 18.182
2008 6 10 0 42 20.120 103.969385 31.492519 2.0 14.697
2008 6 10 0 43 58.280 104.576696 32.085828 3.0 11.285
2008 6 10 1 25 0.030 103.335702 31.776209 2.5 12.537
2008 6 10 1 28 48.380 104.964134 32.243080 2.2 17.757
2008 6 10 1 30 50.240 104.046520 31.599195 2.1 17.129
2008 6 10 1 33 24.440 105.156821 32.494259 2.1 18.015
2008 6 10 1 39 29.360 105.446902 32.760572 2.6 10.603
2008 6 10 1 56 22.290 103.756532 31.264364 2.9 19.767
2008 6 10 6 16 26.450 103.218935 30.953855 2.5 16.853
2008 6 10 6 29 46.700 103.320857 30.919121 2.8 4.693
2008 6 10 6 30 18.560 105.481240 32.812361 2.7 4.727
2008 6 10 6 38 27.770 103.221861 30.968772 3.0 17.008
2008 6 10 6 44 27.120 104.514572 31.975170 3.4 13.874
2008 6 10 6 56 34.000 103.061435 31.719117 2.1 18.643
2008 6 10 7 13 33.090 105.021553 32.318323 2.5 18.852
2008 6 10 7 16 10.980 104.048468 31.538919 2.2 16.664
2008 6 10 7 57 24.860 103.617809 31.226296 2.2 16.801
2008 6 10 8 13 54.880 103.595625 31.216165 2.1 17.573
2008 6 10 8 21 20.820 104.381462 31.885271 2.4 14.583
2008 6 10 8 27 15.570 103.666060 31.172990 2.6 16.714
2008 6 10 8 34 54.780 105.206482 32.530499 3.5 12.964
2008 6 10 8 49 50.090 104.873876 32.238115 2.8 16.267
2008 6 10 8 56 48.960 105.259645 32.616804 2.1 20.768
2008 6 10 9 16 27.420 103.950782 31.493601 2.0 18.321
2008 6 10 9 36 25.990 104.984287 32.316521 3.2 18.735
2008 6 10 9 41 53.120 105.229177 32.520174 2.4 22.677
2008 6 10 9 54 7.650 103.971352 31.491394 2.1 18.760
2008 6 10 11 34 0.350 104.934257 32.265949 3.7 17.934
2008 6 10 14 33 42.220 104.261095 31.770116 2.1 11.546
2008 6 10 14 54 55.410 105.347449 32.621095 2.5 19.876
2008 6 10 15 57 20.960 104.073586 31.560562 2.3 17.412
2008 6 10 15 59 30.400 103.504410 31.166277 2.1 9.378
2008 6 10 17 0 35.130 105.162143 32.517232 2.0 16.608
2008 6 10 17 15 24.050 103.120971 31.711200 2.1 15.354
2008 6 10 17 45 44.580 103.512980 31.155961 2.9 16.312
2008 6 10 19 40 35.620 104.586124 32.051427 3.9 15.921
2008 6 10 21 13 57.660 103.306184 30.993437 3.0 14.981
2008 6 10 22 3 28.870 105.019957 32.322983 3.3 17.272
2008 6 10 22 9 30.670 105.043235 32.342416 2.1 17.262
2008 6 10 22 14 0.280 103.242907 30.756115 3.3 12.391
2008 6 10 22 23 21.830 103.252392 30.827268 5.0 14.945
2008 6 10 22 29 28.190 104.923679 32.273583 2.7 16.918
2008 6 10 22 31 27.450 104.907923 32.261506 2.0 19.656
2008 6 10 22 34 18.620 103.250998 30.862343 2.4 9.557
2008 6 10 23 1 28.450 104.202654 31.771521 2.5 13.346
2008 6 10 23 4 31.010 105.356138 32.555222 2.2 9.814
2008 6 10 23 11 53.680 103.313149 31.026044 2.1 6.372
2008 6 10 23 17 53.210 103.584292 31.123961 3.2 17.099
2008 6 10 23 27 8.320 105.241050 32.480731 2.1 11.651
2008 6 10 23 53 10.170 104.179707 31.754869 2.1 10.304
2008 6 11 6 32 14.040 103.549167 31.322556 2.4 17.424
2008 6 11 6 36 5.950 103.923652 31.439163 2.1 17.425
2008 6 11 6 59 39.980 103.751510 31.303673 2.5 17.714
2008 6 11 14 21 35.420 105.209090 32.453437 3.1 12.630
2008 6 11 14 29 33.090 104.413878 31.873854 2.3 8.654
2008 6 11 14 35 41.100 103.651298 31.117953 2.0 26.097
2008 6 11 14 35 41.480 104.340675 31.856831 2.5 11.603
2008 6 11 14 54 18.290 104.073433 31.691666 2.3 11.699
2008 6 11 15 10 50.860 105.055911 32.365018 2.9 16.883
2008 6 11 15 45 30.980 104.092449 31.638476 2.2 10.704
2008 6 11 16 5 3.880 103.760443 31.231116 2.3 18.911
2008 6 11 16 16 12.460 104.919785 32.266999 3.1 16.293
2008 6 11 16 24 53.670 103.898182 31.319069 2.5 18.216
2008 6 11 16 51 35.480 103.220267 30.986364 2.2 18.069
2008 6 11 17 7 15.710 104.362416 31.901525 2.3 11.965
2008 6 11 17 28 1.750 105.209812 32.478254 2.8 20.432
2008 6 11 17 33 8.330 104.918254 32.277159 2.4 13.861
2008 6 11 17 34 1.140 104.899572 32.257169 2.3 16.877
2008 6 11 17 39 1.590 105.041485 32.432212 2.2 7.775
2008 6 11 17 41 18.050 103.789244 31.313574 2.2 19.675
2008 6 11 17 42 17.620 104.903935 32.216654 2.7 18.206
2008 6 11 17 48 9.140 104.953049 32.255476 2.1 17.909
2008 6 11 18 19 54.060 104.972768 32.211579 3.0 17.529
2008 6 11 18 50 13.260 103.579540 31.141858 2.8 13.178
2008 6 11 19 11 43.650 103.753422 31.321031 2.4 17.828
2008 6 11 21 18 13.730 103.786059 31.246140 3.0 18.959
2008 6 11 21 37 15.580 105.046547 32.356498 3.0 19.544
2008 6 12 10 23 31.020 103.594197 31.212891 2.8 16.912
2008 6 12 10 26 54.300 103.675454 30.784716 3.0 13.926
2008 6 12 10 54 54.010 104.267742 31.488575 2.6 19.289
2008 6 12 11 11 21.960 104.022124 31.611761 2.5 18.872
2008 6 12 11 42 32.060 104.044197 31.530443 2.1 15.680
2008 6 12 18 35 52.030 103.493315 31.080338 2.2 15.118
2008 6 12 18 53 12.140 104.215470 31.745994 2.1 14.005
2008 6 12 19 20 15.930 103.948044 31.549472 2.2 18.989
2008 6 12 19 31 47.760 103.717199 31.220736 2.2 16.710
2008 6 12 19 40 24.370 104.261887 31.520177 2.0 19.268
2008 6 13 0 37 31.740 104.907681 32.292168 2.5 13.309
2008 6 13 1 1 17.930 105.004780 32.312049 2.7 15.719
2008 6 13 1 33 23.660 104.561976 32.149511 2.7 15.120
2008 6 13 1 45 4.960 103.414759 31.304105 2.2 15.670
2008 6 13 2 1 26.000 103.330701 31.352158 2.6 14.794
2008 6 13 2 36 9.390 105.059539 32.375296 2.4 18.150
2008 6 13 2 52 12.520 103.274417 31.021670 2.4 14.172
2008 6 13 3 0 26.240 103.258165 30.929502 3.5 15.863
2008 6 13 3 11 57.950 105.398059 32.604175 2.2 21.149
2008 6 13 3 44 59.120 103.866113 31.418796 2.7 13.504
2008 6 13 8 19 11.850 103.579908 31.227440 2.0 13.538
2008 6 13 8 19 28.220 104.800652 32.277613 3.4 11.601
2008 6 13 8 19 28.270 104.802683 32.279650 3.0 10.012
2008 6 13 8 53 41.580 104.940189 32.281277 2.5 13.040
2008 6 13 9 16 56.180 104.720714 32.186956 2.2 18.526
2008 6 13 9 20 5.440 103.898018 31.401248 2.2 18.535
2008 6 13 9 50 2.150 104.408872 31.850423 3.0 9.969
2008 6 13 12 53 46.910 104.583440 32.110857 2.6 14.935
2008 6 13 12 55 37.030 104.391702 31.853190 2.8 4.768
2008 6 13 12 57 59.020 104.576090 32.127473 2.3 16.332
2008 6 13 13 5 32.050 105.217547 32.502006 2.9 21.064
2008 6 13 13 27 13.280 105.083860 32.324490 2.2 8.927
2008 6 13 13 33 33.590 103.785254 31.363356 2.4 19.230
2008 6 13 13 46 42.550 103.576626 31.238386 2.6 23.980
2008 6 13 22 23 58.800 104.502907 32.024899 2.1 7.593
2008 6 13 22 23 59.090 104.517154 32.000664 2.2 13.907
2008 6 13 23 11 57.370 103.745235 31.537319 2.2 103.358
2008 6 13 23 12 36.890 105.034146 32.351184 2.8 18.530
2008 6 14 0 28 59.560 103.730284 31.187671 3.2 20.317
2008 6 14 1 8 37.240 104.219147 31.752598 2.3 12.036
2008 6 14 1 34 59.630 104.156406 31.659409 2.2 13.757
2008 6 14 6 24 42.480 105.094077 32.422831 3.4 16.939
2008 6 14 6 28 31.070 103.243159 30.881280 4.3 15.291
2008 6 14 6 50 25.450 103.475862 31.188624 2.2 16.489
2008 6 14 7 25 27.270 105.092765 32.355757 2.1 16.991
2008 6 14 7 47 44.360 103.274481 31.051690 2.7 7.460
2008 6 14 12 7 50.340 103.290542 31.004564 2.5 3.408
2008 6 14 12 15 7.820 104.633447 32.138432 2.3 15.239
2008 6 14 12 21 42.390 103.370812 31.323672 2.3 14.347
2008 6 14 12 24 52.510 104.278985 31.640448 2.4 11.611
2008 6 14 12 37 4.770 105.110957 32.392079 3.6 16.922
2008 6 14 12 47 6.990 105.432384 32.807090 2.5 10.015
2008 6 14 12 54 31.200 104.815800 32.188651 2.0 13.645
2008 6 14 13 20 58.770 103.426699 31.306012 2.7 14.426
2008 6 14 13 34 57.220 103.662930 31.164289 2.5 20.226
2008 6 14 13 44 14.670 104.593074 32.129425 3.5 14.733
2008 6 14 13 56 15.880 105.319713 32.570317 2.1 15.393
2008 6 14 13 58 55.190 104.266275 31.789357 2.0 17.648
2008 6 14 22 8 6.560 104.142036 31.695663 2.3 16.607
2008 6 14 22 33 27.860 104.616201 32.166511 2.0 16.212
2008 6 14 22 55 29.890 103.349440 30.980895 2.1 9.459
2008 6 14 23 2 55.720 103.260013 30.814283 2.6 14.817
2008 6 14 23 38 57.670 105.245878 32.567423 2.7 20.234
2008 6 14 23 41 43.920 103.711112 31.302138 2.5 18.154
2008 6 15 6 0 44.390 103.382127 31.312348 2.1 14.646
2008 6 15 6 29 33.570 104.030223 31.563917 2.1 17.668
2008 6 15 7 22 27.460 105.111809 32.524727 2.1 22.794
2008 6 15 7 27 47.620 104.362779 31.904913 2.5 16.818
2008 6 15 7 57 18.940 103.751309 31.225314 2.3 17.443
2008 6 15 12 18 20.700 105.182174 32.381256 2.6 13.165
2008 6 15 12 55 22.730 104.982964 32.301972 2.6 16.135
2008 6 15 13 25 47.130 103.445148 31.281774 2.0 0.659
2008 6 15 13 30 2.690 103.870072 31.328626 2.2 19.437
2008 6 15 14 21 9.280 104.126026 31.700999 2.1 15.916
2008 6 15 14 42 33.590 103.923720 31.389845 3.0 18.745
2008 6 15 14 46 48.580 104.326808 31.806518 2.0 11.937
2008 6 15 14 57 8.850 104.059200 31.628035 2.0 15.899
2008 6 15 15 38 0.670 104.225155 31.772074 2.5 5.226
2008 6 15 15 50 12.470 104.021474 31.443794 2.0 17.912
2008 6 15 15 51 2.420 104.590727 32.162434 2.1 16.666
2008 6 15 15 51 51.110 104.594683 32.160093 2.3 15.803
2008 6 15 15 59 1.300 104.565693 32.079124 2.1 12.869
2008 6 15 16 4 26.910 103.908619 31.392446 2.1 20.687
2008 6 15 16 18 59.890 104.389275 31.863861 2.2 11.499
2008 6 15 16 56 36.950 104.346941 31.783886 2.5 5.065
2008 6 15 17 0 22.860 103.641088 31.197684 2.3 15.044
2008 6 15 17 43 2.850 105.205025 32.499191 2.0 19.732
2008 6 15 19 55 51.290 105.067928 32.297626 4.0 17.219
2008 6 15 20 18 35.700 103.271816 31.016648 2.4 12.420
2008 6 15 20 27 53.520 104.724067 32.217588 2.1 11.078
2008 6 15 21 42 42.250 103.208388 31.340593 4.1 17.699
2008 6 15 22 13 22.520 103.266669 30.857752 4.0 20.264
2008 6 15 22 25 38.210 104.968000 32.290655 3.1 19.009
2008 6 15 22 35 57.130 104.563227 32.059472 3.0 12.189
2008 6 15 22 36 48.410 103.148771 30.897806 4.0 14.952
2008 6 15 22 43 54.830 103.792641 31.373528 2.8 21.271
2008 6 15 22 47 19.380 105.049797 32.363394 2.1 16.323
2008 6 15 22 48 44.530 105.058514 32.382406 2.0 15.228
2008 6 15 22 52 28.420 105.062073 32.428559 2.6 15.133
2008 6 15 22 58 38.320 103.251425 30.860920 2.3 19.995
2008 6 15 22 59 35.910 104.280959 31.816206 2.5 18.780
2008 6 15 23 7 30.820 104.987477 32.314342 2.8 15.449
2008 6 15 23 51 34.100 103.343461 30.817803 2.6 9.715
2008 6 16 4 29 26.000 103.263732 31.006997 3.6 15.791
2008 6 16 7 4 0.730 103.359459 30.984910 3.8 1.989
2008 6 16 7 36 5.140 103.853533 31.323384 4.3 18.604
2008 6 16 7 46 12.730 103.783951 31.232058 3.3 20.846
2008 6 16 14 42 45.190 104.613602 32.136563 2.6 16.722
2008 6 16 14 57 3.810 104.620079 32.160612 2.1 15.431
2008 6 16 15 40 40.670 103.573734 31.225839 2.5 15.857
2008 6 16 16 31 37.450 103.987315 31.522409 3.8 17.628
2008 6 16 16 54 6.040 103.743141 31.251028 2.1 18.212
2008 6 16 17 14 4.310 103.544673 31.280738 3.1 16.011
2008 6 16 17 18 11.520 103.939146 31.763653 2.5 16.553
2008 6 16 17 38 2.280 103.563818 31.147100 2.6 16.778
2008 6 16 18 7 16.520 105.062413 32.291282 3.4 17.144
2008 6 16 18 17 9.730 105.075213 32.410118 3.8 15.683
2008 6 16 18 21 39.120 104.605394 32.087038 3.1 14.144
2008 6 16 18 37 46.930 104.937103 32.279047 2.9 14.575
2008 6 16 18 41 7.340 104.618834 32.048640 2.5 13.113
2008 6 16 18 41 35.780 104.544659 32.034574 2.5 13.508
2008 6 16 18 45 41.130 103.984292 31.598306 2.6 17.490
2008 6 16 18 47 20.960 104.849959 32.223070 3.0 15.639
2008 6 16 18 49 6.080 104.351295 31.837588 3.0 10.375
2008 6 16 19 34 50.570 105.244501 32.525996 2.6 12.190
2008 6 16 19 41 24.210 104.846916 32.262335 2.0 14.724
2008 6 16 19 45 32.890 105.072260 32.409098 2.9 16.031
2008 6 16 20 41 11.650 104.552759 32.015969 3.1 15.034
2008 6 16 21 19 27.570 103.305649 30.994868 3.1 14.960
2008 6 16 21 40 52.370 105.123638 32.442102 2.9 18.490
2008 6 16 22 47 12.690 103.193413 30.982292 3.6 11.258
2008 6 17 2 9 2.090 104.327517 31.833305 2.4 16.970
2008 6 17 2 37 51.690 104.408465 31.791613 2.9 9.525
2008 6 17 2 53 56.610 103.725826 31.057313 3.1 22.037
2008 6 17 2 55 27.760 104.091102 31.642826 3.2 11.948
2008 6 17 3 0 58.220 104.039074 31.612939 2.6 12.259
2008 6 17 3 10 42.460 105.383726 32.690903 2.1 17.996
2008 6 17 3 52 44.250 105.103623 32.370975 2.8 15.448
2008 6 17 3 54 57.140 103.898750 31.683285 3.1 18.920
2008 6 17 12 37 3.030 103.554419 31.253231 2.2 13.725
2008 6 17 12 53 14.410 104.649915 32.087411 2.1 10.771
2008 6 17 13 0 59.240 103.354216 30.871652 2.7 11.504
2008 6 17 13 0 59.210 103.366013 30.862035 2.7 12.665
2008 6 17 13 0 59.270 103.353302 30.861587 2.3 8.624
2008 6 17 13 4 28.080 105.328733 32.580055 3.9 17.927
2008 6 17 13 20 5.050 105.326030 32.577492 3.0 15.231
2008 6 17 13 32 8.720 104.290544 31.899988 4.2 13.080
2008 6 17 13 40 47.060 104.948445 32.281583 4.2 17.283
2008 6 17 13 49 14.670 104.292448 31.911501 2.3 9.539
2008 6 17 18 2 11.280 103.538883 31.290129 2.4 15.283
2008 6 17 18 16 0.680 105.377463 32.581011 2.3 13.644
2008 6 17 18 20 33.980 103.660589 31.257698 2.3 13.755
2008 6 17 19 10 50.750 105.190833 32.454659 2.1 18.551
2008 6 17 19 17 6.310 103.338673 31.301873 2.2 12.704
2008 6 17 19 19 21.510 103.603890 31.246218 2.4 14.889
2008 6 17 22 43 16.150 103.395203 31.287098 4.5 17.296
2008 6 18 0 30 49.140 104.539748 32.010170 2.3 14.982
2008 6 18 0 57 3.760 104.711138 32.170769 2.2 16.605
2008 6 18 1 23 26.670 104.034631 31.439949 3.8 17.846
2008 6 18 1 33 50.130 105.446406 32.672771 2.5 14.950
2008 6 18 2 18 15.830 104.936848 32.279897 2.1 13.961
2008 6 18 2 42 46.120 104.755106 32.188815 2.1 20.129
2008 6 18 3 5 21.660 103.397299 31.298375 4.0 16.083
2008 6 18 3 34 29.120 104.474766 31.993521 3.9 10.143
2008 6 18 3 42 30.600 104.286674 31.757762 2.2 10.152
2008 6 18 8 5 13.030 104.270239 31.766481 2.2 9.223
2008 6 18 8 26 22.600 103.373032 30.940852 2.4 15.682
2008 6 18 8 51 5.540 104.974705 32.307892 2.5 17.031
2008 6 18 9 12 7.850 104.208225 31.752223 2.3 15.974
2008 6 18 12 8 52.270 103.381697 31.361315 2.2 11.939
2008 6 18 12 11 34.900 103.861080 31.379516 2.0 18.608
2008 6 18 12 16 2.790 103.872948 31.309748 2.5 17.534
2008 6 18 12 45 25.350 104.267838 31.740744 2.1 17.404
2008 6 18 13 7 4.860 105.155877 32.463761 2.6 22.085
2008 6 18 13 11 5.190 103.858043 31.308187 2.7 19.875
2008 6 18 13 16 23.030 105.261654 32.548992 2.5 18.097
2008 6 18 13 26 0.950 104.539686 31.958865 2.3 10.117
2008 6 18 13 56 18.390 104.250880 31.728585 2.4 11.196
2008 6 18 20 14 44.190 104.464509 31.959253 2.6 11.229
2008 6 18 20 46 48.740 103.905574 31.416185 2.1 17.290
2008 6 18 21 4 15.810 103.336241 30.980801 2.2 7.827
2008 6 18 21 12 18.650 105.115434 32.428650 2.4 14.966
2008 6 18 21 13 10.210 103.972641 31.502421 2.4 19.039
2008 6 18 21 50 33.270 104.356997 31.840923 3.3 12.781
2008 6 18 23 21 12.210 103.254100 31.018876 2.7 8.624
2008 6 18 23 43 50.730 103.241983 30.969896 2.1 16.067
2008 6 18 23 48 28.090 104.268494 31.812905 2.6 10.342
2008 6 19 2 3 7.210 104.135387 31.524168 2.5 7.523
2008 6 19 2 26 31.900 103.561770 31.285577 2.8 15.941
2008 6 19 2 31 58.860 104.924283 32.256942 2.3 14.714
2008 6 19 2 50 23.160 104.270684 31.892965 3.8 7.916
2008 6 19 2 55 31.840 103.454652 31.161901 4.6 17.644
2008 6 19 3 23 43.180 103.216386 30.984962 3.4 17.927
2008 6 19 4 23 11.800 103.236196 31.020843 2.1 17.344
2008 6 19 4 25 45.620 103.375801 31.308602 2.6 16.605
2008 6 19 4 37 2.710 104.361779 31.649748 2.1 8.236
2008 6 19 4 48 19.450 104.337691 31.816368 4.6 16.060
2008 6 19 4 55 22.380 104.281357 31.803741 3.0 11.165
2008 6 19 5 39 19.500 104.265817 31.883642 2.9 13.575
2008 6 19 5 57 27.860 105.415541 32.621109 2.2 20.002
2008 6 19 8 7 0.310 104.400473 32.071695 2.1 16.012
2008 6 19 8 53 38.740 105.412144 32.616128 2.2 17.337
2008 6 19 8 56 45.530 104.187443 32.203510 2.3 12.268
2008 6 19 9 7 15.160 105.224679 32.524255 3.0 13.355
2008 6 19 9 16 11.890 103.876178 31.311087 2.5 19.817
2008 6 19 12 2 32.090 104.021545 31.435212 2.3 16.024
2008 6 19 12 17 52.570 103.417638 31.246787 2.0 16.929
2008 6 19 12 19 50.980 104.593424 32.137640 3.8 16.016
2008 6 19 12 24 3.290 104.807024 32.198536 3.4 16.283
2008 6 19 12 35 35.010 104.951196 32.278364 3.0 16.338
2008 6 19 12 52 23.840 104.530107 32.085908 2.7 14.531
2008 6 19 13 20 49.820 104.989444 32.319114 3.2 16.014
2008 6 19 13 57 11.020 103.619157 31.217992 2.8 18.629
2008 6 19 20 4 3.960 104.473054 31.930936 2.2 13.698
2008 6 19 20 12 31.290 104.185724 31.739697 2.1 14.605
2008 6 19 20 15 27.900 104.247838 31.520945 2.4 16.518
2008 6 19 20 42 36.010 103.897591 31.392621 2.2 20.070
2008 6 19 20 50 56.230 103.321281 30.936214 2.2 11.957
2008 6 19 20 55 7.610 105.248548 32.520009 2.4 14.449
2008 6 19 21 12 8.240 104.014966 31.454325 2.0 17.817
2008 6 19 21 22 5.830 105.414180 32.659320 2.3 17.492
2008 6 19 22 4 9.440 103.984055 31.423362 2.1 16.103
2008 6 19 22 12 39.680 103.505266 31.136923 2.5 16.876
2008 6 19 22 27 17.090 103.465095 31.209161 2.3 9.542
2008 6 19 23 39 56.490 103.777694 31.359229 3.0 20.181
2008 6 19 23 44 51.490 104.960954 32.306735 2.7 15.133
2008 6 20 2 18 48.760 103.192510 30.848431 2.2 13.785
2008 6 20 2 32 26.470 105.011647 32.362811 2.8 10.733
2008 6 20 2 50 45.340 103.526223 31.276645 2.1 17.782
2008 6 20 2 55 20.250 104.330336 31.903338 2.2 15.343
2008 6 20 3 18 51.060 103.585866 31.153878 2.6 13.319
2008 6 20 3 20 5.880 103.288136 31.057528 2.9 6.563
2008 6 20 8 9 28.830 104.295564 31.898331 2.3 10.226
2008 6 20 8 23 28.730 105.472689 32.778287 2.9 12.786
2008 6 20 8 24 47.450 105.444381 32.770207 2.0 7.727
2008 6 20 8 39 38.480 104.650836 32.254760 4.0 14.759
2008 6 20 8 55 56.130 103.402831 31.060596 3.4 15.386
2008 6 20 10 13 21.850 104.948051 32.313142 2.2 16.480
2008 6 20 10 17 36.320 105.012238 32.411012 2.7 16.927
2008 6 20 10 43 5.220 103.614666 31.269100 2.5 17.230
2008 6 20 10 55 4.650 103.452987 31.166861 2.3 15.885
2008 6 20 11 21 7.130 103.479051 31.185040 2.2 16.133
2008 6 20 11 28 48.890 103.844552 31.413844 2.7 19.323
2008 6 20 11 31 17.520 105.248777 32.524521 3.8 16.349
2008 6 20 11 46 56.470 104.169092 31.790129 2.1 14.365
2008 6 20 11 51 26.980 105.491604 32.793078 3.9 16.563
2008 6 20 11 59 59.450 103.367246 31.291868 2.4 10.100
2008 6 20 12 33 32.640 104.304372 31.741245 3.6 12.164
2008 6 20 12 37 27.450 104.104759 31.486575 2.3 6.769
2008 6 20 12 40 34.580 104.287726 31.766318 2.1 5.014
2008 6 20 12 49 7.830 103.703091 31.122883 2.2 16.428
2008 6 20 12 55 43.220 104.847821 32.245172 3.3 17.439
2008 6 20 12 59 0.720 104.963227 32.353210 2.2 15.840
2008 6 20 13 1 46.580 105.332585 32.552818 2.0 11.051
2008 6 20 13 13 18.480 103.281666 30.898325 2.5 13.798
2008 6 20 13 16 24.920 104.899555 32.266320 2.2 15.268
2008 6 20 13 22 13.750 103.588201 31.204934 2.9 13.809
2008 6 20 13 29 10.230 104.991411 32.302307 2.2 13.969
2008 6 20 14 21 10.540 105.122809 32.454871 2.4 16.875
2008 6 20 14 33 39.430 104.305096 31.941339 2.0 16.767
2008 6 20 14 44 23.380 103.257668 31.021913 3.3 13.358
2008 6 20 15 20 17.820 103.742062 31.206904 3.1 19.963
2008 6 20 15 38 7.600 103.394491 30.926031 3.9 8.126
2008 6 20 15 57 31.420 104.876557 32.245862 2.1 16.792
2008 6 20 16 5 58.820 105.319783 32.561967 2.2 14.305
2008 6 20 16 26 56.300 103.443869 31.311568 2.0 14.793
2008 6 20 16 58 58.750 104.029211 31.535823 2.3 8.369
2008 6 20 17 30 5.040 104.891365 32.290786 2.4 16.039
2008 6 20 21 13 24.950 104.092969 31.625642 3.0 11.479
2008 6 20 21 43 48.610 103.581232 31.237472 2.9 16.513
2008 6 20 22 28 29.000 105.412561 32.660188 2.9 17.021
2008 6 20 23 4 22.510 105.227480 32.477563 3.8 16.991
2008 6 21 0 30 38.500 103.918974 31.539196 2.5 53.810
2008 6 21 0 54 56.470 105.099600 32.395852 2.6 15.987
2008 6 21 1 27 1.700 103.224907 30.961719 2.3 9.552
2008 6 21 8 0 51.160 104.635215 32.151695 2.0 11.642
2008 6 21 8 3 57.830 105.040861 32.371575 2.4 17.460
2008 6 21 8 21 52.960 105.089321 32.404448 2.8 16.278
2008 6 21 8 25 45.320 103.150575 30.903557 2.1 13.592
2008 6 21 8 47 11.340 103.618653 31.268997 2.6 16.078
2008 6 21 9 26 21.380 103.512275 31.278154 2.1 14.193
2008 6 21 9 39 39.440 104.161032 31.723200 2.0 15.101
2008 6 21 14 16 25.270 104.977960 32.301306 2.6 16.533
2008 6 21 14 40 52.860 104.578407 32.149031 2.3 15.274
2008 6 21 14 47 18.940 104.972788 32.238337 2.7 14.753
2008 6 21 15 0 13.870 105.462891 32.784243 2.1 12.026
2008 6 21 15 20 30.860 104.000166 31.437032 2.0 17.933
2008 6 21 15 29 15.630 105.033553 32.335954 2.8 15.922
2008 6 21 15 38 18.520 104.865790 32.432771 2.6 17.836
2008 6 21 16 58 57.460 105.252991 32.505872 2.4 14.503
2008 6 21 17 11 48.720 103.428978 31.294792 2.7 15.529
2008 6 21 17 20 9.080 104.085193 31.595064 2.1 14.382
2008 6 21 17 32 4.060 104.033773 31.620393 3.5 18.984
2008 6 21 17 40 22.180 103.602683 31.289368 3.7 18.381
2008 6 21 17 43 59.960 104.256515 31.734068 2.1 5.774
2008 6 21 17 58 54.950 105.083878 32.365714 2.1 13.762
2008 6 21 18 34 42.690 103.316558 31.330362 2.2 21.485
2008 6 21 18 34 42.500 103.299013 31.367799 2.5 9.695
2008 6 21 18 48 6.760 103.334404 31.328589 2.5 12.785
2008 6 21 20 14 32.250 104.860126 32.211118 2.6 13.357
2008 6 21 20 19 55.160 105.468679 32.719767 3.0 17.378
2008 6 21 20 26 13.600 105.391573 32.610648 3.0 15.091
2008 6 21 20 49 55.150 103.433089 31.132336 2.3 6.132
2008 6 21 20 57 15.510 103.437828 31.118404 3.6 19.073
2008 6 21 21 9 14.680 104.988829 32.259941 2.6 15.005
2008 6 21 21 10 13.510 105.000232 32.359702 2.9 19.551
2008 6 21 21 12 47.250 103.671715 31.327459 2.2 19.552
2008 6 21 21 22 17.170 103.419483 31.012911 2.4 15.411
2008 6 21 21 32 24.270 104.210265 31.754681 2.7 16.487
2008 6 21 21 37 8.380 104.116147 31.559166 2.8 14.609
2008 6 21 21 46 52.650 103.687031 31.330983 2.5 19.772
2008 6 21 21 54 17.180 105.598188 32.766242 2.7 7.997
2008 6 21 23 23 27.670 103.874579 31.293609 3.4 16.489
2008 6 22 4 26 36.330 103.623146 31.235459 2.2 17.941
2008 6 22 4 27 43.850 103.435603 31.025183 2.8 12.553
2008 6 22 4 47 43.690 105.369611 32.606752 2.4 17.708
2008 6 22 5 7 2.300 105.171117 32.470507 2.0 19.160
2008 6 22 5 40 55.130 103.454269 31.172817 2.2 13.613
2008 6 22 5 44 1.960 105.639220 32.756626 2.2 10.131
2008 6 22 5 56 44.120 104.142404 31.705077 2.7 15.210
2008 6 22 12 2 8.750 105.055271 32.319400 2.3 16.701
2008 6 22 12 52 3.030 103.387215 30.713733 2.1 10.556
2008 6 22 13 5 31.040 104.724940 32.161363 2.0 10.090
2008 6 22 13 8 30.620 103.979192 31.500359 2.0 18.905
2008 6 22 13 54 45.550 105.237090 32.532011 3.0 11.363
2008 6 22 18 18 36.530 103.329214 31.325937 2.1 13.339
2008 6 22 18 26 45.360 103.285518 31.367617 2.1 12.905
2008 6 22 19 24 49.650 104.342999 31.800391 2.3 13.560
2008 6 22 19 52 49.620 105.107358 32.388735 2.5 13.668
2008 6 23 0 43 33.190 104.019596 31.449317 2.1 14.858
2008 6 23 0 51 9.610 103.779000 31.263129 2.4 16.524
2008 6 23 1 1 36.020 103.870872 31.314930 2.3 17.854
2008 6 23 1 15 44.250 104.508121 31.994404 2.6 14.728
2008 6 23 1 55 16.150 104.914775 32.243972 2.7 13.916
2008 6 23 3 3 50.840 103.416736 31.118574 2.1 12.266
2008 6 23 3 19 33.090 103.566297 31.257292 3.0 14.817
2008 6 23 3 49 45.460 104.369540 31.811676 2.6 9.729
2008 6 23 3 59 33.090 104.951215 32.418969 3.1 16.985
2008 6 23 8 18 56.350 103.291963 31.050214 2.2 11.927
2008 6 23 8 30 48.040 103.735508 31.363181 3.0 19.050
2008 6 23 8 36 17.650 105.253705 32.485443 2.9 12.983
2008 6 23 9 15 21.310 105.146982 32.434561 2.7 13.806
2008 6 23 9 18 53.240 103.610700 31.270480 2.7 17.800
2008 6 23 9 24 49.490 105.234536 32.516833 3.0 14.572
2008 6 23 9 41 14.750 103.594682 31.113834 2.1 15.559
2008 6 23 9 49 26.960 105.262603 32.502698 2.4 14.138
2008 6 23 12 9 20.110 105.139881 32.484348 2.3 16.044
2008 6 23 12 29 32.430 104.370231 31.870108 2.3 14.182
2008 6 23 12 49 37.720 104.574506 32.152524 2.1 14.737
2008 6 23 12 56 53.770 103.457244 30.994898 2.0 16.108
2008 6 23 13 40 25.140 105.082623 32.365905 2.4 16.589
2008 6 23 13 43 45.940 103.712127 31.310588 2.6 18.154
2008 6 23 22 8 37.320 103.563226 31.170792 2.4 12.261
2008 6 23 23 1 59.800 103.945062 31.438820 2.5 10.819
2008 6 23 23 23 46.460 104.361784 31.796521 2.5 10.542
2008 6 23 23 33 2.820 105.293073 32.543808 2.1 20.791
2008 6 23 23 37 33.980 104.998741 32.304266 2.2 12.129
2008 6 23 23 39 12.800 104.099960 31.633518 2.4 13.766
2008 6 24 0 10 10.500 104.268611 31.798022 2.3 17.235
2008 6 24 0 18 24.390 104.262364 31.905102 2.7 19.596
2008 6 24 0 41 12.780 105.185979 32.518301 2.1 16.929
2008 6 24 1 31 56.320 105.146551 32.481767 2.7 16.945
2008 6 24 1 38 39.330 105.033606 32.345157 2.4 17.912
2008 6 24 1 57 57.530 104.117917 31.545457 2.4 19.091
2008 6 24 12 16 0.430 103.633142 31.289180 3.2 15.282
2008 6 24 12 16 18.480 105.010103 32.369303 2.4 11.030
2008 6 24 13 24 52.330 103.705842 31.204634 3.9 17.467
2008 6 24 13 42 52.310 104.200183 31.730971 2.0 11.965
2008 6 24 19 59 29.810 104.372712 31.849629 2.3 7.265
2008 6 24 20 58 34.200 104.336351 31.846119 2.7 2.315
2008 6 24 22 6 18.530 103.407889 31.126952 2.4 16.081
2008 6 24 22 40 11.260 104.962819 32.305499 2.3 16.985
2008 6 24 23 41 4.000 105.256250 32.568254 2.6 13.091
2008 6 24 23 51 51.330 103.912997 31.415317 2.1 18.178
2008 6 25 4 1 58.290 105.469919 32.725197 2.4 17.875
2008 6 25 4 6 12.930 104.991350 32.316419 2.7 15.505
2008 6 25 4 14 15.230 103.423549 31.166658 2.3 12.675
2008 6 25 4 16 16.710 105.089011 32.391637 2.5 13.860
2008 6 25 4 21 20.970 103.561102 31.247150 2.3 16.075
2008 6 25 4 30 2.110 103.274460 30.921190 2.0 16.391
2008 6 25 5 17 19.040 105.236780 32.539664 2.1 11.848
2008 6 25 5 36 1.390 105.262572 32.519694 2.0 15.890
2008 6 25 5 49 23.420 104.082188 31.611630 2.0 11.917
2008 6 25 5 54 30.680 104.585022 32.129551 3.0 16.139
2008 6 25 7 4 19.410 105.069915 32.380128 2.5 15.074
2008 6 25 7 10 35.490 103.569788 31.290825 2.5 15.674
2008 6 25 7 16 43.490 104.117816 31.639153 2.5 13.923
2008 6 25 7 19 35.790 104.083547 31.664623 2.2 12.935
2008 6 25 12 28 49.970 104.245982 31.838256 2.2 15.269
2008 6 25 12 29 6.570 103.790356 31.331900 2.4 16.416
2008 6 25 12 34 27.690 105.095674 32.354171 2.1 16.279
2008 6 25 12 42 30.310 103.401032 30.987604 2.0 14.910
2008 6 25 13 9 21.130 105.522255 32.766662 2.0 13.863
2008 6 25 14 0 30.420 104.900348 32.256049 2.1 14.124
2008 6 25 14 14 43.670 104.535898 32.201375 2.2 16.891
2008 6 25 14 38 3.550 103.250560 31.007784 2.7 10.886
2008 6 25 14 49 52.430 104.077216 31.643960 2.4 11.936
2008 6 25 15 26 42.980 105.394678 32.610825 2.3 14.691
2008 6 25 15 54 39.820 103.750939 31.327322 2.2 20.443
2008 6 25 16 11 56.350 104.124165 31.767336 2.0 17.900
2008 6 25 16 15 31.510 103.800406 31.245628 3.3 18.136
2008 6 25 16 56 4.990 104.390449 31.840560 4.1 15.390
2008 6 25 17 42 20.640 103.637504 31.268404 2.0 18.309
2008 6 25 17 46 49.160 105.409257 32.748504 2.1 13.931
2008 6 25 20 22 22.990 103.301826 31.366462 2.0 15.563
2008 6 25 21 0 55.530 103.784707 31.264075 3.1 19.478
2008 6 25 21 13 55.500 103.289552 30.977739 2.0 13.697
2008 6 25 21 21 29.040 105.073651 32.320287 2.4 17.660
2008 6 25 21 54 14.450 103.897016 31.417222 2.0 17.838
2008 6 25 21 58 35.990 104.906761 32.258775 2.3 15.960
2008 6 25 22 0 4.850 104.911192 32.270695 2.1 16.518
2008 6 25 22 57 39.730 103.217947 31.006651 2.5 17.060
2008 6 25 23 8 10.250 104.325824 31.801246 2.0 11.658
2008 6 25 23 31 34.610 105.312573 32.642104 2.2 19.882
2008 6 25 23 35 37.270 103.718454 31.168352 2.6 15.365
2008 6 25 23 41 24.420 104.602827 32.111653 3.1 13.810
2008 6 25 23 57 53.230 103.938586 31.384484 2.5 18.041
2008 6 26 12 14 45.800 105.311011 32.582519 3.9 21.817
2008 6 26 12 18 54.310 104.237532 31.809234 2.5 10.238
2008 6 26 12 25 48.090 103.199198 30.887906 3.7 18.324
2008 6 26 12 59 4.520 103.585038 31.249756 2.0 17.623
2008 6 26 13 33 26.240 104.316736 31.860455 2.3 10.821
2008 6 26 14 34 36.990 104.287380 31.475144 2.8 21.246
2008 6 26 14 46 7.980 104.349386 31.861935 2.3 11.086
2008 6 26 14 49 46.360 105.225790 32.521294 2.3 13.773
2008 6 26 15 2 13.960 103.913371 31.415893 2.0 16.407
2008 6 26 15 9 23.150 104.487732 32.019728 2.1 13.882
2008 6 26 15 10 4.310 104.190935 31.446437 3.3 21.621
2008 6 26 15 14 16.660 105.205104 32.503375 3.3 19.536
2008 6 26 15 20 46.030 104.175722 31.812023 4.0 18.946
2008 6 26 16 27 27.340 104.916798 32.265235 2.1 16.398
2008 6 26 17 1 31.000 105.180140 32.470706 2.4 15.467
2008 6 26 17 16 48.610 103.324061 30.760157 3.0 10.663
2008 6 26 18 20 45.990 104.671937 32.195422 2.1 14.368
2008 6 26 18 29 37.840 103.520782 31.047635 2.5 17.724
2008 6 26 18 44 23.190 103.591315 31.264462 3.0 24.891
2008 6 26 18 56 36.230 105.021333 32.294132 2.7 18.150
2008 6 26 19 14 13.820 104.014043 31.538746 2.0 14.960
2008 6 26 19 28 21.190 104.517436 32.122127 2.2 16.671
2008 6 26 19 58 38.620 104.919147 32.274140 2.2 15.507
2008 6 26 21 10 9.240 105.309451 32.609965 3.6 13.979
2008 6 26 21 30 48.830 104.508062 31.961246 3.6 14.545
2008 6 27 2 25 11.050 104.918116 32.265066 2.4 17.979
2008 6 27 2 49 35.330 105.410617 32.781097 2.6 8.163
2008 6 27 3 4 42.400 104.844489 32.232421 3.1 19.565
2008 6 27 3 7 15.890 103.966413 31.519882 2.1 14.190
2008 6 27 3 33 11.980 103.997038 31.282283 2.7 18.514
2008 6 27 10 10 12.560 103.930250 31.447982 2.2 18.537
2008 6 27 10 51 15.230 104.876616 32.255010 2.8 14.559
2008 6 27 11 8 55.760 105.394108 32.569218 2.4 14.919
2008 6 27 11 17 59.450 104.985189 32.332764 2.8 16.622
2008 6 27 11 24 24.410 105.012048 32.476971 2.2 17.124
2008 6 27 11 38 11.000 103.249235 30.875394 2.1 11.187
2008 6 27 19 2 53.070 105.454355 32.679835 2.9 13.027
2008 6 27 19 6 13.920 105.430578 32.622128 2.6 19.680
2008 6 27 19 9 42.870 103.668278 31.325438 2.5 18.545
2008 6 27 19 43 9.520 105.016348 32.287175 2.1 16.943
2008 6 28 0 9 31.420 104.576917 32.176386 2.4 15.933
2008 6 28 0 17 48.690 105.233707 32.505888 2.1 20.489
2008 6 28 1 33 24.490 104.309922 31.783941 2.3 13.991
2008 6 28 2 12 58.440 103.363785 31.665187 3.4 20.870
2008 6 28 2 25 0.120 103.125981 31.644186 2.4 14.512
2008 6 28 2 51 41.180 103.935679 31.373464 2.2 17.736
2008 6 28 3 34 41.470 105.027334 32.350834 2.1 3.625
2008 6 28 8 39 26.160 103.932915 31.395618 2.2 18.629
2008 6 28 9 27 24.730 103.604041 31.203734 2.2 15.380
2008 6 28 9 29 38.930 103.894847 31.389238 2.9 18.139
2008 6 28 9 32 36.820 103.218778 31.020338 2.9 13.364
2008 6 28 9 52 10.400 104.822829 32.207307 2.2 14.864
2008 6 28 9 55 54.120 104.268166 31.813648 2.2 10.972
2008 6 28 13 18 37.600 104.983525 32.418081 2.0 21.199
2008 6 28 13 22 36.190 104.102408 31.633368 2.6 11.048
2008 6 28 13 31 58.990 103.521183 31.138690 2.2 18.589
2008 6 28 13 50 44.120 103.231671 31.304709 2.5 19.903
2008 6 28 22 39 16.510 103.337934 30.943034 2.0 11.192
2008 6 28 22 46 0.890 104.230016 31.837255 2.4 16.839
2008 6 28 23 33 33.430 103.607641 31.228896 2.2 15.572
2008 6 28 23 52 0.330 104.730449 32.309917 2.7 12.095
2008 6 29 0 25 16.520 104.927924 32.230916 2.1 10.669
2008 6 29 0 30 10.910 104.515270 32.082863 2.8 15.367
2008 6 29 1 7 41.730 103.715488 31.295753 2.3 17.695
2008 6 29 1 14 59.430 103.319244 31.060859 2.2 11.465
2008 6 29 1 18 53.430 103.546647 31.294220 3.0 15.133
2008 6 29 6 19 48.660 105.182621 32.466926 2.2 15.849
2008 6 29 6 22 35.780 104.883167 32.254833 2.0 7.261
2008 6 29 6 54 14.520 104.612458 32.109981 2.4 14.499
2008 6 29 7 37 42.760 103.731764 31.298386 3.2 18.210
2008 6 29 7 47 22.340 103.308853 31.085842 2.7 17.050
2008 6 29 12 7 37.330 103.372377 31.657880 2.1 19.396
2008 6 29 12 7 59.680 105.103551 32.425920 2.1 14.833
2008 6 29 12 26 19.320 103.848932 31.309831 2.4 18.531
2008 6 29 12 29 14.310 105.393504 32.567365 2.4 10.593
2008 6 29 12 53 11.780 104.955362 32.216555 3.0 16.677
2008 6 29 12 57 21.480 105.225716 32.570089 2.0 16.958
2008 6 29 20 29 14.890 104.086529 31.635223 2.1 14.529
2008 6 29 20 50 1.670 105.358271 32.585390 2.2 13.351
2008 6 29 21 58 47.820 105.182438 32.450720 2.2 14.150
2008 6 29 22 16 43.740 103.780986 31.320432 2.5 19.253
2008 6 29 22 31 21.210 104.031381 31.711397 2.5 21.468
2008 6 29 22 36 57.940 103.620857 31.203864 2.3 16.455
2008 6 29 23 8 52.260 103.259571 30.902728 2.4 16.372
2008 6 29 23 21 4.180 103.720761 31.232848 2.3 19.602
2008 6 30 4 11 56.500 104.278515 31.678766 3.1 7.097
2008 6 30 4 31 45.120 105.283532 32.535288 4.0 20.050
2008 6 30 6 11 38.220 103.142208 31.288965 2.3 18.142
2008 6 30 6 15 40.760 103.477002 31.148786 2.6 16.259
2008 6 30 6 40 23.920 103.358927 30.965176 3.1 14.000
2008 6 30 6 44 58.330 105.060821 32.428718 3.1 15.501
2008 6 30 6 48 53.380 103.370159 31.272140 2.6 14.899
2008 6 30 12 1 19.020 103.709717 31.233591 2.8 17.626
2008 6 30 12 9 25.960 104.366668 31.822220 2.7 5.698
2008 6 30 12 27 41.900 103.826705 31.361165 2.2 18.157
2008 6 30 12 30 51.600 105.276642 32.527598 3.5 19.437
2008 6 30 13 29 46.180 105.178553 32.388480 3.2 14.125
2008 6 30 13 31 9.620 105.236710 32.466299 2.8 14.819
2008 6 30 14 8 43.130 104.932883 32.207641 2.5 15.149
2008 6 30 14 13 52.540 105.084967 32.481634 2.0 12.330
2008 6 30 14 19 23.380 104.908572 32.269793 2.8 16.099
2008 6 30 14 22 58.920 104.333945 31.538193 2.1 19.077
2008 6 30 14 47 58.720 104.205166 31.568609 2.5 13.446
2008 6 30 15 24 17.720 105.089965 32.485626 2.1 13.621
2008 6 30 15 28 13.910 104.126035 32.085907 2.4 13.613
2008 6 30 15 30 25.970 105.093139 32.499124 2.7 16.040
2008 6 30 16 3 40.690 103.277930 31.004869 2.3 9.446
2008 6 30 16 11 47.760 103.742570 31.202115 2.3 18.533
2008 6 30 16 12 17.870 104.948882 32.351979 4.1 14.501
2008 6 30 16 24 3.620 103.500416 31.194066 2.5 16.360
2008 6 30 17 37 58.510 103.543242 31.274460 2.1 16.807
2008 6 30 17 51 31.100 104.166784 31.845525 2.6 17.152
2008 6 30 18 11 6.590 103.358074 30.860584 4.1 6.334
2008 6 30 18 45 58.480 105.169886 32.401702 2.2 16.425
2008 6 30 22 2 20.760 104.371869 31.977904 2.7 7.382
2008 6 30 22 29 5.460 104.962520 32.287602 2.2 14.115
2008 6 30 22 35 10.530 104.967623 32.315725 2.7 17.181
2008 6 30 23 3 8.540 104.592202 32.101112 2.4 17.264
2008 6 30 23 43 52.100 103.342947 30.944829 3.3 16.086
2008 6 30 23 47 39.080 103.337041 30.943412 2.2 15.497
2008 6 30 23 48 13.740 103.398525 31.000942 2.3 9.064
2008 7 1 4 21 4.670 103.193035 30.955468 2.3 17.710
2008 7 1 5 2 21.680 103.192675 31.312740 2.8 18.881
2008 7 1 5 18 20.120 103.574517 31.247827 2.4 14.838
2008 7 1 5 38 19.740 104.166087 31.703156 2.6 14.487
2008 7 1 5 51 29.780 103.605013 31.200095 2.0 17.678
2008 7 1 5 52 59.740 105.086718 32.299728 2.2 13.942
2008 7 1 12 21 43.080 103.923844 31.409431 2.3 17.612
2008 7 1 12 44 2.370 103.420447 30.940423 2.2 9.804
2008 7 1 12 58 18.810 103.277667 30.814882 2.3 17.480
2008 7 1 13 7 8.060 105.007622 32.323411 3.3 16.892
2008 7 1 13 14 53.160 103.302055 31.050511 2.1 12.763
2008 7 1 15 51 17.460 103.296115 31.038783 3.1 12.204
2008 7 1 16 24 18.120 103.373230 31.359263 2.9 16.055
2008 7 1 16 29 52.450 103.433787 31.198232 2.5 14.664
2008 7 1 16 48 34.850 103.556754 31.144674 2.5 16.337
2008 7 1 16 51 44.990 104.361148 31.779499 2.5 11.760
2008 7 1 17 6 38.400 105.071657 32.428222 2.2 13.051
2008 7 1 18 8 2.600 104.649828 32.151069 2.9 15.299
2008 7 1 18 27 47.940 104.506725 32.076878 3.1 15.553
2008 7 1 19 0 31.170 103.669940 31.167135 2.1 13.705
2008 7 1 19 19 6.700 103.205721 30.942821 3.7 16.177
2008 7 1 19 44 5.620 104.583884 32.149070 3.0 15.537
2008 7 1 19 57 56.150 103.917136 31.344877 4.8 18.859
2008 7 1 20 2 22.440 103.863846 31.354208 2.2 15.129
2008 7 1 20 19 54.420 103.280128 31.031043 2.6 16.086
2008 7 1 20 32 20.420 105.133036 32.401365 2.6 15.548
2008 7 1 20 58 57.700 104.994629 32.467104 2.1 9.228
2008 7 1 21 10 38.260 103.747509 31.311718 2.4 17.738
2008 7 1 21 37 32.950 105.321579 32.552447 2.3 14.238
2008 7 1 22 10 29.250 103.718357 31.174715 3.2 19.157
2008 7 1 23 43 57.330 103.204179 30.989360 3.7 15.708
2008 7 2 2 3 56.940 105.083345 32.485943 2.6 16.945
2008 7 2 2 13 59.840 103.162468 30.921312 2.7 17.032
2008 7 2 2 40 15.670 104.946300 32.232834 2.8 15.787
2008 7 2 2 52 59.390 103.436541 31.294088 2.5 14.165
2008 7 2 3 19 54.950 104.042582 31.851663 2.4 14.492
2008 7 2 3 36 35.810 105.283343 32.546585 2.1 19.205
2008 7 2 3 40 24.600 103.907994 31.331478 2.3 19.439
2008 7 2 8 17 41.200 103.653566 31.378526 3.5 16.070
2008 7 2 8 31 1.260 105.508208 32.807480 3.3 12.129
2008 7 2 8 36 5.670 104.460223 31.967635 2.1 8.790
2008 7 2 8 45 34.970 104.188927 31.730427 2.1 16.823
2008 7 2 8 57 54.680 104.320592 31.802197 2.4 6.922
2008 7 2 9 2 55.860 105.529017 32.824700 2.2 9.520
2008 7 2 9 15 52.670 104.224782 31.872196 2.8 15.731
2008 7 2 9 30 7.780 103.317936 30.987971 2.3 9.881
2008 7 2 20 1 16.170 103.348472 30.862303 2.4 3.663
2008 7 2 20 3 22.330 103.553330 31.086064 2.1 13.292
2008 7 2 20 16 53.920 104.817451 32.219032 2.8 15.060
2008 7 2 20 57 43.640 104.264459 31.710151 2.4 4.913
2008 7 2 22 13 43.690 105.062532 32.322647 3.0 19.925
2008 7 2 22 48 42.160 103.403138 30.925135 2.3 10.964
2008 7 2 23 13 24.410 103.298343 30.820934 3.2 15.062
2008 7 2 23 18 2.560 103.836163 31.370347 2.8 20.366
2008 7 2 23 27 13.820 104.957056 32.307364 2.9 16.073
2008 7 3 2 8 27.290 103.714933 31.201262 2.4 16.018
2008 7 3 2 18 45.950 105.497925 32.803804 2.1 11.229
2008 7 3 2 25 9.520 103.503825 31.165160 2.6 12.924
2008 7 3 2 47 19.910 103.603968 31.210455 2.0 17.666
2008 7 3 3 9 27.590 105.114756 32.398709 3.1 16.805
2008 7 3 3 35 11.050 104.877670 32.247928 2.5 15.929
2008 7 3 3 40 28.040 104.030510 31.517693 3.0 18.071
2008 7 3 3 50 2.950 104.956434 32.743283 4.0 17.987
2008 7 3 4 8 14.660 103.505758 31.198695 4.4 16.308
2008 7 3 4 15 25.650 103.368219 31.302159 2.0 11.247
2008 7 3 4 48 57.280 105.414571 32.658856 2.1 14.493
2008 7 3 5 53 15.180 104.344552 31.870512 2.6 15.010
2008 7 3 9 17 40.770 105.342097 32.611139 2.9 17.589
2008 7 3 9 36 12.080 103.277890 30.937256 2.4 14.569
2008 7 3 10 11 45.590 103.423661 30.953389 2.6 14.173
2008 7 3 10 46 5.990 104.290419 31.932885 3.4 8.667
2008 7 3 11 31 30.210 104.102783 31.696887 2.2 4.079
2008 7 3 20 21 13.720 103.352831 30.987733 2.3 13.370
2008 7 3 21 15 12.860 103.895908 31.358306 2.3 19.525
2008 7 3 21 22 10.060 105.027385 32.341455 2.2 25.348
2008 7 3 21 46 59.510 103.680868 31.335446 2.6 19.648
2008 7 3 21 58 19.110 105.428053 32.665563 3.4 17.283
2008 7 3 22 2 48.900 103.603351 31.258172 2.3 15.357
2008 7 3 22 20 48.960 103.423589 30.758144 2.3 11.832
2008 7 3 22 31 0.700 104.693147 32.219991 2.9 15.136
2008 7 3 22 49 41.350 103.446654 31.285008 2.5 16.502
2008 7 3 22 58 52.940 103.957502 31.405780 2.1 18.420
2008 7 3 23 12 28.870 103.283224 31.020339 2.7 13.585
2008 7 3 23 20 32.380 104.126065 31.726287 2.0 18.482
2008 7 3 23 32 53.110 105.032250 32.296306 2.2 15.626
2008 7 3 23 38 33.930 104.381155 31.876005 2.1 7.867
2008 7 3 23 52 32.380 103.398049 31.031899 3.3 11.794
2008 7 4 2 43 28.870 105.389786 32.636448 2.2 12.178
2008 7 4 2 46 50.420 103.496257 31.137222 2.4 14.385
2008 7 4 2 49 9.720 105.463950 32.787373 3.2 14.293
2008 7 4 3 6 26.230 103.299213 31.060370 2.1 7.661
2008 7 4 3 17 17.450 104.333912 31.789881 2.0 5.733
2008 7 4 3 44 24.030 104.174351 31.809075 3.8 18.143
2008 7 4 4 7 31.990 103.392689 31.160346 2.4 14.907
2008 7 4 4 18 21.670 103.894169 31.329812 2.3 19.814
2008 7 4 4 59 37.940 103.676598 31.205434 4.3 18.755
2008 7 4 5 12 22.300 104.297655 31.994618 2.1 13.322
2008 7 4 8 9 24.410 103.410215 31.038837 2.5 16.760
2008 7 4 8 55 51.460 105.081619 32.334083 2.0 18.850
2008 7 4 8 59 21.170 104.290941 31.851481 2.0 10.459
2008 7 4 9 4 57.080 104.900634 32.252818 2.1 14.088
2008 7 4 9 22 44.950 103.306902 30.988864 2.1 17.253
2008 7 4 10 17 9.840 103.440495 31.340638 2.3 15.641
2008 7 4 10 19 38.560 103.461218 31.178471 2.3 15.407
2008 7 4 11 39 14.800 103.860591 31.392690 2.4 18.065
2008 7 4 11 43 17.720 103.580346 31.172993 2.1 15.988
2008 7 4 11 58 19.230 103.250337 30.856540 2.5 16.447
2008 7 4 11 59 47.620 104.035101 31.536185 2.2 14.952
2008 7 4 14 2 58.670 103.471635 31.169347 2.1 16.070
2008 7 4 14 18 58.150 105.170211 32.466468 2.6 19.958
2008 7 4 14 45 57.000 103.856415 31.317225 2.1 17.185
2008 7 4 15 3 29.430 104.883379 32.248094 2.0 14.064
2008 7 4 15 45 55.970 104.169591 31.820794 2.3 15.223
2008 7 4 16 47 18.150 105.155170 32.410727 2.1 12.436
2008 7 4 17 24 22.930 103.245847 31.039016 2.2 9.827
2008 7 4 17 54 37.860 103.411645 31.012844 2.2 20.662
2008 7 4 20 34 2.070 105.212333 32.522739 3.0 8.992
2008 7 4 21 15 29.280 103.911029 31.320453 2.2 19.486
2008 7 4 21 15 29.320 103.915620 31.327180 2.2 15.960
2008 7 4 22 10 57.420 104.155446 31.775904 4.6 18.438
2008 7 5 0 3 32.340 104.201663 31.753213 2.0 10.426
2008 7 5 0 19 58.340 104.138902 31.695745 2.7 13.924
2008 7 5 1 38 21.670 103.644687 31.264002 2.3 12.478
2008 7 5 1 38 21.200 103.696660 31.248674 2.2 19.765
2008 7 5 4 9 46.110 103.886862 31.338923 2.6 18.455
2008 7 5 4 48 44.420 104.385234 31.868584 4.1 14.642
2008 7 5 5 40 40.900 105.459004 32.765565 2.7 13.252
2008 7 5 10 18 7.450 104.971186 32.300903 2.1 16.210
2008 7 5 10 18 11.550 104.172886 31.625498 2.1 11.678
2008 7 5 10 24 3.880 103.685728 31.163863 2.6 18.351
2008 7 5 10 48 23.170 104.572254 32.139316 2.5 14.414
2008 7 5 11 29 1.970 103.919834 31.434678 3.6 20.177
2008 7 5 16 18 41.170 103.356585 31.328482 2.3 14.743
2008 7 5 17 25 34.320 103.539528 31.123534 3.5 14.371
2008 7 5 17 48 19.700 104.061747 31.658701 2.0 16.843
2008 7 5 18 4 29.050 105.093439 32.392346 2.4 13.740
2008 7 5 18 12 1.710 105.320263 32.568987 3.3 18.256
2008 7 5 18 23 47.200 103.512945 31.027707 2.0 14.605
2008 7 5 18 50 16.190 104.065617 31.530737 4.5 16.894
2008 7 5 18 55 35.230 103.561209 31.285423 2.7 16.810
2008 7 5 19 13 21.030 105.025425 32.334447 3.2 18.747
2008 7 5 19 44 11.960 103.334752 31.000717 2.2 15.569
2008 7 5 20 14 35.650 104.055078 31.620860 3.3 12.975
2008 7 5 20 25 57.150 103.413612 31.133192 3.0 16.296
2008 7 5 21 20 25.660 105.095393 32.401596 2.1 16.316
2008 7 5 22 15 8.860 103.906840 31.324114 2.4 18.899
2008 7 5 23 31 33.820 103.375264 30.994502 2.5 12.155
2008 7 6 4 25 19.930 104.840414 32.215973 2.8 15.138
2008 7 6 4 45 4.620 105.462095 32.767429 2.2 11.445
2008 7 6 5 7 37.330 104.107324 31.602403 2.1 13.433
2008 7 6 5 23 42.180 104.873911 32.281338 4.1 16.309
2008 7 6 5 29 51.060 104.893239 32.280416 3.4 16.999
2008 7 6 5 44 41.360 103.240397 31.019525 2.0 10.276
2008 7 6 6 38 50.500 104.822097 32.384534 2.2 19.052
2008 7 6 7 8 18.210 103.604824 31.201527 2.7 16.697
2008 7 6 7 20 50.430 104.881664 32.255801 2.4 12.582
2008 7 6 7 33 38.520 104.319818 31.888736 2.1 15.226
2008 7 6 10 6 31.030 105.459370 32.790870 2.5 10.995
2008 7 6 10 25 36.410 105.402698 32.679005 2.2 15.462
2008 7 6 10 25 40.860 103.966833 31.455233 2.2 18.033
2008 7 6 10 51 53.490 103.973297 31.718517 2.5 16.991
2008 7 6 11 13 58.140 104.169626 31.875921 2.3 14.826
2008 7 6 11 23 11.360 104.296846 31.898283 3.0 16.915
2008 7 6 12 2 55.850 104.290603 31.898891 2.8 16.509
2008 7 6 13 25 29.640 105.104824 32.384082 2.0 14.079
2008 7 6 13 33 41.250 104.864693 32.240155 2.2 16.533
2008 7 6 13 43 3.640 104.960037 32.357480 2.1 16.723
2008 7 6 13 51 31.210 103.566820 31.224466 3.1 17.923
2008 7 6 16 1 19.160 105.151679 32.523980 2.3 24.538
2008 7 6 16 46 49.300 103.464441 31.271751 2.8 0.776
2008 7 6 16 56 50.080 103.261114 31.034367 2.0 16.728
2008 7 6 17 59 10.220 105.378142 32.580129 2.1 17.439
2008 7 6 22 15 14.610 103.860283 31.370247 2.8 18.467
2008 7 7 0 31 15.270 104.050262 31.536467 2.1 13.194
2008 7 7 0 48 10.490 103.945671 31.457563 2.2 19.185
2008 7 7 1 22 11.120 105.412904 32.681303 2.1 12.643
2008 7 7 4 14 55.880 105.404380 32.628788 2.1 14.918
2008 7 7 5 15 43.400 103.485994 31.354847 3.1 15.434
2008 7 7 5 51 37.830 105.389336 32.576853 2.9 12.851
2008 7 7 5 55 6.190 103.889261 31.431205 2.1 19.946
2008 7 7 12 22 21.990 104.068129 31.496009 3.7 14.715
2008 7 7 12 34 45.280 105.041194 32.357249 2.5 15.763
2008 7 7 13 23 55.480 103.803169 31.316410 2.2 21.839
2008 7 7 13 33 23.340 103.900473 31.537853 2.2 16.564
2008 7 7 13 48 3.290 104.471388 31.933934 3.9 15.170
2008 7 7 17 3 36.960 105.348599 32.560217 2.8 15.241
2008 7 7 17 9 11.960 104.337436 32.062157 2.7 15.224
2008 7 7 17 12 19.970 103.999684 31.464372 2.6 19.436
2008 7 7 17 20 42.820 103.440222 31.283829 3.0 15.354
2008 7 7 17 29 34.890 103.247818 31.020120 2.9 14.262
2008 7 7 19 0 56.880 105.192284 32.560431 2.1 9.326
2008 7 7 19 15 27.530 105.207867 32.551466 2.2 18.370
2008 7 7 20 23 26.930 104.236807 31.692184 3.4 0.677
2008 7 7 20 58 43.160 104.441596 31.923859 2.2 9.055
2008 7 7 21 32 13.540 103.437978 31.290069 3.1 15.138
2008 7 7 21 41 55.730 104.042337 31.527120 2.5 16.690
2008 7 7 22 26 31.510 104.955650 32.266787 2.1 12.289
2008 7 7 23 32 28.790 104.453338 31.984205 2.5 9.441
2008 7 7 23 42 7.240 104.483646 32.096789 2.8 16.259
2008 7 7 23 56 56.090 103.505296 31.264522 2.6 16.943
2008 7 8 8 25 56.930 103.972563 31.458732 3.3 18.572
2008 7 8 8 25 56.870 103.980752 31.456250 3.3 19.478
2008 7 8 8 31 31.200 105.219004 32.524144 2.5 14.776
2008 7 8 8 50 55.210 105.387575 32.666991 3.3 17.374
2008 7 8 9 22 48.950 103.774030 31.288198 2.3 19.177
2008 7 8 9 22 53.870 104.640738 32.117764 2.7 18.702
2008 7 8 10 10 42.100 104.243943 31.778914 2.0 12.200
2008 7 8 10 22 58.650 103.379393 31.232293 2.1 16.292
2008 7 8 10 28 24.290 105.517338 32.680307 2.2 10.347
2008 7 8 11 11 4.490 104.314714 31.782325 2.1 9.863
2008 7 8 12 13 0.800 103.949709 31.377112 4.9 19.469
2008 7 8 12 26 59.280 103.946996 31.381987 2.1 19.821
2008 7 8 13 1 21.920 103.525879 31.095661 2.3 16.040
2008 7 8 13 13 57.370 103.952191 31.376430 2.1 19.797
2008 7 8 22 34 40.490 103.642268 31.178389 2.9 17.688
2008 7 8 22 42 4.190 103.650739 31.181015 2.1 16.516
2008 7 8 23 12 35.640 103.960747 31.434618 2.5 20.121
2008 7 8 23 14 19.710 103.341726 31.319291 2.4 14.503
2008 7 8 23 24 39.400 103.228224 31.004937 2.0 14.104
2008 7 9 0 9 19.320 103.617011 31.230054 4.3 17.791
2008 7 9 0 44 25.710 103.922865 31.382859 2.9 18.478
2008 7 9 0 45 11.710 103.928160 31.381996 2.6 19.997
2008 7 9 0 56 55.710 104.143770 31.704352 2.1 11.092
2008 7 9 1 2 31.390 105.124820 32.415574 3.3 13.564
2008 7 9 1 51 44.720 104.014347 31.565382 2.7 19.763
2008 7 9 2 12 18.660 104.589671 32.110962 2.0 13.792
2008 7 9 2 20 17.610 104.293201 31.865504 2.2 13.118
2008 7 9 2 37 22.010 103.994346 31.450887 2.7 18.681
2008 7 9 2 49 14.680 105.220473 32.472024 2.0 11.781
2008 7 9 3 56 21.380 103.444168 31.305280 2.7 13.311
2008 7 9 4 57 11.060 103.576379 31.165730 2.5 16.801
2008 7 9 5 18 59.970 104.991530 32.318208 3.0 16.403
2008 7 9 5 46 48.330 104.213468 31.749687 2.1 13.258
2008 7 9 7 4 14.640 103.009430 31.553394 2.1 16.570
2008 7 9 7 40 33.820 105.486759 32.813169 3.2 8.002
2008 7 9 7 55 34.990 104.326784 31.796009 3.6 10.118
2008 7 9 7 57 48.040 105.585054 32.751621 2.7 11.924
2008 7 9 12 5 37.610 104.142976 31.785044 2.2 16.663
2008 7 9 12 32 31.090 103.268126 30.961981 2.1 19.123
2008 7 9 12 42 35.610 104.835676 32.204506 3.6 17.184
2008 7 9 13 53 14.180 103.942195 31.383851 3.1 19.109
2008 7 9 13 55 26.260 104.234694 31.760527 2.1 16.160
2008 7 9 14 15 52.620 104.987635 32.317815 2.4 15.926
2008 7 9 14 57 31.000 105.627149 32.761438 2.7 9.789
2008 7 9 15 29 13.920 105.324398 32.534030 2.1 15.033
2008 7 31 20 16 16.590 105.344322 32.571530 3.4 17.528
2008 7 31 23 51 12.910 103.520247 31.134157 3.0 14.209
2008 8 1 2 41 47.100 103.443469 31.284999 4.1 17.325
2008 8 1 2 55 20.230 105.233067 32.504073 3.5 17.161
2008 8 1 8 32 45.370 104.640577 32.058477 6.1 15.488
2008 8 1 8 39 21.430 104.620409 32.086799 4.4 12.942
2008 8 1 9 0 12.470 104.645020 32.089408 3.7 16.319
2008 8 1 9 18 16.430 104.664670 32.098161 3.2 14.924
2008 8 1 9 54 11.450 104.631219 32.053846 3.4 14.207
2008 8 1 9 57 33.730 104.592418 32.042290 3.6 16.356
2008 8 1 10 18 47.310 104.620522 32.059844 3.5 18.259
2008 8 1 11 11 30.830 104.644132 32.068744 3.2 16.256
2008 8 1 12 0 45.840 104.634345 32.069096 3.6 13.178
2008 8 1 12 55 30.500 104.612491 32.040412 3.9 14.934
2008 8 1 13 26 58.230 104.627742 32.074700 3.1 15.336
2008 8 1 14 4 32.780 104.621773 32.055392 3.3 15.392
2008 8 1 15 11 30.260 104.619430 32.054602 3.6 14.517
2008 8 1 17 55 22.540 104.645726 32.051667 3.3 15.527
2008 8 1 18 12 19.970 105.184170 32.462848 5.2 16.713
2008 8 1 19 28 8.620 104.950382 32.285541 3.1 18.383
2008 8 1 19 42 23.380 105.178978 32.464535 3.1 13.903
2008 8 1 19 53 23.000 104.956222 32.281743 3.3 18.618
2008 8 1 21 3 33.230 104.642633 32.063772 4.0 15.787
2008 8 1 21 17 38.830 105.181443 32.474424 3.4 17.945
2008 8 1 22 30 32.340 104.066223 31.565004 3.2 14.640
2008 8 1 23 7 24.110 105.183666 32.459699 3.9 16.362
2008 8 2 0 51 23.770 105.180695 32.463069 3.4 16.912
2008 8 2 1 56 33.500 105.473166 32.772301 3.3 13.006
2008 8 2 4 46 51.840 103.184801 30.984209 3.3 19.188
2008 8 2 7 32 15.210 104.613399 32.154867 3.2 14.898
2008 8 2 12 21 38.980 105.179129 32.465466 3.8 17.826
2008 8 2 13 25 49.410 105.625478 32.744717 4.6 16.531
2008 8 2 13 36 2.950 105.425425 32.574673 4.5 19.925
2008 8 2 15 39 58.080 103.205634 30.997403 3.6 13.390
2008 8 2 16 6 36.540 103.977385 31.502443 3.2 18.554
2008 8 2 16 15 58.620 103.898388 31.336719 3.1 18.962
2008 8 2 22 25 9.370 105.622778 32.738924 3.2 14.840
2008 8 2 23 18 42.680 104.180790 31.847084 3.2 16.933
2008 8 3 0 50 21.080 103.277638 31.342285 3.6 15.814
2008 8 3 6 45 30.230 103.326470 30.726549 3.5 11.265
2008 8 3 8 31 20.790 104.528671 32.153484 3.0 15.317
2008 8 3 12 4 49.920 105.444794 32.813451 3.9 10.174
2008 8 3 17 10 53.430 103.655561 31.160902 3.1 16.173
2008 8 3 22 57 36.080 105.269706 32.545750 3.1 20.685
2008 8 4 0 19 24.150 104.632434 32.062507 3.6 16.040
2008 8 4 9 18 25.750 103.111118 31.511126 3.4 14.565
2008 8 4 9 19 10.480 103.099813 31.508382 4.2 13.468
2008 8 4 9 40 1.700 103.112424 31.510963 4.0 13.518
2008 8 4 14 5 50.680 105.390600 32.618247 3.2 18.927
2008 8 5 2 37 54.500 103.767351 31.250329 3.8 18.439
2008 8 5 2 57 45.430 105.470724 32.677378 4.1 18.066
2008 8 5 5 37 5.280 103.113003 31.513178 3.0 11.687
2008 8 5 7 42 6.740 105.093629 32.407936 3.9 17.892
2008 8 5 9 49 18.770 105.472773 32.788055 6.2 14.160
2008 8 5 10 39 21.270 105.498078 32.779696 3.4 13.098
2008 8 5 11 6 47.000 105.004774 32.239098 3.1 16.058
2008 8 5 11 29 26.150 105.467076 32.795945 3.9 15.067
2008 8 5 13 35 21.180 104.378921 31.811719 3.4 10.589
2008 8 5 16 12 54.260 103.880713 31.320778 3.3 19.573
2008 8 5 20 14 22.020 105.442456 32.815763 3.4 13.007
2008 8 5 23 55 9.330 105.483079 32.792801 4.8 15.043
2008 8 6 0 31 10.360 103.220611 30.979455 3.7 12.623
2008 8 6 0 42 17.660 103.223608 31.263543 3.5 18.304
2008 8 6 0 59 41.140 105.463125 32.795935 3.9 14.641
2008 8 6 2 37 59.800 105.457427 32.748690 3.8 15.018
2008 8 6 3 42 28.710 105.480915 32.797416 4.7 23.859
2008 8 6 4 0 55.370 104.270151 31.784107 3.5 14.641
2008 8 6 4 47 8.730 105.465737 32.819173 4.7 10.627
2008 8 6 11 14 56.030 105.432358 32.604098 3.2 12.067
2008 8 6 11 30 56.330 105.274784 32.547686 3.0 18.715
2008 8 6 12 1 12.710 105.467246 32.802117 4.3 13.443
2008 8 6 23 42 45.720 103.319253 31.456586 3.3 13.957
2008 8 7 8 15 37.400 104.594777 32.097806 5.3 16.936
2008 8 7 8 34 37.660 103.516224 31.107915 3.1 17.230
2008 8 7 9 53 8.840 104.360761 31.753324 3.3 12.327
2008 8 7 22 21 22.280 105.452801 32.808428 3.2 11.553
2008 8 7 22 34 20.090 104.151496 31.809723 4.0 15.417
2008 8 8 7 52 23.140 103.672054 31.212192 3.5 17.912
2008 8 8 10 56 10.750 103.697014 31.195225 3.2 17.997
2008 8 8 11 1 12.190 105.486317 32.787705 3.6 11.802
2008 8 8 13 12 22.130 103.916482 31.457674 4.7 19.798
2008 8 8 13 51 0.220 105.253573 32.520721 3.8 14.146
2008 8 8 14 17 39.420 103.423884 30.792275 4.1 13.657
2008 8 8 16 52 59.230 103.273613 30.858502 3.1 15.323
2008 8 8 17 6 31.090 103.446614 31.126259 3.5 26.156
2008 8 8 17 38 23.000 105.382039 32.621908 3.8 15.450
2008 8 8 21 35 40.430 103.782679 31.316047 3.0 18.769
2008 8 9 12 10 22.300 105.453547 32.716919 4.5 15.983
2008 8 9 14 14 30.650 105.118536 32.369217 3.9 17.936
2008 8 9 15 22 23.340 103.300761 30.849481 3.2 15.525
2008 8 9 16 12 38.340 105.088350 32.361036 4.3 19.274
2008 8 9 16 31 37.290 105.216453 32.519292 4.2 12.579
2008 8 9 22 58 3.640 104.256524 31.883602 3.0 13.057
2008 8 10 4 38 11.740 105.120264 32.437298 4.5 17.338
2008 8 10 11 40 19.240 105.218958 32.513377 3.1 9.912
2008 8 10 11 45 26.820 105.352633 32.549087 3.1 14.343
2008 8 10 15 29 48.660 104.935313 32.184908 3.6 17.210
2008 8 10 20 37 50.710 104.053418 31.764909 3.2 16.644
2008 8 10 23 4 22.090 103.667938 31.232760 3.3 15.418
2008 8 11 0 49 13.280 103.466807 31.295516 3.1 14.537
2008 8 11 1 0 12.690 105.110546 32.400414 3.2 18.286
2008 8 11 1 21 14.280 104.477893 31.872259 3.1 10.365
2008 8 11 1 27 23.930 105.221732 32.467142 3.1 16.109
2008 8 11 2 17 0.010 104.088598 31.664818 3.3 17.395
2008 8 11 5 50 17.630 104.553230 32.005884 3.1 15.946
2008 8 11 11 49 56.110 104.016298 31.589934 4.3 20.655
2008 8 11 15 29 46.660 103.556384 31.271578 3.9 16.453
2008 8 11 22 13 59.540 103.585626 31.297862 3.5 16.403
2008 8 11 22 49 30.080 105.025605 32.312560 3.1 18.855
2008 8 12 3 37 28.590 103.790584 31.235196 3.3 18.465
2008 8 12 14 22 54.780 103.460427 31.231031 3.7 18.299
2008 8 12 17 3 32.250 103.922937 31.458484 3.1 19.680
2008 8 12 17 21 29.050 103.544842 31.283008 3.1 16.644
2008 8 12 21 3 24.070 104.214142 31.863222 5.3 13.704
2008 8 12 21 47 37.170 104.217610 31.861190 3.2 14.610
2008 8 13 5 9 31.240 104.096352 31.672597 3.7 17.331
2008 8 13 7 5 37.660 104.900069 32.261461 3.4 16.579
2008 8 13 7 44 2.710 103.300986 31.368662 4.2 14.801
2008 8 13 7 52 2.890 103.311052 31.373109 3.2 13.816
2008 8 13 8 45 45.580 105.385529 32.575386 4.4 15.964
2008 8 13 11 35 56.080 105.383829 32.571667 3.5 16.885
2008 8 13 13 4 18.400 103.335407 30.752088 3.6 12.791
2008 8 13 13 15 0.730 105.200633 32.374510 3.5 17.143
2008 8 13 21 30 37.410 104.441172 31.922615 3.4 12.720
2008 8 14 0 31 29.090 105.404381 32.633070 3.8 19.856
2008 8 14 5 20 48.340 104.104871 31.668169 4.0 18.812
2008 8 14 8 23 44.470 105.513123 32.720594 3.2 14.239
2008 8 14 10 36 52.030 104.953548 32.339521 4.1 18.857
2008 8 14 10 39 32.480 104.950587 32.329809 3.1 19.048
2008 8 14 17 6 41.550 103.208007 31.001034 5.1 12.989
2008 8 14 18 59 20.500 105.438900 32.763877 3.8 16.649
2008 8 14 19 3 44.250 104.141843 31.805431 3.1 17.054
2008 8 14 20 6 32.640 104.943072 32.285500 3.1 16.986
2008 8 15 13 53 58.020 105.052609 32.423296 3.3 16.318
2008 8 15 15 39 20.720 104.629464 32.024154 3.1 16.626
2008 8 15 17 25 39.940 104.906014 32.287537 3.1 17.678
2008 8 15 17 31 28.310 103.893975 31.691234 3.6 19.906
2008 8 15 19 1 42.160 105.392367 32.622800 3.1 18.586
2008 8 15 20 16 22.270 105.260459 32.526355 3.4 13.774
2008 8 15 22 39 15.350 105.101215 32.432393 3.6 17.469
2008 8 16 1 30 37.490 103.442669 30.989622 3.2 16.736
2008 8 16 11 19 48.450 103.948862 31.409830 3.4 18.515
2008 8 16 13 27 47.110 103.456938 31.207125 3.4 14.074
2008 8 16 18 7 15.460 105.215097 32.469357 3.3 16.938
2008 8 16 20 22 23.250 103.933281 31.402769 3.1 18.496
2008 8 17 8 33 37.780 103.376843 30.981180 3.1 13.874
2008 8 17 9 18 37.550 104.855017 32.285010 3.8 16.764
2008 8 17 12 48 35.060 105.422498 32.585099 3.1 15.785
2008 8 17 13 34 22.680 104.626068 32.052816 3.4 15.219
2008 8 17 21 30 40.600 103.443642 31.300774 3.2 17.673
2008 8 17 23 36 44.850 104.654477 32.085162 3.4 17.013
2008 8 18 2 22 25.290 103.425106 31.266720 4.5 16.835
2008 8 18 5 16 9.760 105.035498 32.432188 3.0 16.090
2008 8 18 7 57 4.450 104.594969 32.042055 3.1 10.642
2008 8 18 8 4 31.230 104.680562 32.229559 3.8 17.819
2008 8 18 11 5 56.900 105.001161 32.747677 3.4 17.032
2008 8 18 14 19 5.020 104.632791 32.160542 3.3 16.885
2008 8 18 16 38 42.750 104.299522 31.534137 3.0 17.499
2008 8 18 17 43 9.220 104.278731 31.901543 3.1 16.686
2008 8 18 19 56 0.040 105.405437 32.688170 3.0 13.972
2008 8 18 22 58 19.490 104.362792 31.551840 3.1 17.140
2008 8 19 2 19 3.600 104.124854 31.529549 3.3 16.726
2008 8 19 2 51 45.220 104.111152 32.165906 3.1 12.250
2008 8 19 6 10 55.490 105.000021 32.471562 3.3 12.972
2008 8 19 8 21 21.320 105.156096 32.544966 3.4 19.864
2008 8 19 23 54 50.310 105.059720 32.363305 3.7 17.471
2008 8 20 10 24 19.400 104.124421 31.662551 3.0 15.819
2008 8 20 10 31 37.430 104.078103 32.183432 3.7 13.413
2008 8 20 18 47 43.830 103.619798 31.248107 4.0 18.675
2008 8 20 19 34 59.580 103.327862 30.927579 3.4 15.592
2008 8 20 20 54 2.260 105.501323 32.824612 3.2 10.373
2008 8 21 1 26 45.280 104.500676 31.977581 3.0 10.826
2008 8 21 6 34 45.460 105.392556 32.622493 3.1 13.906
2008 8 21 6 37 34.670 105.239770 32.550280 3.5 11.350
2008 8 21 8 50 10.700 104.390916 31.817599 3.0 12.736
2008 8 21 9 41 36.730 104.413779 31.873170 3.5 13.982
2008 8 21 11 30 55.280 105.216829 32.510448 3.7 18.998
2008 8 21 15 14 8.140 105.092296 32.430829 3.3 16.899
2008 8 21 20 46 43.080 104.721716 32.191001 3.7 15.222
2008 8 22 2 10 12.250 105.066376 32.479429 3.3 18.207
2008 8 22 10 51 22.450 103.317750 31.365710 3.9 13.683
2008 8 22 11 24 53.930 103.876887 31.383385 3.6 19.971
2008 8 22 11 40 12.600 104.620270 32.203297 3.4 16.813
2008 8 22 11 55 55.530 104.619238 32.203620 3.4 16.274
2008 8 22 16 18 53.590 104.623335 32.197497 3.5 15.133
2008 8 22 19 31 36.510 103.415878 30.953556 3.3 7.228
2008 8 22 23 9 11.200 105.162989 32.392129 3.1 19.521
2008 8 23 2 1 21.470 103.305536 30.796927 3.3 11.016
2008 8 23 8 0 35.550 104.546955 32.087407 3.7 15.881
2008 8 23 16 14 59.140 105.319886 32.547698 3.8 16.978
2008 8 23 18 42 25.340 103.563712 31.281932 4.2 18.021
2008 8 23 22 43 13.460 104.949185 32.303348 4.0 20.708
2008 8 24 11 2 34.500 103.868728 31.344876 3.1 18.366
2008 8 24 15 21 22.300 105.033849 32.277329 3.3 17.719
2008 8 24 20 22 32.800 103.421868 30.961254 3.4 15.229
2008 8 24 20 42 13.030 103.876460 31.353545 3.2 17.621
2008 8 25 5 44 6.330 103.950410 31.389284 4.0 20.988
2008 8 25 12 36 15.020 105.463679 32.741351 3.5 15.823
2008 8 25 14 20 32.730 104.306343 31.810136 3.3 12.776
2008 8 25 16 27 53.800 104.200481 31.659437 3.3 12.525
2008 8 25 18 2 55.900 103.320533 31.357724 3.1 14.763
2008 8 25 19 14 27.540 105.181959 32.444899 3.4 18.859
2008 8 26 7 44 19.860 105.369314 32.600629 3.7 16.356
2008 8 27 12 37 43.010 105.225063 32.548728 3.5 13.656
2008 8 27 20 58 34.300 103.687171 31.322377 3.4 18.531
2008 8 28 3 54 1.030 103.376987 31.000645 3.7 16.655
2008 8 28 9 58 13.790 103.436486 31.314523 3.0 15.230
2008 8 28 10 55 21.050 103.314727 30.907588 3.1 6.947
2008 8 28 15 26 3.530 105.084318 32.350342 3.1 14.245
2008 8 28 16 13 48.610 103.756096 31.295223 3.3 18.780
2008 8 28 23 6 53.970 103.763288 31.267963 3.0 20.293
2008 8 29 6 47 55.490 103.626808 31.156801 3.9 18.499
2008 8 29 18 39 29.800 105.320925 32.546789 3.5 18.124
2008 8 29 18 48 19.380 103.637499 31.327798 3.8 19.621
2008 8 30 1 53 47.130 105.274280 32.534118 3.2 14.608
2008 8 30 7 52 42.680 104.560523 32.095590 3.2 17.930
2008 8 30 11 47 14.030 103.347245 30.964310 3.7 14.179
2008 8 30 23 3 34.060 105.111948 32.396222 3.1 16.282
2008 8 31 1 10 7.930 104.138341 31.716255 3.5 19.616
2008 8 31 6 59 16.650 104.259847 31.729306 3.2 6.801
2008 8 31 7 24 54.730 105.611716 32.746000 4.4 13.711
2008 8 31 9 53 15.240 105.292526 32.559966 4.0 20.416
2008 8 31 12 17 22.180 103.855563 31.377722 3.2 19.187
2008 9 1 0 5 43.040 103.314433 30.697992 3.3 14.381
2008 9 1 5 56 51.740 103.666517 31.183900 4.3 18.205
2008 9 1 12 19 7.120 105.458516 32.680722 3.3 12.005
2008 9 1 15 2 2.230 103.705658 31.252287 4.1 17.753
2008 9 1 18 54 49.510 103.655715 31.190937 3.1 16.175
2008 9 1 22 42 20.840 104.930857 32.252142 3.2 15.576
2008 9 2 13 20 28.320 105.380154 32.596186 3.0 13.733
2008 9 2 19 28 24.080 103.718661 31.226535 3.4 17.362
2008 9 2 22 18 20.250 104.059778 31.638957 3.3 18.461
2008 9 3 4 8 50.210 103.476917 31.198795 3.2 17.173
2008 9 3 6 26 16.700 105.447401 32.774227 3.4 12.486
2008 9 3 9 57 51.530 105.301827 32.554977 3.8 15.841
2008 9 3 15 20 44.390 104.746864 32.419318 3.8 18.948
2008 9 3 16 41 3.740 105.398363 32.654118 3.3 14.880
2008 9 4 0 5 48.930 103.261787 30.766864 3.7 14.423
2008 9 4 2 29 33.940 103.827509 31.299283 3.5 18.720
2008 9 4 12 45 33.340 105.444986 32.817088 3.1 8.650
2008 9 4 14 7 35.960 105.030672 32.370957 3.3 17.992
2008 9 4 20 19 58.420 103.470937 31.122853 4.2 15.993
2008 9 4 23 41 46.260 103.264017 30.757942 4.1 14.517
2008 9 5 0 39 46.880 103.263751 30.768029 3.4 13.558
2008 9 5 3 13 30.890 104.570828 32.115810 3.2 15.633
2008 9 5 5 20 34.680 103.259954 30.776449 3.7 13.884
2008 9 5 16 6 30.590 105.484521 32.627144 3.0 22.739
2008 9 5 17 15 4.990 105.429198 32.754643 4.3 15.298
2008 9 5 19 14 41.430 104.241530 31.777686 3.1 17.665
2008 9 6 0 31 17.210 103.705623 31.225344 3.1 17.707
2008 9 6 1 32 43.910 103.905296 31.327697 3.1 16.247
2008 9 6 1 50 35.510 103.626193 31.165232 3.3 17.114
2008 9 6 9 20 45.460 103.457906 31.231749 4.2 17.749
2008 9 6 9 39 40.170 103.460626 31.234438 3.8 17.896
2008 9 7 6 52 39.020 103.755805 31.339245 3.7 19.635
2008 9 7 14 59 6.800 105.078828 32.537524 3.3 18.351
2008 9 7 23 27 31.230 104.890542 32.253383 3.4 17.812
2008 9 7 23 57 37.450 103.390277 31.071893 3.2 16.615
2008 9 8 6 42 38.070 104.964191 32.277488 3.1 17.200
2008 9 8 7 55 24.590 103.248886 30.963507 4.0 19.242
2008 9 9 21 44 49.890 105.144383 32.341221 3.1 17.372
2008 9 10 1 10 23.400 103.312520 31.349863 3.0 11.318
2008 9 10 1 14 23.630 105.048361 32.372077 3.4 17.543
2008 9 10 5 0 39.080 105.334411 32.555514 4.1 16.087
2008 9 10 11 2 38.650 104.439460 32.044101 3.7 15.756
2008 9 10 13 21 8.470 105.435533 32.667152 3.2 8.312
2008 9 10 19 10 40.840 104.059715 31.640109 3.3 18.213
2008 9 10 20 52 15.370 104.456959 32.058024 3.6 14.433
2008 9 11 2 53 47.850 105.155253 32.400810 4.8 17.693
2008 9 11 8 6 42.320 104.863404 32.231638 3.4 16.879
2008 9 11 8 49 53.160 104.902934 32.219996 3.8 14.576
2008 9 11 10 30 24.610 103.686440 31.285777 4.7 19.446
2008 9 11 11 46 2.550 105.071613 32.378658 3.3 16.615
2008 9 11 13 16 46.420 104.462408 31.909088 3.6 15.296
2008 9 11 14 20 54.640 104.383331 31.525231 3.0 17.775
2008 9 11 15 45 12.080 104.025479 31.606935 4.0 17.304
2008 9 11 15 48 48.530 103.915008 31.400444 3.2 19.488
2008 9 11 20 14 29.790 105.307464 32.533625 3.5 15.026
2008 9 12 4 57 45.410 103.398946 30.909120 3.5 11.269
2008 9 12 12 46 40.400 103.658329 31.169898 3.3 17.993
2008 9 12 17 35 54.270 104.130704 31.779644 3.3 15.563
2008 9 12 23 6 51.660 105.461935 32.789526 3.0 14.602
2008 9 13 5 26 1.560 104.455614 31.913886 3.1 15.428
2008 9 13 11 34 12.570 104.103204 31.641849 3.5 14.614
2008 9 13 13 3 6.940 104.428692 31.918909 3.8 16.562
2008 9 13 16 15 35.690 103.301798 30.868434 3.4 14.185
2008 9 13 17 25 58.170 105.154954 32.511569 3.6 18.081
2008 9 14 0 12 25.760 105.413599 32.612954 3.4 21.644
2008 9 14 12 16 12.450 105.360573 32.546176 3.6 14.371
2008 9 14 12 47 20.950 105.398435 32.601396 3.7 18.726
2008 9 14 18 5 23.270 104.934018 32.314100 3.3 19.364
2008 9 14 20 7 43.540 104.135377 31.766724 3.1 19.165
2008 9 15 15 7 0.110 105.090186 32.490192 3.2 13.088
2008 9 15 20 4 13.290 103.213358 31.002163 3.1 14.746
2008 9 16 3 50 6.830 103.691675 31.294513 3.5 19.621
2008 9 16 15 54 59.940 104.842117 32.220520 3.2 17.208
2008 9 16 18 28 53.150 105.003327 32.471219 3.4 16.120
2008 9 17 1 2 1.180 105.059451 32.365662 3.1 16.130
2008 9 17 10 43 57.080 105.480600 32.756053 3.1 7.695
2008 9 17 14 54 58.150 104.614774 32.189428 3.8 17.837
2008 9 17 18 32 14.310 104.009485 31.489418 3.2 18.214
2008 9 17 23 41 11.800 104.610868 32.092338 3.5 16.501
2008 9 18 5 53 29.060 104.199034 31.854059 3.5 9.308
2008 9 18 10 50 27.020 105.015376 32.303049 3.7 19.109
2008 9 18 13 50 36.090 104.241311 31.818726 3.0 17.015
2008 9 18 23 23 26.000 103.912713 31.398990 3.3 18.804
2008 9 19 7 55 5.820 105.185124 32.560301 3.2 17.079
2008 9 19 14 50 10.370 104.315854 31.749457 3.0 13.312
2008 9 19 16 29 31.340 103.521570 31.275968 4.5 15.991
2008 9 19 21 13 19.690 103.522629 31.279414 3.5 14.792
2008 9 20 7 43 48.540 105.317325 32.566142 3.1 17.691
2008 9 20 14 49 43.750 103.614784 31.308669 3.1 18.195
2008 9 21 5 6 51.380 104.135874 31.691758 3.0 16.984
2008 9 21 9 57 29.320 105.235111 32.558794 3.1 11.962
2008 9 21 17 6 45.850 103.873386 31.293196 3.0 15.423
2008 9 21 21 23 12.750 104.937020 32.218177 3.2 12.738
2008 9 22 4 44 39.370 105.009150 32.328374 3.9 20.603
2008 9 22 6 45 19.820 103.570985 31.278074 4.2 17.231
2008 9 22 7 31 50.050 103.183523 31.332485 3.2 16.559
2008 9 22 18 50 1.630 105.511807 32.740962 3.7 16.202
2008 9 23 0 55 55.070 103.293442 31.733299 3.1 13.679
2008 9 23 10 29 52.640 104.938992 32.207590 3.3 16.893
2008 9 23 11 48 25.550 104.369287 31.561183 3.2 17.287
2008 9 23 15 4 42.780 104.067293 31.647318 3.2 18.542
2008 9 23 15 36 4.830 105.031896 32.464244 3.1 15.680
2008 9 23 19 55 2.150 104.009149 31.598492 4.3 19.930
2008 9 24 5 14 54.210 105.339165 32.550767 3.5 15.254
2008 9 25 13 14 46.830 104.856615 32.238324 3.3 16.312
2008 9 25 15 8 1.570 103.568845 31.137674 3.0 14.084
2008 9 25 20 28 1.370 105.286695 32.544645 3.3 17.362
2008 9 26 9 20 26.440 104.606553 32.166138 3.1 16.827
2008 9 26 10 32 2.940 105.654385 32.761472 4.4 15.748
2008 9 26 17 48 52.870 103.772820 31.375605 3.4 19.452
2008 9 26 21 52 17.840 104.267888 31.903240 3.6 13.390
2008 9 26 23 15 56.850 104.221490 31.405093 3.1 16.322
2008 9 27 3 23 43.560 104.695635 32.136838 3.0 16.635
2008 9 27 9 34 24.140 105.485809 32.738813 3.2 15.710
2008 9 27 19 27 55.620 104.569648 31.969234 3.6 12.602
2008 9 27 20 37 43.490 105.326743 32.571871 3.3 15.056
2008 9 27 21 58 36.760 105.490488 32.815383 3.5 8.187
2008 9 28 13 32 4.020 104.173568 31.788436 3.2 16.111
2008 9 28 19 36 20.470 103.808137 31.240973 3.6 19.180
2008 9 29 1 7 30.640 104.608948 32.185384 3.0 14.692
2008 9 29 7 13 34.960 103.314071 31.050470 3.6 15.165
2008 9 29 12 42 9.690 103.870217 31.508659 3.1 18.286
2008 9 29 19 28 14.580 104.029395 31.575625 3.9 16.878
2008 9 30 0 59 39.920 103.263312 30.750914 3.5 11.458
2008 9 30 4 0 11.970 103.263347 30.744935 3.9 12.992
2008 9 30 5 9 28.360 103.553869 31.151570 3.8 17.068
2008 9 30 18 53 56.410 103.521911 31.271676 3.3 16.703
2008 10 1 9 18 54.560 103.511423 31.217710 4.0 17.398
2008 10 1 13 3 7.850 103.698985 31.162927 3.6 18.418
2008 10 1 14 25 32.980 103.817303 31.329061 3.1 18.382
2008 10 1 16 33 47.710 104.430359 32.043141 3.1 14.013
2008 10 1 19 39 11.930 103.886013 31.342358 3.2 18.639
2008 10 1 21 6 21.580 105.341014 32.643925 3.1 15.937
2008 10 2 1 44 44.840 103.472707 31.179731 3.1 16.517
2008 10 2 3 31 1.060 105.334115 32.572670 3.0 15.508
2008 10 2 22 37 44.280 104.358889 31.765710 3.4 11.968
2008 10 3 0 33 19.610 105.012943 32.774313 3.0 18.096
2008 10 3 17 36 17.500 103.329880 31.350139 3.7 15.048
2008 10 3 17 54 0.690 104.035989 31.710040 3.9 17.377
2008 10 4 4 13 12.220 105.241126 32.519442 3.2 15.572
2008 10 4 6 20 39.070 105.154837 32.484095 3.2 22.590
2008 10 4 12 11 49.540 104.092327 31.827452 4.9 17.915
2008 10 4 14 33 5.630 104.741992 32.323441 3.0 12.735
2008 10 4 15 55 36.100 103.970208 31.478844 4.5 18.812
2008 10 4 18 28 52.060 103.152976 30.894632 4.5 16.699
2008 10 5 7 37 22.380 103.060702 31.712221 3.7 17.114
2008 10 5 8 5 8.320 103.852051 31.307534 3.5 17.891
2008 10 5 10 56 56.690 103.328948 31.055903 3.4 11.407
2008 10 5 12 33 22.310 104.148942 31.830643 3.1 15.723
2008 10 5 17 51 42.620 105.100108 32.366881 3.2 18.069
2008 10 5 18 54 53.090 103.275740 31.056946 3.1 14.496
2008 10 6 12 50 47.020 104.853001 32.384877 3.4 20.421
2008 10 6 17 48 21.160 103.453957 31.124688 3.5 17.110
2008 10 7 3 41 35.410 103.601841 31.244758 3.4 19.244
2008 10 7 3 41 35.480 103.598597 31.241478 3.6 19.295
2008 10 7 7 30 3.950 103.361910 31.349330 3.2 17.312
2008 10 7 7 30 3.900 103.362836 31.353959 3.2 17.276
2008 10 7 10 25 17.880 104.379672 31.871807 3.0 16.066
2008 10 7 15 19 0.870 103.821661 31.310112 3.4 17.790
2008 10 8 15 27 4.380 103.328399 31.357039 3.4 14.199
2008 10 8 22 2 24.040 104.974827 32.309465 3.0 12.039
2008 10 9 14 5 53.010 103.969137 31.483074 3.3 17.614
2008 10 10 17 50 33.690 105.024536 32.405761 3.2 15.302
2008 10 11 1 8 42.880 103.514218 31.251101 3.2 15.451
2008 10 11 11 56 21.470 103.612268 31.227202 3.2 17.040
2008 10 11 20 8 15.250 105.247399 32.499634 3.3 12.186
2008 10 12 5 56 56.470 105.085197 32.372991 3.3 14.076
2008 10 12 8 40 36.640 104.154977 31.829823 3.3 15.203
2008 10 12 14 34 49.560 105.238834 32.510133 3.0 19.022
2008 10 12 16 38 23.350 103.258727 30.751144 3.6 11.657
2008 10 12 21 23 56.480 105.194544 32.445894 3.1 16.239
2008 10 12 21 23 56.470 105.200342 32.447596 3.1 15.586
2008 10 13 18 59 34.270 103.962368 31.488147 3.1 18.601
2008 10 13 20 9 8.040 104.594519 32.171820 3.0 16.158
2008 10 14 11 12 24.570 103.538452 31.280444 3.1 15.237
2008 10 14 12 34 26.210 104.213573 31.849354 3.3 7.809
2008 10 14 13 18 33.360 105.151101 32.463776 3.4 22.610
2008 10 14 14 11 28.540 105.079836 32.424029 3.0 17.936
2008 10 14 22 49 47.180 104.415036 32.040547 3.3 16.057
2008 10 14 23 26 2.710 105.162131 32.443323 3.7 14.570
2008 10 15 3 30 20.230 105.286082 32.571444 3.2 20.933
2008 10 15 9 16 3.980 103.174627 30.956507 3.6 19.151
2008 10 15 10 8 57.150 104.144248 31.681155 3.5 19.672
2008 10 15 19 25 38.360 105.113432 32.387159 3.5 17.539
2008 10 15 21 10 39.120 104.899304 32.382436 3.7 18.425
2008 10 15 22 7 7.040 104.067004 31.581818 3.7 17.783
2008 10 15 23 59 20.270 103.987550 31.513669 3.8 19.151
2008 10 16 0 0 57.650 103.980063 31.519355 4.1 18.842
2008 10 16 2 8 46.640 103.510924 31.273930 4.6 15.598
2008 10 16 7 57 1.580 103.652418 31.220293 3.3 17.243
2008 10 16 9 46 19.390 103.690798 31.222478 4.6 17.034
2008 10 16 10 17 9.610 104.850141 32.232523 3.9 16.275
2008 10 16 14 10 7.610 103.458892 31.165577 3.2 17.868
2008 10 16 16 8 44.370 104.296536 31.810934 3.2 10.695
2008 10 16 17 35 14.350 105.412161 32.641191 3.3 17.379
2008 10 17 2 16 31.980 103.921581 31.350581 3.0 18.374
2008 10 17 12 22 15.970 103.699759 31.222166 3.2 17.379
2008 10 17 15 34 19.860 104.441000 32.037199 3.2 14.647
2008 10 18 1 12 57.710 104.919613 32.208615 3.1 15.781
2008 10 18 8 40 9.180 105.070122 32.395613 3.7 17.636
2008 10 18 11 29 48.230 105.507377 32.806954 3.1 10.135
2008 10 18 12 47 25.280 103.350419 30.940938 3.1 17.058
2008 10 18 18 5 25.620 103.247105 31.684664 3.4 15.277
2008 10 18 21 39 13.660 103.017647 31.540766 3.6 18.524
2008 10 19 1 22 55.580 104.280615 31.812996 3.9 12.200
2008 10 19 3 10 25.070 103.574360 31.268779 3.0 16.173
2008 10 19 19 45 23.860 104.557515 32.080430 3.0 15.038
2008 10 20 9 59 37.050 103.353812 30.939953 4.0 15.251
2008 10 21 7 25 31.430 104.172556 31.722883 4.6 14.898
2008 10 21 8 31 29.190 105.048253 32.354465 3.4 8.276
2008 10 21 21 0 53.630 104.310274 31.746069 3.2 14.827
2008 10 22 8 54 22.350 104.046209 31.810160 3.5 17.363
2008 10 23 4 16 46.800 104.629913 32.208963 3.1 15.477
2008 10 23 11 46 6.360 104.060064 31.552700 3.3 13.570
2008 10 23 13 3 20.980 105.236268 32.578771 3.1 16.700
2008 10 23 21 56 7.200 105.241170 32.495166 4.6 17.863
2008 10 24 0 27 24.650 105.365868 32.566331 3.9 13.057
2008 10 24 0 57 29.950 104.954647 32.301597 3.4 17.211
2008 10 24 7 29 0.730 104.767978 32.160469 3.3 15.989
2008 10 24 11 4 8.480 104.571742 32.141008 3.1 17.224
2008 10 24 11 35 33.450 103.438238 30.942964 3.0 14.377
2008 10 24 16 56 31.620 104.913068 32.270481 3.3 17.168
2008 10 24 17 50 35.940 103.904227 31.367975 4.5 19.561
2008 10 24 18 3 59.180 103.493086 31.227324 3.4 17.469
2008 10 24 21 30 40.070 103.484643 31.178362 3.2 14.902
2008 10 25 3 42 5.180 104.039810 31.562246 3.1 19.676
2008 10 25 15 5 15.090 105.409457 32.638113 3.9 18.521
2008 10 25 15 30 10.610 105.487430 32.769959 3.1 12.673
2008 10 26 4 42 24.300 104.884905 32.299776 3.0 17.418
2008 10 26 7 11 23.510 104.616520 32.156901 3.3 16.790
2008 10 26 10 2 51.730 104.820826 32.282915 3.6 15.339
2008 10 26 14 56 47.980 104.440404 31.824078 3.4 16.443
2008 10 26 18 15 6.710 105.301999 32.582319 3.3 17.461
2008 10 26 20 27 33.350 104.538321 32.021733 3.7 15.754
2008 10 27 2 39 44.730 105.037352 32.422830 3.2 16.735
2008 10 27 10 23 55.970 104.606294 32.120389 3.5 17.057
2008 10 27 12 47 1.290 104.635137 32.106005 3.1 14.125
2008 10 27 16 12 51.240 104.938293 32.215685 3.8 17.285
2008 10 27 19 26 27.760 104.408042 32.054389 3.3 17.528
2008 10 27 19 28 42.030 104.118916 30.894968 3.4 17.816
2008 10 27 19 45 25.960 104.110651 30.899568 3.1 16.992
2008 10 28 2 56 31.210 104.611848 32.044342 3.3 15.344
2008 10 29 5 24 17.860 104.736756 32.155485 3.3 13.797
2008 10 29 7 43 48.020 103.199174 30.991929 3.1 14.535
2008 10 29 11 23 9.230 103.914475 31.399486 3.2 19.690
2008 10 29 16 31 53.070 104.371121 31.806748 3.0 7.937
2008 10 29 17 0 32.280 105.358396 32.588027 3.2 15.940
2008 10 30 0 5 38.340 103.431010 31.301979 3.5 15.898
2008 10 30 1 53 44.830 103.427226 31.323577 3.6 17.115
2008 10 30 18 17 59.010 103.381826 30.902497 3.8 14.939
2008 10 31 2 6 13.430 104.386283 31.812532 4.8 12.557
