2008 5 12 14 27 57.460 103.346300 31.012540 8.0 16.4
2008 5 12 15 31 6.420 103.380500 30.952610 5.2 13.0
2008 5 12 15 34 41.680 103.553300 31.288290 5.4 12.0
2008 5 12 15 44 15.370 103.531100 31.242410 4.6 8.2
2008 5 12 15 45 33.340 103.772400 31.364130 4.7 14.7
2008 5 12 16 8 2.820 103.267500 30.891160 4.5 18.1
2008 5 12 16 21 40.260 103.987900 31.633990 5.4 9.8
2008 5 12 16 31 39.040 103.388900 31.206470 4.0 16.5
2008 5 12 16 35 5.050 103.498200 31.276380 4.7 4.3
2008 5 12 16 36 25.650 103.202600 31.011070 4.6 17.4
2008 5 12 16 59 35.650 103.378400 31.080500 4.5 12.5
2008 5 12 17 19 10.540 103.369200 31.004140 4.3 9.5
2008 5 12 17 34 54.460 103.213800 30.927800 4.1 15.3
2008 5 12 17 42 23.940 103.945300 31.575850 5.4 17.6
2008 5 12 17 56 54.190 103.716800 31.333870 4.3 20.7
2008 5 12 18 23 39.650 103.286600 30.986300 5.2 16.0
2008 5 12 18 59 20.650 103.358700 31.018070 4.1 7.5
2008 5 12 19 25 50.950 103.358100 31.343510 4.2 13.5
2008 5 12 19 28 35.120 103.764900 31.287460 4.5 19.2
2008 5 12 19 41 7.710 104.972300 32.391930 4.8 18.0
2008 5 12 20 11 55.800 103.762100 31.393410 4.8 22.7
2008 5 12 20 13 46.300 103.474600 31.365290 4.8 13.1
2008 5 12 20 37 43.620 103.259100 30.938220 3.8 17.3
2008 5 12 20 54 56.700 103.429200 31.300900 4.4 13.4
2008 5 12 21 2 2.350 103.253000 31.052520 4.3 19.0
2008 5 12 21 5 57.140 103.210400 30.952260 3.3 19.8
2008 5 12 21 7 14.270 103.425400 31.181770 4.0 11.4
2008 5 12 21 14 14.380 103.345000 31.029370 3.2 14.7
2008 5 12 21 16 22.070 103.704700 31.369570 3.9 15.0
2008 5 12 21 18 45.850 103.298100 31.378140 4.1 13.0
2008 5 12 21 21 30.870 103.504700 31.323230 3.9 7.7
2008 5 12 21 29 18.830 103.588200 31.323080 3.8 11.7
2008 5 12 21 35 3.390 103.428700 31.180170 4.0 10.7
2008 5 12 21 40 53.770 103.381200 31.071260 5.3 13.4
2008 5 12 21 50 14.380 103.273200 30.966370 3.9 18.1
2008 5 12 22 2 13.780 103.158400 31.014680 3.9 18.5
2008 5 12 22 14 53.200 103.268100 30.925690 4.0 16.7
2008 5 12 22 26 14.230 103.763800 31.418830 3.6 21.9
2008 5 12 23 5 29.330 103.619500 31.272110 5.1 15.8
2008 5 12 23 5 42.960 103.445000 31.341260 5.2 11.9
2008 5 12 23 16 56.730 103.270300 31.109130 4.4 14.6
2008 5 12 23 28 52.490 103.368100 31.030120 5.3 12.8
2008 5 13 0 24 37.400 103.257900 31.065400 4.0 18.3
2008 5 13 0 40 53.590 103.281500 30.929350 3.9 13.7
2008 5 13 1 1 45.250 103.384200 30.899000 4.3 12.7
2008 5 13 1 3 11.320 103.430600 31.200030 5.0 10.1
2008 5 13 1 7 51.670 103.617600 31.275980 4.4 14.2
2008 5 13 1 12 .700 103.788800 31.325120 3.7 13.4
2008 5 13 1 20 52.550 103.197400 31.032420 4.0 14.9
2008 5 13 1 29 4.500 103.415200 31.308550 5.1 9.8
2008 5 13 1 54 30.730 103.438000 31.301710 5.3 10.4
2008 5 13 4 8 48.400 103.828800 31.460710 6.0 21.2
2008 5 13 4 37 2.220 103.382100 31.036020 3.9 12.9
2008 5 13 5 19 32.790 103.289400 31.038900 3.0 18.1
2008 5 13 5 30 28.530 103.594600 31.275840 3.6 18.2
2008 5 13 5 34 5.960 103.558300 31.304870 4.2 11.5
2008 5 13 5 52 59.350 103.567600 31.273280 3.3 12.3
2008 5 13 6 0 57.650 103.886800 31.511180 3.3 18.1
2008 5 13 6 8 13.720 103.713600 31.263430 3.7 14.2
2008 5 13 6 28 34.660 103.483800 31.029440 4.5 13.2
2008 5 13 6 40 38.650 103.387000 31.020690 4.1 11.3
2008 5 13 6 52 56.830 103.366400 30.972410 4.2 12.7
2008 5 13 6 54 25.180 103.166600 31.281440 4.0 21.3
2008 5 13 7 46 17.350 103.356400 31.318390 5.8 13.8
2008 5 13 7 54 45.290 103.381100 31.312500 5.4 14.7
2008 5 13 8 21 24.190 103.826000 31.354520 3.9 14.9
2008 5 13 8 22 17.600 103.827900 31.364440 4.7 12.7
2008 5 13 8 24 31.730 104.302300 31.820950 4.4 11.4
2008 5 13 8 54 1.850 105.380200 32.587610 4.3 14.5
2008 5 13 9 2 35.220 103.425900 31.353400 4.0 12.5
2008 5 13 9 59 22.560 103.415600 31.152660 3.7 11.4
2008 5 13 10 59 32.170 103.347900 31.018080 4.6 13.9
2008 5 13 14 26 36.990 103.345400 31.391900 3.7 13.0
2008 5 13 14 58 32.830 103.810600 31.454180 3.1 13.7
2008 5 13 17 36 .470 103.287300 30.914790 3.5 20.1
2008 5 13 18 16 4.460 104.251400 31.736680 5.1 11.7
2008 5 13 18 36 40.080 103.624500 31.297720 4.7 17.3
2008 5 13 23 0 12.350 103.410700 31.145100 3.5 12.7
2008 5 13 23 19 12.770 103.535400 31.295580 3.4 9.7
2008 5 13 23 55 4.890 103.197400 30.982510 3.5 15.9
2008 5 13 23 59 10.930 103.755000 31.312230 3.8 13.0
2008 5 14 4 32 7.690 104.186000 31.587140 4.3 14.1
2008 5 14 4 50 31.100 103.436500 31.150310 4.5 11.9
2008 5 14 4 57 27.480 103.990200 31.514600 3.8 14.5
2008 5 14 9 9 19.350 103.852200 31.413230 4.7 15.5
2008 5 14 9 56 40.100 103.522700 31.272960 4.8 14.5
2008 5 14 10 34 30.580 103.569500 31.281380 3.3 8.5
2008 5 14 10 42 41.410 103.350300 31.025180 3.1 13.1
2008 5 14 10 54 36.060 103.347200 31.351010 5.7 17.7
2008 5 14 11 7 46.970 103.220800 31.013640 4.5 17.8
2008 5 14 14 2 17.260 103.297700 31.164170 4.1 17.3
2008 5 14 16 57 25.340 103.384000 30.994320 4.1 13.3
2008 5 14 17 26 43.490 103.898900 31.442770 5.5 16.1
2008 5 14 17 51 19.090 103.677800 31.193090 3.9 13.9
2008 5 14 18 18 13.500 103.161500 30.922240 3.9 16.3
2008 5 14 19 9 44.190 103.809300 31.475440 3.6 16.2
2008 5 14 19 14 7.390 103.289900 31.013100 3.5 10.2
2008 5 14 19 22 40.910 103.387700 30.997470 3.8 12.2
2008 5 14 19 25 25.660 103.452900 31.382980 4.2 14.1
2008 5 14 21 9 54.960 105.270500 32.593810 3.1 14.7
2008 5 14 21 16 21.570 103.155900 31.548260 4.1 15.4
2008 5 14 21 27 17.320 105.226500 32.537410 4.1 14.4
2008 5 14 21 29 42.160 105.064400 32.383690 4.8 10.9
2008 5 14 21 33 39.940 103.351600 30.995810 3.2 14.1
2008 5 14 21 35 9.090 103.570400 31.262400 3.9 15.7
2008 5 14 21 43 49.240 103.806900 31.465580 3.9 14.5
2008 5 15 0 11 55.300 104.610600 32.125000 3.9 8.9
2008 5 15 0 25 41.250 103.375800 31.012310 3.0 9.9
2008 5 15 0 28 25.110 104.605900 32.179450 3.4 12.3
2008 5 15 0 37 14.610 103.475700 31.275560 3.8 14.0
2008 5 15 0 56 9.350 104.277900 31.779960 3.2 10.6
2008 5 15 3 12 36.300 103.773100 31.293740 3.2 11.9
2008 5 15 3 41 47.910 103.263900 30.940240 3.2 13.8
2008 5 15 3 48 12.280 103.223300 30.987960 3.3 16.6
2008 5 15 3 49 35.080 104.595300 32.170570 3.7 15.9
2008 5 15 3 51 42.580 103.497500 31.282870 3.2 7.5
2008 5 15 3 59 .610 103.505100 31.093380 4.4 12.8
2008 5 15 4 21 57.290 104.048100 31.678610 3.5 18.0
2008 5 15 5 1 5.540 104.109300 31.741360 5.3 18.4
2008 5 15 6 10 9.110 103.601200 31.251970 5.0 13.9
2008 5 15 6 33 .730 103.552900 31.280970 3.3 15.5
2008 5 15 6 39 49.180 103.780000 31.343500 3.6 16.4
2008 5 15 7 43 15.690 103.357400 31.275930 3.2 13.3
2008 5 15 8 3 28.230 103.798400 31.320880 3.4 15.5
2008 5 15 8 7 29.350 104.761900 32.193130 3.7 10.7
2008 5 15 8 9 28.340 104.331400 31.858410 4.5 10.6
2008 5 15 8 23 55.970 103.515600 31.197890 3.1 13.1
2008 5 15 8 39 41.240 103.391500 31.069550 4.0 13.3
2008 5 15 8 50 17.890 103.414000 31.350460 4.2 15.7
2008 5 15 12 27 29.030 103.715200 31.313060 4.4 15.6
2008 5 15 12 57 22.010 103.146500 31.543600 3.8 15.1
2008 5 15 14 30 53.880 103.273000 31.047650 3.6 13.8
2008 5 15 15 44 13.140 104.044400 31.536180 3.2 16.9
2008 5 15 17 40 40.620 103.361500 30.999940 3.4 12.4
2008 5 15 18 24 15.210 104.028200 31.535690 3.1 13.8
2008 5 15 18 32 29.120 103.827300 31.434210 3.8 12.3
2008 5 15 18 34 52.190 103.666600 31.216110 3.6 12.0
2008 5 15 18 44 45.670 105.192800 32.563690 4.0 11.9
2008 5 15 19 0 49.900 104.935800 32.245350 3.1 12.4
2008 5 15 19 19 8.290 103.231600 30.916800 3.1 16.8
2008 5 15 19 49 35.970 103.915800 31.451360 3.9 15.2
2008 5 15 20 6 54.010 104.087300 31.604050 3.5 17.5
2008 5 15 21 54 44.300 104.832300 32.285360 3.9 19.5
2008 5 15 22 18 38.150 103.557400 31.315770 3.5 12.4
2008 5 15 22 57 31.090 103.354800 31.357470 3.9 13.1
2008 5 16 0 6 55.250 105.216900 32.552100 4.3 15.5
2008 5 16 3 13 40.860 103.649700 31.260100 3.5 6.0
2008 5 16 6 2 32.980 104.944700 32.264400 4.3 12.6
2008 5 16 6 10 35.000 103.911900 31.358080 4.8 12.7
2008 5 16 6 26 26.400 103.894700 31.401370 3.3 14.2
2008 5 16 6 30 3.850 103.667700 31.206180 3.4 12.2
2008 5 16 6 46 10.140 103.425500 31.236590 4.1 8.8
2008 5 16 6 47 39.360 103.402400 31.294330 4.1 13.2
2008 5 16 10 1 59.860 103.965700 31.513900 3.1 12.9
2008 5 16 10 21 46.320 103.560700 31.180460 3.2 11.8
2008 5 16 10 25 15.530 103.740600 31.258390 3.4 17.2
2008 5 16 10 34 32.870 104.065700 31.732390 3.7 16.4
2008 5 16 14 3 1.580 105.046000 32.419680 3.3 11.1
2008 5 16 16 31 44.400 103.809400 31.321790 3.1 14.6
2008 5 16 17 38 23.940 103.839900 31.398770 3.6 15.6
2008 5 16 18 32 41.220 103.711600 31.308340 3.3 15.9
2008 5 16 18 41 36.030 103.620700 31.225980 3.5 12.3
2008 5 16 18 51 44.330 103.633400 31.331490 4.7 16.7
2008 5 16 19 18 56.830 103.924700 31.453890 3.3 15.7
2008 5 16 19 35 13.530 104.176100 31.413480 3.4 10.0
2008 5 16 19 54 18.210 105.003300 32.301550 3.0 15.2
2008 5 16 19 56 53.910 103.474800 31.258880 3.1 11.8
2008 5 16 21 6 46.840 104.067200 31.662650 3.7 12.2
2008 5 16 21 21 10.580 104.225300 31.931080 4.2 15.6
2008 5 16 21 31 30.610 103.922100 31.496420 3.3 13.9
2008 5 16 23 21 5.400 103.846100 31.453160 3.8 13.4
2008 5 17 0 14 42.400 103.425200 31.173530 5.3 13.0
2008 5 17 3 9 21.740 104.945500 32.289760 3.2 14.3
2008 5 17 4 16 50.500 103.461700 31.298050 5.4 9.3
2008 5 17 4 29 3.150 103.336500 31.364400 4.7 11.8
2008 5 17 6 30 39.380 104.925900 32.292160 3.4 21.2
2008 5 17 6 33 8.200 104.995700 32.309320 4.4 11.0
2008 5 17 6 54 29.530 103.606800 31.249230 3.5 12.6
2008 5 17 7 0 24.550 103.745900 31.157820 3.8 15.2
2008 5 17 10 45 2.030 103.439800 31.072630 3.9 8.3
2008 5 17 11 55 7.770 103.488700 31.186610 3.1 9.0
2008 5 17 17 51 44.480 104.379600 32.016930 3.6 14.2
2008 5 17 18 48 25.910 104.161500 31.599950 4.1 13.1
2008 5 17 20 46 26.760 103.367600 31.015260 4.0 14.2
2008 5 17 20 50 5.150 103.424000 31.152390 2.7 11.1
2008 5 17 21 6 48.170 103.348600 31.040720 2.8 12.2
2008 5 17 21 25 32.480 105.259600 32.547050 .0 13.8
2008 5 17 21 32 13.940 104.639400 32.132250 4.7 16.4
2008 5 17 22 9 9.370 103.481500 31.226220 .0 7.8
2008 5 17 22 13 58.450 103.479400 31.187310 3.5 12.7
2008 5 17 22 55 54.650 104.382800 31.896520 .0 9.2
2008 5 17 23 10 2.480 103.571000 31.173380 .0 12.8
2008 5 17 23 32 59.630 104.271200 31.793040 3.6 16.6
2008 5 17 23 36 29.260 103.378700 30.985080 3.5 14.0
2008 5 18 0 22 54.600 104.599500 32.211300 3.0 15.2
2008 5 18 0 29 3.560 104.008400 31.550020 4.1 13.5
2008 5 18 0 47 3.690 103.181000 31.358560 3.9 10.6
2008 5 18 1 4 39.200 103.315600 31.394330 4.4 15.2
2008 5 18 1 8 26.410 104.893700 32.273590 .0 15.0
2008 5 18 1 22 25.880 103.377500 31.128920 3.2 14.7
2008 5 18 1 38 27.590 104.986500 32.344090 3.3 15.8
2008 5 18 2 1 5.870 105.373500 32.679810 3.3 13.8
2008 5 18 2 16 22.710 104.879200 32.252560 3.9 15.1
2008 5 18 2 22 40.380 105.123100 32.512120 3.1 19.9
2008 5 18 2 30 6.110 103.469700 31.335250 3.0 13.8
2008 5 18 2 33 51.150 104.918800 32.261150 3.9 15.8
2008 5 18 2 39 6.980 104.917100 32.260710 3.5 15.7
2008 5 18 2 39 24.310 103.284200 30.939340 2.8 15.2
2008 5 18 3 8 55.430 103.324000 30.936260 3.8 18.0
2008 5 18 3 19 .060 104.583700 32.201500 2.9 13.7
2008 5 18 3 20 54.510 103.493600 31.182420 3.3 13.2
2008 5 18 3 25 55.540 103.496500 31.144580 2.9 12.8
2008 5 18 3 38 56.880 104.087600 31.699490 2.9 16.6
2008 5 18 3 50 42.640 103.492800 31.104170 3.1 13.6
2008 5 18 3 54 44.410 104.329200 31.823610 3.5 9.6
2008 5 18 4 0 38.290 103.354800 30.993190 3.2 8.2
2008 5 18 4 3 42.500 104.954000 32.290070 .0 13.9
2008 5 18 4 5 55.850 104.351200 31.862060 2.8 10.4
2008 5 18 4 26 4.030 103.445400 31.213860 .0 11.3
2008 5 18 5 16 46.280 103.284800 30.899030 3.4 16.4
2008 5 18 6 1 32.900 104.200600 32.112000 3.8 13.1
2008 5 18 6 4 15.950 104.918300 32.259830 3.5 15.0
2008 5 18 6 9 55.490 103.949800 31.536830 3.6 15.4
2008 5 18 6 15 14.730 105.081700 32.493070 2.8 11.3
2008 5 18 6 17 11.510 103.668600 31.265610 .0 11.4
2008 5 18 6 29 39.710 104.926500 32.285230 3.7 14.8
2008 5 18 7 0 30.620 103.395100 31.045160 3.1 9.3
2008 5 18 7 3 46.820 103.753100 31.347200 .0 16.2
2008 5 18 7 26 29.570 105.285100 32.638700 3.2 17.6
2008 5 18 7 41 18.660 105.116600 32.525560 3.1 17.6
2008 5 18 7 47 4.180 105.289200 32.589390 3.8 16.4
2008 5 18 7 51 59.730 103.591800 31.202460 3.1 10.5
2008 5 18 7 59 38.940 104.045200 31.570640 3.5 15.3
2008 5 18 9 4 58.010 103.551300 31.100030 4.3 14.6
2008 5 18 9 18 50.980 104.955000 32.277010 3.1 13.7
2008 5 18 9 41 48.310 103.186000 30.952190 4.0 17.0
2008 5 18 9 50 29.240 104.614800 32.156530 3.7 18.1
2008 5 18 10 19 50.960 104.593000 32.178390 3.9 13.2
2008 5 18 10 30 44.490 104.887900 32.258320 2.8 13.9
2008 5 18 10 47 31.620 104.960600 32.284070 3.0 15.7
2008 5 18 11 4 46.500 104.698500 32.246760 2.8 11.7
2008 5 18 11 9 50.220 103.160900 30.957700 3.5 17.6
2008 5 18 11 16 16.650 104.381100 32.034240 2.9 15.4
2008 5 18 11 18 3.030 104.261600 31.949870 2.9 16.7
2008 5 18 11 23 50.890 103.553900 31.189650 3.7 13.8
2008 5 18 11 36 50.010 103.280000 30.800120 3.2 17.7
2008 5 18 11 51 43.820 103.397500 30.975600 .0 9.5
2008 5 18 13 3 18.520 104.063500 31.691210 3.2 5.5
2008 5 18 13 36 35.110 104.204100 31.729960 3.1 12.8
2008 5 18 14 1 46.410 104.294900 31.919010 3.0 10.5
2008 5 18 14 32 50.670 105.069700 32.502200 .0 16.6
2008 5 18 14 48 53.500 105.354500 32.642220 3.3 17.3
2008 5 18 15 14 30.140 103.940100 31.467220 3.4 15.3
2008 5 18 15 32 59.290 104.230000 31.742730 2.8 5.7
2008 5 18 16 7 12.480 103.358900 31.015330 2.7 12.6
2008 5 18 16 8 21.850 103.331700 31.390800 3.8 12.0
2008 5 18 16 28 15.790 104.899500 32.262740 3.2 15.6
2008 5 18 16 33 48.010 103.489100 31.224770 3.0 11.4
2008 5 18 16 40 17.040 105.367200 32.603960 .0 13.7
2008 5 18 16 55 52.680 103.890500 31.407140 4.1 16.3
2008 5 18 17 16 43.160 103.288200 30.987540 3.2 15.7
2008 5 18 17 20 21.790 104.076900 31.716100 3.4 14.8
2008 5 18 17 22 24.470 103.219800 31.040590 3.2 13.2
2008 5 18 17 37 57.650 104.235200 31.829510 3.1 15.3
2008 5 18 17 52 42.920 105.467400 32.780660 .0 12.0
2008 5 18 18 47 8.970 104.883300 32.291920 .0 13.7
2008 5 18 18 53 1.290 104.344500 31.941350 3.0 8.1
2008 5 18 20 3 16.460 103.612600 31.105110 3.3 12.5
2008 5 18 20 6 50.260 104.357400 31.888880 2.9 9.8
2008 5 18 20 35 50.670 103.439800 30.958400 3.2 5.7
2008 5 18 20 37 2.310 103.190400 31.368310 .0 14.0
2008 5 18 20 41 30.050 103.473900 31.321440 3.9 9.4
2008 5 18 20 52 41.530 103.826200 31.403120 4.0 16.7
2008 5 18 21 23 39.870 104.269400 31.786650 .0 13.5
2008 5 18 21 32 39.160 104.054300 31.629600 3.0 15.0
2008 5 18 21 34 8.900 104.896700 32.250930 4.1 15.4
2008 5 18 21 40 20.080 103.666100 31.290450 2.8 14.3
2008 5 18 21 48 40.210 103.478700 31.212620 .0 11.8
2008 5 18 21 50 1.630 105.051900 32.365890 3.7 14.0
2008 5 18 21 58 47.420 105.378500 32.691860 3.2 13.9
2008 5 18 22 7 14.230 103.504100 31.081040 3.0 11.4
2008 5 18 22 14 1.530 103.456200 31.184350 2.9 13.0
2008 5 18 22 22 26.620 103.596000 31.231110 3.5 13.4
2008 5 18 22 37 24.660 103.603000 31.227700 2.9 9.8
2008 5 18 22 38 28.110 103.279200 30.955030 3.3 17.5
2008 5 18 23 1 23.710 104.323200 31.838240 2.9 10.8
2008 5 18 23 7 27.450 103.460300 31.247310 2.8 11.7
2008 5 18 23 34 43.730 103.309600 31.033350 3.1 12.5
2008 5 19 0 37 30.100 104.352000 31.894890 2.9 10.2
2008 5 19 0 56 4.050 103.910400 31.379600 4.1 14.4
2008 5 19 1 8 25.690 103.789100 31.237720 3.2 15.6
2008 5 19 1 22 45.730 104.357300 31.866170 3.2 5.3
2008 5 19 1 53 10.400 103.775600 31.388800 3.0 13.3
2008 5 19 2 1 3.790 103.625400 31.236800 3.0 13.5
2008 5 19 2 5 10.170 103.754100 31.386370 3.2 18.7
2008 5 19 2 16 20.570 104.660400 32.278160 3.3 13.9
2008 5 19 2 18 45.350 103.370200 30.983220 3.4 8.0
2008 5 19 2 24 21.950 103.827200 31.375860 3.0 14.8
2008 5 19 2 34 59.510 103.492800 31.187240 3.0 8.3
2008 5 19 2 39 41.930 103.198500 31.012160 3.4 22.2
2008 5 19 3 0 58.220 105.358300 32.603380 2.7 11.2
2008 5 19 3 23 58.480 103.367100 31.022730 3.0 8.2
2008 5 19 3 28 21.900 103.664500 31.355500 3.1 18.6
2008 5 19 3 34 5.830 105.073100 32.453640 3.8 16.3
2008 5 19 3 58 44.160 104.128900 31.715630 3.2 12.8
2008 5 19 4 22 5.340 103.243300 31.005080 3.1 13.0
2008 5 19 4 23 27.110 105.015300 32.391290 .0 16.3
2008 5 19 4 34 38.100 104.390800 32.020340 3.4 15.8
2008 5 19 4 37 7.610 103.318700 31.030950 3.4 14.4
2008 5 19 4 43 53.720 103.321600 31.039550 3.1 13.8
2008 5 19 4 48 16.980 103.821500 31.379970 3.5 16.8
2008 5 19 4 51 54.860 104.204400 31.737630 3.0 12.3
2008 5 19 4 59 48.080 103.403900 31.073920 3.5 12.6
2008 5 19 5 2 26.180 103.392700 31.023530 3.2 13.1
2008 5 19 5 12 22.200 105.246200 32.599160 3.9 17.1
2008 5 19 5 45 6.850 105.068600 32.469930 3.3 16.9
2008 5 19 6 4 7.950 103.289000 30.950330 3.1 17.0
2008 5 19 6 31 39.860 103.347300 31.046850 2.7 13.9
2008 5 19 6 46 24.450 103.471600 31.238600 3.0 12.8
2008 5 19 6 50 1.450 103.223100 30.745350 3.9 15.0
2008 5 19 6 56 28.860 103.757000 31.418470 3.2 16.5
2008 5 19 7 3 5.280 103.980900 31.476480 3.0 15.1
2008 5 19 7 6 18.130 103.983200 31.626910 4.0 19.5
2008 5 19 7 8 29.640 105.082400 32.421820 3.0 14.7
2008 5 19 7 13 47.080 104.054200 31.545940 3.0 12.2
2008 5 19 7 27 39.520 103.841300 31.456290 3.0 16.1
2008 5 19 7 30 44.220 103.387400 31.312270 3.1 6.7
2008 5 19 7 46 21.140 103.550500 31.280480 3.0 14.9
2008 5 19 7 53 16.240 103.321400 31.031260 3.0 14.6
2008 5 19 8 20 30.730 103.562800 31.183650 3.8 14.0
2008 5 19 8 48 8.530 103.362800 31.055300 3.0 10.3
2008 5 19 8 54 54.510 105.144200 32.399850 3.3 14.7
2008 5 19 9 24 7.050 105.301800 32.550940 3.1 9.7
2008 5 19 9 26 3.080 103.655300 31.336420 4.0 20.3
2008 5 19 10 0 59.220 105.239200 32.567350 3.5 16.7
2008 5 19 10 3 41.650 103.386000 30.930660 3.1 20.2
2008 5 19 10 16 56.470 103.320900 30.951980 3.1 13.5
2008 5 19 10 17 17.530 103.672900 31.183460 3.5 13.3
2008 5 19 10 21 19.050 104.119400 31.740800 2.8 19.5
2008 5 19 10 22 28.320 103.297400 31.061080 3.0 11.2
2008 5 19 10 32 13.550 104.912800 32.324740 3.0 13.8
2008 5 19 11 13 32.480 103.346600 30.964650 3.6 15.4
2008 5 19 11 16 57.000 104.236700 31.808400 3.4 13.3
2008 5 19 11 18 5.310 105.232000 32.547730 .0 9.6
2008 5 19 11 21 33.760 103.318800 31.197870 3.6 20.3
2008 5 19 11 49 4.840 103.503500 31.058200 2.9 11.1
2008 5 19 11 51 34.720 103.463500 31.205090 3.0 10.4
2008 5 19 11 59 28.160 104.937000 32.289670 4.1 16.3
2008 5 19 12 6 5.510 103.514800 31.183670 3.6 12.7
2008 5 19 12 20 16.250 104.937200 32.326230 3.0 14.8
2008 5 19 12 30 43.960 104.155400 31.730750 2.8 11.0
2008 5 19 12 37 21.160 103.513300 31.253270 3.8 12.4
2008 5 19 12 42 16.020 103.510100 31.272470 3.6 10.1
2008 5 19 12 48 39.160 104.406200 31.828910 3.4 10.8
2008 5 19 12 49 36.810 105.133100 32.461290 3.3 13.7
2008 5 19 13 5 34.480 105.170000 32.439750 2.9 15.7
2008 5 19 13 7 7.120 103.750800 31.390530 3.1 14.3
2008 5 19 13 12 43.020 104.686400 32.277200 3.7 13.6
2008 5 19 13 24 12.210 104.230300 31.802640 .0 11.9
2008 5 19 13 29 20.520 103.397500 31.069970 3.6 15.0
2008 5 19 13 35 5.190 104.250500 31.847650 3.0 14.7
2008 5 19 13 37 16.890 103.934600 31.541340 2.8 14.1
2008 5 19 13 56 .940 103.401700 31.033690 3.5 5.4
2008 5 19 14 0 53.220 103.770200 31.298660 3.0 12.1
2008 5 19 14 6 53.280 105.267900 32.552340 5.9 14.8
2008 5 19 14 11 11.490 103.708200 31.370020 .0 16.5
2008 5 19 14 14 38.340 103.708200 31.372450 3.2 16.6
2008 5 19 14 15 2.530 105.276100 32.557010 3.4 11.3
2008 5 19 14 25 50.020 105.256400 32.540920 4.2 10.9
2008 5 19 14 29 24.330 103.900000 31.453430 3.0 15.2
2008 5 19 15 11 53.790 103.350700 30.780130 3.5 14.7
2008 5 19 15 16 1.350 105.123800 32.457080 2.9 16.5
2008 5 19 15 26 10.350 103.343900 30.780730 2.9 14.4
2008 5 19 15 27 20.030 104.943800 32.291880 3.0 13.2
2008 5 19 15 29 44.720 104.029100 31.540720 .0 14.0
2008 5 19 15 33 7.270 103.358500 30.983300 3.1 9.0
2008 5 19 15 53 57.030 104.933300 32.259650 2.9 13.9
2008 5 19 15 59 32.650 103.893600 31.413750 3.9 17.2
2008 5 19 16 35 50.560 103.647400 31.323170 3.8 17.3
2008 5 19 16 39 56.220 104.494800 32.003510 4.1 14.7
2008 5 19 16 42 31.520 103.569200 31.125760 3.3 11.4
2008 5 19 16 57 55.340 105.263700 32.583940 3.0 18.3
2008 5 19 17 52 14.710 104.301800 31.849100 .0 12.7
2008 5 19 17 54 37.400 104.094100 31.642760 3.5 8.0
2008 5 19 18 6 4.140 105.056900 32.444360 2.9 16.7
2008 5 19 18 9 36.590 104.035000 31.529800 2.8 12.0
2008 5 19 18 35 41.910 103.441400 31.164290 3.4 10.7
2008 5 19 18 49 10.730 105.445700 32.694470 3.0 9.7
2008 5 19 19 22 38.980 103.471900 31.054770 3.2 15.8
2008 5 19 19 27 .410 104.786800 32.382280 3.3 16.3
2008 5 19 19 32 48.630 103.591300 31.237550 3.6 11.5
2008 5 19 19 37 26.930 105.019400 32.397890 3.4 16.5
2008 5 19 20 8 31.500 104.084500 31.675900 3.0 13.4
2008 5 19 20 11 37.570 103.964300 31.567850 .0 12.7
2008 5 19 20 31 27.680 104.570400 32.220330 2.7 15.9
2008 5 19 21 9 12.490 104.922500 32.321200 3.0 16.4
2008 5 19 21 26 15.270 104.340400 31.928900 3.2 14.3
2008 5 19 21 29 3.190 104.298000 31.848100 3.5 11.1
2008 5 19 21 37 36.130 104.079800 31.650190 3.1 14.0
2008 5 19 21 53 6.270 103.910900 31.795830 2.8 7.1
2008 5 19 21 57 25.640 105.078200 32.434370 3.1 15.8
2008 5 19 22 0 49.650 103.457200 30.957980 2.8 1.3
2008 5 19 22 33 2.590 103.816800 31.326480 3.2 14.5
2008 5 19 22 52 28.310 103.479200 31.225000 3.8 10.2
2008 5 19 23 13 27.400 105.380800 32.591130 3.6 14.1
2008 5 19 23 18 54.850 103.329000 31.038780 3.2 14.8
2008 5 19 23 48 23.990 103.221500 31.002940 3.1 18.0
2008 5 19 23 48 47.160 103.293300 31.008610 3.3 13.4
2008 5 20 0 0 19.210 104.907100 32.309500 3.1 15.4
2008 5 20 0 8 13.690 105.238100 32.550520 3.6 12.2
2008 5 20 0 12 52.190 103.826000 31.309520 3.6 14.1
2008 5 20 0 34 37.990 104.366300 31.844690 3.9 11.2
2008 5 20 1 3 16.360 104.886600 32.312340 3.0 18.2
2008 5 20 1 17 23.450 103.551100 31.317670 3.3 8.1
2008 5 20 1 46 9.750 103.352000 31.011030 3.2 16.5
2008 5 20 1 52 34.560 104.935000 32.294510 5.0 15.4
2008 5 20 1 58 9.070 103.825900 31.359990 3.3 16.0
2008 5 20 2 0 10.630 104.936400 32.293380 3.2 14.5
2008 5 20 2 2 50.740 103.923500 31.522250 3.1 14.6
2008 5 20 2 6 13.050 104.100300 31.534100 3.1 14.9
2008 5 20 2 23 55.020 105.001900 32.385440 3.6 14.6
2008 5 20 2 28 30.280 104.629400 32.170560 3.1 16.6
2008 5 20 2 33 4.870 103.448100 31.312410 3.9 14.6
2008 5 20 2 37 9.570 104.613900 32.173650 2.8 19.1
2008 5 20 2 59 1.800 104.251200 31.805470 3.2 14.3
2008 5 20 3 7 40.740 103.405300 31.020600 3.7 8.8
2008 5 20 3 42 42.350 105.034300 32.400050 3.0 16.9
2008 5 20 3 45 52.580 105.356000 32.611770 3.2 16.6
2008 5 20 4 29 47.050 103.962300 31.613440 3.7 21.2
2008 5 20 5 4 12.130 103.758800 31.322110 3.3 16.7
2008 5 20 5 8 47.700 105.178800 32.565140 3.0 10.8
2008 5 20 5 13 7.370 105.361300 32.611620 3.4 19.9
2008 5 20 5 18 29.340 105.142700 32.319100 3.1 17.4
2008 5 20 5 37 59.440 105.371300 32.654010 3.1 15.6
2008 5 20 6 21 14.310 103.736000 31.265840 .0 13.9
2008 5 20 6 27 51.960 104.181900 31.725410 3.0 1.2
2008 5 20 7 23 3.890 104.604700 32.161630 3.6 13.1
2008 5 20 7 35 30.610 104.174700 31.745340 3.2 11.8
2008 5 20 7 56 23.440 104.074900 31.700660 3.2 15.1
2008 5 20 8 9 26.810 103.914100 31.404690 3.1 15.7
2008 5 20 8 11 57.650 104.099800 31.720920 3.5 17.1
2008 5 20 8 20 3.160 104.024800 31.536580 3.5 14.3
2008 5 20 8 35 5.990 103.982900 31.574640 3.0 15.6
2008 5 20 8 57 36.030 104.014200 31.670740 4.4 17.2
2008 5 20 9 11 36.430 104.646400 32.179060 3.0 15.9
2008 5 20 9 28 23.630 105.008400 32.382050 2.9 14.2
2008 5 20 9 33 23.700 103.306500 30.950150 3.9 17.2
2008 5 20 9 41 22.720 104.197400 31.800570 3.4 16.6
2008 5 20 10 4 18.940 103.244200 31.543080 3.2 12.5
2008 5 20 10 6 59.650 104.069600 31.701680 3.2 18.0
2008 5 20 10 15 35.170 103.302400 30.966820 3.2 13.2
2008 5 20 10 17 57.970 103.927300 31.482610 2.9 13.5
2008 5 20 10 19 58.920 103.391900 31.034970 3.0 10.4
2008 5 20 10 34 8.130 103.239600 30.991550 2.8 15.5
2008 5 20 10 37 25.790 103.827600 31.437510 2.8 17.1
2008 5 20 10 41 17.400 103.442600 31.317030 2.7 13.0
2008 5 20 10 51 23.960 103.605800 31.198940 3.2 13.1
2008 5 20 11 20 22.730 104.121100 31.735280 2.9 13.4
2008 5 20 11 34 45.230 103.834500 31.427420 3.2 13.9
2008 5 20 11 42 25.140 105.377200 32.627080 4.4 14.2
2008 5 20 11 52 15.540 104.137200 31.874850 3.3 16.6
2008 5 20 12 17 58.260 103.336000 30.817420 .0 16.1
2008 5 20 13 11 26.980 104.822600 32.252310 4.1 12.6
2008 5 20 13 16 12.680 103.369100 30.985090 3.3 10.9
2008 5 20 13 46 36.560 103.970200 31.410130 3.7 16.2
2008 5 20 14 5 16.770 104.926300 32.310690 3.4 14.2
2008 5 20 14 30 16.980 104.933000 32.320840 3.2 11.2
2008 5 20 14 34 39.960 105.112600 32.414340 3.2 15.2
2008 5 20 14 43 40.010 104.342000 31.849950 2.9 8.9
2008 5 20 14 54 20.700 104.218500 31.780730 4.3 16.4
2008 5 20 15 4 13.590 104.912200 32.262260 3.7 16.7
2008 5 20 15 18 2.350 103.330500 31.010210 3.3 11.6
2008 5 20 15 20 27.310 104.569600 32.155270 2.9 14.1
2008 5 20 15 21 8.540 103.876800 31.376720 4.6 17.6
2008 5 20 15 27 16.790 103.738900 31.256010 2.8 15.2
2008 5 20 15 35 23.030 103.380700 30.982530 3.5 9.1
2008 5 20 15 35 28.190 105.258000 32.577450 3.4 15.5
2008 5 20 15 49 21.770 105.169000 32.561650 2.8 15.8
2008 5 20 16 20 47.100 104.321400 31.877290 2.8 10.6
2008 5 20 16 39 33.340 104.255600 31.783050 3.1 13.0
2008 5 20 17 2 10.850 104.304200 31.819770 3.0 12.1
2008 5 20 17 28 33.070 105.264200 32.580720 3.0 14.6
2008 5 20 17 53 19.200 104.065500 31.639320 3.1 13.4
2008 5 20 18 3 6.230 104.873357 32.292564 3.1 13.1
2008 5 20 18 15 56.410 104.926500 32.358140 2.7 13.2
2008 5 20 18 34 6.900 103.530000 31.313960 3.6 13.4
2008 5 20 18 42 30.340 104.625500 32.233780 2.9 13.9
2008 5 20 18 43 23.170 103.435500 31.309710 2.8 8.6
2008 5 20 18 47 29.060 104.076900 31.714010 3.2 16.5
2008 5 20 19 21 52.140 103.594900 31.239760 2.9 12.9
2008 5 20 19 25 4.760 103.550700 31.284420 .0 14.5
2008 5 20 19 32 44.570 103.271200 30.931090 2.9 18.1
2008 5 20 20 39 8.530 104.311500 31.784970 3.5 11.8
2008 5 20 20 43 6.770 103.399700 30.981700 3.4 15.1
2008 5 20 20 53 23.340 103.492300 31.233810 2.9 15.4
2008 5 20 21 23 6.050 103.773400 31.346890 3.6 14.7
2008 5 20 21 32 39.860 103.485600 31.228590 3.0 9.8
2008 5 20 21 41 58.240 103.800300 31.293930 3.2 10.7
2008 5 20 22 29 41.420 105.147000 32.543760 4.3 16.0
2008 5 20 22 32 21.460 103.344300 30.952430 3.4 15.1
2008 5 20 22 50 45.370 103.931400 31.488200 3.3 16.4
2008 5 20 23 8 13.530 103.469800 31.166050 3.9 12.3
2008 5 20 23 16 15.500 104.955000 32.339080 3.2 15.1
2008 5 21 0 20 44.530 103.966700 31.506820 3.9 14.6
2008 5 21 0 38 36.890 103.296900 30.914670 4.3 17.4
2008 5 21 0 43 44.990 104.855400 32.274150 3.5 14.1
2008 5 21 2 35 49.410 103.581900 31.223220 3.7 12.8
2008 5 21 4 21 30.560 104.096900 31.574210 3.5 13.9
2008 5 21 5 0 31.110 103.271500 30.858510 3.7 17.2
2008 5 21 5 16 28.170 104.207900 31.506290 3.5 17.2
2008 5 21 6 24 50.520 103.597700 31.155410 3.7 11.0
2008 5 21 6 35 3.110 104.269800 31.833140 3.7 12.9
2008 5 21 9 27 4.640 103.479000 31.298630 3.8 6.2
2008 5 21 9 45 10.210 103.762700 31.404390 3.0 12.9
2008 5 21 10 56 6.960 103.575700 31.193360 3.2 11.9
2008 5 21 11 52 42.320 104.982600 32.262550 3.6 14.6
2008 5 21 15 32 38.830 103.197000 30.880120 3.0 18.0
2008 5 21 16 40 53.740 103.319300 31.391990 .0 15.2
2008 5 21 17 33 15.210 105.165200 32.497680 .0 15.5
2008 5 21 18 1 58.880 103.333700 31.042560 .0 14.1
2008 5 21 21 25 6.940 103.372300 30.954670 3.1 14.3
2008 5 21 21 59 9.570 103.853500 31.422230 4.5 21.0
2008 5 21 22 6 10.230 103.291600 31.146650 3.7 18.6
2008 5 21 22 57 57.840 103.354800 31.343940 3.5 13.2
2008 5 21 23 8 57.840 103.401500 31.184180 3.7 11.3
2008 5 21 23 20 31.780 104.378800 31.864750 3.7 13.1
2008 5 21 23 29 54.690 105.071900 32.409830 4.7 15.4
2008 5 22 0 31 23.450 104.880400 32.305210 3.6 17.4
2008 5 22 0 48 31.860 104.330500 31.843120 2.8 7.6
2008 5 22 1 2 4.960 103.303800 31.158460 3.0 20.5
2008 5 22 1 9 54.270 103.908400 31.399930 4.3 15.7
2008 5 22 1 27 18.970 103.884600 31.443670 2.9 16.9
2008 5 22 1 37 44.590 103.371700 31.095570 2.9 14.8
2008 5 22 3 12 53.630 104.577900 32.157310 3.6 15.8
2008 5 22 3 28 43.890 105.374800 32.600480 3.1 13.0
2008 5 22 3 37 5.690 104.950800 32.280000 3.0 15.7
2008 5 22 4 12 55.720 103.774900 31.386550 .0 16.3
2008 5 22 4 36 27.910 104.740800 32.238630 4.8 15.6
2008 5 22 4 46 23.680 104.152400 31.571660 3.0 16.6
2008 5 22 5 58 17.000 104.303600 31.488180 2.7 15.6
2008 5 22 6 2 13.990 105.096700 32.429120 3.3 15.7
2008 5 22 6 9 30.530 103.680800 31.321840 2.9 15.4
2008 5 22 6 22 39.430 103.674600 31.198880 3.0 13.4
2008 5 22 6 51 43.510 103.538200 31.112710 .0 12.1
2008 5 22 7 15 38.720 105.381100 32.646170 2.8 13.4
2008 5 22 7 44 57.730 104.094900 31.709300 3.5 17.7
2008 5 22 7 53 24.820 103.391300 31.364100 3.9 12.9
2008 5 22 8 38 28.550 103.745900 31.290860 3.8 16.9
2008 5 22 9 43 42.310 104.364900 31.907260 2.7 11.4
2008 5 22 10 34 18.360 103.494500 31.337210 .0 10.5
2008 5 22 11 3 58.120 104.236400 31.727070 3.2 13.4
2008 5 22 11 29 24.010 104.278600 31.880070 3.4 14.3
2008 5 22 11 36 16.850 103.493400 31.327360 3.0 11.7
2008 5 22 12 2 1.640 103.508400 31.226730 3.0 14.6
2008 5 22 13 52 47.890 103.503600 31.186600 3.5 12.7
2008 5 22 14 15 22.190 103.747100 31.331590 3.0 15.3
2008 5 22 14 58 7.060 104.091300 31.703860 2.9 17.7
2008 5 22 15 16 12.350 103.417500 31.318230 3.1 11.8
2008 5 22 15 18 44.710 103.568900 31.179060 5.1 14.8
2008 5 22 15 25 41.200 105.164500 32.563160 3.7 16.3
2008 5 22 15 53 19.340 104.566100 32.124490 3.2 15.6
2008 5 22 15 57 16.250 103.597400 31.179120 3.3 17.4
2008 5 22 16 13 37.880 103.210200 30.781260 2.8 22.3
2008 5 22 16 17 52.620 104.257700 31.762980 3.0 11.5
2008 5 22 16 35 33.360 105.269100 32.576470 2.8 15.5
2008 5 22 16 38 23.470 104.314300 31.873140 3.1 10.1
2008 5 22 16 43 3.180 104.626700 32.153260 2.8 14.7
2008 5 22 17 3 59.670 103.799700 31.328180 3.1 13.2
2008 5 22 17 26 31.530 103.523100 31.189600 3.1 11.9
2008 5 22 17 47 13.310 104.429400 31.911440 3.2 10.0
2008 5 22 17 50 48.370 103.444200 31.035140 3.4 1.9
2008 5 22 17 56 12.090 103.331600 30.997220 3.0 9.1
2008 5 22 17 58 1.650 105.306100 32.598880 3.1 15.4
2008 5 22 17 59 16.140 104.243800 31.775040 3.0 8.7
2008 5 22 18 2 50.470 103.376800 31.043310 2.9 13.8
2008 5 22 18 6 16.480 103.560300 31.274610 3.3 13.0
2008 5 22 18 49 25.490 103.561200 31.177210 .0 12.8
2008 5 22 18 56 41.160 103.369400 31.011640 3.0 10.0
2008 5 22 19 22 23.940 105.422100 32.666830 4.4 14.0
2008 5 22 20 8 24.430 104.206700 32.115870 2.9 7.5
2008 5 22 20 12 20.300 104.408700 32.105450 3.0 14.9
2008 5 22 20 25 21.930 103.263300 30.793700 3.1 17.0
2008 5 22 20 32 8.490 104.149400 31.593030 .0 11.3
2008 5 22 21 11 19.970 104.069200 31.512040 3.4 8.9
2008 5 22 21 30 34.160 103.709400 31.244310 2.8 16.4
2008 5 22 21 31 38.930 103.566100 31.174180 3.4 14.1
2008 5 22 22 8 10.720 103.874400 31.440620 3.7 17.0
2008 5 22 22 11 53.100 104.596600 32.175870 2.8 16.8
2008 5 22 22 26 33.220 105.056400 32.416320 2.9 15.1
2008 5 22 22 39 50.940 104.426200 31.905830 3.8 14.3
2008 5 22 23 0 13.140 104.358700 31.885150 4.6 10.9
2008 5 22 23 3 56.180 103.379000 31.021100 3.3 13.4
2008 5 22 23 10 9.210 105.092900 32.431470 3.5 15.6
2008 5 23 0 9 44.330 104.020400 31.780580 .0 15.5
2008 5 23 1 37 36.760 103.602700 31.260300 4.9 15.2
2008 5 23 1 48 10.670 103.601300 31.255990 3.0 13.6
2008 5 23 2 44 42.020 104.907000 32.327370 3.2 19.1
2008 5 23 3 50 9.150 103.498900 31.268530 3.3 13.8
2008 5 23 3 58 49.330 104.427200 31.905360 4.0 11.8
2008 5 23 5 12 19.690 103.204500 31.352640 .0 14.7
2008 5 23 7 14 1.460 103.580500 31.275970 3.1 1.5
2008 5 23 8 5 4.670 103.572500 31.188650 4.7 12.7
2008 5 23 9 23 28.010 103.478300 31.219740 4.3 14.7
2008 5 23 11 9 15.800 103.648700 31.247160 3.4 15.1
2008 5 23 11 12 12.710 103.161100 31.227040 4.2 15.6
2008 5 23 11 41 23.530 104.920400 32.309850 3.9 14.0
2008 5 23 12 7 39.780 104.990300 32.368350 3.7 15.3
2008 5 23 16 30 56.870 103.280000 31.401370 3.3 12.9
2008 5 23 17 1 35.840 103.922000 31.466950 3.1 13.7
2008 5 23 18 33 42.030 103.967400 31.814260 3.3 18.4
2008 5 23 18 37 10.610 103.783800 31.270900 3.4 16.0
2008 5 23 20 14 31.250 103.313900 30.992930 .0 13.7
2008 5 23 21 21 20.030 103.302200 31.094390 3.1 12.0
2008 5 23 21 38 30.930 104.590600 32.194250 3.8 11.5
2008 5 23 22 59 18.600 104.991900 32.369300 3.3 15.6
2008 5 23 23 51 2.250 103.878500 31.413270 3.8 16.7
2008 5 24 0 1 6.760 104.066200 31.701320 3.6 16.7
2008 5 24 0 10 22.760 104.955000 32.266430 4.3 14.6
2008 5 24 0 26 8.480 103.333000 31.072030 3.4 13.9
2008 5 24 0 35 46.020 104.343800 31.912240 4.3 16.1
2008 5 24 0 48 4.120 104.131000 31.823080 4.3 16.9
2008 5 24 1 4 7.140 103.162900 31.367860 3.1 10.9
2008 5 24 1 25 27.540 105.287700 32.577660 3.0 15.6
2008 5 24 1 53 32.010 105.191500 32.544560 4.4 16.3
2008 5 24 2 15 27.700 104.266000 31.868090 3.3 15.2
2008 5 24 3 2 56.300 105.048000 32.433820 3.0 15.8
2008 5 24 3 9 8.040 104.086800 31.725210 3.3 17.5
2008 5 24 3 34 3.490 103.684700 31.333000 2.9 16.1
2008 5 24 3 54 53.530 103.419600 30.948180 3.5 10.6
2008 5 24 4 4 39.320 103.354500 30.786010 4.0 15.8
2008 5 24 4 4 46.930 104.896400 32.318730 3.1 18.8
2008 5 24 4 13 43.230 103.492500 31.277740 3.2 11.2
2008 5 24 4 22 9.010 105.001500 32.290940 4.1 16.1
2008 5 24 4 35 4.050 103.336700 31.394730 3.5 15.7
2008 5 24 4 58 3.950 103.553800 31.313420 3.4 14.4
2008 5 24 5 0 32.920 104.909900 32.235930 3.1 14.5
2008 5 24 5 3 59.590 105.296000 32.634770 3.0 16.3
2008 5 24 5 25 49.060 104.781700 32.193180 3.6 13.2
2008 5 24 5 35 17.790 104.382800 31.890840 3.7 11.2
2008 5 24 6 18 32.020 104.573100 32.188430 3.1 18.4
2008 5 24 6 31 2.050 103.342900 31.090660 2.8 14.9
2008 5 24 6 35 57.790 105.192900 32.584220 3.2 16.9
2008 5 24 6 55 2.040 103.342300 30.888610 3.2 17.8
2008 5 24 7 1 39.020 103.556800 31.183880 3.4 11.8
2008 5 24 7 3 50.550 103.688800 31.281560 3.1 15.9
2008 5 24 7 22 34.280 103.132500 31.342750 3.3 13.6
2008 5 24 7 34 57.410 103.192000 31.323350 3.8 14.3
2008 5 24 8 7 53.570 103.434400 31.201200 2.9 13.0
2008 5 24 8 27 42.600 103.311400 31.069230 3.2 15.5
2008 5 24 8 31 .970 103.410200 30.857990 3.2 10.4
2008 5 24 9 21 47.810 103.631900 31.307720 3.3 16.3
2008 5 24 9 39 44.480 105.193400 32.546860 2.8 18.2
2008 5 24 9 46 28.490 105.013600 32.398930 3.6 16.8
2008 5 24 11 0 12.810 103.447900 31.142150 4.4 12.4
2008 5 24 11 7 30.010 104.960400 32.355230 2.8 17.5
2008 5 24 11 11 5.670 104.648200 32.185630 2.7 16.0
2008 5 24 11 53 6.580 105.091200 32.418900 3.0 15.2
2008 5 24 12 17 57.390 105.385700 32.644100 3.2 14.7
2008 5 24 13 15 28.980 105.007900 32.367440 3.0 15.6
2008 5 24 13 53 56.230 103.355700 31.013120 3.0 10.4
2008 5 24 14 23 29.490 104.053500 31.855880 3.1 15.8
2008 5 24 14 41 40.310 105.139400 32.464940 3.6 16.7
2008 5 24 15 1 .810 104.301600 31.781330 3.5 12.1
2008 5 24 15 4 35.380 105.070900 32.401260 3.3 14.5
2008 5 24 15 24 16.490 104.201400 31.818040 3.0 23.3
2008 5 24 15 24 16.850 104.328900 31.776350 2.8 12.6
2008 5 24 15 41 50.830 105.029300 32.394080 2.8 15.9
2008 5 24 16 13 22.940 103.289100 31.279220 3.1 16.8
2008 5 24 16 16 12.610 104.138300 31.769140 .0 18.2
2008 5 24 16 31 3.510 105.389000 32.627340 3.4 12.9
2008 5 24 16 36 32.310 103.568100 31.237780 3.3 17.9
2008 5 24 17 3 1.530 103.718000 31.273020 2.7 16.7
2008 5 24 17 7 35.920 104.798900 32.302840 3.3 19.9
2008 5 24 17 46 42.900 103.438400 31.192400 3.0 14.4
2008 5 24 17 54 3.460 103.468000 31.267450 3.5 14.5
2008 5 24 18 8 37.430 103.622200 31.179030 4.3 16.3
2008 5 24 18 21 51.750 103.583900 31.243350 3.0 14.9
2008 5 24 18 39 10.130 103.681900 31.233690 3.5 16.0
2008 5 24 19 28 15.060 103.962800 31.307520 .0 20.5
2008 5 24 19 39 48.670 103.617900 31.249770 3.9 13.3
2008 5 24 19 42 12.970 105.359800 32.617150 4.1 17.4
2008 5 24 21 7 16.740 103.345300 30.991600 2.8 11.4
2008 5 24 21 29 53.830 103.721100 31.256460 3.1 12.7
2008 5 24 21 34 27.790 105.088100 32.472220 3.1 13.9
2008 5 24 21 59 59.430 105.291600 32.605920 2.7 18.4
2008 5 24 22 30 10.620 103.509500 30.775990 3.2 19.3
2008 5 24 23 45 23.150 105.188600 32.542100 2.8 16.9
2008 5 24 23 52 36.640 103.753700 31.339040 3.3 20.5
2008 5 25 1 1 35.330 104.938100 32.322390 3.4 12.8
2008 5 25 1 45 15.010 103.345600 30.932540 3.0 15.2
2008 5 25 1 58 25.280 103.895200 31.445510 3.3 17.2
2008 5 25 3 37 52.270 104.329800 31.848380 3.8 10.6
2008 5 25 4 2 5.900 104.937900 32.323880 3.1 13.9
2008 5 25 4 29 49.430 105.117100 32.490550 3.7 18.8
2008 5 25 5 43 50.160 104.501700 32.117530 3.2 14.3
2008 5 25 6 10 54.350 105.275900 32.581620 .0 16.0
2008 5 25 9 8 31.970 103.349600 31.027810 3.3 11.0
2008 5 25 10 2 19.580 104.884600 32.276910 3.1 15.7
2008 5 25 10 41 58.840 104.352300 31.843150 3.2 12.0
2008 5 25 12 27 4.680 104.515800 31.987720 4.5 13.8
2008 5 25 13 48 43.180 103.932200 31.575560 3.4 15.9
2008 5 25 14 40 27.650 104.921500 32.320230 3.6 16.6
2008 5 25 15 1 41.490 103.442500 31.141900 3.1 12.4
2008 5 25 16 12 24.220 103.691300 31.213900 3.4 14.5
2008 5 25 16 21 51.470 105.363002 32.628412 6.3 15.2
2008 5 25 16 38 46.030 103.715100 31.328370 4.1 15.7
2008 5 25 16 51 36.510 103.598900 31.261340 2.9 11.8
2008 5 25 17 17 21.940 103.920900 31.429410 3.7 14.5
2008 5 25 17 57 10.850 104.801900 32.393070 4.0 12.2
2008 5 25 18 58 14.630 103.545300 31.436180 3.6 12.3
2008 5 25 19 56 33.580 103.875800 31.436030 3.2 15.9
2008 5 25 20 26 37.920 105.048600 32.405470 3.3 14.6
2008 5 25 22 18 6.030 104.056000 31.589320 2.9 14.6
2008 5 25 22 20 55.740 103.276800 30.889760 2.7 19.9
2008 5 25 22 28 47.440 104.988000 32.368790 3.3 16.7
2008 5 25 22 50 19.120 104.130200 31.812140 3.0 16.6
2008 5 25 23 0 41.520 104.351700 31.828690 2.8 7.4
2008 5 25 23 15 23.010 105.134000 32.477350 3.4 15.5
2008 5 25 23 46 41.820 103.482400 31.135460 3.2 14.9
2008 5 25 23 53 44.860 103.538500 31.074320 4.1 14.9
2008 5 26 0 2 21.160 103.311900 31.035630 2.7 13.4
2008 5 26 0 21 12.180 104.986500 32.361530 3.1 15.2
2008 5 26 0 29 16.780 105.264600 32.581240 4.0 15.4
2008 5 26 1 5 25.090 104.040300 31.674180 3.6 17.5
2008 5 26 1 38 19.900 103.391400 31.311470 3.1 10.3
2008 5 26 1 52 48.020 103.447700 31.337320 3.3 12.2
2008 5 26 2 10 34.580 105.411900 32.678070 3.5 17.6
2008 5 26 2 20 54.400 104.103700 32.017530 .0 17.2
2008 5 26 3 11 19.200 104.501100 32.009040 3.3 13.7
2008 5 26 4 32 40.120 105.423300 32.676940 .0 11.0
2008 5 26 4 33 10.330 103.875600 31.326480 4.2 15.7
2008 5 26 4 58 4.340 104.978800 32.277250 3.7 15.1
2008 5 26 5 13 1.420 104.200000 31.822220 2.7 15.2
2008 5 26 5 59 24.200 104.932000 32.394650 3.1 16.6
2008 5 26 6 2 34.830 103.546700 31.443450 3.4 11.0
2008 5 26 6 8 46.220 104.112700 31.521670 2.7 14.0
2008 5 26 6 42 41.210 104.095900 31.533700 2.7 16.4
2008 5 26 6 48 49.080 105.427600 32.811090 .0 11.4
2008 5 26 7 5 27.080 104.083300 31.712400 3.0 16.1
2008 5 26 7 47 19.480 105.119500 32.442960 4.1 15.2
2008 5 26 8 19 11.780 104.307400 31.804430 3.1 10.4
2008 5 26 8 39 47.650 103.296900 30.834790 4.8 19.6
2008 5 26 10 25 11.420 104.619000 32.127640 2.8 13.5
2008 5 26 10 33 57.940 105.133700 32.541790 2.8 16.1
2008 5 26 10 50 50.190 105.025400 32.417980 2.9 14.7
2008 5 26 10 58 25.320 104.994500 32.385800 3.4 16.4
2008 5 26 11 5 32.510 103.421100 31.183140 3.4 13.3
2008 5 26 11 12 35.670 105.206100 32.612460 3.1 20.4
2008 5 26 11 53 17.870 103.420000 31.263960 3.2 21.5
2008 5 26 12 18 37.190 104.015300 31.598870 3.0 15.1
2008 5 26 14 13 15.550 105.319000 32.579770 3.0 12.7
2008 5 26 14 57 8.690 105.056800 32.442690 3.1 12.8
2008 5 26 15 0 29.130 103.803300 31.211520 3.2 11.8
2008 5 26 15 28 20.630 105.030400 32.423510 2.9 15.7
2008 5 26 15 44 35.400 103.875000 31.421960 3.0 12.4
2008 5 26 15 52 5.680 103.750200 31.408890 2.9 16.0
2008 5 26 16 12 57.660 103.448400 31.045560 3.0 2.2
2008 5 26 16 21 42.270 103.320800 31.375930 3.7 15.3
2008 5 26 17 6 6.920 103.311300 31.197650 3.1 19.8
2008 5 26 18 12 11.730 104.270400 31.911880 3.2 11.5
2008 5 26 18 52 43.040 103.850900 31.356010 3.5 17.6
2008 5 26 19 11 40.140 103.711300 31.317940 3.0 16.4
2008 5 26 19 51 57.620 104.172000 31.768260 2.8 12.1
2008 5 26 20 22 29.500 103.531500 31.137360 3.1 13.7
2008 5 26 20 55 43.080 103.852100 31.346180 3.1 13.4
2008 5 26 21 13 40.730 103.611100 31.301100 4.1 17.2
2008 5 26 21 40 2.090 103.421200 31.320060 3.0 11.9
2008 5 26 23 52 .120 104.056200 31.556460 3.7 13.9
2008 5 27 0 18 31.990 103.635900 31.246450 3.3 15.9
2008 5 27 1 10 59.040 104.637100 32.210170 3.7 15.5
2008 5 27 1 47 42.060 103.368100 31.005860 3.2 10.7
2008 5 27 2 27 59.420 103.787000 31.391910 3.2 17.7
2008 5 27 4 6 28.230 105.199500 32.533300 3.1 14.7
2008 5 27 4 16 55.010 103.831300 31.169300 2.8 8.2
2008 5 27 4 27 1.770 105.054000 32.443620 2.9 11.6
2008 5 27 4 30 59.250 103.261400 30.997420 3.1 13.1
2008 5 27 4 34 48.170 104.919700 32.334720 3.1 20.0
2008 5 27 4 42 .240 105.018700 32.417740 3.7 17.1
2008 5 27 4 53 4.550 103.582700 31.183370 3.1 9.7
2008 5 27 6 20 3.080 103.429300 31.328820 3.0 12.7
2008 5 27 7 1 25.950 103.255600 31.049710 4.0 17.6
2008 5 27 7 4 38.560 104.076800 31.672400 2.8 14.3
2008 5 27 7 22 4.580 103.858200 31.381470 4.2 18.4
2008 5 27 7 59 10.610 103.801100 31.390890 3.1 17.4
2008 5 27 8 15 7.240 104.466900 32.122440 3.4 17.2
2008 5 27 8 45 39.790 104.588000 32.237190 2.9 16.2
2008 5 27 8 53 59.930 103.879700 31.348780 3.7 16.8
2008 5 27 8 56 44.460 104.990000 32.382010 3.0 13.0
2008 5 27 9 17 19.250 104.476100 31.996250 2.8 14.2
2008 5 27 9 42 11.020 104.243300 31.823660 2.9 11.6
2008 5 27 9 54 46.800 103.836800 31.391500 3.0 13.0
2008 5 27 10 33 56.260 105.370800 32.631720 3.7 15.1
2008 5 27 10 49 14.010 104.310800 31.864190 3.2 11.8
2008 5 27 12 58 28.730 104.891200 32.324510 3.2 18.3
2008 5 27 13 51 59.140 104.371100 31.814120 2.8 8.1
2008 5 27 14 4 40.920 105.070500 32.410830 3.4 14.6
2008 5 27 14 38 20.760 104.038200 31.642170 2.8 15.8
2008 5 27 14 43 11.330 104.196700 31.861520 2.9 11.5
2008 5 27 14 49 39.910 103.418200 31.017500 3.7 8.9
2008 5 27 15 59 4.790 104.902000 32.223990 3.1 13.6
2008 5 27 16 3 22.650 105.579900 32.783070 5.4 16.8
2008 5 27 16 12 3.860 105.576300 32.780630 4.2 16.5
2008 5 27 16 15 33.750 103.401000 31.087840 2.9 6.7
2008 5 27 16 30 5.900 105.578400 32.782540 3.3 17.2
2008 5 27 16 37 51.870 105.579100 32.786170 5.7 16.8
2008 5 27 16 56 24.400 105.578900 32.784730 3.1 15.6
2008 5 27 18 26 46.490 103.572100 31.196810 4.2 11.1
2008 5 27 18 43 21.500 104.558400 32.145760 3.4 14.3
2008 5 27 19 39 26.400 103.585200 31.202660 3.0 11.1
2008 5 27 19 52 40.560 103.298600 31.130090 3.0 14.5
2008 5 27 20 44 34.740 103.825300 31.381600 3.0 15.6
2008 5 27 21 59 34.730 105.187300 32.560840 4.9 14.7
2008 5 27 22 20 52.320 104.248100 31.916090 3.0 13.4
2008 5 27 22 24 19.650 105.180900 32.557790 3.1 10.8
2008 5 27 22 41 19.550 104.955300 32.373700 3.5 15.6
2008 5 27 23 10 26.770 104.910000 32.308660 3.1 12.8
2008 5 27 23 23 50.840 103.352200 31.093160 3.4 12.5
2008 5 28 0 6 9.580 103.325000 31.390580 3.4 9.5
2008 5 28 0 19 22.600 105.574900 32.783730 2.5 15.1
2008 5 28 0 38 13.330 105.027300 32.402070 3.0 17.1
2008 5 28 0 41 13.050 105.374300 32.640980 3.2 17.7
2008 5 28 0 46 6.710 104.605000 32.167750 4.3 13.6
2008 5 28 0 58 24.260 104.583800 32.207520 3.4 15.2
2008 5 28 1 11 58.630 103.439600 31.304000 2.8 7.9
2008 5 28 1 27 32.650 103.744400 31.257760 3.1 11.2
2008 5 28 1 44 40.260 103.839100 31.388260 2.5 14.8
2008 5 28 1 58 17.140 103.869100 31.374280 2.8 14.9
2008 5 28 2 4 30.370 103.432800 31.298630 3.4 11.8
2008 5 28 2 29 47.880 103.495400 31.313580 3.2 9.4
2008 5 28 3 11 53.030 104.174700 31.881090 .0 16.6
2008 5 28 3 30 9.990 104.190200 31.772860 3.5 7.3
2008 5 28 3 47 8.640 103.929500 31.431910 .0 15.9
2008 5 28 4 45 47.450 103.307500 30.983120 3.0 14.2
2008 5 28 4 53 39.860 105.554300 32.772310 .0 16.5
2008 5 28 4 57 11.900 104.597600 32.223720 2.7 14.8
2008 5 28 5 56 59.760 104.272200 31.863420 3.5 9.9
2008 5 28 6 22 10.030 104.298600 31.807020 3.2 12.9
2008 5 28 6 59 1.240 105.360500 32.593140 2.8 11.0
2008 5 28 7 18 57.100 104.251400 31.808990 3.1 10.4
2008 5 28 7 22 58.550 103.362300 30.977800 3.1 11.3
2008 5 28 7 55 41.840 104.266300 31.791320 2.5 10.3
2008 5 28 8 0 37.980 103.971900 31.622330 3.5 18.7
2008 5 28 8 31 55.590 105.126300 32.494040 3.2 18.7
2008 5 28 8 39 11.260 103.618000 31.260480 3.0 18.1
2008 5 28 8 48 59.570 104.147200 31.748990 3.3 10.4
2008 5 28 9 28 15.470 105.381000 32.649300 2.4 17.4
2008 5 28 9 34 33.640 103.699200 31.377570 2.9 15.1
2008 5 28 9 54 16.830 105.335600 32.685650 2.8 16.0
2008 5 28 9 57 19.450 104.260900 31.810080 2.5 14.2
2008 5 28 9 58 18.480 104.947100 32.355150 3.1 19.0
2008 5 28 10 11 57.770 103.451400 31.184070 3.1 18.6
2008 5 28 10 34 25.500 103.986000 31.595520 2.7 16.6
2008 5 28 11 12 7.960 104.955300 32.342510 2.7 16.4
2008 5 28 11 28 39.570 103.214400 30.931760 2.9 18.0
2008 5 28 11 38 35.410 103.364900 31.340020 2.8 14.9
2008 5 28 11 42 5.900 103.573200 31.185910 2.7 14.4
2008 5 28 12 26 20.070 103.848900 31.396320 4.0 17.6
2008 5 28 13 27 47.980 103.615800 31.304850 3.5 15.5
2008 5 28 13 41 19.760 105.099300 32.467890 3.3 14.8
2008 5 28 14 41 28.680 104.033800 31.556310 3.2 13.7
2008 5 28 14 47 7.130 104.908900 32.327210 3.6 17.5
2008 5 28 15 2 3.100 104.898800 32.328880 3.0 15.3
2008 5 28 15 7 56.610 105.001500 32.408100 3.1 13.8
2008 5 28 15 22 9.700 105.463000 32.708630 3.2 14.9
2008 5 28 15 24 8.840 103.342000 31.009980 3.0 11.5
2008 5 28 15 37 24.460 103.691600 31.345740 3.3 17.5
2008 5 28 15 39 36.640 105.391700 32.608250 3.1 12.0
2008 5 28 15 42 52.240 103.272500 30.984440 3.6 17.6
2008 5 28 15 46 17.810 104.788000 32.295590 3.2 13.1
2008 5 28 16 1 25.320 103.369300 31.010320 2.6 14.2
2008 5 28 16 26 14.870 103.679600 31.275210 3.4 16.2
2008 5 28 16 29 52.910 103.466800 31.216630 3.2 16.5
2008 5 28 16 43 1.000 103.606500 31.292570 2.1 17.8
2008 5 28 17 29 45.840 103.366700 30.904840 2.5 14.8
2008 5 28 17 48 9.980 105.051200 32.386500 2.6 14.1
2008 5 28 17 49 49.740 103.509900 31.186130 2.9 12.4
2008 5 28 17 56 43.930 103.570100 31.183190 2.2 8.4
2008 5 28 18 16 6.070 104.295200 31.921710 3.0 16.7
2008 5 28 18 42 21.140 104.172000 31.875820 3.4 17.7
2008 5 28 19 23 43.500 103.675100 31.212160 3.8 17.3
2008 5 28 20 10 33.300 104.293900 31.892060 2.7 16.0
2008 5 28 20 44 27.630 103.285900 30.942630 3.1 16.1
2008 5 28 20 50 58.490 104.323000 31.902520 3.4 15.2
2008 5 28 21 1 2.750 104.268000 31.828710 3.4 11.8
2008 5 28 21 30 54.160 104.975400 32.375280 3.4 18.1
2008 5 28 21 34 52.150 103.906100 31.459540 2.8 15.9
2008 5 28 23 13 56.530 103.911132 31.434805 3.0 20.1
2008 5 28 23 44 6.720 105.241300 32.565210 2.8 16.0
2008 5 29 0 16 55.170 103.673700 31.277110 2.8 15.4
2008 5 29 0 59 42.880 105.336800 32.630910 2.7 14.7
2008 5 29 1 7 29.570 103.382200 30.985660 3.3 6.7
2008 5 29 1 28 47.590 103.906700 31.418230 2.8 13.2
2008 5 29 1 47 10.570 105.286900 32.561440 .0 13.9
2008 5 29 2 2 22.370 105.012600 32.394160 .0 16.1
2008 5 29 2 12 49.960 103.893400 31.414980 3.6 16.4
2008 5 29 2 24 45.110 104.877300 32.277680 2.9 14.5
2008 5 29 2 27 11.400 104.582600 32.177180 3.3 15.7
2008 5 29 3 18 14.290 103.531900 31.095580 2.9 11.9
2008 5 29 3 19 4.640 103.896600 31.409230 3.1 16.4
2008 5 29 4 29 42.800 105.329600 32.592540 3.2 15.1
2008 5 29 4 54 45.050 103.466100 31.151670 3.3 5.2
2008 5 29 5 1 25.300 104.865700 32.318700 3.0 15.2
2008 5 29 5 11 4.280 103.171700 31.002730 3.8 17.3
2008 5 29 5 26 8.490 104.724100 32.390010 3.0 17.8
2008 5 29 5 47 15.000 105.154900 32.490470 3.8 16.4
2008 5 29 5 51 47.170 104.062700 31.662120 2.4 8.4
2008 5 29 5 59 8.310 103.506800 31.189540 2.9 13.0
2008 5 29 6 43 39.610 104.178100 31.864740 2.8 10.8
2008 5 29 7 10 2.670 103.651800 31.304590 2.5 15.6
2008 5 29 7 35 12.300 103.951900 31.483130 2.4 14.6
2008 5 29 7 48 25.620 103.601900 31.210670 2.6 12.9
2008 5 29 8 27 41.390 105.445900 32.791130 3.2 10.6
2008 5 29 8 33 56.740 105.019600 32.409410 3.0 16.7
2008 5 29 8 56 21.860 104.038900 32.020580 3.3 17.4
2008 5 29 9 4 13.440 103.621300 31.113410 3.2 13.9
2008 5 29 9 26 2.480 104.926300 32.245410 2.9 14.6
2008 5 29 10 14 1.170 103.366600 31.003450 3.1 12.3
2008 5 29 11 1 41.950 103.700000 31.284670 2.8 13.2
2008 5 29 11 13 44.540 103.469800 31.149700 3.1 14.1
2008 5 29 11 39 31.680 105.149300 32.436270 3.4 17.9
2008 5 29 11 45 27.020 105.003400 32.377910 3.0 16.2
2008 5 29 12 23 49.450 104.331900 31.770480 3.6 9.6
2008 5 29 12 34 12.550 103.979500 31.791310 .0 14.9
2008 5 29 12 47 29.610 104.985200 32.331180 2.3 8.3
2008 5 29 13 2 24.950 104.039700 31.946040 2.6 14.5
2008 5 29 13 9 5.710 103.179800 31.024300 2.4 17.3
2008 5 29 13 31 16.490 103.300500 31.155590 2.9 16.7
2008 5 29 13 45 27.860 105.580500 32.788330 2.3 15.9
2008 5 29 13 55 23.730 105.136000 32.470270 3.4 15.0
2008 5 29 14 10 31.200 103.614000 31.259640 2.4 13.6
2008 5 29 14 37 25.990 104.269600 31.812260 3.0 7.7
2008 5 29 15 10 20.990 103.699600 31.371440 4.7 18.1
2008 5 29 15 15 10.680 105.582600 32.768060 3.1 16.5
2008 5 29 15 39 20.950 103.637200 31.243520 3.2 13.1
2008 5 29 16 13 8.060 103.913100 31.513610 2.7 15.3
2008 5 29 16 38 56.160 104.344600 31.821090 2.8 8.8
2008 5 29 17 20 40.180 103.770400 31.358480 3.0 16.2
2008 5 29 18 3 34.200 104.439400 31.974410 2.8 13.7
2008 5 29 18 27 10.430 105.583300 32.777230 2.9 16.8
2008 5 29 18 31 52.230 105.592700 32.775890 2.9 16.7
2008 5 29 19 12 16.760 103.518300 31.256200 2.9 13.6
2008 5 29 19 33 56.070 105.410400 32.716410 3.3 17.5
2008 5 29 19 38 30.420 105.196200 32.545690 2.8 16.0
2008 5 29 19 59 8.210 103.407000 31.345320 2.9 10.7
2008 5 29 20 7 34.140 103.706400 31.343830 2.6 16.3
2008 5 29 20 17 12.620 103.622200 31.300820 2.7 15.4
2008 5 29 21 2 1.290 104.303800 31.907590 2.1 14.3
2008 5 29 22 8 54.240 103.430400 30.833740 3.0 3.0
2008 5 29 23 36 45.710 103.223800 30.763190 2.9 17.6
2008 5 30 1 20 28.580 103.473100 31.287150 3.0 12.7
2008 5 30 1 48 51.100 105.197900 32.555360 3.1 17.8
2008 5 30 2 5 8.080 103.918400 31.445220 2.0 16.2
2008 5 30 2 28 10.990 103.504600 31.154390 3.2 13.6
2008 5 30 2 40 14.910 103.462000 31.205550 2.3 13.6
2008 5 30 2 45 37.280 104.882600 32.323180 3.1 18.5
2008 5 30 2 55 5.740 103.271800 30.831350 2.8 16.2
2008 5 30 2 58 7.950 103.440300 31.315020 2.1 13.6
2008 5 30 3 1 58.650 104.067300 31.664920 2.4 14.6
2008 5 30 3 3 26.210 103.823200 31.429080 3.0 17.7
2008 5 30 3 4 6.870 104.991500 32.386100 3.7 16.0
2008 5 30 3 12 23.520 105.077500 32.429350 2.7 12.9
2008 5 30 3 19 49.320 104.041400 31.555790 3.8 15.9
2008 5 30 3 22 40.400 103.737800 31.336620 2.4 10.0
2008 5 30 3 36 14.780 103.322100 31.388850 2.2 12.5
2008 5 30 3 54 25.860 103.711600 31.328990 2.5 15.2
2008 5 30 4 0 13.660 103.576000 31.271600 3.1 15.2
2008 5 30 4 15 35.180 104.587400 32.142070 3.1 14.3
2008 5 30 4 35 52.630 103.829200 31.415150 3.2 17.7
2008 5 30 4 40 7.230 105.173500 32.417670 4.0 18.4
2008 5 30 4 48 56.380 103.352000 31.156150 3.8 19.0
2008 5 30 5 50 42.760 104.352700 31.832740 4.0 13.8
2008 5 30 5 57 2.900 105.178900 32.416780 3.2 17.4
2008 5 30 6 18 17.460 103.234500 31.037900 2.8 15.2
2008 5 30 6 46 48.960 104.064500 31.688100 3.1 11.8
2008 5 30 6 58 3.120 105.163100 32.492290 3.9 15.9
2008 5 30 7 12 19.600 103.949800 31.480620 3.9 14.7
2008 5 30 7 50 59.530 105.584600 32.789180 3.8 16.4
2008 5 30 8 0 26.690 103.327000 31.186440 3.0 9.5
2008 5 30 8 3 15.470 104.539100 32.057380 2.1 14.2
2008 5 30 8 42 9.230 103.817100 31.359420 2.2 15.2
2008 5 30 8 47 43.340 105.131000 32.478890 2.3 17.5
2008 5 30 8 58 22.290 105.378800 32.599900 3.4 11.9
2008 5 30 9 34 40.280 103.415100 31.059810 2.5 5.2
2008 5 30 9 35 56.570 103.802100 31.306590 2.7 15.0
2008 5 30 10 23 41.210 104.287800 31.908770 2.8 16.5
2008 5 30 10 39 44.580 103.627500 31.189580 2.7 12.3
2008 5 30 10 48 38.360 103.436400 31.004970 2.1 13.3
2008 5 30 11 18 53.700 103.829900 31.440360 2.2 17.8
2008 5 30 11 24 49.460 103.902100 31.410080 2.9 14.9
2008 5 30 11 29 36.400 103.690000 31.260110 2.3 12.9
2008 5 30 11 46 7.050 104.281300 31.892150 2.3 16.9
2008 5 30 11 50 52.470 105.017500 32.415280 3.9 12.8
2008 5 30 11 54 30.670 105.276900 32.596830 3.0 11.2
2008 5 30 12 2 32.370 105.584100 32.767480 2.9 16.8
2008 5 30 12 11 50.820 103.764400 31.284690 3.5 18.7
2008 5 30 12 16 6.670 105.410500 32.725470 3.1 20.0
2008 5 30 12 19 3.550 103.344000 31.102440 2.9 16.0
2008 5 30 12 31 17.080 104.583900 32.213070 2.7 16.7
2008 5 30 13 52 53.520 105.102000 32.496140 3.1 15.2
2008 5 30 14 31 53.800 104.139500 31.538810 3.4 17.2
2008 5 30 14 42 37.770 103.310500 31.391910 3.1 15.9
2008 5 30 15 15 2.340 104.828300 32.286180 3.1 18.9
2008 5 30 15 21 11.070 104.739400 32.385730 3.1 18.5
2008 5 30 15 36 28.540 103.543500 31.274690 2.8 17.8
2008 5 30 15 41 18.210 105.413900 32.723700 3.3 18.2
2008 5 30 15 58 8.170 104.315500 31.826720 3.2 11.2
2008 5 30 16 8 41.420 104.223400 31.784680 2.2 16.9
2008 5 30 16 27 20.100 104.053600 31.650760 2.3 13.7
2008 5 30 16 41 30.640 103.424300 31.297620 3.0 10.3
2008 5 30 16 58 .810 104.104200 31.721760 2.8 15.1
2008 5 30 16 59 59.560 104.296500 31.785080 4.0 8.1
2008 5 30 17 8 30.320 104.808200 32.239850 3.5 13.3
2008 5 30 18 10 .870 104.028500 31.537960 2.4 11.9
2008 5 30 18 29 50.460 104.989000 32.270920 2.9 14.3
2008 5 30 18 41 42.440 104.266700 31.800750 2.6 9.5
2008 5 30 18 42 49.130 103.360700 31.224510 2.8 15.7
2008 5 30 18 50 .570 104.279000 31.933140 2.9 11.3
2008 5 30 18 56 20.550 103.525700 31.307770 2.1 14.2
2008 5 30 19 11 18.770 104.264200 31.780640 3.4 12.0
2008 5 30 19 25 44.570 103.553000 31.287310 2.2 13.1
2008 5 30 19 38 56.840 103.378500 31.047910 2.2 14.7
2008 5 30 19 48 25.380 103.426800 31.297890 2.5 6.1
2008 5 30 19 57 51.040 105.101400 32.437130 4.2 14.5
2008 5 30 22 20 29.770 103.228200 31.033260 3.3 17.4
2008 5 30 23 33 7.950 103.578300 31.347760 3.5 11.3
2008 5 30 23 50 35.390 104.598300 32.133650 3.1 16.2
2008 5 30 23 55 49.780 103.450500 31.223560 3.6 13.2
2008 5 31 0 50 45.200 104.871600 32.286620 3.0 15.3
2008 5 31 0 59 46.970 105.052100 32.335560 3.2 15.6
2008 5 31 1 5 36.910 103.646600 31.300050 3.1 16.0
2008 5 31 1 13 36.840 103.196900 31.044750 2.8 19.4
2008 5 31 1 47 49.840 103.278100 30.882780 2.8 16.4
2008 5 31 2 35 4.500 103.739400 31.295000 2.7 14.9
2008 5 31 2 41 42.560 105.151100 32.537040 3.0 16.4
2008 5 31 2 48 35.930 105.154300 32.545830 2.9 15.6
2008 5 31 3 6 47.500 103.539700 31.251700 3.0 16.0
2008 5 31 3 13 28.210 104.104000 31.709280 3.2 14.9
2008 5 31 3 19 32.280 104.912800 32.324500 2.9 15.8
2008 5 31 3 31 44.030 103.753300 31.435460 2.7 19.8
2008 5 31 3 49 14.270 104.424300 32.068790 3.4 13.2
2008 5 31 4 8 26.990 103.329800 30.963740 2.7 14.4
2008 5 31 4 15 50.830 103.680400 31.245680 2.7 14.9
2008 5 31 4 28 56.260 103.305000 30.983710 2.2 14.9
2008 5 31 4 29 47.430 105.188000 32.575760 3.7 16.7
2008 5 31 4 53 30.520 105.429300 32.701960 3.2 13.4
2008 5 31 5 3 33.860 104.331200 31.840970 2.3 10.6
2008 5 31 5 8 44.520 104.109800 31.626420 2.3 12.3
2008 5 31 5 17 47.350 105.021500 32.388120 2.4 15.6
2008 5 31 5 18 53.070 103.186600 31.331520 2.5 7.7
2008 5 31 5 22 .960 105.155900 32.479030 2.6 15.4
2008 5 31 5 53 30.010 104.470800 32.106790 2.1 14.3
2008 5 31 6 5 55.180 105.053700 32.375560 .0 16.4
2008 5 31 6 13 56.180 104.743900 32.187990 2.6 4.6
2008 5 31 6 16 44.110 103.332000 30.933990 2.2 14.0
2008 5 31 6 32 44.930 104.322000 31.837540 2.6 9.6
2008 5 31 6 38 21.670 103.523500 31.147160 .0 6.2
2008 5 31 6 39 16.010 103.545800 31.296830 2.4 12.8
2008 5 31 6 41 32.770 104.586700 32.148620 2.4 11.1
2008 5 31 6 46 46.700 103.925100 31.538490 3.0 16.5
2008 5 31 7 2 24.930 103.390400 31.020290 2.8 4.9
2008 5 31 7 28 58.450 104.644800 32.182080 2.7 10.0
2008 5 31 7 33 26.650 103.579000 31.324060 3.2 14.2
2008 5 31 7 40 11.220 103.340600 31.021900 2.2 11.9
2008 5 31 7 45 23.950 104.242400 31.799810 2.7 10.1
2008 5 31 8 12 26.880 105.261900 32.557200 2.9 8.3
2008 5 31 9 36 40.530 104.390100 31.912540 2.9 10.2
2008 5 31 9 40 41.210 104.274300 31.829020 3.0 12.4
2008 5 31 9 49 21.370 104.155400 31.867650 3.5 15.2
2008 5 31 9 54 8.270 105.035500 32.391570 2.8 14.5
2008 5 31 10 7 39.950 104.126600 31.843020 .0 15.2
2008 5 31 10 11 47.260 104.904000 32.310940 2.8 15.6
2008 5 31 11 3 23.180 103.389300 30.896320 2.8 14.2
2008 5 31 11 9 19.790 103.346500 30.923880 3.2 15.3
2008 5 31 11 28 16.680 105.570900 32.783600 2.8 15.7
2008 5 31 11 34 .900 103.621200 31.234220 3.1 14.3
2008 5 31 11 59 49.090 103.533100 31.303890 3.3 10.0
2008 5 31 12 34 40.870 103.490800 31.339630 2.0 15.9
2008 5 31 12 37 59.430 104.045600 31.619510 2.5 12.9
2008 5 31 13 8 36.540 103.582000 31.238750 2.5 12.9
2008 5 31 13 12 53.000 103.587400 31.240930 2.9 14.5
2008 5 31 13 35 5.870 103.905900 31.553970 2.4 16.0
2008 5 31 13 40 11.880 103.437700 31.197010 3.0 9.7
2008 5 31 13 54 7.610 103.921300 31.479760 2.9 14.6
2008 5 31 14 22 40.880 105.012200 32.419550 4.4 20.9
2008 5 31 14 45 32.510 103.872600 31.451210 2.8 12.8
2008 5 31 15 18 32.380 105.024000 32.402340 2.8 15.5
2008 5 31 15 32 46.250 103.413400 31.306530 3.7 12.7
2008 5 31 16 27 27.040 104.089000 31.699880 2.9 15.2
2008 5 31 17 11 43.260 105.149200 32.464780 2.9 15.9
2008 5 31 17 13 5.190 103.641500 31.296710 2.9 17.2
2008 5 31 17 54 39.250 103.388400 31.069470 2.8 10.2
2008 5 31 18 8 4.200 104.514000 32.004600 .0 13.5
2008 5 31 18 9 33.280 105.171600 32.493400 3.0 11.1
2008 5 31 20 3 26.030 103.617900 31.232730 2.6 14.4
2008 5 31 20 20 39.330 105.593600 32.792260 2.9 15.2
2008 5 31 20 26 49.730 105.396900 32.705990 2.2 9.0
2008 5 31 20 29 36.240 103.826800 31.425630 2.2 14.9
2008 5 31 20 47 29.360 103.104600 30.954970 2.1 14.9
2008 5 31 20 53 33.750 103.626400 31.232240 3.4 14.5
2008 5 31 21 5 22.900 103.553600 31.268230 2.2 10.0
2008 5 31 21 18 31.840 103.786100 31.292320 2.3 15.3
2008 5 31 21 41 47.310 103.547100 31.298270 2.2 9.7
2008 5 31 22 7 21.120 103.453800 31.206030 2.5 11.6
2008 5 31 22 8 51.690 104.108100 31.646730 2.6 16.8
2008 5 31 22 30 52.130 103.498300 31.270440 2.2 12.1
2008 5 31 22 38 26.860 104.287400 31.835020 2.0 10.2
2008 5 31 23 6 51.780 104.103100 31.818150 3.6 15.9
2008 5 31 23 26 36.770 105.195900 32.562500 3.6 14.6
2008 5 31 23 32 6.940 105.070300 32.468270 2.3 16.0
2008 5 31 23 33 34.300 103.465700 31.196870 2.4 9.6
2008 5 31 23 34 54.760 103.138400 31.357610 2.6 14.8
2008 5 31 23 39 8.610 103.429900 31.156120 3.6 13.3
2008 5 31 23 40 21.760 103.561800 31.259650 3.1 10.3
2008 5 31 23 44 30.420 103.596200 31.208760 2.2 11.8
2008 5 31 23 48 18.500 104.639200 32.104860 2.4 14.4
2008 6 1 0 15 9.660 103.561900 31.294560 2.1 17.2
2008 6 1 0 29 32.110 103.680100 31.352140 2.5 17.6
2008 6 1 0 31 44.700 104.064800 31.470050 2.3 14.5
2008 6 1 0 33 19.060 104.436600 32.005470 2.1 14.1
2008 6 1 0 43 32.410 103.809700 31.407320 2.7 17.4
2008 6 1 1 2 56.260 103.291500 30.947480 .0 15.7
2008 6 1 1 31 13.400 103.266700 30.851300 3.2 17.9
2008 6 1 1 36 26.290 104.264300 31.824570 2.1 11.4
2008 6 1 2 20 37.070 104.271400 31.948830 3.0 16.2
2008 6 1 2 35 19.630 105.229700 32.616530 2.8 13.7
2008 6 1 3 2 21.200 105.131800 32.469280 3.0 14.0
2008 6 1 4 0 7.260 105.206900 32.395820 2.7 11.7
2008 6 1 4 4 8.090 103.629600 31.199000 2.8 9.1
2008 6 1 4 21 23.170 103.686200 31.209010 2.3 14.1
2008 6 1 4 37 45.970 105.055800 32.419990 2.9 9.0
2008 6 1 4 42 2.900 104.915100 32.265530 2.5 14.7
2008 6 1 4 46 23.670 105.047900 32.451340 2.7 12.5
2008 6 1 4 57 50.860 103.380100 30.958980 3.0 13.0
2008 6 1 4 59 21.730 104.619200 32.200990 2.8 16.0
2008 6 1 5 13 11.130 104.304300 31.883270 2.2 6.9
2008 6 1 5 23 24.500 105.054700 32.409650 3.1 14.9
2008 6 1 5 34 3.220 103.468200 31.290900 3.6 11.8
2008 6 1 5 38 3.440 103.462800 31.291990 2.1 9.4
2008 6 1 5 53 31.540 105.166100 32.459240 3.2 17.2
2008 6 1 6 53 38.260 103.445700 31.191160 3.0 9.3
2008 6 1 7 16 17.450 103.588500 31.259270 4.1 17.8
2008 6 1 7 40 30.100 104.961300 32.362400 3.6 17.8
2008 6 1 8 6 2.060 104.963600 32.336830 2.8 13.6
2008 6 1 8 22 3.770 103.874600 31.451120 2.8 15.8
2008 6 1 8 23 30.550 104.293100 31.802030 3.0 13.3
2008 6 1 9 30 2.760 105.585400 32.767250 3.0 16.7
2008 6 1 9 51 11.740 103.608400 31.218560 2.8 10.8
2008 6 1 10 31 17.080 103.411500 30.945330 2.8 10.8
2008 6 1 10 53 8.370 103.325600 31.074420 2.8 9.4
2008 6 1 11 23 57.630 103.978300 31.637080 4.5 18.6
2008 6 1 11 29 57.690 104.200500 32.116090 .0 14.0
2008 6 1 12 21 28.800 103.327500 30.833510 2.8 15.4
2008 6 1 12 36 19.620 104.578600 32.149810 2.1 12.4
2008 6 1 12 43 5.320 103.322800 31.002010 2.4 12.7
2008 6 1 13 1 41.340 104.865100 32.296550 2.7 13.0
2008 6 1 13 5 18.590 103.425800 31.236440 3.3 17.5
2008 6 1 13 15 51.720 103.450700 31.258870 2.4 10.0
2008 6 1 13 20 10.890 104.055200 31.590600 3.7 17.0
2008 6 1 13 33 40.780 103.370700 31.342970 .0 10.3
2008 6 1 13 49 38.270 105.422400 32.681160 3.6 13.3
2008 6 1 13 58 50.330 103.619600 31.251950 2.7 14.2
2008 6 1 14 37 4.900 105.195600 32.549940 3.2 17.6
2008 6 1 15 54 43.530 104.627700 32.137620 3.6 16.1
2008 6 1 16 22 13.500 104.133300 31.868590 2.9 15.5
2008 6 1 16 57 55.410 103.272900 30.864950 2.9 17.5
2008 6 1 17 53 26.050 103.481600 31.315680 4.0 13.6
2008 6 1 18 5 3.160 103.474100 31.320150 2.8 9.2
2008 6 1 18 8 17.650 105.120800 32.498120 2.8 17.2
2008 6 1 18 18 7.320 104.242800 31.900250 2.9 11.5
2008 6 1 18 20 8.340 105.013600 32.392040 .0 15.5
2008 6 1 18 25 23.300 104.921000 32.464350 3.5 17.7
2008 6 1 18 49 26.110 103.880300 31.382040 2.9 17.3
2008 6 1 20 23 46.920 103.440300 31.330630 2.3 10.3
2008 6 1 20 34 26.120 103.561500 31.297060 3.4 14.5
2008 6 1 20 57 12.740 105.411800 32.699500 2.2 14.7
2008 6 1 20 57 24.720 103.671200 31.239100 2.7 14.8
2008 6 1 20 59 9.030 103.268000 30.673190 2.2 13.9
2008 6 1 21 1 59.320 103.353600 31.340770 3.3 15.3
2008 6 1 21 12 21.140 103.585600 31.241650 2.4 14.7
2008 6 1 21 53 25.810 103.969900 31.560900 3.1 16.4
2008 6 1 21 59 25.250 103.882800 31.404670 2.3 16.7
2008 6 1 22 6 16.560 104.968100 32.291690 3.2 13.1
2008 6 1 22 17 50.050 104.849700 32.259190 2.6 13.2
2008 6 1 22 21 10.440 103.558800 31.270690 2.5 17.4
2008 6 1 22 27 44.910 103.685500 31.264060 2.3 15.8
2008 6 1 22 35 15.570 103.430600 31.051690 2.7 2.2
2008 6 1 22 38 17.220 104.129600 31.856390 3.4 16.4
2008 6 1 22 56 57.140 103.753000 31.352370 3.1 17.0
2008 6 1 23 20 15.020 103.431700 31.314230 2.3 10.8
2008 6 1 23 47 20.650 104.918600 32.318180 2.9 10.9
2008 6 2 0 14 52.500 104.954200 32.363210 3.3 16.3
2008 6 2 0 17 7.390 105.019200 32.384440 3.1 13.5
2008 6 2 0 26 30.140 104.072000 32.005830 2.1 15.3
2008 6 2 0 36 39.840 103.915100 31.500260 2.6 15.8
2008 6 2 1 2 7.260 105.023700 32.411240 3.0 15.3
2008 6 2 1 12 23.050 103.637100 31.304440 2.5 19.4
2008 6 2 1 39 8.590 103.371800 31.027170 2.9 10.7
2008 6 2 1 50 33.160 103.276400 31.084540 2.0 10.7
2008 6 2 2 41 22.550 103.348000 31.099040 2.7 11.5
2008 6 2 3 8 54.650 103.686900 31.265630 4.2 15.7
2008 6 2 3 21 24.840 105.365000 32.650800 2.9 18.6
2008 6 2 3 39 51.490 104.042100 31.623770 2.8 13.4
2008 6 2 3 48 10.630 103.405300 31.365480 3.0 6.4
2008 6 2 4 8 57.970 105.302600 32.624460 3.2 16.0
2008 6 2 4 27 57.930 104.617500 32.237590 3.4 15.8
2008 6 2 4 52 22.160 103.729500 31.383600 2.9 16.7
2008 6 2 5 36 18.270 104.229300 31.741710 3.0 8.7
2008 6 2 5 45 38.750 103.261700 31.051940 3.5 15.0
2008 6 2 6 31 14.620 103.339100 31.374170 3.2 12.4
2008 6 2 6 31 40.610 105.096800 32.430190 .0 16.0
2008 6 2 6 44 40.410 104.585500 32.124110 3.0 15.1
2008 6 2 7 46 10.890 104.213500 31.670240 2.8 7.4
2008 6 2 8 4 29.230 103.767000 31.376310 2.2 17.1
2008 6 2 8 42 .260 103.760500 31.409270 2.6 18.7
2008 6 2 9 36 25.860 103.361200 31.042840 2.0 10.3
2008 6 2 9 56 43.900 104.251500 31.966710 2.1 15.4
2008 6 2 10 37 50.050 103.301400 31.181660 3.2 20.2
2008 6 2 11 0 37.610 103.307100 30.954440 2.9 15.3
2008 6 2 11 40 14.910 104.898300 32.307210 3.3 15.6
2008 6 2 12 57 29.810 104.288300 31.936650 3.1 13.3
2008 6 2 13 8 41.050 105.583200 32.772950 3.1 12.8
2008 6 2 14 39 7.350 103.401600 31.308990 4.3 13.7
2008 6 2 14 46 22.190 103.584600 31.217580 3.0 10.7
2008 6 2 14 59 43.340 105.583900 32.768250 2.9 16.6
2008 6 2 15 5 40.450 105.203000 32.589600 2.9 14.8
2008 6 2 15 18 27.000 105.423100 32.679860 3.5 12.7
2008 6 2 16 9 28.050 103.599400 31.272120 2.1 14.7
2008 6 2 16 34 37.160 103.346400 31.373090 2.0 11.0
2008 6 2 16 43 28.930 103.537000 31.306040 2.3 10.4
2008 6 2 17 0 39.830 105.126200 32.437720 3.1 15.0
2008 6 2 17 5 .310 104.262400 31.884690 2.1 15.4
2008 6 2 17 27 58.500 103.384600 31.044690 2.4 11.0
2008 6 2 18 1 14.670 105.439700 32.734310 3.1 10.5
2008 6 2 18 4 3.000 105.423200 32.833360 3.0 10.4
2008 6 2 18 34 20.240 104.039600 31.559530 3.8 17.5
2008 6 2 18 51 39.990 103.469400 31.178720 3.0 18.0
2008 6 2 19 7 22.460 103.915500 31.411530 3.4 9.6
2008 6 2 19 35 52.150 104.261200 31.762290 .0 11.0
2008 6 2 20 58 33.770 103.669000 31.237840 .0 12.2
2008 6 2 21 23 36.270 105.430400 32.768490 2.8 12.1
2008 6 2 22 15 16.290 103.182900 31.007400 2.9 15.5
2008 6 3 0 39 17.750 103.839500 31.367970 3.1 15.7
2008 6 3 1 24 1.270 103.727100 31.246280 .0 16.0
2008 6 3 2 8 25.570 105.112700 32.474410 3.4 16.9
2008 6 3 2 42 58.010 105.115200 32.439380 3.0 14.7
2008 6 3 3 25 23.220 103.256800 30.881890 3.4 17.3
2008 6 3 3 56 44.650 104.551300 32.170620 2.9 16.1
2008 6 3 4 13 29.210 103.345500 30.990000 2.4 12.4
2008 6 3 4 26 38.690 103.646900 31.249150 2.3 15.1
2008 6 3 4 27 46.630 103.271300 31.081060 3.1 8.0
2008 6 3 4 33 41.200 103.626600 31.261870 2.2 13.4
2008 6 3 5 12 53.540 104.960900 32.275000 2.1 14.2
2008 6 3 5 24 7.460 105.003000 32.371570 3.4 16.7
2008 6 3 5 29 51.620 103.541700 31.303140 3.1 14.7
2008 6 3 5 37 11.870 103.713600 31.273730 2.1 16.0
2008 6 3 6 21 11.920 103.470600 31.207270 2.1 14.5
2008 6 3 6 29 58.270 104.380000 31.868260 2.9 9.4
2008 6 3 6 44 2.270 105.153100 32.448170 3.2 14.6
2008 6 3 7 34 10.580 105.150600 32.455810 2.2 14.2
2008 6 3 7 35 20.960 103.302000 31.038470 2.2 12.1
2008 6 3 7 40 48.450 103.892900 31.457200 2.2 16.6
2008 6 3 7 53 40.540 103.651100 31.450900 2.5 9.8
2008 6 3 7 56 50.590 103.780800 31.420720 2.4 16.8
2008 6 3 8 2 .350 105.006800 32.377310 3.0 16.4
2008 6 3 8 3 53.490 105.469500 32.841850 2.8 8.5
2008 6 3 8 50 40.460 103.521200 31.149610 3.0 11.7
2008 6 3 9 6 44.320 105.444700 32.828010 2.7 8.9
2008 6 3 9 22 3.720 104.320400 31.974590 3.0 12.5
2008 6 3 10 24 7.650 104.282400 31.739560 2.9 7.3
2008 6 3 11 8 36.690 103.543500 31.437480 .0 13.1
2008 6 3 11 9 29.640 104.547500 31.997630 .0 12.6
2008 6 3 11 16 53.100 103.538200 31.434100 2.9 7.7
2008 6 3 12 3 9.360 103.678700 31.299270 2.3 15.9
2008 6 3 12 30 33.060 103.603000 31.471540 2.5 14.4
2008 6 3 12 33 8.750 103.443400 31.320530 2.5 10.4
2008 6 3 12 54 17.020 103.640800 31.286770 2.7 20.7
2008 6 3 13 19 32.650 103.743700 31.286810 2.1 13.6
2008 6 3 13 21 16.070 104.258000 31.768310 2.4 13.6
2008 6 3 13 29 52.020 103.446300 31.196390 2.2 8.3
2008 6 3 13 40 45.960 103.479900 31.223490 2.3 17.4
2008 6 3 14 1 .420 104.158100 31.353690 2.3 14.9
2008 6 3 14 22 56.190 103.368800 30.994340 2.0 13.4
2008 6 3 15 17 5.870 104.587100 32.175860 3.7 13.9
2008 6 3 15 25 37.150 103.449900 31.194090 2.8 8.2
2008 6 3 15 31 34.430 104.849000 32.265000 2.6 13.2
2008 6 3 16 23 21.700 104.918900 32.327840 3.0 16.7
2008 6 3 17 2 3.320 105.345300 32.635060 3.2 18.2
2008 6 3 17 50 18.730 104.244400 31.898100 3.3 10.9
2008 6 3 19 38 49.770 104.966200 32.345330 3.1 16.9
2008 6 3 19 59 20.280 104.254700 31.947210 2.4 17.4
2008 6 3 20 51 23.740 103.754200 31.363720 2.4 16.5
2008 6 3 21 5 18.120 103.474600 31.234190 3.0 12.7
2008 6 3 21 10 41.100 103.927000 31.520460 2.0 13.9
2008 6 3 21 14 11.400 105.079200 32.403680 2.6 15.5
2008 6 3 21 34 42.390 104.047200 31.554220 2.4 13.0
2008 6 3 21 46 59.800 104.935800 32.331840 2.3 12.4
2008 6 3 21 56 25.520 105.019500 32.460120 3.0 14.0
2008 6 3 23 22 39.940 105.132700 32.413670 3.2 18.5
2008 6 3 23 44 .650 104.284100 31.544300 2.8 17.5
2008 6 3 23 53 4.810 104.395100 32.082380 2.8 16.1
2008 6 4 0 10 38.940 105.583500 32.781370 2.8 16.2
2008 6 4 0 42 19.660 104.945200 32.300280 3.2 12.3
2008 6 4 1 7 58.920 105.172100 32.511650 2.9 16.0
2008 6 4 1 49 6.240 103.973429 31.619165 3.0 18.0
2008 6 4 2 0 59.620 104.971900 32.339950 2.5 15.5
2008 6 4 2 17 43.520 104.782300 32.258820 2.2 11.9
2008 6 4 2 32 42.230 104.997100 32.370600 3.0 15.5
2008 6 4 2 54 20.670 104.819800 32.359570 2.2 8.0
2008 6 4 3 0 49.980 103.332400 30.804540 2.5 9.6
2008 6 4 3 15 52.780 104.735900 32.184430 2.9 12.8
2008 6 4 4 25 10.780 104.017300 31.614070 2.9 12.8
2008 6 4 4 35 56.930 104.003400 31.661660 .0 21.9
2008 6 4 4 45 40.200 104.299300 31.738190 .0 3.7
2008 6 4 5 24 47.150 103.557900 31.177360 3.1 11.4
2008 6 4 5 50 44.070 104.094500 31.805710 3.0 16.5
2008 6 4 8 23 3.350 104.647100 32.113000 2.4 15.4
2008 6 4 8 29 37.670 105.018200 32.406080 2.3 16.4
2008 6 4 8 45 25.020 103.930900 31.432320 3.4 16.7
2008 6 4 9 46 26.900 104.047200 31.592620 2.3 15.4
2008 6 4 10 3 53.350 103.911100 31.458040 2.9 14.9
2008 6 4 11 10 48.730 103.868400 31.422800 3.4 14.2
2008 6 4 12 12 44.280 104.934900 32.360160 3.6 14.8
2008 6 4 12 13 41.730 104.030900 31.569960 3.6 17.4
2008 6 4 12 39 53.700 105.092300 32.576930 3.4 17.3
2008 6 4 13 4 19.530 103.669800 31.242000 3.3 11.9
2008 6 4 13 10 17.040 105.350100 32.637110 2.9 17.9
2008 6 4 13 46 33.930 103.712400 31.234830 2.9 11.3
2008 6 4 14 36 23.360 104.303800 31.778980 2.9 10.9
2008 6 4 14 41 36.830 105.248700 32.605810 3.2 18.7
2008 6 4 15 6 15.100 103.431500 31.309810 3.3 8.4
2008 6 4 15 54 6.470 103.905000 31.425180 2.9 15.3
2008 6 4 16 19 43.080 103.336600 30.923310 .0 7.2
2008 6 4 19 23 46.730 103.867000 31.420850 4.0 15.8
2008 6 4 20 2 24.520 103.845500 31.399210 3.7 18.4
2008 6 4 21 42 40.270 104.274500 31.949850 3.5 13.1
2008 6 4 22 3 5.420 105.416800 32.670310 3.4 22.0
2008 6 4 22 50 53.440 104.978900 32.355030 3.6 15.5
2008 6 4 23 0 57.840 103.386800 31.114580 3.6 11.7
2008 6 4 23 27 24.200 104.858100 32.291810 2.8 16.2
2008 6 4 23 38 22.740 104.054700 31.700040 2.8 13.5
2008 6 4 23 52 25.630 103.607600 31.246970 3.4 17.4
2008 6 5 0 32 27.450 103.448200 31.087380 3.0 13.5
2008 6 5 1 26 42.420 105.051400 32.337070 4.3 17.0
2008 6 5 2 32 2.150 103.368900 30.908540 2.9 6.1
2008 6 5 3 4 41.750 104.612100 32.074990 2.8 13.9
2008 6 5 3 15 54.450 104.632100 32.036930 3.5 14.1
2008 6 5 4 12 2.350 103.466400 31.220410 2.9 12.4
2008 6 5 4 16 45.740 104.979600 32.293930 3.0 15.7
2008 6 5 5 3 32.780 103.369300 31.017040 2.8 12.0
2008 6 5 5 21 38.770 103.380800 31.173050 4.5 17.7
2008 6 5 5 32 54.170 103.389000 31.174850 3.6 17.1
2008 6 5 5 55 53.970 103.799500 31.307250 2.8 11.3
2008 6 5 6 52 29.970 103.289800 30.820030 3.5 15.8
2008 6 5 7 26 32.010 104.273700 31.542780 3.0 16.0
2008 6 5 9 10 46.140 103.955300 31.488410 3.0 12.7
2008 6 5 9 46 29.470 104.341900 31.846650 2.8 11.5
2008 6 5 10 2 18.260 104.910000 32.306780 2.8 13.9
2008 6 5 10 3 24.060 104.907400 32.305880 3.1 13.1
2008 6 5 11 20 8.120 104.271400 31.775540 2.7 11.2
2008 6 5 11 21 51.670 103.391900 30.896830 4.0 17.1
2008 6 5 12 12 4.780 105.056800 32.419490 3.1 17.1
2008 6 5 12 41 6.750 105.000500 32.364950 5.1 17.9
2008 6 5 12 54 13.570 105.007600 32.357920 2.8 15.6
2008 6 5 13 6 39.130 105.004200 32.375690 3.6 18.2
2008 6 5 13 14 12.260 103.204000 31.261500 3.6 14.0
2008 6 5 13 28 43.000 105.002700 32.358430 3.1 16.6
2008 6 5 13 41 16.490 105.004500 32.362030 3.1 17.1
2008 6 5 14 2 29.550 105.455800 32.751000 .0 11.5
2008 6 5 14 35 29.020 103.372500 30.898640 .0 12.9
2008 6 5 14 45 57.680 104.937700 32.295800 3.1 17.5
2008 6 5 16 2 21.830 104.013900 31.674730 3.4 17.7
2008 6 5 16 13 20.370 104.259700 31.909960 2.7 14.8
2008 6 5 16 23 29.510 103.587900 31.270690 3.5 14.4
2008 6 5 16 37 37.630 104.875400 32.290380 3.6 14.4
2008 6 5 16 46 42.500 104.001000 31.841990 3.4 14.0
2008 6 5 16 51 43.100 105.005500 32.355300 3.2 17.2
2008 6 5 16 54 19.090 105.015900 32.367780 2.8 15.7
2008 6 5 17 19 46.890 105.136200 32.505020 3.7 18.2
2008 6 5 17 46 .570 104.262900 31.793750 2.8 11.9
2008 6 5 18 3 53.650 105.577600 32.790330 2.9 13.7
2008 6 5 19 0 45.770 105.379500 32.623550 3.6 14.3
2008 6 5 19 3 57.310 104.883500 32.319020 3.1 13.7
2008 6 5 19 24 47.470 105.092500 32.564250 3.3 17.4
2008 6 5 20 7 1.150 105.227900 32.559490 3.4 13.2
2008 6 5 20 36 56.690 104.968400 32.341200 3.3 15.8
2008 6 5 21 3 38.440 103.940000 31.538980 3.3 15.1
2008 6 5 21 22 52.810 105.178600 32.569310 3.2 15.6
2008 6 5 21 32 36.670 103.679400 31.205520 3.1 13.4
2008 6 5 21 45 14.430 103.615900 31.243230 3.4 15.3
2008 6 5 21 53 44.900 103.459700 31.095650 3.3 14.1
2008 6 5 23 20 24.190 103.365400 30.850010 3.7 13.6
2008 6 5 23 54 30.890 105.582800 32.770240 3.0 17.0
2008 6 6 0 18 16.850 104.366200 31.862170 3.4 10.5
2008 6 6 2 11 13.170 103.261900 30.996770 2.8 8.5
2008 6 6 2 15 19.800 104.897000 32.423580 2.7 14.8
2008 6 6 2 42 7.520 104.851700 32.262680 3.1 15.1
2008 6 6 2 46 34.720 104.953200 32.254260 3.4 15.6
2008 6 6 3 28 29.220 105.285300 32.574090 3.0 15.1
2008 6 6 5 5 .300 103.322900 30.813980 3.7 14.1
2008 6 6 6 23 21.080 104.173900 31.882130 3.3 15.4
2008 6 6 7 38 49.920 104.999000 32.363450 2.7 18.0
2008 6 6 7 54 36.450 103.349300 30.786150 3.1 16.0
2008 6 6 7 58 29.460 103.972400 31.644710 .0 19.9
2008 6 6 8 40 33.720 105.377200 32.640760 2.8 10.8
2008 6 6 8 43 54.170 103.546800 31.179870 3.5 13.2
2008 6 6 8 52 21.320 103.353700 31.080890 3.0 12.6
2008 6 6 8 54 51.680 105.075200 32.448320 3.2 15.2
2008 6 6 9 9 16.560 104.314200 31.777470 3.2 11.7
2008 6 6 9 49 14.740 103.393900 31.009280 2.9 12.8
2008 6 6 11 15 52.540 104.330900 31.876600 2.8 9.5
2008 6 6 11 49 9.300 104.135600 31.867520 3.1 16.3
2008 6 6 13 19 57.220 103.442300 31.041430 3.2 12.7
2008 6 6 13 28 22.710 104.970500 32.344650 3.3 15.0
2008 6 6 15 59 27.350 104.437500 31.967510 3.3 9.1
2008 6 6 16 7 50.320 105.331800 32.698940 3.9 17.9
2008 6 6 16 50 4.290 103.428500 31.317900 .0 10.8
2008 6 6 17 12 1.870 104.807500 32.246490 3.3 12.4
2008 6 6 18 6 12.960 104.908500 32.326110 2.9 17.2
2008 6 6 18 48 52.540 105.259200 32.568070 3.3 15.2
2008 6 6 19 3 51.220 103.749500 31.252250 4.4 16.2
2008 6 6 20 22 3.620 103.422300 31.044790 3.6 5.5
2008 6 6 20 24 6.900 103.940900 31.531680 3.4 15.2
2008 6 6 21 6 37.590 105.122400 32.493540 3.9 20.4
2008 6 6 21 15 49.990 103.475100 31.421880 3.8 14.6
2008 6 6 21 21 48.190 103.161200 31.728170 3.4 9.5
2008 6 6 22 38 47.890 103.284900 31.111720 .0 17.8
2008 6 7 0 22 43.320 105.150700 32.555250 3.8 17.5
2008 6 7 1 1 52.530 104.036200 31.539770 3.5 13.6
2008 6 7 1 12 33.250 105.215300 32.546860 3.7 16.1
2008 6 7 3 28 11.050 104.587200 32.236530 2.7 14.6
2008 6 7 6 1 17.040 103.293600 30.971920 3.0 13.1
2008 6 7 6 58 34.050 105.092000 32.467710 2.9 13.7
2008 6 7 7 54 48.240 104.442300 32.061160 3.9 14.1
2008 6 7 8 48 11.480 103.430100 31.193760 .0 11.1
2008 6 7 10 18 12.660 104.881300 32.335870 3.7 19.9
2008 6 7 10 27 54.690 105.198200 32.565580 3.5 14.1
2008 6 7 10 59 46.560 104.989500 32.381450 3.4 16.0
2008 6 7 11 6 30.080 105.214200 32.400640 2.8 16.7
2008 6 7 11 37 21.270 105.165800 32.563360 2.8 15.7
2008 6 7 12 44 16.920 104.244900 31.803580 2.8 10.3
2008 6 7 12 46 52.230 103.394200 30.998720 2.9 9.3
2008 6 7 14 28 32.340 105.397100 32.590360 4.5 12.5
2008 6 7 15 32 46.010 105.152700 32.539210 4.3 15.9
2008 6 7 15 37 39.600 105.186500 32.558930 2.7 8.7
2008 6 7 16 37 10.540 103.871600 31.375140 3.3 16.0
2008 6 7 17 16 24.460 103.565900 31.243010 3.0 16.7
2008 6 7 17 47 2.840 103.683500 31.145570 3.2 15.0
2008 6 7 19 54 9.210 103.434100 31.196600 3.0 13.8
2008 6 7 21 23 55.950 104.904500 32.309360 3.4 13.0
2008 6 7 22 50 38.540 105.258700 32.570870 3.2 12.3
2008 6 7 23 2 57.550 104.961400 32.460800 3.4 16.1
2008 6 7 23 9 10.540 104.580600 32.157950 3.3 14.5
2008 6 8 0 5 6.360 103.536000 31.426770 2.9 11.7
2008 6 8 1 41 23.840 104.433300 31.959800 2.8 9.7
2008 6 8 2 24 51.380 104.996900 32.358670 3.7 15.0
2008 6 8 2 35 17.050 103.660800 31.242470 3.0 15.1
2008 6 8 3 32 35.070 104.938300 32.287820 3.1 14.3
2008 6 8 4 57 15.110 105.350400 32.606310 3.0 16.5
2008 6 8 5 55 47.510 105.138600 32.542590 3.7 16.6
2008 6 8 6 14 30.370 105.123300 32.532960 4.6 16.8
2008 6 8 7 5 59.420 103.547300 31.143940 2.9 10.3
2008 6 8 7 47 46.390 105.227400 32.552010 .0 10.6
2008 6 8 7 55 41.930 104.040400 31.598250 3.8 16.1
2008 6 8 8 8 25.530 105.318800 32.697070 2.8 .1
2008 6 8 9 59 7.510 103.560700 31.297730 2.9 13.4
2008 6 8 15 1 19.850 104.632800 32.168580 3.2 13.0
2008 6 8 17 3 24.910 104.720800 32.218950 .0 13.9
2008 6 8 18 9 10.570 103.422700 30.993010 2.9 11.6
2008 6 8 18 43 27.350 104.884700 32.294280 3.0 12.8
2008 6 8 18 51 17.850 104.261600 31.892810 5.1 12.2
2008 6 8 19 34 46.290 103.818800 31.295680 3.3 20.1
2008 6 8 19 49 43.910 103.271400 30.941420 2.7 13.0
2008 6 8 20 15 38.800 105.487300 32.768660 3.9 16.8
2008 6 8 20 38 16.560 103.782500 31.379500 3.0 16.0
2008 6 8 20 53 3.380 104.933600 32.379650 3.0 16.9
2008 6 8 22 35 29.590 104.209700 31.863560 3.2 12.0
2008 6 8 23 4 3.820 104.326300 31.783680 2.9 11.8
2008 6 9 0 22 27.580 103.228600 30.860990 3.1 15.2
2008 6 9 0 30 19.320 103.509400 31.276290 3.5 12.8
2008 6 9 2 7 33.500 103.475900 31.312060 3.6 11.0
2008 6 9 2 22 45.810 103.563000 31.305800 3.4 13.9
2008 6 9 2 41 51.620 105.202200 32.625410 3.2 12.0
2008 6 9 3 48 3.770 104.360500 31.837960 3.6 4.3
2008 6 9 4 10 59.540 104.973600 32.353990 2.8 15.2
2008 6 9 4 21 25.960 104.203600 31.808740 3.0 16.4
2008 6 9 5 6 2.090 105.370700 32.578900 3.1 9.6
2008 6 9 5 27 23.630 104.069200 31.620900 3.1 14.4
2008 6 9 6 17 21.220 104.547000 32.068630 3.0 14.9
2008 6 9 6 53 58.420 105.352400 32.627860 2.8 20.9
2008 6 9 6 55 36.750 105.002100 32.369940 4.0 17.1
2008 6 9 8 40 59.520 103.350000 30.976820 2.9 2.8
2008 6 9 9 39 29.980 103.474700 31.199690 3.7 14.5
2008 6 9 10 12 58.060 105.216800 32.586290 3.4 15.0
2008 6 9 11 3 51.480 104.358400 31.854920 3.5 7.2
2008 6 9 11 29 58.710 104.474000 32.195210 2.9 16.9
2008 6 9 14 35 21.660 104.265700 31.892900 3.6 10.6
2008 6 9 15 28 37.620 103.698100 31.353360 5.2 18.0
2008 6 9 15 32 7.210 105.108100 32.462380 2.9 10.2
2008 6 9 17 17 41.350 104.259500 31.787360 3.2 12.4
2008 6 9 17 22 27.440 104.949500 32.277480 2.9 16.5
2008 6 9 17 54 37.280 104.565700 32.132440 3.6 15.5
2008 6 9 20 39 35.870 105.203800 32.480920 3.0 15.9
2008 6 9 21 24 2.460 104.236800 31.731930 3.3 9.8
2008 6 9 22 18 25.220 103.342900 31.004290 3.3 12.2
2008 6 9 23 36 41.150 103.545400 31.308510 3.7 14.1
2008 6 9 23 52 18.130 104.276700 31.908350 2.9 10.9
2008 6 10 0 35 .710 105.056600 32.345540 3.0 14.2
2008 6 10 1 20 19.200 105.008500 32.442110 2.7 13.7
2008 6 10 1 27 27.820 104.107600 31.709490 3.8 17.0
2008 6 10 1 29 58.520 103.582800 31.210360 2.8 12.2
2008 6 10 1 34 21.130 105.026100 32.391660 3.5 16.8
2008 6 10 1 41 51.370 105.400800 32.683100 2.8 18.0
2008 6 10 3 44 15.140 103.179800 30.984460 2.9 17.3
2008 6 10 5 46 38.530 103.669300 31.269360 3.0 16.8
2008 6 10 6 5 34.400 105.445200 32.813340 3.0 9.9
2008 6 10 6 25 55.660 103.591600 31.230870 3.1 14.3
2008 6 10 7 20 16.470 104.469300 32.057800 4.0 17.5
2008 6 10 7 26 54.050 105.005200 32.372870 2.9 15.6
2008 6 10 8 1 57.120 105.029300 32.385310 3.7 14.1
2008 6 10 8 43 56.250 104.597500 32.116970 3.0 11.5
2008 6 10 10 15 4.280 104.990800 32.360850 4.1 14.9
2008 6 10 10 59 24.090 104.988100 32.274280 3.4 13.9
2008 6 10 12 58 28.990 104.024300 31.663150 3.6 18.1
2008 6 10 13 49 11.950 103.630300 31.310270 2.8 15.5
2008 6 10 13 55 16.210 105.373700 32.685640 3.5 14.0
2008 6 10 14 44 24.110 104.513900 32.017850 3.4 14.4
2008 6 10 16 34 52.300 105.190300 32.558770 3.5 9.2
2008 6 10 17 36 22.520 104.964300 32.365550 3.2 17.6
2008 6 10 19 33 58.300 104.923000 32.298950 3.7 13.1
2008 6 10 20 2 17.650 105.005800 32.359900 2.7 14.7
2008 6 10 21 4 7.530 105.276000 32.622170 3.0 18.4
2008 6 10 21 53 18.970 104.360900 31.840400 3.3 9.4
2008 6 11 3 40 32.490 104.572500 32.092600 3.9 16.4
2008 6 11 3 44 9.580 103.655900 31.278430 2.8 13.2
2008 6 11 5 50 12.760 103.871100 31.442400 2.9 16.1
2008 6 11 6 3 25.610 105.002600 32.358330 3.3 14.5
2008 6 11 6 13 57.710 103.245300 30.806510 3.3 15.1
2008 6 11 6 23 20.810 103.261600 30.893350 5.0 16.1
2008 6 11 7 17 49.840 103.558400 31.160600 3.2 13.3
2008 6 11 8 44 53.280 104.762600 32.245620 3.0 17.4
2008 6 11 8 55 19.640 105.105500 32.357600 2.8 16.2
2008 6 11 8 58 5.900 103.288600 30.908540 3.0 16.9
2008 6 11 9 56 51.920 103.418200 31.177360 2.8 13.2
2008 6 11 10 3 32.150 103.160000 31.740570 2.7 11.7
2008 6 11 10 20 12.920 103.257400 30.918420 3.7 13.0
2008 6 11 12 24 49.030 103.273600 30.925780 4.0 16.7
2008 6 11 13 0 38.580 104.199500 31.763380 4.2 12.8
2008 6 11 13 2 9.150 104.195700 31.765630 3.0 8.4
2008 6 11 16 21 42.710 103.322000 31.052860 2.8 12.3
2008 6 11 16 29 59.100 104.320200 31.735850 3.8 9.5
2008 6 11 17 57 46.870 103.564900 31.156540 2.7 12.7
2008 6 11 19 1 54.250 103.213800 30.984050 3.0 16.2
2008 6 11 19 12 14.620 104.619700 32.190110 3.1 16.5
2008 6 11 19 23 38.090 103.603100 31.234040 3.7 13.5
2008 6 11 19 29 59.220 104.421200 31.958920 3.0 10.8
2008 6 11 20 31 12.750 104.676300 32.153140 2.7 11.9
2008 6 11 21 6 42.870 105.305700 32.605480 3.0 17.5
2008 6 11 21 14 37.860 105.271500 32.582310 3.1 17.2
2008 6 11 21 31 29.340 103.266100 30.954950 2.8 12.3
2008 6 11 21 42 5.260 103.202400 31.006090 3.4 16.8
2008 6 11 22 21 32.720 105.187200 32.476250 3.1 9.5
2008 6 12 0 16 8.780 104.900600 32.327880 3.1 18.8
2008 6 12 4 48 51.440 103.273600 31.072710 2.8 12.7
2008 6 12 5 17 8.910 104.261500 31.901250 3.2 9.9
2008 6 12 5 18 10.340 103.751600 31.282310 3.0 17.0
2008 6 12 7 47 5.040 104.267000 31.910080 2.7 9.3
2008 6 12 8 11 55.610 103.162900 30.993950 2.9 17.1
2008 6 12 8 32 46.230 103.366600 31.014990 3.0 7.4
2008 6 12 8 53 12.240 104.279300 31.789780 2.8 12.2
2008 6 12 9 36 2.750 103.553400 31.272010 3.0 11.6
2008 6 12 9 44 17.100 103.738300 31.265590 2.8 16.2
2008 6 12 10 18 15.170 103.752200 31.299650 3.5 12.6
2008 6 12 11 2 55.190 103.822600 31.419590 2.8 16.0
2008 6 12 12 7 36.760 104.943500 32.283660 3.0 14.1
2008 6 12 13 33 36.830 105.207700 32.518620 3.4 15.9
2008 6 12 14 16 18.310 103.942900 31.476390 3.1 15.8
2008 6 12 17 17 41.350 103.753600 31.269560 3.2 17.0
2008 6 12 18 55 32.740 103.364000 31.350320 3.8 12.3
2008 6 12 20 46 32.480 103.346200 31.382200 2.9 13.3
2008 6 12 22 9 28.050 103.565200 31.160680 2.9 12.9
2008 6 13 1 13 13.010 104.906800 32.319470 2.8 16.2
2008 6 13 1 48 58.800 104.927400 32.317900 3.3 14.5
2008 6 13 2 33 40.880 104.606300 32.158240 3.5 14.7
2008 6 13 3 8 49.110 103.951400 31.462000 3.8 15.1
2008 6 13 4 57 50.450 103.783300 31.432500 3.1 18.0
2008 6 13 7 29 44.590 103.450800 31.176010 3.7 13.6
2008 6 13 7 42 7.500 103.504900 31.186750 2.8 12.4
2008 6 13 11 0 22.480 103.265800 30.969970 3.5 16.0
2008 6 13 13 8 9.500 104.930900 32.262800 3.8 13.5
2008 6 13 14 14 3.540 103.330100 31.340560 2.8 9.3
2008 6 13 14 38 12.040 105.400300 32.710740 3.1 17.0
2008 6 13 15 30 10.020 104.364100 31.892830 2.9 10.2
2008 6 13 16 19 25.160 104.797400 32.319630 3.4 6.6
2008 6 13 18 57 49.960 105.069700 32.388030 2.8 13.0
2008 6 13 22 38 56.760 105.580000 32.790730 2.9 17.4
2008 6 13 22 48 16.600 104.067200 31.658710 3.3 16.1
2008 6 13 22 49 6.920 103.730200 31.333910 3.0 17.1
2008 6 14 0 22 15.380 104.875400 32.315530 3.4 13.8
2008 6 14 0 33 15.450 104.899500 32.344240 2.9 19.4
2008 6 14 1 6 7.540 105.350900 32.611130 2.8 13.2
2008 6 14 2 46 46.130 105.189600 32.612770 3.0 11.1
2008 6 14 3 20 19.680 103.905000 31.764030 3.9 15.0
2008 6 14 4 1 9.410 105.499700 32.782080 3.1 15.9
2008 6 14 4 16 50.590 103.315100 31.017160 2.9 12.7
2008 6 14 5 44 18.980 103.314100 31.014300 4.2 13.7
2008 6 14 8 28 56.380 103.688300 31.235180 3.2 17.4
2008 6 14 10 5 57.720 103.670700 31.253610 4.2 16.0
2008 6 14 10 31 28.870 103.774000 31.233320 3.4 19.8
2008 6 14 10 47 26.190 104.694500 32.179030 3.1 14.6
2008 6 14 11 49 48.990 104.244500 31.761200 2.9 12.5
2008 6 14 13 25 47.730 103.393800 31.185630 3.4 14.0
2008 6 14 13 33 32.820 104.615100 32.166710 2.8 13.1
2008 6 14 14 24 38.600 105.076100 32.460580 3.4 15.5
2008 6 14 14 28 29.660 103.253000 30.934980 4.3 17.8
2008 6 14 16 14 23.330 103.297500 31.086800 2.7 6.9
2008 6 14 16 27 17.760 104.232000 31.795270 3.0 14.3
2008 6 14 17 0 10.260 103.976800 31.487210 3.8 16.5
2008 6 14 17 22 9.380 104.023400 31.512830 3.0 14.8
2008 6 14 17 43 36.510 103.342900 31.031460 2.9 9.6
2008 6 14 18 45 8.870 103.663700 31.303400 3.5 15.2
2008 6 14 19 6 6.750 105.580100 32.765120 3.6 17.1
2008 6 14 20 37 1.560 105.093600 32.425460 3.6 15.6
2008 6 14 21 44 11.360 104.592700 32.162450 3.5 13.3
2008 6 14 22 51 35.280 105.116300 32.513090 3.0 18.2
2008 6 14 22 59 7.550 103.651000 31.203090 3.4 17.5
2008 6 14 23 16 31.080 103.643600 31.207980 3.2 16.8
2008 6 15 0 27 51.800 104.294400 31.774280 3.0 13.1
2008 6 15 0 39 1.450 105.146900 32.585350 3.2 9.7
2008 6 15 0 53 53.740 103.315100 31.106930 3.1 15.0
2008 6 15 1 11 42.500 103.356900 31.006280 2.7 10.1
2008 6 15 2 43 57.710 105.258300 32.499420 3.1 12.8
2008 6 15 2 52 3.340 103.655800 31.301260 2.7 15.3
2008 6 15 4 26 18.380 103.311100 31.190660 3.0 18.0
2008 6 15 4 59 7.110 103.490100 31.268420 3.2 12.4
2008 6 15 7 2 52.830 103.242300 30.870820 2.8 15.2
2008 6 15 8 0 31.190 104.030300 31.562260 3.9 13.9
2008 6 15 8 11 22.320 103.640800 31.222850 4.9 14.6
2008 6 15 8 12 48.980 103.604700 31.225770 3.4 14.7
2008 6 15 8 17 21.810 105.293000 32.594170 3.1 14.3
2008 6 15 9 42 35.900 105.029600 32.375660 3.0 13.7
2008 6 15 9 55 51.370 103.597600 31.261340 2.8 13.7
2008 6 15 10 32 16.910 104.993500 32.383030 2.7 14.5
2008 6 15 10 37 38.810 104.883900 32.468360 3.3 17.4
2008 6 15 10 52 51.560 103.884200 31.396690 2.8 14.7
2008 6 15 11 0 38.610 104.253200 31.752560 2.7 11.9
2008 6 15 11 34 29.870 104.099000 31.417550 4.3 17.3
2008 6 15 12 21 31.440 103.988700 31.468250 4.0 15.9
2008 6 15 13 28 33.300 104.602700 32.205910 4.1 15.3
2008 6 15 13 58 33.890 104.328400 31.855750 3.1 11.0
2008 6 15 16 58 58.960 104.541700 32.052900 3.0 15.1
2008 6 15 17 56 25.690 104.247600 31.681310 3.5 8.9
2008 6 15 18 14 41.010 104.938500 32.339670 2.8 12.2
2008 6 15 18 59 31.720 105.299400 32.596890 3.4 16.5
2008 6 15 19 27 48.800 103.740700 31.351600 3.5 15.9
2008 6 16 2 2 53.480 104.514100 32.020030 2.8 13.0
2008 6 16 3 42 45.980 104.404000 32.025180 2.9 16.0
2008 6 16 3 55 49.010 105.052000 32.330460 3.9 15.1
2008 6 16 5 42 40.750 103.195700 31.349220 4.1 14.2
2008 6 16 6 13 20.250 103.243300 30.913180 4.0 20.8
2008 6 16 6 25 34.190 104.951700 32.348770 3.1 18.0
2008 6 16 6 36 47.280 103.158500 30.948030 4.0 16.3
2008 6 16 8 22 50.460 103.426400 31.302640 3.1 9.3
2008 6 16 9 43 32.280 105.316100 32.618190 2.9 21.8
2008 6 16 10 25 56.990 103.981200 31.449000 3.0 14.6
2008 6 16 10 36 27.420 104.654900 32.107330 2.8 12.5
2008 6 16 11 31 58.070 103.436700 31.153320 2.8 13.5
2008 6 16 12 23 18.040 103.572200 31.185480 2.8 12.2
2008 6 16 12 29 23.580 103.267500 31.048110 3.5 13.0
2008 6 16 12 31 39.100 103.683200 31.266860 4.4 15.7
2008 6 16 15 3 58.160 103.383800 31.000900 3.8 7.9
2008 6 16 15 18 30.510 103.160900 31.318090 2.9 8.8
2008 6 16 15 36 2.670 103.794600 31.343790 4.2 16.4
2008 6 16 15 46 10.770 103.734900 31.273120 3.3 16.4
2008 6 16 16 21 44.860 105.350500 32.647540 2.7 15.8
2008 6 16 16 36 19.040 103.265700 30.772120 3.7 14.2
2008 6 16 16 39 59.160 104.997400 32.400780 3.2 13.3
2008 6 16 16 51 30.030 105.163100 32.486460 3.3 16.1
2008 6 16 19 15 42.600 103.178500 31.328790 3.2 13.2
2008 6 16 19 58 39.170 103.445800 31.339570 3.2 12.9
2008 6 16 20 15 3.810 105.076300 32.448530 2.9 14.3
2008 6 16 20 26 55.670 103.273800 30.931070 3.1 12.7
2008 6 16 20 37 42.170 104.133800 31.866280 3.2 12.9
2008 6 16 21 0 16.550 104.021300 31.857420 4.0 15.1
2008 6 16 21 8 49.070 104.208600 31.747260 3.1 13.1
2008 6 17 0 31 34.380 103.955500 31.546750 3.8 16.0
2008 6 17 1 14 .930 103.529500 31.305860 3.1 12.6
2008 6 17 2 7 12.980 105.041300 32.339990 3.4 17.3
2008 6 17 2 17 6.560 105.059600 32.446450 3.8 14.2
2008 6 17 2 21 36.370 104.609100 32.122830 3.1 14.0
2008 6 17 2 47 18.810 104.847800 32.262000 3.0 11.9
2008 6 17 2 49 4.020 104.329500 31.851060 3.0 11.4
2008 6 17 3 36 11.880 103.368600 31.005620 3.0 7.7
2008 6 17 4 41 8.960 104.548600 32.056950 3.1 14.4
2008 6 17 5 19 24.480 103.312000 31.025640 3.1 15.0
2008 6 17 6 47 10.370 103.203400 31.003430 3.5 16.0
2008 6 17 8 18 53.870 104.584000 32.146400 2.8 11.5
2008 6 17 8 29 53.140 104.258300 31.771980 2.9 12.4
2008 6 17 8 39 7.800 103.630900 31.357250 3.0 17.5
2008 6 17 8 49 41.040 103.708900 31.377340 3.0 17.0
2008 6 17 9 57 30.490 105.422800 32.740340 3.0 12.4
2008 6 17 10 37 50.020 104.372100 31.809560 3.2 3.7
2008 6 17 10 53 53.570 103.731400 31.124410 3.1 17.0
2008 6 17 10 55 25.460 104.063700 31.640520 3.2 12.4
2008 6 17 11 46 31.390 103.168800 31.354100 3.6 13.3
2008 6 17 11 54 53.870 103.867400 31.713120 3.1 15.7
2008 6 17 12 0 7.650 103.245500 30.859300 3.1 16.4
2008 6 17 12 49 13.560 104.017600 31.630300 2.9 19.0
2008 6 17 13 14 34.300 104.124800 31.719270 4.6 17.0
2008 6 17 13 46 21.090 103.204700 31.006650 2.7 15.6
2008 6 17 13 51 42.160 105.520600 32.799290 4.7 13.8
2008 6 17 14 48 35.220 103.383600 31.296570 3.2 13.5
2008 6 17 16 47 19.100 104.664400 32.117360 3.0 12.1
2008 6 17 19 18 23.470 103.573900 31.240800 3.4 13.3
2008 6 17 19 30 49.130 103.264500 30.914450 3.2 12.6
2008 6 17 21 4 24.600 105.292100 32.601090 3.9 15.4
2008 6 17 21 20 1.490 105.297500 32.602920 3.0 13.7
2008 6 17 21 32 7.000 104.252400 31.914770 4.2 14.5
2008 6 17 21 40 45.120 104.937600 32.324700 4.2 16.4
2008 6 17 22 19 22.810 103.715500 31.295170 2.8 16.2
2008 6 18 0 56 50.940 104.132100 31.756240 2.7 17.0
2008 6 18 4 2 54.730 103.841500 31.358400 3.1 17.6
2008 6 18 4 47 18.630 103.842700 31.360610 3.8 17.1
2008 6 18 5 7 48.480 103.350700 30.820520 3.6 17.4
2008 6 18 6 9 48.810 105.288300 32.597630 3.5 13.7
2008 6 18 6 36 12.870 104.942800 32.318420 3.8 14.5
2008 6 18 6 40 19.550 104.948000 32.330160 3.0 16.8
2008 6 18 6 43 14.560 103.390500 31.312260 4.2 13.0
2008 6 18 7 23 28.340 104.624300 32.147090 3.6 11.1
2008 6 18 7 32 31.570 104.996700 32.389970 2.8 14.9
2008 6 18 9 23 23.320 103.989500 31.472550 3.8 15.3
2008 6 18 9 24 57.700 103.341300 31.370150 3.8 13.3
2008 6 18 11 5 19.640 103.395700 31.319740 4.0 12.9
2008 6 18 11 34 26.020 104.470900 32.028800 3.9 12.0
2008 6 18 13 33 11.670 103.608600 31.308320 3.3 14.1
2008 6 18 13 48 4.020 103.813900 31.330300 2.9 15.7
2008 6 18 14 26 26.330 104.260400 31.820630 3.1 15.1
2008 6 18 15 4 2.690 103.483900 31.232280 2.9 14.4
2008 6 18 15 25 36.480 103.637400 31.218920 3.0 14.6
2008 6 18 18 16 6.070 103.965500 31.600100 2.8 16.5
2008 6 18 19 42 19.280 104.896800 32.323400 3.1 15.7
2008 6 18 23 33 57.940 104.000200 31.605790 2.9 16.4
2008 6 19 0 25 39.990 105.355200 32.596440 3.5 13.6
2008 6 19 1 12 21.200 103.540400 31.085190 3.6 13.7
2008 6 19 1 17 30.470 105.004600 32.404720 3.0 14.8
2008 6 19 2 51 4.130 105.375500 32.633900 2.8 14.1
2008 6 19 4 10 33.320 103.639300 31.195480 2.9 13.3
2008 6 19 5 26 39.280 103.992800 31.471530 3.4 14.9
2008 6 19 5 30 58.440 103.113300 30.881640 3.0 15.9
2008 6 19 5 50 31.040 104.321900 31.860050 3.3 12.1
2008 6 19 6 8 18.960 103.244500 31.336830 3.5 12.2
2008 6 19 6 40 43.730 104.931600 32.427590 3.4 12.3
2008 6 19 7 57 25.510 105.084200 32.442180 3.3 14.7
2008 6 19 8 34 54.210 104.326400 31.931800 2.8 14.8
2008 6 19 9 34 46.810 104.930700 32.266830 2.9 13.2
2008 6 19 10 50 20.950 104.237900 31.898530 3.8 10.6
2008 6 19 10 55 28.450 103.442500 31.193580 4.4 14.7
2008 6 19 11 23 39.780 103.225300 31.035770 3.4 19.4
2008 6 19 12 48 18.270 104.304400 31.824260 4.6 12.4
2008 6 19 12 55 20.670 104.244400 31.814460 3.0 11.4
2008 6 19 14 4 32.200 104.016400 31.854090 2.8 14.7
2008 6 19 18 26 40.320 105.524500 32.802190 .0 13.8
2008 6 19 19 30 3.390 103.238600 31.333230 2.8 13.8
2008 6 19 19 50 53.850 103.981900 31.459070 2.6 15.1
2008 6 19 20 19 47.830 104.586500 32.176540 3.8 16.2
2008 6 19 20 24 .170 104.796400 32.238640 3.4 13.4
2008 6 19 20 35 31.550 104.934700 32.325390 3.0 16.1
2008 6 19 21 20 46.750 104.980300 32.363640 3.2 13.7
2008 6 20 1 29 3.820 103.761400 31.372370 3.0 16.6
2008 6 20 2 8 27.560 103.562900 31.299270 3.5 11.7
2008 6 20 2 15 16.190 103.897500 31.422760 2.9 16.9
2008 6 20 2 32 46.490 105.254600 32.589920 2.9 18.9
2008 6 20 2 58 24.340 103.566700 31.236840 3.0 13.7
2008 6 20 3 34 40.640 103.429700 31.184390 3.1 13.1
2008 6 20 4 27 46.800 103.501600 31.179370 4.8 17.1
2008 6 20 5 51 57.950 104.226200 31.745100 3.2 13.9
2008 6 20 6 41 5.880 105.048800 32.403260 2.7 13.2
2008 6 20 6 44 25.650 104.478900 31.996500 3.3 13.8
2008 6 20 8 24 38.680 104.890700 32.290670 3.0 14.1
2008 6 20 8 46 .750 104.304900 31.841130 3.0 11.3
2008 6 20 9 54 24.230 103.678800 31.332750 2.7 15.5
2008 6 20 13 6 32.620 103.875600 31.450570 3.4 15.1
2008 6 20 15 10 2.110 105.454200 32.787270 3.0 6.8
2008 6 20 15 46 36.490 103.827700 31.453300 4.1 17.8
2008 6 21 7 4 19.650 105.201400 32.518550 3.6 16.4
2008 6 21 7 52 7.610 104.303400 31.809220 2.7 11.1
2008 6 21 11 32 15.080 105.445800 32.792160 3.2 8.7
2008 6 21 12 3 3.900 104.967900 32.462670 4.2 17.0
2008 6 21 12 23 33.090 105.207600 32.479990 3.0 14.9
2008 6 21 12 54 2.250 104.849300 32.422310 2.8 16.8
2008 6 21 14 55 33.400 104.681100 32.219760 3.6 13.2
2008 6 21 18 17 46.390 103.398500 31.309970 3.1 13.8
2008 6 21 18 47 15.460 103.678900 31.252390 2.8 13.7
2008 6 21 20 10 39.350 104.122400 31.649780 3.9 18.2
2008 6 21 20 14 53.360 104.959100 32.265930 2.9 14.7
2008 6 22 3 10 52.990 103.349700 31.371910 2.8 14.5
2008 6 22 9 38 18.600 103.763700 31.383690 3.1 17.2
2008 6 22 14 34 54.420 103.612500 31.232080 3.2 12.7
2008 6 22 14 38 31.370 105.257600 32.547420 3.4 12.2
2008 6 22 15 46 58.100 105.093900 32.562510 3.0 16.9
2008 6 22 15 55 18.540 104.544900 32.087630 2.7 15.2
2008 6 22 16 32 4.300 104.948700 32.297090 3.2 15.3
2008 6 22 18 6 53.880 104.349200 31.883800 3.1 10.4
2008 6 22 18 37 34.930 104.446900 32.246850 .0 15.8
2008 6 22 19 5 45.200 104.310800 31.812180 2.9 3.6
2008 6 23 4 2 27.270 104.256400 31.950950 3.1 16.3
2008 6 23 5 38 31.800 105.055900 32.423630 4.1 18.9
2008 6 23 6 39 39.820 104.914100 32.324020 2.9 17.3
2008 6 23 6 52 46.600 104.304500 31.824180 2.8 12.9
2008 6 23 6 54 19.670 104.574300 32.190110 2.8 16.4
2008 6 23 13 16 13.600 104.157800 31.543660 3.2 13.0
2008 6 23 18 29 33.950 103.197600 31.026760 3.5 16.6
2008 6 23 19 5 53.870 103.194400 31.026090 3.6 16.2
2008 6 23 19 45 27.440 103.383500 30.812850 3.0 14.7
2008 6 23 19 58 4.910 105.132500 32.525680 3.2 16.6
2008 6 23 22 27 3.330 105.196600 32.547720 3.3 18.0
2008 6 23 22 32 18.040 104.984100 32.337690 3.2 10.6
2008 6 23 23 7 27.140 103.767600 31.358470 2.9 16.7
2008 6 23 23 10 48.780 104.416300 31.865150 2.8 9.6
2008 6 24 0 25 56.310 103.500200 31.173520 2.9 11.4
2008 6 24 1 5 24.580 103.413600 31.351550 2.9 11.9
2008 6 24 2 0 26.560 104.869800 32.270720 3.2 12.6
2008 6 24 2 18 37.540 103.387500 30.975690 4.1 3.1
2008 6 24 2 57 11.050 105.469600 32.749720 3.6 10.9
2008 6 24 4 50 15.290 103.487400 31.203910 2.8 11.4
2008 6 24 5 29 13.840 104.900700 32.308990 3.2 13.2
2008 6 24 5 49 55.240 103.213700 31.027660 2.9 15.7
2008 6 24 12 55 41.260 104.510600 32.135220 4.0 17.2
2008 6 24 13 40 56.150 104.258900 31.806510 3.6 12.0
2008 6 24 14 33 29.470 104.113600 31.834080 3.0 16.9
2008 6 24 17 34 33.780 105.306000 32.587820 3.4 12.4
2008 6 24 18 38 59.480 105.121100 32.512750 3.1 17.9
2008 6 24 19 18 5.370 105.131000 32.470890 3.2 10.4
2008 6 25 0 48 21.140 105.123200 32.537410 2.8 18.1
2008 6 25 1 38 18.130 104.184800 31.880260 3.6 14.7
2008 6 25 3 49 3.000 104.107600 31.713830 3.2 14.2
2008 6 25 4 58 32.810 104.309900 31.857340 2.9 12.2
2008 6 25 5 18 33.160 104.117400 31.824420 3.0 16.4
2008 6 25 16 19 14.670 104.907100 32.321400 3.9 17.1
2008 6 25 17 19 15.630 103.124800 30.869580 3.3 15.6
2008 6 26 10 10 56.690 105.390100 32.676030 2.8 11.9
2008 6 26 12 5 51.030 104.948000 32.267920 3.0 14.4
2008 6 26 14 7 31.410 104.133800 31.721380 3.0 10.7
2008 6 26 15 26 22.040 103.511200 31.268910 2.8 17.8
2008 6 26 16 38 28.000 105.175400 32.487210 3.4 15.1
2008 6 26 18 36 40.430 103.567700 31.283680 4.1 9.0
2008 6 27 8 55 42.370 103.377500 31.036870 4.3 11.9
2008 6 27 8 59 28.460 105.191400 32.583270 2.8 16.0
2008 6 27 12 1 35.190 103.286700 30.938100 2.8 13.0
2008 6 27 12 6 52.580 105.081600 32.433720 3.0 16.5
2008 6 27 12 30 17.690 103.379100 30.888390 3.3 14.1
2008 6 27 13 48 26.320 104.322000 31.738370 2.8 9.4
2008 6 27 14 20 21.590 103.939900 31.485720 2.9 15.7
2008 6 27 15 5 49.980 105.123200 32.304010 2.8 19.0
2008 6 27 15 8 28.070 103.511900 31.179700 2.9 12.4
2008 6 27 17 5 18.050 103.415000 31.074930 3.6 13.5
2008 6 27 22 21 51.040 104.197300 31.760450 2.9 12.9
2008 6 28 2 20 54.630 103.243800 31.524860 .0 12.5
2008 6 28 2 32 1.240 105.361000 32.601710 3.4 13.8
2008 6 28 3 20 35.300 105.203700 32.560310 2.9 18.3
2008 6 28 3 23 39.000 104.982800 32.388320 3.0 18.6
2008 6 28 5 42 12.140 104.904600 32.330010 4.8 17.6
2008 6 28 6 12 55.200 105.036100 32.396630 3.0 14.5
2008 6 28 13 9 37.330 103.572800 31.244500 3.2 14.4
2008 6 28 15 24 22.800 103.620000 31.251810 2.8 14.2
2008 6 28 18 11 40.170 104.190700 31.861720 3.7 13.1
2008 6 28 19 30 54.020 104.978200 32.267250 2.9 14.6
2008 6 28 19 41 50.980 104.190100 31.759940 2.9 13.6
2008 6 28 23 56 35.290 103.614000 31.179920 3.0 10.8
2008 6 29 0 4 22.220 104.305200 31.823410 3.1 11.5
2008 6 29 0 14 29.660 103.380900 31.100860 3.3 13.1
2008 6 29 0 50 17.810 105.038500 32.402070 3.2 16.5
2008 6 29 0 56 22.040 104.254000 31.914720 3.8 13.4
2008 6 29 4 22 42.750 105.360000 32.649750 3.8 17.2
2008 6 29 5 6 49.980 105.327300 32.553470 2.8 12.6
2008 6 29 6 44 39.700 104.173000 31.757950 3.2 14.7
2008 6 29 7 11 9.720 103.522300 31.186690 2.8 12.1
2008 6 29 7 55 20.770 104.512800 32.115300 4.6 16.5
2008 6 29 10 12 9.980 103.731500 31.272610 2.8 15.7
2008 6 29 11 15 41.840 103.716600 31.374580 3.2 17.3
2008 6 29 12 8 23.570 104.917900 32.286360 3.5 13.8
2008 6 29 23 23 10.180 103.464300 31.282460 2.8 11.4
2008 6 30 0 37 54.680 104.979800 32.357340 3.3 15.6
2008 6 30 2 46 32.400 103.475500 31.163850 3.4 6.2
2008 6 30 3 22 52.200 103.381900 31.371370 3.0 13.1
2008 6 30 3 51 37.570 103.385100 31.373500 4.1 11.0
2008 6 30 5 29 12.840 104.146300 31.549670 3.0 12.8
2008 6 30 5 59 36.030 104.903500 32.317960 3.0 17.2
2008 6 30 7 27 44.360 103.836000 31.366550 3.2 16.3
2008 6 30 10 3 12.590 105.313900 32.651940 2.9 18.4
2008 6 30 10 22 6.390 104.990000 32.272730 3.0 13.7
2008 6 30 11 45 45.470 105.050200 32.443500 2.9 15.1
2008 6 30 18 36 57.540 105.315400 32.546870 2.7 12.4
2008 7 1 9 12 47.640 105.079200 32.446400 3.4 8.5
2008 7 1 11 45 17.200 104.268900 31.771370 3.4 11.3
2008 7 1 11 51 .730 103.697100 31.345100 3.1 18.9
2008 7 1 15 24 22.670 104.806000 32.236030 3.1 13.8
2008 7 1 18 52 45.050 103.757600 31.350460 3.6 17.0
2008 7 1 18 56 5.280 103.303700 30.942160 2.9 10.3
2008 7 1 19 32 41.470 105.427600 32.795670 2.8 8.8
2008 7 2 7 27 38.210 103.421200 31.343540 2.9 11.1
2008 7 2 7 43 55.060 103.214600 31.020480 3.5 15.3
2008 7 2 14 6 28.480 103.232000 31.039510 3.0 15.7
2008 7 2 18 43 6.950 103.237900 31.043430 3.3 18.8
2008 7 2 20 59 45.760 104.173700 31.740370 3.3 12.1
2008 7 2 22 5 38.060 105.180800 32.421730 3.2 17.1
2008 7 3 0 4 58.210 103.897400 31.405110 3.4 17.0
2008 7 3 2 16 .270 103.360100 31.032680 3.4 10.4
2008 7 3 5 16 9.090 103.849500 31.345950 3.6 14.4
2008 7 3 5 34 33.280 103.666200 31.157270 3.0 15.7
2008 7 3 6 1 17.720 105.039400 32.365010 3.9 16.9
2008 7 3 6 13 41.330 105.042200 32.367650 3.1 16.8
2008 7 3 7 13 22.280 103.283600 30.864880 3.2 16.4
2008 7 3 8 1 56.470 103.878500 31.451100 3.7 21.5
2008 7 3 14 53 2.830 103.861400 31.366980 2.7 15.7
2008 7 3 14 55 53.880 105.302200 32.606530 2.9 15.1
2008 7 3 20 52 57.010 105.384100 32.605530 3.2 15.3
2008 7 3 22 58 21.580 105.440300 32.781810 2.9 13.3
2008 7 4 1 23 2.540 104.216900 31.881370 3.1 13.6
2008 7 4 1 42 34.110 103.419800 30.988960 2.8 4.1
2008 7 4 5 58 16.540 105.390200 32.676220 3.6 15.5
2008 7 4 6 30 59.880 104.706400 32.247070 2.8 6.9
2008 7 4 7 52 30.310 103.411800 31.059020 3.3 2.4
2008 7 4 8 31 17.460 104.083100 31.672960 2.9 14.1
2008 7 4 9 6 14.610 105.380500 32.634440 3.2 14.5
2008 7 4 9 14 39.140 105.224800 32.509400 2.8 13.4
2008 7 4 9 37 34.910 105.185300 32.429760 3.0 16.1
2008 7 4 9 45 12.780 104.982000 32.363750 3.3 15.7
2008 7 4 21 33 49.150 103.901100 31.404260 2.8 16.4
2008 7 5 2 20 15.720 105.268100 32.572450 3.3 16.1
2008 7 5 2 52 15.020 105.208200 32.562000 3.9 9.6
2008 7 5 2 55 20.370 105.207800 32.567880 2.9 18.9
2008 7 5 3 13 20.830 104.801300 32.377880 .0 8.1
2008 7 5 11 17 39.240 104.134800 31.756230 3.5 16.7
2008 7 5 14 29 12.600 103.658800 31.317180 2.9 15.5
2008 7 5 15 0 45.670 104.103500 31.604590 4.7 17.5
2008 7 5 16 39 19.190 104.993500 32.335660 2.9 17.3
2008 7 5 17 3 5.850 104.611700 32.158500 2.7 17.2
2008 7 5 17 54 2.630 105.056200 32.402730 2.9 15.8
2008 7 6 9 1 56.660 104.081900 31.831520 3.3 14.9
2008 7 6 10 19 12.720 105.105700 32.471260 3.1 17.1
2008 7 6 11 33 17.150 104.303900 31.905430 3.0 15.0
2008 7 6 17 37 50.410 103.547000 31.155010 4.3 14.5
2008 7 6 22 29 20.710 104.234600 31.876470 3.0 12.9
2008 7 7 4 46 36.830 103.186200 31.526250 3.6 12.6
2008 7 7 5 8 51.390 104.278900 31.771750 2.7 8.7
2008 7 7 5 10 14.540 105.462200 32.787640 3.2 8.7
2008 7 7 10 16 27.250 104.933800 32.350240 3.1 17.9
2008 7 7 10 29 53.670 103.234200 31.321390 3.4 12.8
2008 7 7 10 31 52.460 105.054900 32.478640 2.8 14.1
2008 7 7 11 53 43.900 103.761500 31.351600 3.3 14.4
2008 7 7 15 27 55.340 104.827600 32.257770 2.8 14.8
2008 7 7 16 14 25.210 105.265500 32.600210 2.9 20.3
2008 7 7 18 43 54.720 105.379400 32.604630 3.4 14.4
2008 7 7 19 42 31.050 103.371900 31.352120 3.2 14.7
2008 7 7 23 2 37.260 103.880200 31.480510 3.6 16.7
2008 7 7 23 12 55.930 105.005700 32.376010 2.9 17.1
2008 7 8 8 13 54.100 104.064100 31.826320 2.8 15.5
2008 7 8 22 19 37.590 103.903700 31.455350 3.2 15.7
2008 7 9 0 11 55.270 103.490900 31.298380 3.1 11.4
2008 7 9 1 11 47.930 104.813500 32.239630 2.8 13.4
2008 7 9 1 14 18.250 104.388300 32.048260 3.4 18.9
2008 7 9 2 54 50.740 103.932200 31.484000 3.7 16.1
2008 7 9 3 32 38.010 103.452700 31.283810 2.9 10.6
2008 7 9 16 6 42.500 103.771300 31.280420 3.6 17.1
2008 7 9 16 17 38.050 105.257600 32.584470 2.9 18.4
2008 7 9 16 35 47.620 103.949900 31.532310 2.8 14.7
2008 7 9 19 34 59.450 105.106500 32.471350 2.8 14.9
2008 7 10 11 15 7.500 104.195300 31.754310 3.0 12.0
2008 7 10 11 27 48.930 104.862400 32.277940 2.8 14.8
2008 7 11 2 27 55.880 103.375200 30.918210 2.9 13.4
2008 7 11 3 8 51.400 103.373000 30.998460 2.9 11.0
2008 7 11 3 13 18.640 105.057400 32.432590 2.9 17.9
2008 7 11 3 24 25.100 104.984100 32.348850 3.0 19.5
2008 7 11 3 29 42.560 103.570200 31.261690 3.3 11.8
2008 7 11 3 36 1.890 104.149200 32.051140 4.2 17.8
2008 7 11 4 21 14.760 104.965600 32.333860 3.0 18.7
2008 7 11 12 5 31.910 103.182300 30.936750 2.8 16.4
2008 7 11 13 37 54.930 103.235100 31.003340 2.8 11.6
2008 7 11 14 17 57.720 104.526800 32.035130 3.5 15.1
2008 7 11 14 31 27.530 105.214200 32.563370 3.1 16.8
2008 7 11 16 30 24.560 104.327300 31.863120 3.2 12.2
2008 7 12 3 20 26.490 103.785400 31.278690 3.1 18.2
2008 7 12 3 29 43.150 103.879500 31.437890 3.0 17.3
2008 7 12 3 36 32.400 104.011900 31.531870 3.0 14.4
2008 7 12 6 40 57.190 103.623600 31.296290 3.0 15.3
2008 7 12 8 23 38.400 103.220400 31.003720 2.7 15.6
2008 7 12 9 18 49.250 103.240900 30.914990 2.7 20.7
2008 7 12 19 11 27.270 103.603000 31.335400 3.1 13.5
2008 7 12 21 5 20.450 103.432300 30.978150 2.8 5.8
2008 7 13 1 58 19.780 103.331900 30.840380 2.9 14.9
2008 7 13 4 43 41.450 103.911000 31.413440 2.9 15.8
2008 7 13 7 58 2.890 104.244900 31.751140 3.1 10.7
2008 7 13 14 12 26.340 103.769800 31.413850 3.1 16.9
2008 7 13 18 13 51.980 104.272100 31.765480 2.9 9.1
2008 7 13 19 6 52.440 105.003500 32.367470 2.9 15.7
2008 7 14 0 10 46.560 104.570000 32.149430 3.1 16.0
2008 7 14 0 13 12.350 103.187100 31.488430 3.9 13.0
2008 7 14 0 57 41.250 103.605700 31.197140 3.1 12.1
2008 7 14 1 0 30.720 105.003000 32.400790 2.9 14.9
2008 7 14 1 5 4.520 105.121000 32.483710 3.0 18.4
2008 7 14 8 17 50.490 105.013800 32.488080 3.9 13.6
2008 7 14 10 57 43.100 104.169200 31.733800 2.9 11.4
2008 7 14 11 1 7.830 104.303900 31.847130 3.2 11.8
2008 7 14 12 44 14.990 105.123100 32.473240 2.7 13.5
2008 7 14 13 18 51.300 103.369600 31.342630 3.2 8.8
2008 7 15 6 13 15.560 104.152700 31.750830 2.9 9.5
2008 7 15 7 27 51.840 103.923900 31.563320 3.3 14.1
2008 7 15 21 30 27.030 103.669600 31.314360 3.1 15.5
2008 7 15 22 15 57.600 104.386400 32.019970 3.5 15.1
2008 7 16 0 57 20.250 105.107500 32.458990 2.8 16.9
2008 7 16 3 5 57.040 103.692700 31.241430 3.2 15.3
2008 7 16 3 8 24.740 104.579600 32.120430 2.8 15.4
2008 7 16 3 15 21.150 103.608100 31.174570 2.7 14.7
2008 7 16 3 55 59.570 103.429800 31.281400 3.1 8.9
2008 7 16 17 39 14.560 104.202800 32.111210 3.8 13.0
2008 7 17 12 3 28.350 103.261100 31.019130 2.8 15.0
2008 7 17 13 32 14.650 103.690600 31.378420 2.9 16.6
2008 7 17 13 34 54.620 105.420200 32.676110 3.7 13.6
2008 7 17 22 27 9.990 103.717400 31.367040 2.8 15.3
2008 7 17 23 52 18.930 103.354900 30.973290 2.8 7.4
2008 7 18 3 1 12.260 105.090900 32.581520 2.9 17.2
2008 7 18 4 5 9.020 103.263900 30.772160 2.9 15.5
2008 7 18 4 20 55.890 105.201600 32.498170 2.9 15.3
2008 7 18 16 2 46.260 103.820000 31.372160 3.1 16.2
2008 7 18 16 9 40.800 105.142200 32.441650 3.1 17.5
2008 7 18 17 43 4.190 103.139500 31.669020 2.8 9.7
2008 7 18 19 15 12.530 105.082600 32.579790 3.0 17.4
2008 7 18 21 57 10.690 104.897300 32.310450 2.9 14.9
2008 7 18 21 57 25.980 104.887500 32.331270 3.1 10.9
2008 7 18 22 32 40.010 104.898400 32.306320 3.1 15.3
2008 7 19 1 35 30.110 104.707500 32.207900 2.8 15.0
2008 7 19 11 33 1.570 103.612100 31.248390 2.8 6.9
2008 7 19 12 58 34.230 105.289800 32.608020 2.9 15.7
2008 7 19 14 38 2.250 105.032600 32.334450 3.6 17.0
2008 7 19 15 24 20.530 105.097000 32.484020 3.0 17.7
2008 7 19 16 48 8.860 104.261700 31.817770 3.1 10.2
2008 7 20 17 7 10.910 103.665400 31.308150 3.1 15.1
2008 7 20 18 58 32.260 104.341100 31.809360 3.1 8.9
2008 7 21 0 48 16.480 103.259300 30.951360 3.4 17.4
2008 7 21 1 53 34.460 104.951900 32.338090 2.8 13.4
2008 7 21 2 32 57.170 105.371700 32.598400 3.0 11.9
2008 7 21 15 31 18.390 103.684200 31.321880 3.3 16.3
2008 7 21 16 51 41.920 103.937900 31.469620 3.2 16.5
2008 7 22 11 37 57.560 104.231300 31.843450 3.0 15.0
2008 7 22 16 56 50.290 105.381000 32.634350 3.7 13.3
2008 7 23 5 11 16.510 104.355400 31.847170 3.8 10.9
2008 7 23 5 16 25.180 104.858900 32.303780 3.7 19.0
2008 7 23 5 43 39.590 103.408400 31.019690 2.7 7.6
2008 7 23 7 29 50.030 104.254500 31.725680 3.3 11.7
2008 7 23 8 16 38.500 104.587700 32.154940 2.8 14.1
2008 7 23 10 29 47.190 105.088300 32.580580 3.3 17.3
2008 7 23 20 29 28.150 104.303800 31.845550 2.8 6.8
2008 7 24 0 54 13.060 104.205800 31.730610 2.8 12.5
2008 7 24 1 30 17.880 105.149300 32.555420 4.1 15.3
2008 7 24 1 42 25.400 105.005400 32.360950 2.8 16.5
2008 7 24 3 54 43.720 105.500900 32.823830 6.0 13.5
2008 7 24 4 1 48.520 105.446600 32.807780 3.0 6.2
2008 7 24 4 8 21.330 105.475700 32.833890 2.8 14.2
2008 7 24 4 50 47.100 105.493000 32.831820 3.1 12.6
2008 7 24 12 24 35.050 104.638600 32.121880 3.4 12.9
2008 7 24 13 30 9.120 105.488000 32.832690 5.2 13.0
2008 7 24 13 59 41.540 105.496900 32.773620 2.7 10.3
2008 7 24 14 55 .800 104.334700 31.741630 3.5 8.7
2008 7 24 15 9 28.520 105.488800 32.834110 6.3 12.7
2008 7 24 15 34 12.190 105.484200 32.843350 2.8 4.6
2008 7 24 16 1 5.980 105.476400 32.837220 2.9 8.2
2008 7 24 16 28 17.690 103.484500 31.219110 3.5 14.8
2008 7 24 17 26 48.410 103.895000 31.397830 3.2 16.2
2008 7 24 18 51 54.600 104.110200 31.529940 2.8 12.0
2008 7 24 22 59 35.870 104.993700 32.385250 2.9 16.2
2008 7 25 11 5 1.930 105.205100 32.542300 3.0 17.7
2008 7 25 11 13 26.100 105.459000 32.800360 2.9 7.2
2008 7 25 12 37 8.000 104.958400 32.351170 2.9 13.1
2008 7 25 15 5 29.710 104.095400 31.701280 2.9 15.4
2008 7 25 15 18 32.620 103.934700 31.509590 3.8 15.8
2008 7 25 23 8 18.920 105.494300 32.831340 3.0 11.7
2008 7 26 5 22 21.010 103.433900 31.291460 3.1 11.2
2008 7 26 5 25 52.090 103.225700 30.759200 3.8 19.8
2008 7 26 5 27 40.040 103.226600 30.764800 4.1 19.3
2008 7 27 0 16 17.060 103.162900 31.634370 3.6 10.0
2008 7 27 1 3 8.940 103.363100 30.810750 4.0 14.6
2008 7 27 3 54 59.120 105.292300 32.697830 3.1 6.9
2008 7 27 4 7 29.640 105.472600 32.849740 2.8 9.6
2008 7 27 5 24 24.450 105.391700 32.677830 3.0 13.8
2008 7 27 10 56 17.890 103.401200 31.072410 3.4 11.2
2008 7 27 18 17 48.810 105.209500 32.539980 3.4 12.3
2008 7 27 20 7 40.880 105.177500 32.572810 2.9 17.0
2008 7 27 20 38 6.060 103.921000 31.512390 2.9 15.7
2008 7 27 21 23 21.730 104.273900 31.954950 3.4 15.1
2008 7 27 21 30 26.300 105.242500 32.549130 3.4 13.7
2008 7 27 21 39 30.890 104.944500 32.332660 3.0 11.3
2008 7 27 22 57 36.950 104.274100 31.782610 2.8 9.8
2008 7 28 10 17 22.740 104.875800 32.292800 3.4 15.5
2008 7 28 10 24 35.410 104.622500 32.189530 2.8 13.2
2008 7 28 12 36 56.340 103.402900 31.059670 3.2 13.4
2008 7 28 13 25 3.920 104.953500 32.339350 3.4 17.0
2008 7 29 5 44 31.850 103.742700 31.351790 2.8 16.1
2008 7 29 7 32 59.470 105.466400 32.804550 2.8 10.1
2008 7 29 7 52 8.090 103.833300 31.359230 4.5 17.7
2008 7 29 8 19 8.890 105.422300 32.696030 2.8 11.0
2008 7 29 9 10 50.370 105.480400 32.806840 3.5 9.9
2008 7 29 12 6 29.260 104.608400 32.226150 3.3 16.6
2008 7 29 13 7 10.170 104.253400 31.896980 3.0 11.1
2008 7 29 18 23 43.090 103.575600 31.198620 3.0 8.9
2008 7 29 19 10 1.730 104.622000 32.156780 3.0 17.0
2008 7 30 15 18 14.530 103.294000 31.026970 3.7 17.7
2008 7 30 15 26 6.970 103.892300 31.406020 3.5 16.7
2008 7 30 16 36 7.760 104.752400 32.313910 3.3 19.2
2008 7 30 18 21 35.090 103.359200 30.879930 3.4 14.3
2008 7 30 19 20 39.460 103.888500 31.415220 3.0 15.5
2008 7 30 19 57 17.960 105.419400 32.686210 3.2 11.1
2008 7 30 21 6 31.600 103.312600 31.119800 2.8 15.3
2008 7 30 21 26 43.090 105.075500 32.446700 3.1 14.5
2008 7 31 6 34 48.140 104.246200 31.689430 2.9 8.6
2008 7 31 13 43 33.700 105.381300 32.676890 2.8 13.9
2008 7 31 17 0 53.750 103.344800 30.925830 3.5 17.3
2008 8 1 0 45 51.810 104.999000 32.306800 2.6 13.7
2008 8 1 0 58 45.230 104.241600 31.740040 2.6 13.6
2008 8 1 1 34 17.120 103.666600 31.092650 2.6 13.7
2008 8 1 2 57 5.960 103.313100 31.389110 2.9 14.8
2008 8 1 3 1 5.410 105.203300 32.526970 2.9 16.3
2008 8 1 3 3 3.380 104.452700 32.084070 2.6 9.2
2008 8 1 3 25 42.790 104.450700 32.086340 2.7 15.7
2008 8 1 4 16 13.250 105.312700 32.591750 3.4 15.5
2008 8 1 5 32 52.070 103.265100 31.220930 2.7 15.5
2008 8 1 6 38 25.910 103.458100 31.213980 2.7 14.3
2008 8 1 7 51 9.810 103.508500 31.163780 3.0 11.8
2008 8 1 10 41 44.130 103.430400 31.307170 4.1 13.7
2008 8 1 10 55 17.160 105.213100 32.538960 3.5 14.5
2008 8 1 14 36 48.410 104.145800 31.839340 2.6 12.6
2008 8 1 16 32 42.230 104.619900 32.094750 6.1 14.3
2008 8 1 16 39 18.920 104.631800 32.127280 4.4 10.3
2008 8 1 17 0 9.510 104.630400 32.127110 3.7 14.9
2008 8 1 17 3 44.720 104.618700 32.102690 3.1 10.6
2008 8 1 17 7 45.340 104.634100 32.096570 3.0 10.9
2008 8 1 17 10 30.400 104.622900 32.106320 2.7 9.1
2008 8 1 17 18 13.990 104.662800 32.134080 3.2 14.8
2008 8 1 17 54 9.040 104.622500 32.090820 3.4 15.2
2008 8 1 17 57 30.920 104.613000 32.083560 3.6 12.9
2008 8 1 18 9 52.340 104.628700 32.091740 2.5 11.4
2008 8 1 18 18 1.970 104.509000 32.136450 2.9 17.4
2008 8 1 18 18 44.750 104.615500 32.103370 3.5 17.5
2008 8 1 18 46 53.720 104.812500 32.292560 2.8 11.3
2008 8 1 19 11 27.390 104.630600 32.110090 3.2 16.3
2008 8 1 20 0 43.540 104.637600 32.099340 3.6 12.5
2008 8 1 20 7 32.550 103.426200 31.309950 2.8 9.5
2008 8 1 20 55 28.770 104.602900 32.076420 3.9 15.4
2008 8 1 21 26 55.760 104.627300 32.108830 3.1 13.1
2008 8 1 22 4 30.910 104.633300 32.093390 3.3 10.6
2008 8 1 22 27 12.340 104.614400 32.089600 3.0 15.4
2008 8 1 22 41 52.100 104.814000 32.232000 2.7 12.3
2008 8 1 23 11 27.890 104.621100 32.090780 3.6 14.0
2008 8 2 0 16 19.460 105.535100 32.780620 2.9 14.4
2008 8 2 1 9 25.760 104.639600 32.110250 2.9 13.4
2008 8 2 1 55 19.780 104.633000 32.090550 3.3 15.5
2008 8 2 2 12 16.640 105.164200 32.499040 5.2 15.3
2008 8 2 3 28 5.240 104.931400 32.338790 3.1 18.1
2008 8 2 3 42 20.560 105.159900 32.497680 3.1 14.7
2008 8 2 3 53 19.670 104.935300 32.337230 3.3 18.3
2008 8 2 4 28 48.020 104.020500 31.674250 2.8 18.1
2008 8 2 5 3 30.430 104.631700 32.100410 4.0 15.1
2008 8 2 5 17 35.520 105.158400 32.507350 3.4 15.7
2008 8 2 5 23 48.470 104.594100 32.074490 2.7 14.7
2008 8 2 6 30 29.930 104.032300 31.572940 3.2 11.9
2008 8 2 7 7 21.010 105.162700 32.492900 3.9 15.5
2008 8 2 8 51 20.410 105.161600 32.500590 3.4 16.0
2008 8 2 9 28 53.390 103.656500 31.252670 2.9 13.7
2008 8 2 9 56 30.060 105.469100 32.788830 3.3 12.6
2008 8 2 10 7 2.800 105.466000 32.805920 2.9 8.3
2008 8 2 11 38 2.390 104.598400 32.076690 2.9 14.0
2008 8 2 11 42 29.600 103.592800 31.264740 3.5 11.7
2008 8 2 12 46 48.030 103.187400 31.032540 3.3 18.2
2008 8 2 13 52 30.060 104.622000 32.095480 2.8 15.1
2008 8 2 14 52 34.790 105.379800 32.680070 3.0 14.1
2008 8 2 14 58 12.030 104.954100 32.253860 3.6 12.2
2008 8 2 15 8 9.310 104.636900 32.121240 2.6 16.0
2008 8 2 15 32 12.410 104.618000 32.186260 3.2 14.4
2008 8 2 15 50 34.640 105.161500 32.490800 2.7 13.2
2008 8 2 16 27 40.450 103.381800 31.118980 2.8 20.4
2008 8 2 18 25 30.440 104.607700 32.078270 2.9 11.6
2008 8 2 19 56 51.420 104.627400 32.105380 2.9 13.2
2008 8 2 20 21 35.580 105.156900 32.503990 3.8 15.3
2008 8 2 21 25 45.470 105.580300 32.770180 4.6 16.6
2008 8 2 21 35 58.930 105.381400 32.611300 4.5 20.0
2008 8 2 21 57 52.910 103.587300 31.364060 2.8 16.0
2008 8 2 22 25 5.350 104.871800 32.313720 2.6 11.4
2008 8 2 23 13 46.640 103.833500 31.163610 2.8 18.8
2008 8 2 23 39 55.420 103.216500 31.024740 3.6 14.9
2008 8 2 23 49 24.140 105.585400 32.762090 2.5 15.7
2008 8 3 0 6 33.610 103.935200 31.529680 3.2 15.5
2008 8 3 0 15 55.980 103.852400 31.373990 3.1 16.4
2008 8 3 1 5 59.690 104.616700 32.096760 3.0 15.0
2008 8 3 2 8 32.020 105.575700 32.766110 3.3 16.7
2008 8 3 2 20 48.450 104.651900 32.126910 2.7 15.9
2008 8 3 2 58 40.700 104.273500 31.773780 2.7 12.8
2008 8 3 3 15 2.560 103.429800 31.202190 2.9 13.5
2008 8 3 5 37 49.130 104.091600 31.685520 2.6 14.4
2008 8 3 6 15 15.560 103.301700 30.967220 2.6 13.4
2008 8 3 6 25 5.810 105.582900 32.763710 3.2 16.6
2008 8 3 7 7 29.270 105.474300 32.845500 2.9 11.9
2008 8 3 7 18 39.230 104.135900 31.863840 3.2 15.6
2008 8 3 8 12 47.390 105.219000 32.533770 2.6 14.4
2008 8 3 8 50 17.780 103.289200 31.358220 3.6 14.7
2008 8 3 11 4 38.020 104.251100 31.569110 2.6 14.2
2008 8 3 12 31 9.320 104.031100 31.851740 2.7 14.6
2008 8 3 12 58 27.000 104.240700 31.896300 2.6 8.2
2008 8 3 14 0 12.420 104.846600 32.266540 2.7 14.1
2008 8 3 14 45 28.070 103.330100 30.768040 3.5 14.5
2008 8 3 14 45 28.590 103.333300 30.765240 3.7 14.7
2008 8 3 15 1 55.530 104.201200 31.725650 3.0 10.5
2008 8 3 15 58 50.710 104.936800 32.334350 2.6 16.8
2008 8 3 16 30 28.930 105.212800 32.560920 2.9 11.0
2008 8 3 16 31 17.420 104.512100 32.189270 3.0 16.8
2008 8 3 17 26 46.430 103.383800 31.014980 2.7 11.8
2008 8 3 17 34 47.150 105.160300 32.420930 2.9 16.0
2008 8 3 20 4 47.690 105.439900 32.827730 3.9 8.1
2008 8 3 23 41 50.560 104.807100 32.329520 2.5 12.6
2008 8 4 0 1 22.610 103.659300 31.299970 1.7 13.9
2008 8 4 0 6 55.490 103.947300 31.422540 1.9 7.0
2008 8 4 0 12 13.560 104.621700 32.207280 2.2 13.2
2008 8 4 0 27 1.030 104.349400 31.821080 2.8 4.2
2008 8 4 0 27 1.720 104.350300 31.824180 2.8 7.8
2008 8 4 0 47 20.480 104.029800 31.518890 2.1 14.8
2008 8 4 0 57 6.200 103.542500 31.276880 1.4 6.5
2008 8 4 1 10 51.270 103.636500 31.196020 3.1 11.4
2008 8 4 1 25 24.840 104.892400 32.261880 2.6 16.9
2008 8 4 1 34 59.670 105.315100 32.629920 1.9 13.7
2008 8 4 1 52 10.150 105.353800 32.655820 2.1 16.4
2008 8 4 2 7 31.060 103.348100 31.359780 1.3 15.0
2008 8 4 2 21 .490 104.245600 31.893700 2.3 2.2
2008 8 4 2 41 56.580 104.619500 32.107320 2.1 14.0
2008 8 4 2 58 23.900 103.397900 31.010620 1.5 1.3
2008 8 4 3 3 26.070 104.287200 31.838050 2.5 13.6
2008 8 4 3 8 50.550 104.589700 32.105000 1.8 12.0
2008 8 4 3 18 1.860 103.641300 31.297980 1.8 9.5
2008 8 4 3 25 24.390 103.323900 31.150620 1.6 15.9
2008 8 4 3 47 58.890 104.621400 32.097580 1.8 13.8
2008 8 4 4 1 29.490 103.473500 31.315600 2.7 10.2
2008 8 4 4 2 52.990 103.528000 31.247340 2.5 16.8
2008 8 4 4 40 17.230 103.935200 31.531110 2.5 14.8
2008 8 4 5 36 44.530 104.020000 31.547270 2.2 14.7
2008 8 4 5 38 6.690 104.726200 32.373250 2.5 16.9
2008 8 4 6 17 30.790 103.831600 31.356440 2.3 15.6
2008 8 4 6 41 18.990 104.638800 32.131930 2.4 13.0
2008 8 4 6 57 32.300 105.227500 32.577150 3.1 18.0
2008 8 4 7 5 29.030 103.838600 31.397950 2.5 14.4
2008 8 4 7 27 42.160 105.006300 32.390590 2.5 8.8
2008 8 4 8 19 20.710 104.624500 32.103350 3.6 16.8
2008 8 4 9 39 9.820 103.777300 31.411450 2.6 16.0
2008 8 4 9 51 45.920 103.901700 31.448370 2.6 15.6
2008 8 4 12 5 20.760 104.634100 32.099400 2.2 12.0
2008 8 4 12 19 6.830 103.829100 31.343540 1.5 1.8
2008 8 4 12 54 54.370 104.653100 32.127030 2.1 11.7
2008 8 4 13 11 11.040 104.671800 32.139140 2.6 10.9
2008 8 4 13 31 40.130 105.253900 32.531140 2.4 13.5
2008 8 4 14 33 14.480 103.276400 30.852170 1.9 15.0
2008 8 4 15 8 58.590 105.292500 32.592270 2.9 16.6
2008 8 4 15 15 42.140 104.580700 32.203600 3.0 16.4
2008 8 4 15 19 22.770 104.315800 31.858140 1.9 6.6
2008 8 4 15 27 6.810 105.026400 32.397340 2.1 17.0
2008 8 4 15 31 51.850 103.186500 31.036460 1.9 17.5
2008 8 4 15 44 18.600 104.049000 31.592650 2.3 15.1
2008 8 4 16 6 35.470 104.574800 32.074050 2.4 13.7
2008 8 4 16 43 17.400 104.128400 31.874490 2.0 1.6
2008 8 4 16 54 28.900 105.268400 32.564640 2.2 12.8
2008 8 4 17 18 22.810 103.166700 31.538330 3.4 12.0
2008 8 4 17 19 7.590 103.157600 31.535500 4.2 12.3
2008 8 4 17 23 48.200 103.163600 31.535480 2.9 12.4
2008 8 4 17 28 37.020 103.159000 31.534520 2.1 12.1
2008 8 4 17 34 45.440 103.160800 31.534930 2.0 11.1
2008 8 4 17 39 58.730 103.169700 31.537660 4.0 11.8
2008 8 4 17 59 15.850 103.434800 31.316100 2.4 8.7
2008 8 4 18 1 58.860 103.433800 31.315900 1.7 5.6
2008 8 4 18 53 45.790 103.834500 31.333560 1.8 17.9
2008 8 4 19 35 44.190 104.174600 31.760840 2.7 11.4
2008 8 4 20 11 28.660 105.202000 32.494240 1.9 14.8
2008 8 4 20 12 15.470 103.271900 30.897080 2.4 18.4
2008 8 4 20 56 35.670 105.485000 32.798590 2.6 1.6
2008 8 4 21 1 38.340 104.827300 32.324390 2.9 19.3
2008 8 4 21 11 27.800 103.936300 31.522530 2.1 14.8
2008 8 4 21 30 55.410 103.803500 31.332400 1.8 15.2
2008 8 4 22 2 1.900 103.406100 31.344270 1.1 8.3
2008 8 4 22 14 40.830 104.533200 32.214950 2.7 15.5
2008 8 4 23 27 16.990 104.573700 32.183780 2.2 14.0
2008 8 4 23 31 24.910 104.578700 32.207170 2.0 15.8
2008 8 4 23 44 7.510 103.533000 31.203160 2.5 11.5
2008 8 5 0 28 2.210 103.792600 31.293430 2.4 14.4
2008 8 5 0 34 34.890 104.313200 31.789470 3.5 9.2
2008 8 5 1 2 18.960 103.726100 31.264150 1.5 13.7
2008 8 5 1 13 40.800 104.566500 31.940730 2.1 16.8
2008 8 5 2 15 49.900 103.772600 31.330190 1.4 10.3
2008 8 5 2 35 55.610 104.375700 32.043300 2.4 16.6
2008 8 5 2 41 27.120 105.040400 32.404780 3.0 16.4
2008 8 5 2 57 8.670 104.627100 32.092550 2.1 13.4
2008 8 5 3 17 52.850 104.150600 31.740630 1.9 7.6
2008 8 5 3 28 24.470 103.273400 30.940360 2.0 13.3
2008 8 5 3 32 25.800 104.532600 32.035610 2.4 14.7
2008 8 5 3 56 12.890 104.355900 31.885150 1.7 7.7
2008 8 5 4 3 47.100 103.181700 31.358480 2.0 7.4
2008 8 5 4 24 57.100 103.333500 30.995890 2.0 3.3
2008 8 5 4 28 8.260 103.626900 31.269590 2.9 11.2
2008 8 5 5 45 59.870 104.627100 32.101960 2.0 10.8
2008 8 5 5 48 40.510 103.451900 31.030660 1.9 9.2
2008 8 5 6 35 57.580 105.409000 32.665590 2.4 11.2
2008 8 5 6 52 57.950 103.367500 31.280470 2.5 10.8
2008 8 5 7 27 17.180 103.596100 31.306880 2.8 15.0
2008 8 5 7 52 38.900 103.413300 31.166050 2.3 5.3
2008 8 5 8 7 37.650 103.770600 31.435300 2.3 17.4
2008 8 5 8 12 29.400 105.037600 32.468550 2.1 12.5
2008 8 5 8 27 13.400 103.890300 31.422190 2.0 13.0
2008 8 5 8 30 58.790 104.596100 32.144810 2.7 15.1
2008 8 5 8 34 45.430 103.389900 31.099630 2.1 2.3
2008 8 5 8 46 35.570 104.246700 31.942250 2.2 15.0
2008 8 5 8 53 1.880 104.057100 31.575180 2.3 12.1
2008 8 5 9 31 15.280 103.898100 31.489360 1.9 15.3
2008 8 5 9 51 15.710 105.509400 32.756120 2.3 15.3
2008 8 5 10 6 43.790 104.090800 31.551310 2.8 14.3
2008 8 5 10 21 18.300 103.936100 31.482350 2.4 14.7
2008 8 5 10 37 52.200 103.746500 31.288850 3.8 12.7
2008 8 5 10 41 1.900 103.507000 31.157030 2.0 10.2
2008 8 5 10 57 41.700 105.435800 32.692950 4.1 13.0
2008 8 5 11 7 5.000 103.783100 31.297920 2.9 12.1
2008 8 5 11 31 37.450 104.612100 32.085080 2.8 12.4
2008 8 5 12 14 55.620 104.605200 32.140710 2.2 15.3
2008 8 5 12 33 37.810 103.927900 31.473630 1.8 14.3
2008 8 5 12 43 49.710 103.660700 31.242950 2.0 9.0
2008 8 5 13 9 51.710 105.000000 32.359230 2.9 17.1
2008 8 5 13 37 2.340 103.166200 31.538610 3.0 11.9
2008 8 5 13 40 38.190 104.309200 31.805170 2.5 11.6
2008 8 5 13 47 44.960 103.331300 31.369630 1.8 11.0
2008 8 5 14 42 30.780 103.680800 31.377530 2.3 17.7
2008 8 5 14 58 16.560 103.181200 31.027070 2.7 19.5
2008 8 5 15 30 24.330 103.440000 31.338500 1.5 11.9
2008 8 5 15 42 3.400 105.074700 32.445410 3.9 16.6
2008 8 5 16 21 28.200 103.170200 31.001710 2.2 15.8
2008 8 5 17 49 15.720 105.470100 32.799110 6.2 11.1
2008 8 5 18 11 1.260 105.456800 32.819790 2.9 8.8
2008 8 5 18 14 1.400 105.468100 32.798750 2.7 10.1
2008 8 5 18 26 26.470 104.995000 32.381900 2.5 15.9
2008 8 5 18 33 12.250 103.810400 31.402240 1.8 13.3
2008 8 5 18 39 17.640 105.487500 32.808160 3.4 10.7
2008 8 5 18 48 1.220 105.474000 32.784780 2.5 9.4
2008 8 5 18 56 45.520 105.477000 32.823400 2.1 12.2
2008 8 5 19 6 44.620 104.993600 32.280010 3.1 14.0
2008 8 5 19 11 59.860 104.236700 31.909480 2.1 10.3
2008 8 5 19 29 22.340 105.458900 32.809000 3.9 12.7
2008 8 5 19 34 56.990 103.963300 31.475130 1.7 11.2
2008 8 5 19 45 30.400 104.628700 32.135940 1.7 15.7
2008 8 5 20 44 13.640 104.310700 31.980900 1.6 2.4
2008 8 5 21 35 19.440 104.343100 31.828310 3.4 10.7
2008 8 5 21 42 54.640 104.349300 31.825340 2.2 1.0
2008 8 5 22 4 21.330 105.455100 32.819450 2.0 9.0
2008 8 5 22 13 22.740 104.370200 31.897250 2.0 7.2
2008 8 5 22 27 56.960 104.105000 31.688960 2.2 15.7
2008 8 5 22 30 51.240 104.243700 31.822990 1.8 10.4
2008 8 5 22 37 8.940 103.239800 31.056730 2.3 11.4
2008 8 5 22 47 58.960 104.570800 32.147620 2.9 16.1
2008 8 5 22 56 50.530 104.314400 31.785000 2.3 6.5
2008 8 5 23 11 7.180 104.134300 31.551910 2.1 12.9
2008 8 5 23 12 44.200 103.157300 31.539570 2.4 12.3
2008 8 5 23 25 19.400 104.643200 32.107670 2.7 13.2
2008 8 5 23 34 27.670 104.575000 32.181170 1.7 16.3
2008 8 5 23 41 29.170 104.620400 32.115530 1.9 14.8
2008 8 5 23 56 37.420 103.194400 31.305840 2.3 15.4
2008 8 6 0 12 50.850 103.832800 31.361960 3.3 17.5
2008 8 6 0 31 41.450 103.412800 31.151400 1.9 14.8
2008 8 6 0 40 59.090 103.366200 31.352800 2.5 7.4
2008 8 6 2 5 10.520 105.257700 32.564280 2.3 13.3
2008 8 6 2 8 20.320 104.555400 32.129860 2.2 15.8
2008 8 6 2 19 9.880 105.458400 32.811420 2.7 11.8
2008 8 6 3 2 9.660 105.411500 32.804330 2.0 11.0
2008 8 6 3 4 49.540 103.425000 31.311690 1.1 8.7
2008 8 6 3 21 5.840 104.904000 32.264850 2.6 11.8
2008 8 6 4 2 32.990 105.315000 32.625500 1.9 20.4
2008 8 6 4 14 17.870 105.439500 32.833210 3.4 11.1
2008 8 6 4 29 3.240 103.168500 30.952470 2.5 13.5
2008 8 6 4 34 39.790 103.337300 31.045530 1.9 2.3
2008 8 6 4 42 24.140 104.786900 32.245070 2.1 9.2
2008 8 6 4 52 29.680 104.018800 31.630570 1.7 10.9
2008 8 6 5 7 11.510 104.180200 31.795520 1.7 9.2
2008 8 6 5 56 44.340 105.555700 32.770290 1.9 9.9
2008 8 6 6 20 7.580 103.552500 31.293110 1.6 9.2
2008 8 6 6 25 15.600 104.618200 32.101420 2.9 15.2
2008 8 6 6 39 20.140 105.472000 32.817910 2.9 2.7
2008 8 6 6 49 14.940 104.301700 31.795910 2.4 12.4
2008 8 6 7 24 26.020 105.161400 32.502370 2.7 15.1
2008 8 6 7 55 5.200 105.474200 32.813300 4.8 13.5
2008 8 6 8 10 54.600 103.687500 31.304230 2.3 15.6
2008 8 6 8 31 7.840 103.234600 31.005600 3.7 15.0
2008 8 6 8 42 14.170 103.206900 31.279900 3.5 16.2
2008 8 6 8 59 37.650 105.455700 32.813080 3.9 8.2
2008 8 6 9 45 37.680 105.171200 32.371140 2.8 19.5
2008 8 6 10 37 56.380 105.449000 32.767430 3.8 11.0
2008 8 6 11 15 52.950 105.070100 32.397320 2.0 11.5
2008 8 6 11 42 25.610 105.438100 32.751370 4.7 16.8
2008 8 6 12 0 52.160 104.232700 31.807060 3.5 13.7
2008 8 6 12 47 5.220 105.470200 32.842210 4.7 10.3
2008 8 6 13 14 49.640 104.946000 32.267390 2.6 9.4
2008 8 6 13 38 3.070 105.605000 32.786400 2.9 15.9
2008 8 6 13 48 57.300 104.641300 32.109600 2.4 10.7
2008 8 6 14 51 27.530 105.449500 32.773220 2.3 10.1
2008 8 6 14 53 48.910 104.367900 32.033080 2.0 16.5
2008 8 6 15 3 3.940 105.249300 32.595610 2.3 17.5
2008 8 6 15 45 53.180 103.239900 30.928670 2.0 16.7
2008 8 6 16 2 31.960 105.086300 32.375980 2.0 13.2
2008 8 6 16 7 2.820 103.552400 31.317630 1.9 10.8
2008 8 6 16 26 17.390 103.430400 31.304130 2.4 8.5
2008 8 6 16 52 4.950 105.385200 32.608310 1.9 12.3
2008 8 6 17 41 28.850 104.905700 32.303700 2.9 15.0
2008 8 6 17 45 36.790 103.177000 30.943210 2.0 9.9
2008 8 6 17 58 7.870 104.130100 31.834160 2.8 15.8
2008 8 6 18 43 21.760 103.192000 30.938250 1.9 14.1
2008 8 6 18 53 .960 105.457900 32.812590 2.4 10.5
2008 8 6 19 13 52.690 103.486900 31.186020 2.4 15.7
2008 8 6 19 14 53.450 105.408700 32.625870 3.2 12.9
2008 8 6 19 30 53.960 105.246700 32.586440 3.0 18.0
2008 8 6 19 35 5.560 104.157900 31.607740 2.4 12.3
2008 8 6 19 37 21.060 103.179200 30.946190 1.9 11.3
2008 8 6 19 39 19.110 104.485900 32.174510 1.9 15.0
2008 8 6 20 1 8.730 105.461600 32.828780 4.3 11.6
2008 8 6 20 30 39.030 103.390300 30.884610 2.4 5.5
2008 8 6 20 44 4.390 105.080100 32.374150 1.8 9.3
2008 8 6 21 25 57.670 105.453600 32.840580 1.8 1.6
2008 8 6 21 32 54.620 103.484000 31.332930 1.7 2.2
2008 8 6 21 49 56.200 103.885400 31.414920 1.8 1.2
2008 8 6 23 28 33.890 104.200700 31.889210 2.2 16.3
2008 8 6 23 47 13.320 104.354700 31.780720 2.0 17.1
2008 8 7 0 29 10.760 103.210300 31.018250 2.3 16.3
2008 8 7 0 57 52.090 104.103400 31.717530 2.2 14.5
2008 8 7 1 14 32.300 104.201800 31.888520 2.3 15.9
2008 8 7 1 21 45.420 104.222500 31.735450 2.6 4.3
2008 8 7 1 52 36.860 105.030700 32.421730 2.0 15.7
2008 8 7 2 8 20.760 105.066900 32.529690 2.6 12.8
2008 8 7 2 20 26.730 103.447000 31.319970 2.4 11.3
2008 8 7 2 30 27.170 103.375000 31.337890 2.5 10.5
2008 8 7 3 8 11.960 103.628300 31.289340 1.6 15.9
2008 8 7 3 38 59.080 104.897900 32.271620 2.4 16.5
2008 8 7 3 54 15.930 104.260400 31.767430 2.2 6.6
2008 8 7 4 4 7.200 103.401700 30.959370 2.1 8.0
2008 8 7 4 10 39.830 104.659400 32.141160 2.2 14.4
2008 8 7 4 43 13.560 105.148100 32.517250 2.2 17.3
2008 8 7 4 56 51.190 104.226700 31.902790 2.4 16.6
2008 8 7 5 16 22.190 105.457800 32.802510 2.9 12.0
2008 8 7 5 24 46.760 105.087600 32.372220 2.2 18.3
2008 8 7 5 35 55.700 104.940300 32.342980 1.9 2.6
2008 8 7 6 14 51.430 104.728200 32.204540 2.6 11.9
2008 8 7 6 22 6.440 104.344300 31.892400 2.4 5.4
2008 8 7 7 3 49.220 103.619200 31.317070 2.0 14.6
2008 8 7 7 42 42.630 103.346400 31.488240 3.3 12.4
2008 8 7 8 0 53.950 105.455900 32.808350 2.8 10.0
2008 8 7 8 26 19.320 104.963400 32.354110 1.8 15.7
2008 8 7 8 26 19.570 104.963900 32.347900 1.9 11.0
2008 8 7 8 48 25.430 103.380000 31.337580 2.3 10.4
2008 8 7 9 30 39.410 104.700800 32.202080 2.0 14.4
2008 8 7 10 26 20.180 104.104500 31.525350 2.0 12.7
2008 8 7 10 37 3.620 103.274300 31.060310 1.9 15.2
2008 8 7 10 37 43.110 104.224500 31.849040 2.0 14.9
2008 8 7 10 40 18.990 103.637300 31.258850 1.9 10.6
2008 8 7 10 52 53.860 103.848800 31.419220 2.0 12.2
2008 8 7 11 9 36.520 103.180500 30.948480 1.6 16.6
2008 8 7 11 13 5.500 103.925700 31.507250 1.6 10.3
2008 8 7 11 28 33.640 103.412200 31.173880 1.6 9.5
2008 8 7 11 56 20.000 103.872500 31.393880 1.5 14.5
2008 8 7 12 12 49.220 105.286000 32.639430 2.1 12.6
2008 8 7 13 14 9.060 105.222400 32.496300 2.0 5.6
2008 8 7 13 34 1.450 104.667500 32.145410 2.3 15.7
2008 8 7 13 55 38.930 103.491200 31.337770 1.5 3.9
2008 8 7 13 57 5.440 103.837600 31.357880 1.5 12.9
2008 8 7 14 1 15.640 103.528700 31.291340 2.3 8.3
2008 8 7 14 30 30.450 105.050200 32.417930 2.0 16.9
2008 8 7 14 44 11.600 103.826800 31.389770 1.8 17.7
2008 8 7 14 45 40.870 104.877300 32.323800 2.1 4.6
2008 8 7 15 5 55.740 105.426700 32.764160 2.0 4.5
2008 8 7 15 54 12.730 103.294300 31.186630 2.5 17.9
2008 8 7 16 15 34.090 104.583800 32.139100 5.3 16.9
2008 8 7 16 34 35.590 103.498400 31.147750 3.1 13.0
2008 8 7 17 6 52.900 103.892100 31.488620 2.4 15.4
2008 8 7 17 53 7.570 104.319200 31.773040 3.3 11.3
2008 8 7 19 42 30.600 103.355100 31.378400 2.2 12.9
2008 8 7 19 48 16.550 105.038800 32.458410 2.8 13.6
2008 8 7 20 4 41.210 104.808600 32.305420 2.6 12.9
2008 8 7 20 45 .580 103.472100 31.221090 2.1 17.7
2008 8 7 21 15 46.000 103.425800 30.833860 1.5 7.9
2008 8 7 21 22 34.260 103.936600 31.464390 1.9 14.8
2008 8 7 21 37 40.980 104.057100 31.643830 2.0 6.9
2008 8 7 21 38 42.530 104.641500 32.100460 2.4 12.6
2008 8 7 21 47 41.940 104.517000 32.027600 1.9 1.5
2008 8 7 21 56 57.860 104.819100 32.228730 2.7 13.1
2008 8 7 22 44 9.140 103.404400 31.027380 1.9 2.9
2008 8 7 22 48 48.660 105.210900 32.614930 1.4 15.7
2008 8 7 23 1 47.720 104.792600 32.247730 2.3 14.5
2008 8 7 23 28 41.670 103.360500 31.041700 2.1 2.3
2008 8 7 23 35 26.320 103.944400 31.462650 1.8 13.6
2008 8 7 23 47 28.430 104.500500 32.141170 2.2 14.0
2008 8 7 23 49 2.310 103.562000 31.178470 1.8 12.6
2008 8 7 23 51 26.160 105.173000 32.434790 2.5 16.8
2008 8 7 23 56 .600 105.457700 32.763680 2.4 8.9
2008 8 8 0 26 20.190 104.614800 32.095150 2.4 14.3
2008 8 8 0 46 10.740 103.372000 31.282790 1.7 7.3
2008 8 8 0 50 58.030 104.061900 31.675300 2.8 13.9
2008 8 8 2 9 41.180 103.638700 31.224420 2.2 8.8
2008 8 8 2 34 14.080 104.209800 31.850480 1.9 16.5
2008 8 8 2 42 4.150 104.188800 31.763660 2.8 6.1
2008 8 8 3 1 29.630 103.736900 31.343140 2.5 16.3
2008 8 8 3 15 13.790 105.454300 32.845130 2.1 2.4
2008 8 8 3 30 23.450 103.529600 31.325930 2.1 8.8
2008 8 8 3 35 28.230 104.620300 32.085480 1.9 10.9
2008 8 8 3 41 27.840 104.610900 32.225090 1.7 15.0
2008 8 8 3 46 6.470 105.137800 32.476810 1.6 14.1
2008 8 8 3 47 23.530 104.245000 31.915780 1.7 8.2
2008 8 8 4 5 42.720 105.137100 32.384720 2.3 15.1
2008 8 8 4 14 2.580 104.067500 31.679830 2.9 13.7
2008 8 8 4 22 43.890 103.408700 31.377260 2.1 9.4
2008 8 8 4 41 57.810 104.301300 31.776760 1.8 10.2
2008 8 8 4 44 29.990 103.270900 30.943480 1.6 11.9
2008 8 8 5 9 59.870 104.305100 31.796970 2.7 2.4
2008 8 8 5 45 27.450 104.988600 32.381510 2.2 11.3
2008 8 8 5 49 22.710 103.330400 31.336040 2.5 13.8
2008 8 8 6 21 19.140 105.430700 32.810660 3.2 11.1
2008 8 8 6 34 16.780 104.114400 31.824920 4.0 15.2
2008 8 8 6 55 13.090 104.950400 32.363740 2.1 12.9
2008 8 8 7 2 7.750 103.881400 31.335270 2.5 13.3
2008 8 8 7 31 25.390 103.261800 30.843150 2.2 8.0
2008 8 8 7 38 13.940 104.169200 31.778830 1.9 12.8
2008 8 8 8 3 32.850 104.281900 31.831930 2.3 10.9
2008 8 8 8 25 3.680 103.490800 31.266170 2.4 14.3
2008 8 8 8 37 32.900 103.540700 31.318620 1.8 8.4
2008 8 8 9 8 55.170 104.227700 31.692450 2.8 8.9
2008 8 8 9 17 49.740 105.466800 32.793760 2.2 8.1
2008 8 8 10 35 57.240 103.373100 31.339000 2.1 9.3
2008 8 8 11 12 5.000 104.028600 31.666410 2.8 18.2
2008 8 8 11 18 47.550 104.957400 32.340910 2.4 16.7
2008 8 8 12 25 32.580 103.403700 31.429100 1.3 2.5
2008 8 8 12 43 17.390 104.114700 32.023060 2.4 15.9
2008 8 8 12 57 27.330 103.746900 31.400180 2.1 25.2
2008 8 8 13 18 28.630 103.584500 31.298880 2.5 17.0
2008 8 8 13 53 8.770 104.290600 31.818050 1.4 10.3
2008 8 8 15 52 19.900 103.641500 31.245550 3.5 15.7
2008 8 8 16 0 38.300 103.442100 30.844210 1.9 1.2
2008 8 8 17 24 13.080 103.964500 31.540530 2.9 15.3
2008 8 8 18 35 8.210 104.986700 32.417640 2.5 14.2
2008 8 8 18 44 49.050 104.367200 31.953870 2.3 9.1
2008 8 8 18 56 8.100 103.662900 31.231070 3.2 15.7
2008 8 8 19 1 8.140 105.479200 32.806570 3.6 12.3
2008 8 8 20 6 34.570 103.394100 31.147990 1.7 12.7
2008 8 8 20 22 47.060 104.138100 31.837210 1.9 9.5
2008 8 8 20 53 20.070 105.051600 32.472230 1.8 6.2
2008 8 8 21 6 44.320 103.749600 31.307770 1.9 17.1
2008 8 8 21 8 16.260 105.029500 32.380280 2.4 13.6
2008 8 8 21 12 18.640 103.872000 31.491660 4.7 17.2
2008 8 8 21 47 11.680 103.866400 31.484740 1.7 15.3
2008 8 8 21 50 56.980 105.236100 32.542140 3.8 12.7
2008 8 8 22 2 3.160 105.164800 32.542320 2.2 10.8
2008 8 8 22 12 5.180 105.171500 32.567000 1.6 14.3
2008 8 8 22 17 36.650 103.418300 30.834860 4.1 16.0
2008 8 8 22 31 20.520 103.808100 31.428900 2.0 14.9
2008 8 8 22 39 53.330 103.561200 31.305150 1.2 9.3
2008 8 8 22 48 28.960 104.368700 31.960020 1.9 13.7
2008 8 8 23 2 28.990 104.032000 31.529550 2.0 7.9
2008 8 8 23 20 34.970 103.525100 31.192260 1.6 6.3
2008 8 8 23 27 28.710 103.866700 31.489020 1.7 15.8
2008 8 9 0 14 49.290 103.240700 31.020550 1.8 13.3
2008 8 9 0 23 30.150 104.617900 32.097710 2.8 14.7
2008 8 9 0 28 24.900 104.292600 31.851040 2.4 6.2
2008 8 9 0 48 24.890 105.068800 32.449740 2.5 16.0
2008 8 9 0 52 56.680 103.278800 30.910020 3.1 17.7
2008 8 9 1 6 27.910 103.407500 31.187140 3.5 9.5
2008 8 9 1 22 10.170 104.596000 32.107390 2.5 14.2
2008 8 9 1 25 43.150 103.154200 30.996490 1.7 15.7
2008 8 9 1 38 19.310 105.352700 32.641850 3.8 13.3
2008 8 9 2 15 35.010 103.865400 31.497900 2.1 17.1
2008 8 9 2 37 52.010 103.287000 31.073810 1.8 13.5
2008 8 9 2 42 49.550 103.752000 31.276410 2.3 7.8
2008 8 9 3 1 4.760 105.053000 32.376440 1.9 14.7
2008 8 9 3 32 23.030 103.277500 31.006880 2.8 16.0
2008 8 9 3 45 24.490 103.256400 30.946220 2.0 9.9
2008 8 9 3 47 45.060 103.873000 31.444840 1.8 14.1
2008 8 9 3 54 31.560 104.695200 32.247600 2.6 12.3
2008 8 9 4 10 23.210 103.343900 30.983000 1.9 4.0
2008 8 9 4 26 15.460 103.283800 31.012240 2.0 15.3
2008 8 9 4 30 2.380 103.821800 31.327380 1.9 11.7
2008 8 9 4 33 57.880 103.752500 31.308400 1.7 10.4
2008 8 9 4 55 16.430 104.297100 31.968110 2.2 7.9
2008 8 9 5 11 42.250 105.112400 32.503140 1.8 8.6
2008 8 9 5 35 37.960 103.737200 31.352290 3.0 16.9
2008 8 9 5 49 .030 103.537100 31.291370 1.6 13.6
2008 8 9 6 0 5.130 103.553900 31.254460 1.6 11.0
2008 8 9 6 11 20.320 103.234100 30.947390 1.4 15.7
2008 8 9 7 7 .990 104.900500 32.350110 2.8 21.1
2008 8 9 7 32 53.820 103.788200 31.415750 1.9 14.8
2008 8 9 7 41 50.680 104.952500 32.343480 2.6 17.1
2008 8 9 8 18 14.790 103.978400 31.629520 2.4 15.8
2008 8 9 9 5 40.410 105.470100 32.776000 2.6 10.3
2008 8 9 10 15 7.220 103.810400 31.267190 1.4 9.4
2008 8 9 10 44 31.830 103.418900 31.304110 1.9 7.5
2008 8 9 10 53 53.960 103.124100 31.235340 2.1 12.6
2008 8 9 10 59 59.020 105.441100 32.831710 2.7 10.4
2008 8 9 11 24 56.990 103.433800 31.323050 1.6 9.0
2008 8 9 12 53 51.290 103.901100 31.435050 1.9 13.2
2008 8 9 13 25 20.970 103.702700 31.237600 1.9 4.7
2008 8 9 13 33 23.130 103.529200 31.296390 1.7 5.5
2008 8 9 13 33 23.230 103.532500 31.296660 1.7 6.7
2008 8 9 13 41 33.510 103.867600 31.481450 2.6 15.3
2008 8 9 13 59 51.380 103.385100 31.340430 1.9 9.9
2008 8 9 14 6 48.110 103.430500 31.256550 2.0 12.0
2008 8 9 16 37 20.550 104.214200 31.797690 2.4 12.9
2008 8 9 16 43 51.170 105.078500 32.457670 2.0 11.6
2008 8 9 16 57 10.050 105.143100 32.421950 1.9 17.5
2008 8 9 18 13 16.480 103.286700 30.882350 1.7 15.5
2008 8 9 18 22 48.320 103.922800 31.520050 2.0 13.3
2008 8 9 18 28 46.310 105.268900 32.572710 2.0 15.6
2008 8 9 18 47 34.100 105.267300 32.575710 1.8 15.9
2008 8 9 18 53 26.820 105.129400 32.454680 2.3 7.8
2008 8 9 18 58 24.480 104.980500 32.371090 2.0 15.1
2008 8 9 19 5 7.600 105.356100 32.620210 1.6 12.1
2008 8 9 20 6 50.460 104.924200 32.278800 2.4 8.9
2008 8 9 20 10 19.050 105.445800 32.742870 4.5 12.6
2008 8 9 20 47 41.450 103.429900 31.309810 1.5 3.8
2008 8 9 21 0 29.650 104.231800 31.915040 2.2 15.4
2008 8 9 21 28 6.720 104.350800 31.913780 1.7 2.5
2008 8 9 21 56 12.200 104.299900 31.959050 1.9 2.1
2008 8 9 22 5 24.960 104.941300 32.280670 2.1 8.3
2008 8 9 22 14 27.260 105.095500 32.408940 3.9 16.9
2008 8 9 22 30 58.460 103.828900 31.546190 2.0 13.3
2008 8 9 22 46 34.970 104.174600 31.779700 2.8 12.4
2008 8 9 23 14 1.210 104.052000 31.638100 1.8 12.7
2008 8 9 23 22 20.910 103.300000 30.900870 3.2 17.3
2008 8 9 23 36 54.980 103.433000 31.302580 1.2 12.6
2008 8 9 23 55 15.730 103.965600 31.522310 1.7 13.0
2008 8 10 0 2 54.630 104.620300 32.088110 1.5 13.3
2008 8 10 0 12 35.150 105.072200 32.404900 4.3 16.3
2008 8 10 0 31 34.860 105.200200 32.554530 4.2 10.4
2008 8 10 0 47 36.480 104.856100 32.294970 2.2 16.1
2008 8 10 1 5 36.460 103.249200 30.966250 1.7 7.5
2008 8 10 1 44 50.830 103.354200 31.017670 1.6 14.4
2008 8 10 2 25 7.210 105.301300 32.611530 2.7 17.5
2008 8 10 2 27 58.470 105.334200 32.578290 1.7 13.1
2008 8 10 2 28 54.230 104.060700 31.644180 1.7 12.1
2008 8 10 2 34 28.200 103.871000 31.344740 1.3 11.6
2008 8 10 2 38 43.400 104.938200 32.291250 2.1 11.1
2008 8 10 3 14 29.230 103.481500 31.199930 2.1 11.3
2008 8 10 3 16 8.940 105.068100 32.410520 2.2 17.3
2008 8 10 3 59 .990 104.027900 31.580600 2.6 15.1
2008 8 10 4 58 24.850 104.274600 31.764810 2.4 9.3
2008 8 10 5 10 14.000 104.096000 31.700130 2.8 17.2
2008 8 10 5 19 58.520 103.637900 31.327510 1.4 13.9
2008 8 10 5 25 6.250 105.460200 32.824070 3.1 6.0
2008 8 10 5 32 45.860 105.303600 32.585210 2.6 13.4
2008 8 10 5 55 34.580 103.839500 31.441680 2.3 16.5
2008 8 10 6 16 24.680 104.618900 32.102680 1.9 15.3
2008 8 10 6 30 24.500 105.095000 32.513310 1.8 12.0
2008 8 10 6 58 .220 104.219200 31.892310 3.0 12.6
2008 8 10 7 0 55.720 103.923400 31.508230 1.6 13.5
2008 8 10 7 23 57.050 105.184800 32.580600 2.0 5.9
2008 8 10 7 52 59.690 104.645800 32.104450 2.4 11.9
2008 8 10 7 53 .300 104.630800 32.100690 2.4 11.6
2008 8 10 8 0 14.060 104.967000 32.333390 2.0 13.7
2008 8 10 8 37 53.330 103.866000 31.346610 2.4 12.4
2008 8 10 9 14 6.710 104.963800 32.344550 2.7 15.7
2008 8 10 9 36 58.290 103.706300 31.297820 2.2 9.9
2008 8 10 10 31 3.910 103.533500 31.284360 1.8 12.5
2008 8 10 11 15 58.830 103.137000 31.334150 2.1 13.2
2008 8 10 11 53 15.880 104.421300 32.064500 2.7 14.7
2008 8 10 12 35 23.060 104.967400 32.349580 2.7 15.2
2008 8 10 12 38 7.820 105.107600 32.466450 4.5 17.1
2008 8 10 13 18 34.620 103.709500 31.357720 2.5 17.2
2008 8 10 14 18 37.780 103.361500 31.351370 1.9 8.2
2008 8 10 15 0 13.720 104.272100 31.798660 2.9 11.2
2008 8 10 15 12 55.150 104.571800 32.180220 2.5 16.3
2008 8 10 15 19 12.340 104.192200 31.794880 1.8 14.4
2008 8 10 15 27 8.210 104.305100 31.911650 2.3 6.7
2008 8 10 15 50 13.970 103.706100 31.298170 1.6 6.4
2008 8 10 17 3 10.590 104.885700 32.256270 2.0 19.6
2008 8 10 17 18 40.250 103.731800 31.285350 1.6 14.7
2008 8 10 17 33 37.320 103.180300 31.025390 1.8 17.4
2008 8 10 18 8 19.940 105.080400 32.464450 2.3 11.1
2008 8 10 18 28 22.760 104.271700 31.771620 2.8 2.0
2008 8 10 18 32 44.880 103.761500 31.286350 2.0 4.6
2008 8 10 19 24 41.780 103.915300 31.454600 2.1 7.0
2008 8 10 19 30 37.150 103.471000 31.216390 1.9 6.5
2008 8 10 19 40 16.440 105.199400 32.550940 3.1 9.7
2008 8 10 19 45 24.430 105.328600 32.568990 3.1 12.6
2008 8 10 20 43 52.720 103.516400 31.516770 2.2 8.4
2008 8 10 20 52 20.090 105.008400 32.389500 1.9 13.9
2008 8 10 21 12 13.090 103.928200 31.622750 1.8 15.3
2008 8 10 21 19 30.600 103.348700 31.339320 1.6 2.7
2008 8 10 21 43 28.640 104.256200 31.776780 2.2 2.2
2008 8 10 22 14 36.690 103.873400 31.384750 2.9 15.4
2008 8 10 23 16 46.610 104.369300 31.952650 2.2 14.4
2008 8 10 23 29 44.460 104.922200 32.231610 3.6 15.9
2008 8 10 23 54 25.930 103.557500 31.272280 2.6 11.7
2008 8 11 0 14 29.200 103.864100 31.441530 1.6 10.6
2008 8 11 0 21 41.660 104.424200 31.858180 2.6 2.9
2008 8 11 0 40 47.490 103.463900 31.285940 1.4 8.4
2008 8 11 1 7 37.120 104.916700 32.327340 2.2 16.4
2008 8 11 1 9 46.860 105.088000 32.445820 2.3 16.1
2008 8 11 1 26 14.600 103.480600 31.321880 1.5 10.3
2008 8 11 1 33 41.500 103.555600 31.311530 1.5 12.1
2008 8 11 1 49 47.010 103.463600 31.157190 1.7 12.6
2008 8 11 2 9 5.150 103.383700 31.015960 2.1 15.9
2008 8 11 2 35 3.790 105.443300 32.752750 1.8 12.0
2008 8 11 2 38 48.810 103.342100 31.373780 1.3 8.4
2008 8 11 2 52 42.080 103.865600 31.452350 2.2 15.7
2008 8 11 3 13 40.600 103.469600 31.234330 2.6 13.4
2008 8 11 3 19 46.900 105.427400 32.776940 1.8 8.0
2008 8 11 3 26 25.070 103.165600 31.000680 1.9 13.9
2008 8 11 3 37 47.260 104.992000 32.424660 2.0 11.3
2008 8 11 4 6 50.030 103.253700 30.913140 2.4 15.9
2008 8 11 4 16 4.110 103.363600 31.322400 1.9 10.3
2008 8 11 4 37 47.550 104.011500 31.783030 3.2 15.8
2008 8 11 4 40 17.440 103.458200 31.190230 2.6 2.2
2008 8 11 5 9 59.670 104.240500 31.957470 1.8 17.1
2008 8 11 5 21 7.750 104.115500 31.546130 2.2 11.0
2008 8 11 5 57 9.740 103.384400 31.329970 2.1 11.4
2008 8 11 5 59 5.880 103.428400 31.331980 2.4 10.7
2008 8 11 6 6 32.830 103.478900 30.881110 1.5 6.6
2008 8 11 6 24 10.920 104.936200 32.336660 2.2 16.7
2008 8 11 7 4 19.500 103.644100 31.262970 3.3 12.7
2008 8 11 7 56 30.240 103.629800 31.259100 2.3 11.1
2008 8 11 7 59 6.940 103.362700 30.725280 2.0 7.5
2008 8 11 8 8 45.230 103.609700 31.200920 1.9 1.9
2008 8 11 8 49 11.320 103.459900 31.315650 3.1 8.6
2008 8 11 9 0 8.990 105.089800 32.441890 3.2 16.5
2008 8 11 9 10 33.200 104.893500 32.294770 2.7 12.5
2008 8 11 9 21 12.550 104.431600 31.889510 3.1 8.4
2008 8 11 9 27 20.700 105.205700 32.505290 3.1 15.2
2008 8 11 10 16 56.970 104.040200 31.695040 3.3 17.7
2008 8 11 10 41 52.470 103.673900 31.368770 2.9 17.5
2008 8 11 11 0 41.050 103.631300 31.235280 1.7 10.5
2008 8 11 11 0 41.150 103.619900 31.229060 1.6 11.3
2008 8 11 12 19 55.770 104.118300 31.841050 2.4 16.5
2008 8 11 12 21 10.900 104.110400 31.845750 2.3 16.3
2008 8 11 12 41 25.500 104.059700 31.673140 1.7 17.5
2008 8 11 13 22 7.320 104.617700 32.206570 2.5 14.7
2008 8 11 13 33 19.690 103.441300 31.285140 2.3 5.8
2008 8 11 13 50 15.050 104.546300 32.051530 3.1 15.2
2008 8 11 14 10 13.570 104.140000 31.754380 2.4 14.9
2008 8 11 14 25 5.930 103.154500 31.485410 2.5 11.5
2008 8 11 15 45 13.000 104.201500 31.757560 2.8 9.7
2008 8 11 16 21 48.470 103.343100 31.142070 2.5 14.7
2008 8 11 16 35 2.350 103.539400 31.308860 2.0 6.0
2008 8 11 18 3 27.030 104.287900 31.880950 2.2 10.4
2008 8 11 18 4 6.460 104.283000 31.893910 2.1 5.3
2008 8 11 18 20 56.040 103.440400 31.319220 1.9 .9
2008 8 11 19 1 3.370 105.128800 32.455740 2.0 12.2
2008 8 11 19 27 25.710 104.181700 31.850170 2.9 12.4
2008 8 11 19 31 58.990 104.880700 32.301080 1.8 13.9
2008 8 11 19 49 52.050 103.957800 31.619740 4.3 19.6
2008 8 11 20 3 24.660 103.212100 30.834590 2.3 6.7
2008 8 11 20 6 36.120 104.034300 31.572010 2.1 13.0
2008 8 11 20 27 7.940 103.830400 31.391240 2.2 18.9
2008 8 11 20 35 23.320 105.147300 32.468930 2.2 12.0
2008 8 11 20 58 40.840 104.334600 31.814170 2.7 10.0
2008 8 11 21 9 54.010 103.448400 31.284460 2.0 8.0
2008 8 11 21 17 12.280 105.129000 32.436310 1.8 12.8
2008 8 11 21 38 50.780 103.774000 31.294680 2.4 8.1
2008 8 11 21 46 10.930 104.484000 32.112150 2.3 14.1
2008 8 11 22 12 40.830 104.566500 32.180770 1.7 16.2
2008 8 11 22 21 2.130 103.629300 31.301840 2.5 12.9
2008 8 11 22 49 53.810 104.944700 32.250290 2.6 9.0
2008 8 11 23 29 43.670 103.538100 31.297940 3.9 14.0
2008 8 11 23 56 .720 104.238100 31.745570 2.0 7.4
2008 8 12 0 31 .190 103.416800 31.055790 1.6 4.3
2008 8 12 0 35 48.590 103.249100 31.044560 2.1 12.3
2008 8 12 0 36 43.840 105.357900 32.630200 1.9 19.5
2008 8 12 0 37 59.470 103.898000 31.408420 1.9 15.2
2008 8 12 0 39 23.830 104.206700 31.800330 2.0 14.9
2008 8 12 0 51 45.150 103.946100 31.607510 2.0 19.7
2008 8 12 1 9 59.080 104.307000 31.789450 2.1 6.6
2008 8 12 1 50 16.910 104.598500 32.099000 2.2 12.2
2008 8 12 1 58 3.020 105.110400 32.413800 2.2 15.7
2008 8 12 2 21 8.890 103.433400 31.326050 1.2 7.0
2008 8 12 2 29 15.580 104.561400 32.195190 2.0 17.1
2008 8 12 3 34 24.600 105.343700 32.641430 1.6 18.2
2008 8 12 3 45 30.000 105.467400 32.842430 2.4 9.8
2008 8 12 3 48 3.190 103.617600 31.235460 2.0 2.9
2008 8 12 4 9 12.430 105.266400 32.622750 2.2 18.4
2008 8 12 4 24 30.440 105.054900 32.418190 1.5 10.9
2008 8 12 4 59 .440 103.427300 31.057960 1.2 12.6
2008 8 12 5 8 20.080 103.371000 31.365290 1.3 4.1
2008 8 12 5 13 24.970 104.654500 32.203480 1.4 14.4
2008 8 12 5 14 27.630 103.562300 31.279070 1.2 8.4
2008 8 12 5 27 29.060 105.430500 32.820950 1.6 11.0
2008 8 12 5 32 39.270 105.428900 32.690360 2.3 11.7
2008 8 12 5 39 31.100 104.433500 31.975740 2.7 10.2
2008 8 12 5 56 16.780 103.720400 31.231820 2.4 8.7
2008 8 12 6 13 56.820 103.572000 31.325350 3.5 12.3
2008 8 12 6 49 26.690 105.003500 32.359770 3.1 17.3
2008 8 12 7 11 20.540 104.306200 31.882420 2.5 14.8
2008 8 12 8 16 56.110 105.300500 32.604220 1.9 15.4
2008 8 12 8 22 42.060 105.118100 32.455190 1.9 13.3
2008 8 12 8 25 26.380 103.281500 31.021410 2.9 10.7
2008 8 12 8 44 4.620 103.889900 31.411700 2.1 14.7
2008 8 12 8 50 48.030 104.258700 31.775600 2.0 9.9
2008 8 12 9 28 24.780 104.864000 32.394990 2.4 6.7
2008 8 12 9 37 22.070 104.101700 31.698200 2.1 13.7
2008 8 12 10 2 15.580 104.295100 31.878280 2.5 13.4
2008 8 12 10 24 .110 105.491700 32.849800 2.8 12.7
2008 8 12 10 30 18.120 105.441500 32.817640 2.0 7.3
2008 8 12 10 52 50.840 103.397400 30.828770 1.7 8.0
2008 8 12 11 37 26.720 103.776600 31.273750 3.3 11.8
2008 8 12 12 2 24.260 104.001700 31.576510 2.9 16.8
2008 8 12 12 37 19.180 103.457300 31.199360 2.4 14.1
2008 8 12 12 49 9.690 105.147600 32.488080 2.4 9.5
2008 8 12 13 2 30.510 103.458500 31.328610 2.0 9.6
2008 8 12 13 35 2.280 104.763500 32.198940 2.4 10.7
2008 8 12 14 4 29.170 103.372300 31.321100 1.8 14.3
2008 8 12 14 21 6.220 103.376400 31.308680 1.8 7.5
2008 8 12 14 45 35.010 104.056000 31.579520 2.5 14.1
2008 8 12 14 45 36.210 104.058300 31.585500 2.5 14.5
2008 8 12 15 24 31.760 103.358300 30.809310 2.6 11.8
2008 8 12 15 53 21.860 103.359600 30.903880 2.4 7.7
2008 8 12 16 16 38.380 104.254000 31.924580 2.2 14.5
2008 8 12 16 18 51.670 103.724200 31.249270 1.8 2.6
2008 8 12 16 36 59.210 105.468700 32.769340 2.9 9.2
2008 8 12 17 14 46.800 103.748200 31.277090 2.1 7.0
2008 8 12 17 39 48.970 104.763600 32.391610 2.8 17.9
2008 8 12 17 54 52.540 104.123300 31.849330 2.9 16.2
2008 8 12 17 58 38.390 104.856600 32.276450 2.3 14.0
2008 8 12 18 4 29.520 104.757900 32.206150 2.1 10.4
2008 8 12 18 36 53.350 104.958800 32.381820 2.3 17.5
2008 8 12 18 40 33.710 105.002800 32.374780 2.6 15.1
2008 8 12 18 55 8.080 105.236900 32.572630 2.1 17.8
2008 8 12 20 19 33.920 103.520600 31.104090 2.2 5.3
2008 8 12 20 26 42.930 103.844200 31.347560 2.2 14.9
2008 8 12 20 36 45.670 104.222500 31.740810 1.9 12.0
2008 8 12 20 58 36.020 103.355300 31.349330 2.2 14.9
2008 8 12 21 3 36.610 103.208700 30.944560 1.3 22.3
2008 8 12 21 9 22.170 105.443900 32.758490 2.7 10.5
2008 8 12 21 35 27.220 105.097200 32.412090 2.0 16.6
2008 8 12 21 47 .050 104.972700 32.344340 2.2 14.1
2008 8 12 21 58 27.180 103.277000 30.952840 2.9 18.5
2008 8 12 22 1 16.340 103.867200 31.491200 1.9 15.7
2008 8 12 22 22 51.610 103.440600 31.259090 3.7 14.5
2008 8 12 22 35 .660 103.168300 30.964750 1.9 10.5
2008 8 12 22 44 51.730 104.132200 31.721950 2.2 5.8
2008 8 12 23 1 5.900 103.289000 31.079650 1.7 12.8
2008 8 12 23 18 .230 104.912100 32.319930 2.0 7.2
2008 8 12 23 43 52.040 103.563200 31.230640 2.0 10.5
2008 8 12 23 44 49.410 105.016500 32.384990 2.3 12.9
2008 8 13 0 22 47.420 103.428800 31.320080 1.9 8.2
2008 8 13 0 27 29.310 104.477900 31.996420 2.0 9.5
2008 8 13 1 3 29.420 103.874400 31.488420 3.1 17.3
2008 8 13 1 21 26.590 103.531200 31.309100 3.1 9.4
2008 8 13 1 39 48.150 104.233600 31.947850 2.0 17.0
2008 8 13 1 42 3.870 103.525400 31.311600 2.1 2.3
2008 8 13 1 46 17.190 103.933400 31.527330 1.5 14.2
2008 8 13 2 5 43.350 103.954800 31.497680 2.6 15.9
2008 8 13 2 14 34.090 103.434100 31.263960 2.2 7.0
2008 8 13 2 23 15.330 103.423000 31.025750 2.2 12.2
2008 8 13 2 28 23.280 103.431500 31.285960 1.7 2.9
2008 8 13 2 33 34.250 103.566700 31.278510 2.3 10.0
2008 8 13 3 9 35.240 103.455700 31.166210 1.8 2.3
2008 8 13 3 27 39.780 103.587700 31.242350 2.3 11.4
2008 8 13 3 29 19.580 105.119200 32.446290 2.5 15.7
2008 8 13 3 32 14.850 103.194900 30.942250 2.5 17.3
2008 8 13 3 37 13.920 103.604200 31.278990 1.9 17.8
2008 8 13 3 37 14.120 103.603300 31.278410 2.0 17.9
2008 8 13 3 49 14.540 103.312900 31.333660 2.0 10.3
2008 8 13 4 14 17.140 105.434800 32.837990 2.9 8.2
2008 8 13 4 18 47.530 104.235500 31.904320 2.2 14.9
2008 8 13 4 32 11.040 103.423200 31.285890 1.6 7.1
2008 8 13 4 41 16.570 104.249800 31.861280 1.7 5.4
2008 8 13 4 42 10.080 103.234500 30.963180 1.7 10.3
2008 8 13 4 54 50.580 104.554900 32.031620 1.6 11.5
2008 8 13 5 3 20.340 104.181100 31.874880 5.3 14.3
2008 8 13 5 19 26.620 104.184100 31.878080 2.1 14.0
2008 8 13 5 25 39.230 104.902300 32.310120 1.7 12.6
2008 8 13 5 28 39.880 104.177000 31.878040 2.0 12.4
2008 8 13 5 33 58.980 104.176100 31.869740 3.2 16.0
2008 8 13 5 47 34.580 104.177100 31.870170 3.2 13.1
2008 8 13 5 55 22.270 104.181500 31.868520 2.6 13.6
2008 8 13 5 58 50.780 104.390900 31.899970 2.6 10.9
2008 8 13 6 0 48.380 103.437000 31.261850 1.9 8.3
2008 8 13 6 2 50.790 104.173900 31.855550 2.3 16.4
2008 8 13 6 15 29.110 103.611600 31.260870 1.9 15.5
2008 8 13 6 20 20.320 104.175300 31.872620 2.2 15.1
2008 8 13 6 38 35.920 104.176500 31.865480 2.7 14.9
2008 8 13 7 21 48.870 104.459600 32.042990 2.1 7.3
2008 8 13 7 25 25.760 103.646000 31.364720 1.7 17.4
2008 8 13 7 31 6.640 104.184700 31.866880 2.3 14.6
2008 8 13 7 37 55.970 103.462400 31.283980 2.6 10.9
2008 8 13 7 41 25.260 103.563200 31.268260 2.4 5.1
2008 8 13 8 22 26.220 104.980100 32.486890 2.4 8.7
2008 8 13 8 28 34.860 104.197400 31.689200 1.8 5.4
2008 8 13 8 29 57.300 104.178500 31.868140 2.4 13.3
2008 8 13 8 36 33.390 104.941700 32.287000 2.4 16.4
2008 8 13 9 35 19.160 103.643900 31.340640 1.8 13.1
2008 8 13 10 3 24.370 104.916500 32.382770 2.4 17.2
2008 8 13 10 47 44.820 104.176700 31.874490 1.8 14.3
2008 8 13 11 11 29.480 103.322000 31.368650 1.7 9.7
2008 8 13 11 31 27.700 103.416700 31.280420 2.1 9.6
2008 8 13 12 50 7.980 104.535300 32.048600 2.4 13.7
2008 8 13 12 55 4.100 105.108400 32.475160 1.9 11.8
2008 8 13 13 9 27.630 104.046700 31.700260 3.7 17.2
2008 8 13 13 12 30.220 103.678900 31.320150 2.5 13.9
2008 8 13 14 23 50.370 104.853700 32.252900 2.0 9.9
2008 8 13 15 5 34.760 104.889500 32.305450 3.4 15.7
2008 8 13 15 15 49.190 105.325800 32.622430 3.0 16.4
2008 8 13 15 43 58.860 103.314200 31.387050 4.2 13.5
2008 8 13 15 52 .080 103.321300 31.390170 3.2 12.7
2008 8 13 16 2 42.250 105.140200 32.500730 2.9 16.5
2008 8 13 16 12 32.760 103.167500 31.541320 2.0 12.1
2008 8 13 16 38 40.320 104.183200 31.872080 2.1 10.6
2008 8 13 16 45 42.240 105.364300 32.601360 4.4 15.2
2008 8 13 16 55 21.840 105.163700 32.486730 2.4 15.3
2008 8 13 17 8 48.020 103.908400 31.424380 2.6 14.9
2008 8 13 17 24 3.110 103.451300 31.329610 2.5 9.7
2008 8 13 17 25 59.380 103.442300 31.202800 3.3 1.9
2008 8 13 19 35 52.840 105.364100 32.598480 3.5 14.1
2008 8 13 21 4 16.720 103.320900 30.779670 3.6 15.3
2008 8 13 21 14 56.970 105.178700 32.411010 3.5 17.8
2008 8 13 21 36 23.730 105.174900 32.419830 2.2 19.5
2008 8 13 21 40 55.190 104.334200 31.827640 2.0 4.5
2008 8 13 21 53 36.980 103.883600 31.426400 2.0 12.5
2008 8 13 21 57 29.880 103.460700 30.918990 1.9 10.6
2008 8 13 22 10 10.490 104.180200 31.872380 2.1 13.2
2008 8 13 22 45 32.870 105.029500 32.391760 2.3 16.4
2008 8 13 23 10 58.970 105.365900 32.653910 2.3 15.4
2008 8 13 23 22 34.070 104.948600 32.342720 2.3 16.9
2008 8 13 23 30 43.560 104.620400 32.194470 2.2 15.8
2008 8 14 0 0 53.080 105.292100 32.594390 2.8 14.4
2008 8 14 0 15 24.500 103.684700 31.298830 2.5 14.9
2008 8 14 0 20 55.730 105.012600 32.338140 2.2 11.2
2008 8 14 0 32 29.220 103.451000 31.226870 2.5 11.3
2008 8 14 0 33 47.440 103.640400 31.247420 1.8 7.7
2008 8 14 0 38 6.190 103.924700 31.414930 2.8 14.6
2008 8 14 0 45 .270 105.053100 32.481250 1.9 14.0
2008 8 14 1 11 38.330 104.050300 31.704130 2.3 17.1
2008 8 14 1 19 .190 104.907700 32.326680 1.9 16.4
2008 8 14 1 31 50.960 103.634100 31.207420 1.6 8.2
2008 8 14 1 46 30.670 104.245800 31.920410 1.8 9.6
2008 8 14 1 52 .610 104.625800 32.108200 2.0 12.4
2008 8 14 1 54 24.050 105.503000 32.830590 2.3 12.1
2008 8 14 1 57 37.530 103.226300 31.293760 1.3 12.9
2008 8 14 2 55 41.680 105.192800 32.496830 2.1 13.9
2008 8 14 3 6 47.280 105.349800 32.633470 1.9 13.9
2008 8 14 3 37 46.650 105.120200 32.456490 2.5 13.9
2008 8 14 4 30 24.460 104.043500 31.651780 2.2 9.8
2008 8 14 4 49 56.700 105.031100 32.368930 2.3 12.1
2008 8 14 4 54 49.840 105.417900 32.764860 2.7 8.2
2008 8 14 4 57 10.140 105.407300 32.666820 2.1 18.4
2008 8 14 5 30 34.760 104.408700 31.942730 3.4 11.9
2008 8 14 5 48 7.530 103.540000 31.189650 2.9 11.4
2008 8 14 6 5 12.480 104.348700 31.837870 2.7 3.0
2008 8 14 6 32 25.130 104.275000 31.807900 2.2 10.0
2008 8 14 6 34 40.680 104.202400 31.817040 2.7 11.2
2008 8 14 7 43 53.690 105.209400 32.540850 2.8 11.6
2008 8 14 8 2 45.150 103.847600 31.289780 1.6 13.5
2008 8 14 8 25 9.620 103.243000 31.043940 2.1 9.3
2008 8 14 8 31 24.630 105.361200 32.664910 3.8 18.7
2008 8 14 8 45 3.100 104.081500 31.673210 2.0 14.1
2008 8 14 9 37 50.590 103.597100 31.374610 2.0 17.6
2008 8 14 9 41 40.800 105.079200 32.436570 2.2 15.2
2008 8 14 9 51 36.270 104.611100 32.083110 2.4 12.3
2008 8 14 10 15 35.660 104.646400 32.091930 2.0 13.3
2008 8 14 10 28 21.890 103.574500 31.316680 1.7 11.3
2008 8 14 10 29 42.960 104.348300 31.824870 2.5 3.4
2008 8 14 11 22 53.200 104.270900 31.811790 2.2 3.1
2008 8 14 11 55 30.490 105.146400 32.471570 2.9 16.7
2008 8 14 11 59 48.640 104.583100 32.064790 2.5 12.1
2008 8 14 12 59 34.680 104.610400 32.158690 1.7 13.5
2008 8 14 13 20 44.400 104.051200 31.699960 4.0 17.7
2008 8 14 13 26 4.010 105.347900 32.593900 1.6 12.1
2008 8 14 13 41 37.110 105.004200 32.288610 1.8 11.1
2008 8 14 14 1 40.080 105.249400 32.563840 2.3 13.6
2008 8 14 14 25 9.290 104.634000 32.104920 2.3 11.7
2008 8 14 14 54 9.370 103.415400 31.190630 2.0 4.1
2008 8 14 15 14 28.990 103.539500 31.253890 2.1 17.1
2008 8 14 16 16 2.430 103.500500 31.058580 2.0 2.2
2008 8 14 16 19 24.560 103.161000 31.009820 2.0 15.0
2008 8 14 16 23 40.700 105.505000 32.755900 3.2 10.2
2008 8 14 16 48 44.450 103.808900 31.333810 2.8 12.7
2008 8 14 17 41 27.070 103.871700 31.377570 2.7 2.3
2008 8 14 18 22 24.550 104.320300 31.853190 2.7 8.6
2008 8 14 18 36 48.580 104.924500 32.382920 4.1 19.5
2008 8 14 18 39 29.110 104.931300 32.379580 3.1 16.3
2008 8 14 18 41 35.560 103.388700 31.328710 1.9 9.1
2008 8 14 19 23 55.730 105.166100 32.504810 2.2 15.5
2008 8 14 20 11 48.120 105.033600 32.407580 2.1 14.1
2008 8 14 20 30 26.700 104.893600 32.330950 2.1 20.2
2008 8 14 20 39 12.870 103.411300 31.317210 1.7 7.5
2008 8 14 20 42 25.150 103.713400 31.247520 1.2 5.7
2008 8 14 21 49 57.120 105.418500 32.688550 2.5 10.1
2008 8 14 21 57 57.420 104.699400 32.296410 1.8 12.6
2008 8 14 22 11 27.640 104.247000 31.755410 1.9 11.6
2008 8 14 22 28 21.540 105.168300 32.404610 2.1 16.8
2008 8 14 22 35 42.850 103.428000 31.295550 2.1 2.4
2008 8 14 22 42 51.000 103.230700 31.036230 1.3 15.2
2008 8 14 23 10 24.790 105.149700 32.518460 2.7 17.5
2008 8 14 23 18 34.490 104.604800 32.217410 2.1 9.3
2008 8 15 0 0 2.260 103.366500 31.081310 2.2 11.1
2008 8 15 0 4 39.690 104.094700 31.710610 1.8 15.3
2008 8 15 0 16 7.940 103.886100 31.444340 2.7 13.1
2008 8 15 0 24 44.740 103.364800 31.019000 1.8 12.2
2008 8 15 0 25 51.410 105.235500 32.561780 2.2 11.4
2008 8 15 0 29 39.320 104.641000 32.097470 1.5 9.2
2008 8 15 1 6 38.400 103.221800 31.021370 5.1 15.9
2008 8 15 1 26 28.860 103.213700 31.030630 1.5 13.0
2008 8 15 1 28 39.730 103.190900 31.010970 1.7 18.6
2008 8 15 1 41 7.400 103.213000 31.035150 2.2 10.7
2008 8 15 1 50 11.100 103.230300 31.047960 1.4 13.3
2008 8 15 1 54 44.650 104.253100 31.821230 2.5 9.9
2008 8 15 2 4 37.000 104.047100 31.574500 1.9 14.6
2008 8 15 2 18 52.490 104.174700 31.874320 1.3 12.8
2008 8 15 2 22 36.740 105.090400 32.553170 1.8 18.0
2008 8 15 2 44 58.110 104.076300 31.526100 2.0 1.5
2008 8 15 2 46 7.160 103.224200 31.032280 1.6 12.8
2008 8 15 2 59 17.000 105.434500 32.785100 3.8 12.6
2008 8 15 3 3 40.070 104.097400 31.820270 3.1 17.0
2008 8 15 3 10 46.860 104.932000 32.440530 2.4 13.0
2008 8 15 3 15 44.720 103.203300 31.294740 1.7 13.6
2008 8 15 3 20 29.540 104.712000 32.239810 1.9 15.3
2008 8 15 3 36 38.030 105.035400 32.469850 1.5 7.6
2008 8 15 3 41 24.870 104.273900 31.883050 1.7 10.4
2008 8 15 3 43 5.920 103.448900 31.286820 1.2 2.1
2008 8 15 4 6 29.570 104.928100 32.332990 3.1 16.4
2008 8 15 4 9 12.090 104.034700 31.512500 2.0 16.9
2008 8 15 4 40 37.670 105.348100 32.603630 1.9 12.1
2008 8 15 4 45 36.940 104.031400 31.570560 1.7 8.9
2008 8 15 4 55 54.290 103.229300 31.038570 2.2 9.3
2008 8 15 5 21 59.070 103.358200 31.383370 2.2 12.2
2008 8 15 5 58 49.540 104.075400 31.708100 2.1 14.0
2008 8 15 6 6 21.260 103.214300 31.027670 1.9 10.1
2008 8 15 6 7 12.860 103.249500 31.040920 2.0 13.3
2008 8 15 6 16 6.530 104.982300 32.274790 2.3 15.2
2008 8 15 6 24 11.160 105.068300 32.385480 1.7 11.0
2008 8 15 6 43 56.100 105.038300 32.354470 2.4 19.0
2008 8 15 7 3 .980 103.647400 31.242450 2.6 15.2
2008 8 15 7 8 28.920 103.702900 31.260290 2.1 14.5
2008 8 15 7 17 40.570 104.337600 31.888820 3.0 14.4
2008 8 15 7 40 59.120 105.569000 32.769210 2.1 16.0
2008 8 15 7 44 46.950 103.842300 31.326890 2.2 9.4
2008 8 15 8 37 48.530 103.575300 31.179160 2.6 6.1
2008 8 15 9 6 8.920 103.310800 31.387350 2.0 9.2
2008 8 15 9 17 8.230 103.978700 31.482870 2.8 15.0
2008 8 15 9 19 6.490 103.276600 31.052880 1.9 11.4
2008 8 15 9 47 43.120 104.100800 31.814970 2.7 16.6
2008 8 15 9 59 11.590 105.374800 32.619780 2.4 15.9
2008 8 15 10 5 32.500 103.597100 31.345720 1.5 13.9
2008 8 15 10 43 10.620 104.119600 31.742840 2.1 5.3
2008 8 15 10 56 25.020 103.419300 31.058690 2.3 13.2
2008 8 15 12 17 13.410 103.769800 31.337780 2.5 15.5
2008 8 15 13 38 41.860 104.785200 32.273610 2.8 11.9
2008 8 15 14 3 36.770 103.347700 31.004400 2.6 10.5
2008 8 15 14 6 3.720 103.871600 31.488630 2.1 16.5
2008 8 15 14 19 27.800 103.265900 31.055720 2.7 16.7
2008 8 15 14 39 46.980 104.609300 32.066060 2.8 14.2
2008 8 15 14 47 24.580 104.921800 32.324850 2.7 15.7
2008 8 15 16 14 17.300 104.988300 32.363670 2.9 14.5
2008 8 15 16 42 16.030 105.468600 32.799410 2.8 10.4
2008 8 15 16 52 25.210 103.234200 31.031810 2.1 11.6
2008 8 15 17 16 39.770 103.321300 30.947200 1.9 20.9
2008 8 15 17 26 30.510 103.261400 31.061660 2.4 11.2
2008 8 15 17 42 12.260 103.428000 31.277280 1.9 3.3
2008 8 15 18 16 20.320 103.876800 31.365980 1.9 12.7
2008 8 15 18 38 8.060 103.218400 30.943980 1.7 13.7
2008 8 15 19 2 8.680 104.240800 31.749630 2.5 13.0
2008 8 15 20 4 24.210 104.314900 31.859330 2.0 1.5
2008 8 15 20 17 25.770 105.338400 32.672760 1.6 15.7
2008 8 15 21 0 15.190 105.055400 32.444000 1.9 1.5
2008 8 15 21 13 38.430 103.413400 31.157860 1.8 2.3
2008 8 15 21 53 54.540 105.038000 32.459140 3.3 14.5
2008 8 15 22 21 59.460 105.181300 32.580750 2.3 8.3
2008 8 15 22 25 14.030 104.968000 32.291700 2.0 14.1
2008 8 15 22 35 5.610 104.527400 32.108470 1.9 11.7
2008 8 15 22 45 16.540 104.564000 32.150060 1.6 14.5
2008 8 15 22 52 1.820 103.869100 31.422610 2.4 15.2
2008 8 15 23 39 17.770 104.615400 32.065680 3.1 15.7
2008 8 15 23 54 19.980 105.326800 32.595620 1.7 15.7
2008 8 16 0 10 53.310 105.051000 32.356160 2.7 15.9
2008 8 16 0 43 59.170 104.009600 31.544240 1.7 8.8
2008 8 16 0 48 37.360 105.442400 32.852680 1.8 6.3
2008 8 16 1 11 58.690 103.307700 31.399600 2.0 9.9
2008 8 16 1 25 36.840 104.891700 32.330640 3.1 15.8
2008 8 16 1 31 24.810 103.537200 31.473920 3.6 11.1
2008 8 16 1 34 1.920 104.189100 31.873440 2.3 7.1
2008 8 16 1 35 23.770 103.481400 31.323720 2.7 9.1
2008 8 16 1 40 43.870 104.281000 31.763150 1.3 3.5
2008 8 16 1 46 19.740 104.556200 32.088930 1.8 13.3
2008 8 16 2 13 10.980 103.479400 31.168170 1.2 8.1
2008 8 16 2 24 34.890 104.584100 32.156560 2.5 14.2
2008 8 16 2 35 9.940 105.201100 32.542660 2.3 17.0
2008 8 16 3 1 37.300 105.348200 32.644160 3.1 19.8
2008 8 16 3 5 2.420 103.484100 31.173160 2.9 12.3
2008 8 16 3 36 24.580 103.430600 30.837930 2.0 2.0
2008 8 16 3 36 32.500 104.257700 31.820910 2.2 1.7
2008 8 16 3 44 21.910 103.820100 31.446010 1.7 16.6
2008 8 16 3 49 21.740 105.021300 32.423310 2.1 16.1
2008 8 16 3 56 40.110 103.363000 31.093720 1.7 13.4
2008 8 16 4 16 19.090 105.239000 32.556210 3.4 12.3
2008 8 16 4 19 28.900 103.799900 31.424650 1.9 13.9
2008 8 16 4 49 30.510 103.374700 31.139110 1.4 13.0
2008 8 16 4 54 28.060 104.553800 32.130420 2.2 9.4
2008 8 16 5 11 27.700 103.234100 31.036210 2.9 13.3
2008 8 16 5 30 59.420 103.267500 31.059470 1.7 14.7
2008 8 16 6 12 8.910 104.960000 32.344520 2.7 10.7
2008 8 16 6 39 12.150 105.071800 32.455070 3.6 14.1
2008 8 16 7 3 48.470 104.151900 31.701080 1.9 9.1
2008 8 16 7 9 33.060 103.450100 31.218010 2.5 12.3
2008 8 16 7 14 32.230 103.274700 30.824910 2.4 15.0
2008 8 16 7 37 29.770 103.156100 30.997160 2.9 18.3
2008 8 16 7 49 55.710 103.617900 31.312740 2.2 14.3
2008 8 16 8 4 15.280 104.213400 31.784410 2.1 12.6
2008 8 16 8 7 57.940 104.843200 32.285370 2.6 15.6
2008 8 16 8 7 58.160 104.839900 32.283540 2.6 15.5
2008 8 16 8 44 46.960 103.229300 31.059200 2.0 3.9
2008 8 16 8 51 30.910 105.433500 32.775840 2.6 11.2
2008 8 16 9 4 35.970 104.184400 31.780920 2.2 11.5
2008 8 16 9 24 28.300 103.308100 30.695710 2.2 11.2
2008 8 16 9 28 33.920 103.711600 31.291720 1.5 14.9
2008 8 16 9 29 57.380 103.161700 30.946060 2.4 12.4
2008 8 16 9 30 34.550 103.439000 31.039650 3.2 13.2
2008 8 16 9 54 49.440 103.910000 31.415150 2.2 15.0
2008 8 16 10 18 47.600 104.560900 32.198560 1.9 16.1
2008 8 16 11 40 43.070 103.390700 31.342490 2.3 10.6
2008 8 16 13 20 34.660 103.453100 31.155800 1.9 7.4
2008 8 16 14 25 46.890 103.891100 31.376980 1.9 15.7
2008 8 16 15 9 36.730 103.412100 30.964740 2.3 9.8
2008 8 16 15 11 13.130 103.265900 31.036160 2.0 8.6
2008 8 16 16 5 23.400 103.420400 30.978740 1.6 8.5
2008 8 16 17 14 45.620 104.275900 31.775130 2.2 8.2
2008 8 16 17 18 44.570 103.740600 31.388420 1.7 16.4
2008 8 16 17 37 19.310 103.175400 31.629500 1.7 9.2
2008 8 16 17 42 21.590 103.871000 31.690440 1.9 15.2
2008 8 16 18 2 24.480 103.946300 31.745690 2.1 16.9
2008 8 16 18 7 32.230 103.624900 31.195580 2.1 14.1
2008 8 16 19 11 56.410 103.386400 31.181070 1.9 13.2
2008 8 16 19 19 45.700 103.903700 31.440400 3.4 16.0
2008 8 16 19 32 59.830 103.423200 31.292500 1.6 12.7
2008 8 16 19 35 43.820 104.190900 31.488000 1.9 15.2
2008 8 16 19 37 34.180 104.465100 32.205690 2.2 19.6
2008 8 16 20 14 57.920 103.806700 31.368910 2.0 9.0
2008 8 16 20 38 26.680 105.012200 32.360500 2.3 14.5
2008 8 16 21 3 47.140 103.430400 31.290710 1.7 1.1
2008 8 16 21 27 44.470 103.449900 31.224810 3.4 12.8
2008 8 16 22 37 59.620 103.696600 31.291950 2.1 13.3
2008 8 16 23 37 22.050 103.746200 31.284810 1.9 6.7
2008 8 17 0 19 11.190 103.313300 31.097060 1.1 2.1
2008 8 17 1 2 3.630 103.280500 31.385430 1.4 12.3
2008 8 17 1 11 16.280 104.865400 32.313960 1.9 4.5
2008 8 17 1 22 25.350 103.982400 31.736890 1.9 18.1
2008 8 17 1 33 11.240 103.407500 31.067590 1.3 .9
2008 8 17 1 41 39.900 104.579400 32.214790 2.0 16.4
2008 8 17 1 45 23.700 103.662500 31.222540 1.7 2.5
2008 8 17 1 46 5.430 103.657200 31.222960 1.5 6.5
2008 8 17 2 7 12.280 105.197300 32.505680 3.3 15.4
2008 8 17 2 13 33.090 103.172600 30.988750 1.3 14.3
2008 8 17 2 20 16.660 103.501500 31.255700 1.4 10.0
2008 8 17 2 27 3.070 103.357700 31.011860 1.7 11.7
2008 8 17 2 29 26.240 103.185100 31.048140 1.5 17.8
2008 8 17 2 33 56.010 105.058900 32.423520 2.2 16.4
2008 8 17 2 50 11.810 104.851800 32.275190 1.6 12.8
2008 8 17 2 57 39.730 103.459300 31.374780 1.8 11.1
2008 8 17 3 2 13.540 103.580100 31.326110 1.2 2.4
2008 8 17 3 7 9.710 104.697100 32.228800 2.5 15.5
2008 8 17 3 13 48.540 103.446000 31.324000 2.2 9.9
2008 8 17 3 15 54.980 104.090000 31.712910 2.3 15.8
2008 8 17 3 31 37.550 103.181200 31.361560 1.6 10.9
2008 8 17 3 33 17.450 105.460600 32.807240 2.3 13.1
2008 8 17 3 47 37.860 103.269700 31.054330 1.8 12.8
2008 8 17 3 55 37.680 103.420200 31.283730 1.4 5.2
2008 8 17 4 4 47.610 105.341800 32.583140 2.2 14.3
2008 8 17 4 22 20.360 103.899000 31.430370 3.1 15.7
2008 8 17 4 40 1.720 104.252300 31.532100 2.3 16.0
2008 8 17 4 52 59.150 103.393300 31.025520 1.8 2.5
2008 8 17 5 19 20.740 104.225800 31.870640 1.3 11.4
2008 8 17 5 38 39.610 103.482500 31.199040 2.0 10.1
2008 8 17 5 42 22.380 105.103200 32.466800 2.2 16.8
2008 8 17 6 5 52.040 105.116200 32.361860 2.3 14.3
2008 8 17 6 14 42.590 103.985300 31.549730 2.0 11.7
2008 8 17 6 48 53.900 105.457700 32.768720 2.9 11.3
2008 8 17 7 13 10.900 104.215100 31.841650 2.3 15.1
2008 8 17 7 36 55.190 104.958400 32.256950 2.2 12.4
2008 8 17 7 38 56.270 104.944500 32.278890 2.5 14.6
2008 8 17 7 41 14.350 105.085600 32.503680 2.4 8.9
2008 8 17 8 42 40.120 103.394300 31.022650 1.9 2.3
2008 8 17 9 19 26.240 105.050600 32.329660 2.3 16.2
2008 8 17 9 40 53.180 104.552400 32.142820 1.9 14.8
2008 8 17 9 58 52.750 105.011400 32.375940 2.2 15.5
2008 8 17 11 26 31.590 103.865200 31.485600 1.7 15.9
2008 8 17 11 41 51.810 103.806400 31.300780 2.0 15.3
2008 8 18 10 22 21.700 103.415600 31.288760 4.5 14.2
2008 8 18 10 36 24.620 103.427000 31.295100 1.9 5.6
2008 8 18 11 0 52.740 103.754700 31.341810 2.3 13.2
2008 8 18 11 28 17.650 103.284500 30.966250 3.0 19.5
2008 8 18 11 59 8.540 104.091400 31.642210 2.0 13.1
2008 8 18 12 4 32.220 104.055400 31.569500 2.5 11.7
2008 8 18 12 46 1.060 103.246700 31.039420 2.2 10.8
2008 8 18 13 16 6.900 105.028500 32.443930 3.0 10.3
2008 8 18 13 45 48.860 104.601400 32.222160 2.2 14.1
2008 8 18 13 56 .840 103.298200 30.922740 2.0 16.3
2008 8 18 14 7 39.800 105.027500 32.444730 2.8 12.9
2008 8 18 14 45 37.220 103.221900 31.016930 2.0 12.3
2008 8 18 15 4 17.280 104.147200 31.749350 3.3 1.6
2008 8 18 15 13 26.910 104.385200 31.850060 2.2 10.1
2008 8 18 15 57 2.150 104.608900 32.074260 3.1 15.5
2008 8 18 15 59 52.410 104.799000 32.276870 2.3 2.8
2008 8 18 16 4 28.030 104.671900 32.264980 3.8 15.4
2008 8 18 16 25 20.160 105.174600 32.507020 2.1 16.8
2008 8 18 16 48 18.270 103.529600 31.264300 2.0 11.5
2008 8 18 16 54 5.740 105.129100 32.493520 2.5 13.6
2008 8 18 17 3 2.340 103.162100 31.286250 1.4 13.3
2008 8 18 17 21 30.150 103.327100 31.161840 1.6 12.9
2008 8 18 17 45 5.710 104.054400 31.562620 2.4 8.9
2008 8 18 17 46 44.150 103.429000 31.296020 2.2 11.3
2008 8 18 18 7 12.240 103.749500 31.298510 1.3 7.6
2008 8 18 18 25 46.210 103.595100 31.351710 1.4 15.8
2008 8 18 18 34 59.660 104.702200 32.290240 2.2 14.3
2008 8 18 18 42 45.720 104.614600 32.230620 3.0 15.3
2008 8 18 18 45 27.440 103.425800 31.295820 2.1 6.8
2008 8 18 19 28 1.810 105.580500 32.753680 1.7 21.4
2008 8 18 19 37 54.360 105.063700 32.413040 1.9 14.3
2008 8 18 19 46 12.730 103.750600 31.353130 1.6 16.5
2008 8 18 19 51 39.590 105.030100 32.447540 2.7 15.0
2008 8 18 19 56 47.290 103.418300 31.294770 1.7 6.2
2008 8 18 20 30 40.560 104.377600 32.120190 2.1 16.6
2008 8 18 20 49 22.590 103.748700 31.291020 2.0 12.9
2008 8 18 20 52 27.370 104.625100 32.134930 1.6 16.5
2008 8 18 21 56 57.160 104.206700 31.810910 1.8 14.0
2008 8 18 22 2 22.950 103.158000 31.367550 1.3 9.4
2008 8 18 22 16 18.890 104.326800 31.937210 2.1 10.6
2008 8 18 22 19 1.470 104.620200 32.201240 3.3 17.2
2008 8 18 22 25 10.880 103.312300 31.600040 1.6 15.2
2008 8 18 22 44 31.450 104.239400 31.692320 2.2 5.5
2008 8 18 22 58 37.100 104.107100 31.495300 2.1 15.4
2008 8 18 23 3 16.280 103.545600 31.294790 2.2 2.0
2008 8 18 23 11 20.980 103.566000 31.266040 1.4 16.8
2008 8 18 23 25 7.160 103.928200 31.467170 1.5 15.0
2008 8 18 23 43 55.720 103.484800 31.325300 2.0 6.3
2008 8 18 23 48 57.560 104.361400 31.796470 1.4 1.6
2008 8 19 0 7 3.690 105.276200 32.653800 1.9 2.0
2008 8 19 0 8 50.310 103.864000 31.375210 1.7 15.2
2008 8 19 0 20 59.490 103.775300 31.428100 1.8 15.6
2008 8 19 0 21 53.810 104.127400 31.735280 1.8 10.5
2008 8 19 0 30 2.430 103.242800 30.784920 2.3 13.5
2008 8 19 0 38 40.310 104.202100 31.505990 3.0 14.8
2008 8 19 0 43 28.580 105.364900 32.643180 1.8 19.4
2008 8 19 0 54 24.620 103.430100 31.253540 2.3 7.5
2008 8 19 1 7 21.670 104.027100 31.529240 1.7 6.0
2008 8 19 1 25 45.900 103.544400 31.286460 1.6 2.4
2008 8 19 1 43 5.790 104.234600 31.919660 3.1 16.5
2008 8 19 2 44 46.410 104.446900 31.870660 2.4 6.4
2008 8 19 2 58 46.820 103.380000 30.977730 1.9 10.5
2008 8 19 3 23 23.580 105.147600 32.605720 2.3 18.3
2008 8 19 3 24 31.760 105.310400 32.587010 1.7 12.0
2008 8 19 3 27 1.990 103.323800 30.939820 1.4 6.8
2008 8 19 3 31 24.530 104.294200 31.811380 2.4 7.9
2008 8 19 3 34 25.130 104.368900 31.826130 2.2 2.2
2008 8 19 3 42 41.140 103.310000 31.086740 2.8 14.3
2008 8 19 3 55 56.920 105.365800 32.697350 3.0 14.1
2008 8 19 3 58 .510 103.832600 31.418710 2.2 14.6
2008 8 19 4 2 36.380 104.677300 32.193660 2.1 14.7
2008 8 19 4 9 16.110 104.093100 32.025870 2.3 16.7
2008 8 19 4 28 4.340 104.090200 31.678480 1.8 9.8
2008 8 19 4 44 14.610 103.415300 31.291040 1.5 4.5
2008 8 19 4 46 58.140 103.619400 31.299350 2.2 15.1
2008 8 19 4 57 34.220 103.519700 31.189780 2.0 6.6
2008 8 19 5 48 15.730 103.202900 31.358190 1.6 13.2
2008 8 19 6 2 38.280 103.161600 31.370280 2.0 14.6
2008 8 19 6 4 11.990 104.301700 31.845720 1.7 10.6
2008 8 19 6 4 48.460 104.274300 31.932910 2.7 11.3
2008 8 19 6 9 6.770 103.419900 31.291060 1.9 2.6
2008 8 19 6 22 25.790 105.427500 32.830470 1.8 8.5
2008 8 19 6 30 57.550 103.426600 31.284470 1.8 2.1
2008 8 19 6 58 16.820 104.265000 31.533780 3.1 16.9
2008 8 19 7 2 53.310 103.261800 30.888470 1.3 16.5
2008 8 19 7 42 46.250 103.622500 31.256350 1.5 10.9
2008 8 19 7 44 33.080 103.263300 31.050700 2.3 18.1
2008 8 19 7 57 50.960 104.133600 31.736330 1.9 19.2
2008 8 19 8 9 30.490 103.709400 31.332690 2.3 15.7
2008 8 19 9 2 19.560 103.542500 31.313240 1.8 10.8
2008 8 19 10 5 17.860 104.144100 31.804580 1.6 15.4
2008 8 19 10 19 1.520 104.075900 31.553430 3.3 16.2
2008 8 19 10 44 22.210 105.190000 32.485350 2.3 13.6
2008 8 19 10 51 41.810 104.109200 32.059880 3.1 17.6
2008 8 19 11 21 28.580 103.554800 31.331510 1.8 16.5
2008 8 19 13 36 18.620 104.895500 32.322640 2.3 17.4
2008 8 19 13 46 24.080 104.274500 31.842660 1.6 9.2
2008 8 19 14 6 53.470 103.871300 31.487330 1.8 14.2
2008 8 19 14 10 52.870 104.987800 32.500060 3.3 9.6
2008 8 19 14 13 55.130 103.842900 31.357030 2.7 16.7
2008 8 19 14 40 36.120 103.394000 31.145360 1.4 13.2
2008 8 19 16 4 4.790 103.538600 31.284800 2.1 11.0
2008 8 19 16 13 57.130 104.215600 31.863500 1.9 13.7
2008 8 19 16 21 17.410 105.132600 32.574020 3.4 16.2
2008 8 19 16 37 58.860 103.406200 31.247160 1.7 2.9
2008 8 19 17 18 7.080 104.632400 32.106090 1.9 10.8
2008 8 19 17 27 34.840 104.155300 31.854460 1.6 9.7
2008 8 19 17 58 52.800 104.211000 31.553380 1.6 16.3
2008 8 19 19 10 41.470 104.343800 31.823250 2.1 12.8
2008 8 19 19 18 57.560 103.439200 31.266230 1.6 9.7
2008 8 19 19 38 14.020 104.206900 31.552460 1.8 16.4
2008 8 19 19 56 39.070 104.994100 32.356430 2.8 17.9
2008 8 19 20 2 26.460 105.166800 32.421000 2.0 9.9
2008 8 19 20 41 47.510 104.067500 31.561110 1.9 5.0
2008 8 19 21 5 22.040 103.280200 31.060840 2.1 10.3
2008 8 19 21 32 24.740 105.067900 32.473880 2.0 18.3
2008 8 19 21 32 40.630 103.423600 31.251400 1.9 2.6
2008 8 19 22 14 .220 103.415700 31.292620 1.7 1.7
2008 8 19 22 40 51.240 105.025000 32.442350 2.1 9.7
2008 8 19 22 45 34.040 104.312200 31.871550 1.9 1.5
2008 8 19 23 9 .330 103.287700 31.058720 1.4 10.5
2008 8 19 23 24 1.400 104.674200 32.185780 1.9 14.4
2008 8 19 23 29 29.930 103.737500 31.286330 2.0 6.1
2008 8 19 23 40 25.300 105.110200 32.482460 2.9 15.3
2008 8 20 0 20 57.290 103.486900 31.301450 2.1 7.9
2008 8 20 0 24 33.990 103.486700 31.247970 2.2 23.6
2008 8 20 0 24 45.450 104.764300 32.305320 2.2 8.5
2008 8 20 0 50 41.740 103.295800 31.092510 2.3 8.1
2008 8 20 1 19 33.830 105.571300 32.787240 1.8 17.8
2008 8 20 1 35 16.880 103.456100 31.282960 2.2 4.6
2008 8 20 1 44 58.400 104.628200 32.111520 1.8 15.0
2008 8 20 2 2 17.490 105.205800 32.518030 2.7 13.7
2008 8 20 2 6 11.840 103.648400 31.265640 .9 11.2
2008 8 20 2 17 1.670 103.714100 31.282650 2.1 17.3
2008 8 20 2 25 43.580 104.297500 31.879920 2.0 6.9
2008 8 20 3 23 20.680 105.265200 32.613540 3.0 18.8
2008 8 20 3 35 58.760 104.535400 32.082010 1.8 12.8
2008 8 20 3 45 16.900 105.372800 32.576270 2.4 12.8
2008 8 20 3 48 2.720 103.312600 31.084030 2.0 1.4
2008 8 20 3 52 24.070 103.298900 31.079920 2.8 2.1
2008 8 20 4 2 22.700 104.384400 31.860760 1.8 12.1
2008 8 20 4 5 50.170 104.985900 32.271430 1.3 11.8
2008 8 20 4 29 52.100 104.173900 31.758590 1.7 12.9
2008 8 20 4 35 3.310 103.597300 31.229190 1.8 7.7
2008 8 20 5 24 14.370 103.367600 30.833460 1.9 12.5
2008 8 20 5 29 5.300 103.263600 31.049630 1.3 14.0
2008 8 20 6 13 4.070 103.688800 31.308560 2.5 15.3
2008 8 20 6 35 57.830 103.548100 31.244400 2.3 2.3
2008 8 20 7 8 12.510 105.266500 32.602540 2.9 17.9
2008 8 20 7 54 46.620 105.045400 32.405480 3.7 16.1
2008 8 20 8 1 52.450 103.309300 31.583190 3.0 6.6
2008 8 20 8 32 54.560 105.018100 32.408820 2.1 16.6
2008 8 20 10 40 55.150 104.148800 31.744120 2.1 14.3
2008 8 20 10 48 17.100 104.207200 31.815880 2.7 16.9
2008 8 20 11 1 8.710 104.275200 31.955860 2.4 15.0
2008 8 20 11 9 52.810 103.423500 31.253750 1.8 2.7
2008 8 20 13 19 49.960 103.808300 31.449650 2.0 16.3
2008 8 20 13 57 11.410 104.142800 31.854350 2.3 15.2
2008 8 20 13 58 40.950 103.309400 31.083190 2.4 9.2
2008 8 20 14 18 13.980 104.917000 32.385790 2.2 19.5
2008 8 20 15 1 12.500 105.181600 32.577590 2.6 14.7
2008 8 20 15 7 1.210 103.806300 31.412650 2.9 15.9
2008 8 20 15 20 53.450 103.476300 31.245300 2.0 2.6
2008 8 20 17 51 35.830 105.128000 32.544830 2.5 11.3
2008 8 20 18 24 15.870 104.086600 31.687670 3.0 15.9
2008 8 20 18 31 33.750 104.074100 32.082650 3.7 18.9
2008 8 20 18 40 7.870 103.831200 31.378320 1.8 16.9
2008 8 20 18 53 53.850 103.763000 31.605320 1.8 17.9
2008 8 20 19 24 22.250 105.080500 32.534330 2.4 14.8
2008 8 20 19 31 57.030 104.390700 31.936340 2.8 14.6
2008 8 20 20 15 11.900 105.170800 32.574670 2.4 15.4
2008 8 20 20 29 29.330 104.676100 32.177060 2.3 13.5
2008 8 20 21 8 36.050 103.453000 31.326810 2.3 12.6
2008 8 20 21 16 11.690 103.463500 31.313500 1.3 2.9
2008 8 20 21 39 41.210 104.738500 32.345700 1.7 17.0
2008 8 20 21 40 17.910 103.742200 31.328750 1.5 7.3
2008 8 20 21 53 56.530 104.661300 32.220190 2.2 13.6
2008 8 20 22 24 39.730 104.246100 31.795390 1.5 2.9
2008 8 20 22 40 28.850 103.341900 31.013950 1.5 2.8
2008 8 20 23 33 30.790 104.191800 31.659590 2.1 7.0
2008 8 20 23 51 18.000 103.577700 31.229130 1.7 10.4
2008 8 21 0 12 9.920 103.370900 31.019250 1.5 10.3
2008 8 21 0 20 49.530 103.423300 31.283530 1.5 2.0
2008 8 21 0 24 19.520 103.445900 31.154680 1.7 8.1
2008 8 21 0 29 54.010 103.436500 31.271170 1.6 9.0
2008 8 21 0 45 39.150 103.989500 31.549230 2.0 12.0
2008 8 21 1 33 49.390 103.457600 31.288490 1.6 7.2
2008 8 21 1 35 52.290 103.892600 31.462270 1.7 15.3
2008 8 21 1 55 22.750 104.049000 31.643020 1.8 13.6
2008 8 21 1 58 19.610 105.296200 32.572680 2.3 13.4
2008 8 21 2 8 37.130 103.348600 31.373400 2.2 7.2
2008 8 21 2 10 8.600 104.600900 32.189950 2.7 16.3
2008 8 21 2 47 40.270 103.581500 31.280100 4.0 16.6
2008 8 21 3 18 20.330 104.020400 31.596500 2.2 15.0
2008 8 21 3 19 39.270 105.168600 32.570460 2.7 14.6
2008 8 21 3 27 1.670 103.414600 31.251400 1.5 1.6
2008 8 21 3 34 56.780 103.333000 30.976940 3.4 14.3
2008 8 21 3 53 51.360 103.584300 31.259670 2.0 5.9
2008 8 21 4 22 44.230 103.341100 31.373260 2.6 12.7
2008 8 21 5 30 59.430 104.879200 32.303420 2.2 12.5
2008 8 21 5 32 30.480 104.140500 32.021930 2.3 18.4
2008 8 21 5 36 6.750 103.604900 31.087180 1.7 12.1
2008 8 21 5 53 43.970 103.343400 31.371060 1.8 11.6
2008 8 21 6 49 53.290 104.746600 32.379020 2.5 14.8
2008 8 21 7 18 24.520 105.164100 32.522290 1.7 17.4
2008 8 21 7 21 29.360 103.752400 31.284230 2.7 12.8
2008 8 21 7 28 27.620 105.062400 32.375830 3.0 13.3
2008 8 21 7 28 42.370 103.413800 30.977110 2.1 11.0
2008 8 21 8 13 36.900 103.548300 31.182420 2.3 5.7
2008 8 21 8 21 51.160 103.433100 31.266000 1.9 8.9
2008 8 21 9 24 50.010 105.012400 32.397370 2.7 13.7
2008 8 21 9 26 42.720 104.503000 32.015680 3.0 12.9
2008 8 21 9 29 50.380 105.000900 32.414450 2.4 12.0
2008 8 21 10 26 37.390 103.374900 31.115520 2.1 11.9
2008 8 21 11 40 56.770 103.882300 31.456090 1.9 12.3
2008 8 21 11 55 19.880 103.883900 31.336020 1.7 16.0
2008 8 21 11 58 47.870 104.305000 31.793440 1.9 11.5
2008 8 21 12 42 40.350 103.556300 31.294940 2.0 10.2
2008 8 21 13 3 32.920 103.501600 31.228420 2.6 10.0
2008 8 21 14 20 17.630 105.564200 32.777160 1.9 13.0
2008 8 21 14 34 43.400 105.365100 32.642090 3.1 11.2
2008 8 21 14 37 31.180 105.229900 32.591180 3.5 10.8
2008 8 21 14 59 58.980 103.474600 31.373580 1.9 2.7
2008 8 21 15 52 26.180 105.426600 32.793060 2.3 8.3
2008 8 21 15 52 27.300 105.424000 32.792720 2.3 1.6
2008 8 21 16 50 8.070 104.349000 31.837720 3.0 10.8
2008 8 21 17 26 32.910 104.695100 32.240750 2.2 14.8
2008 8 21 17 31 13.730 104.981200 32.342430 2.1 10.1
2008 8 21 17 40 25.740 103.436900 31.298200 1.8 4.6
2008 8 21 17 41 33.500 104.372800 31.894230 3.5 12.7
2008 8 21 17 44 38.910 103.132600 31.334160 1.9 11.9
2008 8 21 17 58 9.750 103.578000 31.314560 1.7 11.6
2008 8 21 18 10 32.280 103.442600 31.112010 2.3 11.5
2008 8 21 18 17 2.340 104.970300 32.338930 2.9 15.8
2008 8 21 19 30 52.460 105.193100 32.541070 3.7 16.1
2008 8 21 19 42 9.380 103.838400 31.422800 2.3 16.7
2008 8 21 20 21 49.320 103.625500 31.250750 1.2 9.6
2008 8 21 20 55 6.370 103.931200 31.475850 2.7 14.4
2008 8 21 21 39 16.970 104.571500 32.126580 1.9 15.3
2008 8 21 22 23 24.110 103.737500 31.391070 1.9 16.1
2008 8 21 22 30 28.480 104.025700 31.595870 2.8 14.7
2008 8 21 22 34 1.270 103.735900 31.394040 1.5 15.3
2008 8 21 22 35 29.050 105.400400 32.696530 2.6 11.4
2008 8 21 23 2 .420 104.298300 31.885700 1.7 13.5
2008 8 21 23 14 5.190 105.077300 32.467210 3.3 16.2
2008 8 21 23 28 42.410 103.302000 31.157220 2.7 11.8
2008 8 21 23 55 25.080 103.737500 31.356930 2.0 13.1
2008 8 21 23 56 38.800 104.024500 31.580920 2.0 8.6
2008 8 22 0 0 11.580 103.284200 31.380290 1.7 11.8
2008 8 22 0 24 17.350 105.475100 32.825670 2.6 9.7
2008 8 22 0 31 35.350 104.199500 31.720520 2.1 6.4
2008 8 22 0 35 38.460 104.448900 32.117060 1.8 9.9
2008 8 22 1 9 9.350 104.259000 31.832380 2.6 6.2
2008 8 22 1 49 19.810 105.151200 32.409660 2.2 14.6
2008 8 22 2 2 32.450 104.421000 31.972260 1.4 14.4
2008 8 22 2 10 9.460 103.449200 31.283690 1.5 6.5
2008 8 22 2 16 49.590 103.898100 31.443060 1.4 15.0
2008 8 22 2 29 3.600 103.482100 31.302750 1.3 2.4
2008 8 22 2 42 26.360 104.255200 31.953640 2.5 14.3
2008 8 22 2 54 10.140 103.463500 31.239380 1.6 9.6
2008 8 22 3 45 59.380 103.431600 31.260390 1.7 2.6
2008 8 22 3 46 49.790 105.221000 32.547730 2.8 17.9
2008 8 22 3 57 4.860 103.340400 30.818880 1.5 11.1
2008 8 22 4 18 38.100 103.942400 31.514310 1.7 12.3
2008 8 22 4 46 38.840 104.717000 32.221990 3.7 15.4
2008 8 22 4 54 26.070 103.627600 31.238080 2.2 10.4
2008 8 22 6 27 42.950 104.525100 32.128140 2.2 15.4
2008 8 22 7 7 39.110 103.531400 31.263460 1.5 9.8
2008 8 22 7 18 56.980 105.075000 32.427300 2.6 15.0
2008 8 22 8 7 46.630 103.460600 31.300280 2.3 6.2
2008 8 22 8 10 8.700 104.854100 32.269160 1.9 15.2
2008 8 22 9 26 23.430 105.012800 32.369710 3.0 16.9
2008 8 22 9 41 42.970 104.019000 31.653030 1.7 13.7
2008 8 22 10 10 8.190 105.042200 32.517240 3.3 17.4
2008 8 22 11 38 3.270 103.439900 31.331930 2.5 9.1
2008 8 22 11 59 4.850 103.943500 31.503140 2.9 15.1
2008 8 22 13 27 47.210 103.285500 31.046880 1.4 2.0
2008 8 22 13 43 10.550 103.352200 31.353050 2.1 7.8
2008 8 22 13 43 44.600 103.359900 31.357130 2.2 2.4
2008 8 22 13 55 57.080 103.760400 31.359110 2.1 15.4
2008 8 22 14 26 45.620 103.461500 31.298410 1.6 7.1
2008 8 22 16 46 20.900 103.422500 30.743890 1.6 17.3
2008 8 22 16 50 53.360 103.560900 31.249580 1.9 16.6
2008 8 22 17 5 20.030 103.508100 30.822650 1.6 11.2
2008 8 22 17 17 27.060 103.310000 31.065900 1.6 6.3
2008 8 22 17 25 50.320 104.254700 31.804980 2.2 1.7
2008 8 22 17 56 41.990 103.739900 31.604470 2.1 14.1
2008 8 22 18 31 5.870 104.409100 32.095200 2.8 16.3
2008 8 22 18 44 19.180 103.887700 31.428730 1.8 12.1
2008 8 22 18 51 19.940 103.335100 31.384070 3.9 11.7
2008 8 22 19 24 50.690 103.834000 31.424260 3.6 17.5
2008 8 22 19 40 9.160 104.616500 32.238190 3.4 16.4
2008 8 22 19 51 30.710 103.345400 31.385290 1.8 2.2
2008 8 22 19 55 52.190 104.618800 32.237580 3.4 16.3
2008 8 22 20 3 46.170 105.016200 32.323390 2.4 13.3
2008 8 22 20 10 51.650 104.103900 31.538270 1.7 13.1
2008 8 22 20 46 23.180 103.641200 31.325600 2.4 16.3
2008 8 22 21 5 17.080 103.359300 31.358550 2.2 2.8
2008 8 22 21 27 28.270 104.315300 31.870960 2.1 6.4
2008 8 22 21 52 53.750 103.393500 30.817630 2.2 12.5
2008 8 22 21 57 14.060 103.780800 31.392620 2.1 16.3
2008 8 22 21 58 14.590 103.427600 31.055240 2.1 2.3
2008 8 22 23 3 5.370 104.217600 31.739090 2.0 10.5
2008 8 22 23 25 3.540 103.156400 30.909020 1.7 8.3
2008 8 22 23 46 11.620 103.974800 31.583330 1.7 16.3
2008 8 22 23 48 6.670 103.848800 31.364370 2.3 14.3
2008 8 22 23 52 2.770 103.185100 31.010580 1.9 15.8
2008 8 23 0 18 50.260 104.620400 32.231990 3.5 15.6
2008 8 23 1 18 59.300 103.538900 31.290230 1.4 10.5
2008 8 23 1 33 21.670 104.334800 31.846040 1.7 10.7
2008 8 23 1 54 35.230 103.306500 31.112630 1.3 13.0
2008 8 23 2 38 36.320 103.537800 31.129140 1.4 12.1
2008 8 23 2 52 41.680 103.735000 31.268690 1.9 15.9
2008 8 23 3 4 32.100 104.965000 32.363490 2.0 12.4
2008 8 23 3 18 36.630 105.079400 32.413840 2.3 13.3
2008 8 23 3 21 36.840 103.291700 31.016200 1.6 13.0
2008 8 23 3 31 35.920 103.441000 30.977570 3.3 .5
2008 8 23 3 38 19.060 104.725400 32.220530 1.8 12.9
2008 8 23 3 48 20.150 105.184700 32.506060 2.5 15.1
2008 8 23 4 18 10.650 103.766800 31.431080 2.0 15.6
2008 8 23 4 24 2.040 104.877800 32.287440 2.2 14.2
2008 8 23 4 44 39.490 103.377100 31.039620 1.4 1.9
2008 8 23 5 43 5.000 103.358500 31.076620 2.1 15.8
2008 8 23 6 18 36.840 103.361100 30.957620 1.6 12.0
2008 8 23 6 34 21.170 105.084200 32.364150 2.9 11.5
2008 8 23 7 9 7.290 105.133900 32.439970 3.1 18.9
2008 8 23 8 50 5.900 103.312500 30.967100 2.6 8.1
2008 8 23 9 3 41.490 103.475100 31.159020 1.5 1.8
2008 8 23 9 54 53.740 104.296800 31.859620 2.1 8.7
2008 8 23 10 1 19.060 103.312200 30.851230 3.3 15.7
2008 8 23 11 45 5.990 103.866000 31.483930 1.9 14.3
2008 8 23 11 55 27.300 103.789500 31.351160 2.0 1.3
2008 8 23 13 2 42.390 103.439500 30.794150 2.8 15.8
2008 8 23 13 39 1.920 103.691200 31.309410 1.8 16.7
2008 8 23 13 39 16.720 104.925100 32.306000 2.1 1.8
2008 8 23 13 50 20.750 103.559600 31.476520 2.2 12.5
2008 8 23 14 2 22.150 103.335800 31.391900 1.8 9.5
2008 8 23 14 6 48.700 103.558600 31.478640 1.9 13.0
2008 8 23 14 8 10.240 103.330800 31.050990 1.9 10.0
2008 8 23 14 12 19.840 103.749200 31.336880 1.6 12.0
2008 8 23 14 37 17.460 103.239400 31.039910 1.9 1.8
2008 8 23 14 41 43.320 104.329500 31.836430 2.6 4.6
2008 8 23 14 54 10.680 103.691800 31.348820 2.5 16.6
2008 8 23 15 5 45.670 103.560700 31.268050 1.6 12.2
2008 8 23 16 0 32.070 104.538000 32.129020 3.7 16.5
2008 8 23 17 12 58.050 104.292800 31.862910 1.6 1.8
2008 8 23 17 27 56.220 104.518400 32.200340 2.3 16.5
2008 8 23 17 37 9.000 104.237600 31.825740 2.0 1.8
2008 8 23 19 56 26.610 103.806100 31.383100 1.8 12.8
2008 8 23 20 13 28.630 105.159800 32.444680 2.3 14.4
2008 8 23 20 20 25.390 103.550400 31.310630 2.2 14.2
2008 8 23 20 57 57.120 103.348600 30.811420 1.7 13.3
2008 8 23 21 13 1.420 105.434500 32.784140 2.3 .6
2008 8 23 21 21 59.880 103.144000 30.925990 2.2 15.1
2008 8 23 21 45 33.240 103.595900 31.265720 2.8 7.8
2008 8 23 22 1 1.950 103.682300 31.265150 2.0 14.5
2008 8 23 22 5 47.120 104.313200 31.802190 1.7 10.7
2008 8 23 22 11 53.120 103.841200 31.500650 2.9 16.7
2008 8 23 22 19 32.510 103.658200 31.318350 1.2 8.1
2008 8 23 22 36 22.730 103.180300 30.996530 1.2 18.8
2008 8 23 22 56 13.310 104.216900 31.754590 2.4 12.5
2008 8 23 23 10 34.970 105.005100 32.366210 2.6 11.1
2008 8 23 23 26 32.490 103.435100 31.250350 .9 .6
2008 8 24 0 5 31.430 104.438400 31.866960 2.5 2.3
2008 8 24 0 10 49.800 104.923600 32.314900 2.1 10.1
2008 8 24 0 14 55.380 105.289900 32.588600 3.8 14.3
2008 8 24 1 42 59.960 105.279900 32.597240 2.3 17.0
2008 8 24 2 4 11.550 105.386700 32.671200 1.9 1.3
2008 8 24 2 4 11.750 103.873500 31.456050 2.0 15.2
2008 8 24 2 4 35.790 103.696100 31.385290 2.6 17.1
2008 8 24 2 9 46.870 103.353200 31.020790 2.1 4.8
2008 8 24 2 16 43.880 105.236700 32.609130 1.8 7.2
2008 8 24 2 18 23.080 103.348500 30.812610 1.7 12.3
2008 8 24 2 42 22.290 103.542500 31.310400 4.2 14.5
2008 8 24 2 56 42.220 103.379800 31.254250 1.4 1.7
2008 8 24 3 48 43.450 103.390900 31.033590 1.7 2.8
2008 8 24 4 12 8.770 103.435200 31.021790 1.2 11.2
2008 8 24 4 35 10.190 103.500400 31.141720 1.4 13.8
2008 8 24 5 15 38.020 103.767400 31.352980 2.4 16.5
2008 8 24 5 23 18.420 104.260400 31.771920 1.5 10.8
2008 8 24 5 54 57.490 103.215100 31.030310 1.7 12.0
2008 8 24 6 28 27.040 103.392400 30.875980 1.0 3.5
2008 8 24 6 31 18.880 103.263300 30.907800 2.1 19.0
2008 8 24 6 43 8.910 104.926900 32.368030 4.0 20.2
2008 8 24 7 17 42.160 103.350700 30.807920 1.5 12.2
2008 8 24 7 28 7.350 104.259000 31.872070 1.5 6.0
2008 8 24 7 35 47.560 103.586800 31.278760 2.0 12.5
2008 8 24 7 38 7.600 103.348300 30.808860 1.5 11.4
2008 8 24 7 49 51.280 103.572500 31.252540 1.4 9.7
2008 8 24 8 15 55.500 105.324800 32.607800 2.1 13.4
2008 8 24 8 43 59.370 105.145500 32.479890 2.6 12.3
2008 8 24 8 55 12.270 103.552400 31.266820 2.4 12.0
2008 8 24 9 7 15.880 103.330200 31.018170 1.9 11.1
2008 8 24 9 7 16.620 103.336800 31.002710 1.9 1.8
2008 8 24 9 14 33.570 103.688400 31.294340 2.3 11.1
2008 8 24 9 33 44.690 104.240700 31.925770 2.7 15.2
2008 8 24 10 0 55.030 103.734900 31.305080 2.1 13.5
2008 8 24 10 20 20.000 103.349300 31.376230 1.9 3.2
2008 8 24 10 47 57.130 105.189700 32.541920 2.2 17.2
2008 8 24 11 4 17.360 104.913400 32.276840 2.2 12.5
2008 8 24 11 9 34.720 104.331400 31.872220 1.9 4.6
2008 8 24 11 56 .380 104.943200 32.396970 2.5 10.0
2008 8 24 12 2 24.220 104.993600 32.296790 1.9 5.9
2008 8 24 13 7 27.040 103.437700 31.314510 2.1 2.6
2008 8 24 13 9 20.160 105.037200 32.392260 2.1 9.7
2008 8 24 13 20 16.000 104.689900 32.214630 1.9 13.4
2008 8 24 14 18 26.280 104.234900 31.854370 2.5 15.9
2008 8 24 15 24 21.540 104.270900 31.826650 2.1 11.0
2008 8 24 15 50 17.060 104.374200 31.870980 2.0 11.7
2008 8 24 16 23 23.100 103.982600 31.605170 1.7 15.3
2008 8 24 16 30 18.620 105.117000 32.463160 2.5 15.9
2008 8 24 16 47 37.280 104.277600 31.879260 1.6 9.4
2008 8 24 16 57 49.290 104.571300 32.127210 2.0 10.7
2008 8 24 16 58 26.120 103.595400 31.258240 1.5 2.6
2008 8 24 17 26 54.710 104.947600 32.443610 2.0 14.4
2008 8 24 17 42 31.340 104.863400 32.300870 2.4 17.0
2008 8 24 17 52 59.330 104.261700 31.771970 2.3 3.4
2008 8 24 18 0 13.880 104.004300 31.528620 2.2 12.8
2008 8 24 19 2 31.760 103.825900 31.381020 3.1 16.5
2008 8 24 19 49 50.190 105.189400 32.551790 2.1 18.8
2008 8 24 20 0 17.960 104.359400 32.062870 1.9 14.9
2008 8 24 20 13 36.010 103.494900 31.273690 1.5 2.0
2008 8 24 20 22 32.990 103.765000 31.344800 1.8 11.7
2008 8 24 20 34 47.050 103.666800 31.257540 1.1 12.7
2008 8 24 20 47 22.420 104.876200 32.306200 2.0 11.9
2008 8 24 20 56 14.560 105.211100 32.564820 1.8 9.5
2008 8 24 21 8 55.560 104.008800 31.580560 1.8 12.8
2008 8 24 21 35 41.830 103.851100 31.391160 1.5 10.1
2008 8 24 21 49 41.330 103.340200 31.330030 1.7 10.5
2008 8 24 22 9 50.340 103.291900 30.963150 1.4 6.0
2008 8 24 22 13 26.630 104.254600 31.863540 1.4 12.4
2008 8 24 22 16 43.360 103.672900 31.243930 1.1 13.4
2008 8 24 22 37 26.740 103.626000 31.270740 1.5 16.2
2008 8 24 22 38 34.330 103.455700 31.327010 1.3 13.3
2008 8 24 22 48 17.490 103.187600 31.344430 1.5 12.4
2008 8 24 23 8 57.760 104.129000 31.697050 2.0 8.5
2008 8 24 23 9 57.410 104.631600 32.103650 2.6 13.5
2008 8 24 23 19 14.540 103.859200 31.446140 2.5 15.6
2008 8 24 23 21 18.830 105.018900 32.317810 3.3 15.9
2008 8 24 23 28 58.800 103.558800 31.268920 2.5 9.4
2008 8 24 23 32 51.080 103.247300 31.062390 1.5 11.0
2008 8 24 23 52 4.040 103.465000 31.224790 2.2 8.4
2008 8 24 23 55 43.290 103.436500 31.273750 1.4 2.9
2008 8 25 0 41 .060 103.722400 31.361490 2.0 16.1
2008 8 25 0 45 58.800 103.434600 31.305080 2.0 5.6
2008 8 25 1 9 18.100 104.797500 32.241980 2.5 12.5
2008 8 25 1 29 17.440 103.627500 31.292040 1.5 13.9
2008 8 25 1 31 19.280 103.318000 30.900920 1.5 10.9
2008 8 25 1 55 34.870 105.295400 32.602020 3.0 14.6
2008 8 25 2 38 41.800 104.360000 31.850000 2.0 2.6
2008 8 25 2 40 44.090 103.857700 31.369300 1.4 2.4
2008 8 25 3 36 11.660 104.348900 31.887380 2.4 5.6
2008 8 25 3 51 1.590 103.557600 31.272180 1.3 6.1
2008 8 25 3 51 54.370 103.746200 31.298560 1.4 14.9
2008 8 25 4 2 37.100 103.434300 31.299600 1.7 1.8
2008 8 25 4 21 48.640 104.318000 31.822270 2.8 2.1
2008 8 25 4 22 30.610 103.427700 31.006660 3.4 10.3
2008 8 25 4 42 10.280 103.841200 31.384800 3.2 15.3
2008 8 25 5 1 18.190 103.393400 31.031300 1.7 8.9
2008 8 25 5 9 18.270 103.553000 31.284540 1.4 12.3
2008 8 25 5 23 29.430 104.004500 31.593350 1.9 15.0
2008 8 25 5 27 16.140 103.386400 30.884830 3.0 5.9
2008 8 25 5 50 43.310 103.226700 30.991810 2.2 11.1
2008 8 25 6 1 6.570 105.424500 32.739460 2.4 11.4
2008 8 25 6 3 55.870 103.336900 31.326640 1.8 13.7
2008 8 25 6 6 20.890 104.176500 31.751770 1.8 10.8
2008 8 25 6 6 21.080 104.170700 31.749660 1.8 12.5
2008 8 25 6 25 13.580 104.216700 31.900870 1.7 1.9
2008 8 25 7 26 29.570 103.365800 30.992880 2.4 9.8
2008 8 25 8 15 57.390 103.752500 31.401760 1.9 17.1
2008 8 25 8 39 19.970 104.525600 31.974180 2.9 13.4
2008 8 25 8 43 41.440 104.268000 31.663790 2.2 11.6
2008 8 25 9 21 53.240 103.393500 30.889890 1.7 5.9
2008 8 25 9 33 27.640 103.378700 31.042570 1.5 1.8
2008 8 25 9 52 25.550 103.560900 31.283700 1.8 7.7
2008 8 25 10 4 42.630 103.631300 31.116710 2.5 13.1
2008 8 25 10 31 38.500 104.243400 31.849270 1.8 9.4
2008 8 25 10 42 26.350 103.430500 31.296370 1.7 9.5
2008 8 25 10 45 59.510 104.886000 32.315500 1.8 .7
2008 8 25 11 22 7.810 103.252800 30.996340 2.4 12.1
2008 8 25 11 24 54.250 103.368500 31.341830 2.7 7.1
2008 8 25 11 32 52.210 104.922100 32.269260 2.8 6.7
2008 8 25 11 36 24.010 105.108500 32.548450 2.1 14.8
2008 8 25 11 50 44.310 103.420600 31.327790 1.7 4.0
2008 8 25 11 59 34.630 104.585000 32.173870 2.2 12.4
2008 8 25 12 9 20.440 104.575400 32.147910 2.5 8.1
2008 8 25 12 14 26.890 104.568100 32.140130 2.6 13.7
2008 8 25 12 41 52.820 104.331600 31.883630 2.4 8.3
2008 8 25 12 44 35.180 103.716400 31.338360 2.2 14.8
2008 8 25 12 57 42.080 105.110700 32.467320 1.7 11.3
2008 8 25 13 27 28.040 104.466400 32.106350 2.8 13.0
2008 8 25 13 44 2.360 103.899600 31.428470 4.0 17.8
2008 8 25 14 2 23.300 104.283200 31.834440 2.2 10.5
2008 8 25 15 6 41.020 104.993900 32.365840 2.1 9.7
2008 8 25 15 16 48.510 103.209000 31.029550 2.4 17.2
2008 8 25 15 17 9.570 104.267400 31.817760 2.8 13.7
2008 8 25 15 46 22.220 105.067200 32.442650 2.0 8.4
2008 8 25 16 41 32.850 103.353700 31.340300 2.1 4.2
2008 8 25 16 59 22.630 103.612800 31.243450 2.1 5.4
2008 8 25 17 23 44.410 103.379900 31.335090 1.7 7.7
2008 8 25 18 52 13.070 103.441400 31.177540 1.7 11.2
2008 8 25 19 5 46.570 104.599300 32.092990 1.9 13.9
2008 8 25 19 10 30.310 105.346600 32.598130 2.8 13.4
2008 8 25 19 56 32.970 105.362900 32.629240 2.1 14.8
2008 8 25 20 36 10.900 105.457700 32.762860 3.5 13.0
2008 8 25 21 12 5.440 103.855700 31.419260 1.8 13.3
2008 8 25 21 24 23.260 103.275500 30.912770 2.3 18.8
2008 8 25 21 27 41.770 103.997300 31.526810 2.6 9.1
2008 8 25 21 35 3.270 103.177300 30.952610 2.4 13.1
2008 8 25 22 20 29.550 104.271100 31.827830 3.3 12.4
2008 8 25 22 36 2.410 104.950700 32.431590 2.5 15.3
2008 8 25 22 44 28.500 103.888200 31.333700 2.4 13.3
2008 8 25 23 16 14.020 103.733600 31.339040 1.7 14.3
2008 8 25 23 36 33.710 103.500200 31.186990 1.9 8.3
2008 8 25 23 46 26.320 105.062700 32.433670 2.0 15.7
2008 8 25 23 46 26.350 105.063600 32.428530 2.0 15.7
2008 8 26 0 14 29.400 105.258300 32.554080 1.7 13.6
2008 8 26 0 27 52.340 104.165800 31.677640 3.3 13.5
2008 8 26 0 33 42.940 103.506900 31.219760 1.6 2.3
2008 8 26 0 42 54.020 104.990600 32.471690 2.3 14.8
2008 8 26 0 46 33.540 104.263400 31.790530 2.0 12.7
2008 8 26 1 18 17.690 103.947500 31.469610 1.6 8.6
2008 8 26 1 38 10.890 103.341300 31.142600 1.2 13.9
2008 8 26 2 2 52.810 103.331600 31.374990 3.1 12.3
2008 8 26 2 5 26.640 103.329300 31.373690 2.1 11.5
2008 8 26 2 14 51.540 103.344300 30.935540 2.1 8.2
2008 8 26 2 18 23.270 104.315200 31.863920 1.8 10.7
2008 8 26 2 51 57.340 105.465000 32.744520 1.5 16.5
2008 8 26 3 5 37.530 104.222500 31.785640 1.6 18.3
2008 8 26 3 7 48.550 103.882600 31.414390 1.7 13.5
2008 8 26 3 8 9.910 105.358400 32.632850 1.5 24.7
2008 8 26 3 14 23.470 105.158400 32.487110 3.4 16.9
2008 8 26 3 26 42.080 104.856200 32.273390 1.5 13.7
2008 8 26 4 25 40.620 103.755900 31.277090 1.1 2.6
2008 8 26 4 29 48.860 105.065500 32.522710 1.9 16.2
2008 8 26 4 34 25.810 104.292500 31.895540 1.8 7.4
2008 8 26 4 53 40.820 105.115600 32.420290 1.9 17.1
2008 8 26 5 8 39.650 103.675400 31.275560 1.0 4.3
2008 8 26 5 10 44.540 103.760500 31.281760 1.6 6.3
2008 8 26 5 16 21.920 105.110600 32.525200 1.3 7.9
2008 8 26 5 21 10.150 105.495400 32.776440 3.0 13.0
2008 8 26 5 23 45.130 104.049000 31.613750 1.6 7.3
2008 8 26 5 33 42.750 103.974600 31.577450 2.3 14.9
2008 8 26 5 38 14.890 104.601200 32.167670 1.3 14.2
2008 8 26 5 41 24.990 103.422900 31.061170 1.8 2.6
2008 8 26 5 46 54.480 105.047400 32.367600 1.9 13.9
2008 8 26 5 58 23.640 104.872600 32.286460 2.2 13.3
2008 8 26 6 8 32.380 103.977400 31.579060 2.0 15.5
2008 8 26 6 11 57.420 103.401300 31.036390 2.4 5.7
2008 8 26 6 21 55.210 103.396000 31.009660 1.3 13.6
2008 8 26 6 41 34.090 104.650000 32.141090 2.2 14.8
2008 8 26 6 58 38.230 105.579300 32.770130 1.5 15.8
2008 8 26 7 10 48.570 105.052100 32.408040 2.1 12.7
2008 8 26 7 34 4.940 103.405000 31.001260 1.8 1.7
2008 8 26 7 44 48.270 103.565000 31.273820 1.9 2.1
2008 8 26 8 0 3.850 103.307700 30.925110 2.4 16.2
2008 8 26 8 14 24.260 103.927200 31.492460 1.8 15.3
2008 8 26 8 28 7.920 105.165600 32.506200 1.8 14.9
2008 8 26 8 31 19.170 103.421800 31.318150 1.4 9.1
2008 8 26 9 38 19.720 103.623200 31.257510 1.8 2.0
2008 8 26 9 55 23.390 103.970500 31.544400 1.8 12.7
2008 8 26 10 52 14.110 103.279300 30.984640 2.2 13.2
2008 8 26 10 58 23.260 103.674300 31.323520 2.1 12.3
2008 8 26 11 18 22.170 104.593300 32.191430 2.4 14.9
2008 8 26 12 23 34.890 104.719000 32.206860 2.8 14.2
2008 8 26 12 35 49.470 104.018000 31.720390 1.9 16.3
2008 8 26 12 43 29.010 103.733800 31.330580 2.3 14.3
2008 8 26 13 3 3.120 103.763800 31.433690 2.1 16.7
2008 8 26 13 20 26.470 104.967900 32.365490 2.1 17.4
2008 8 26 13 21 58.150 103.461600 31.340600 1.6 9.9
2008 8 26 14 9 52.260 105.140400 32.375230 2.0 16.3
2008 8 26 14 42 17.810 104.989900 32.482640 2.4 13.0
2008 8 26 14 43 58.020 103.404700 31.192630 1.3 16.3
2008 8 26 15 22 42.060 103.329300 31.370340 1.6 11.5
2008 8 26 15 28 38.640 105.342200 32.617960 2.7 17.8
2008 8 26 15 44 16.730 105.341500 32.620210 3.7 14.4
2008 8 26 17 31 20.770 105.153300 32.473660 2.4 14.4
2008 8 26 18 42 3.400 104.506200 32.297370 2.1 13.7
2008 8 26 19 43 48.080 103.331300 31.508440 2.6 5.6
2008 8 26 20 22 9.490 103.356500 31.374740 1.4 2.4
2008 8 26 20 22 57.150 103.322700 31.091610 1.6 1.6
2008 8 26 20 27 30.080 103.319400 31.099280 1.5 2.4
2008 8 26 20 44 57.020 105.066000 32.508450 1.7 7.3
2008 8 26 21 3 28.360 103.186200 31.341290 1.6 11.0
2008 8 26 21 6 22.060 103.870300 31.448560 1.3 1.0
2008 8 26 21 26 22.840 103.772900 31.381650 1.5 12.4
2008 8 26 21 52 44.080 103.486000 31.255170 1.7 12.1
2008 8 26 22 25 47.290 104.573800 32.214600 2.4 16.1
2008 8 26 22 35 20.440 105.392700 32.685570 2.1 14.7
2008 8 26 22 36 14.020 105.001000 32.308170 2.4 12.1
2008 8 26 22 52 18.310 103.855800 31.369850 1.3 9.4
2008 8 26 23 33 56.530 103.556600 31.301150 1.1 3.0
2008 8 26 23 52 4.110 103.843400 31.427010 1.9 15.2
