 year month day hour minute second magnitude latitude longitude depth 
 2008  5 12 14 27 57.460    8.0    31.012540  103.346300    16.4 
 2008  5 12 15 31  6.420    5.2    30.952610  103.380500    13.0 
 2008  5 12 15 34 41.680    5.4    31.288290  103.553300    12.0 
 2008  5 12 15 44 15.370    4.6    31.242410  103.531100     8.2 
 2008  5 12 15 45 33.340    4.7    31.364130  103.772400    14.7 
 2008  5 12 16  8  2.820    4.5    30.891160  103.267500    18.1 
 2008  5 12 16 21 40.260    5.4    31.633990  103.987900     9.8 
 2008  5 12 16 31 39.040    4.0    31.206470  103.388900    16.5 
 2008  5 12 16 35  5.050    4.7    31.276380  103.498200     4.3 
 2008  5 12 16 36 25.650    4.6    31.011070  103.202600    17.4 
 2008  5 12 16 59 35.650    4.5    31.080500  103.378400    12.5 
 2008  5 12 17 19 10.540    4.3    31.004140  103.369200     9.5 
 2008  5 12 17 34 54.460    4.1    30.927800  103.213800    15.3 
 2008  5 12 17 42 23.940    5.4    31.575850  103.945300    17.6 
 2008  5 12 17 56 54.190    4.3    31.333870  103.716800    20.7 
 2008  5 12 18 23 39.650    5.2    30.986300  103.286600    16.0 
 2008  5 12 18 59 20.650    4.1    31.018070  103.358700     7.5 
 2008  5 12 19 25 50.950    4.2    31.343510  103.358100    13.5 
 2008  5 12 19 28 35.120    4.5    31.287460  103.764900    19.2 
 2008  5 12 19 41  7.710    4.8    32.391930  104.972300    18.0 
 2008  5 12 20 11 55.800    4.8    31.393410  103.762100    22.7 
 2008  5 12 20 13 46.300    4.8    31.365290  103.474600    13.1 
 2008  5 12 20 37 43.620    3.8    30.938220  103.259100    17.3 
 2008  5 12 20 54 56.700    4.4    31.300900  103.429200    13.4 
 2008  5 12 21  2  2.350    4.3    31.052520  103.253000    19.0 
 2008  5 12 21  5 57.140    3.3    30.952260  103.210400    19.8 
 2008  5 12 21  7 14.270    4.0    31.181770  103.425400    11.4 
 2008  5 12 21 14 14.380    3.2    31.029370  103.345000    14.7 
 2008  5 12 21 16 22.070    3.9    31.369570  103.704700    15.0 
 2008  5 12 21 18 45.850    4.1    31.378140  103.298100    13.0 
 2008  5 12 21 21 30.870    3.9    31.323230  103.504700     7.7 
 2008  5 12 21 29 18.830    3.8    31.323080  103.588200    11.7 
 2008  5 12 21 35  3.390    4.0    31.180170  103.428700    10.7 
 2008  5 12 21 40 53.770    5.3    31.071260  103.381200    13.4 
 2008  5 12 21 50 14.380    3.9    30.966370  103.273200    18.1 
 2008  5 12 22  2 13.780    3.9    31.014680  103.158400    18.5 
 2008  5 12 22 14 53.200    4.0    30.925690  103.268100    16.7 
 2008  5 12 22 26 14.230    3.6    31.418830  103.763800    21.9 
 2008  5 12 23  5 29.330    5.1    31.272110  103.619500    15.8 
 2008  5 12 23  5 42.960    5.2    31.341260  103.445000    11.9 
 2008  5 12 23 16 56.730    4.4    31.109130  103.270300    14.6 
 2008  5 12 23 28 52.490    5.3    31.030120  103.368100    12.8 
 2008  5 13  0 24 37.400    4.0    31.065400  103.257900    18.3 
 2008  5 13  0 40 53.590    3.9    30.929350  103.281500    13.7 
 2008  5 13  1  1 45.250    4.3    30.899000  103.384200    12.7 
 2008  5 13  1  3 11.320    5.0    31.200030  103.430600    10.1 
 2008  5 13  1  7 51.670    4.4    31.275980  103.617600    14.2 
 2008  5 13  1 12   .700    3.7    31.325120  103.788800    13.4 
 2008  5 13  1 20 52.550    4.0    31.032420  103.197400    14.9 
 2008  5 13  1 29  4.500    5.1    31.308550  103.415200     9.8 
 2008  5 13  1 54 30.730    5.3    31.301710  103.438000    10.4 
 2008  5 13  4  8 48.400    6.0    31.460710  103.828800    21.2 
 2008  5 13  4 37  2.220    3.9    31.036020  103.382100    12.9 
 2008  5 13  5 19 32.790    3.0    31.038900  103.289400    18.1 
 2008  5 13  5 30 28.530    3.6    31.275840  103.594600    18.2 
 2008  5 13  5 34  5.960    4.2    31.304870  103.558300    11.5 
 2008  5 13  5 52 59.350    3.3    31.273280  103.567600    12.3 
 2008  5 13  6  0 57.650    3.3    31.511180  103.886800    18.1 
 2008  5 13  6  8 13.720    3.7    31.263430  103.713600    14.2 
 2008  5 13  6 28 34.660    4.5    31.029440  103.483800    13.2 
 2008  5 13  6 40 38.650    4.1    31.020690  103.387000    11.3 
 2008  5 13  6 52 56.830    4.2    30.972410  103.366400    12.7 
 2008  5 13  6 54 25.180    4.0    31.281440  103.166600    21.3 
 2008  5 13  7 46 17.350    5.8    31.318390  103.356400    13.8 
 2008  5 13  7 54 45.290    5.4    31.312500  103.381100    14.7 
 2008  5 13  8 21 24.190    3.9    31.354520  103.826000    14.9 
 2008  5 13  8 22 17.600    4.7    31.364440  103.827900    12.7 
 2008  5 13  8 24 31.730    4.4    31.820950  104.302300    11.4 
 2008  5 13  8 54  1.850    4.3    32.587610  105.380200    14.5 
 2008  5 13  9  2 35.220    4.0    31.353400  103.425900    12.5 
 2008  5 13  9 59 22.560    3.7    31.152660  103.415600    11.4 
 2008  5 13 10 59 32.170    4.6    31.018080  103.347900    13.9 
 2008  5 13 14 26 36.990    3.7    31.391900  103.345400    13.0 
 2008  5 13 14 58 32.830    3.1    31.454180  103.810600    13.7 
 2008  5 13 17 36   .470    3.5    30.914790  103.287300    20.1 
 2008  5 13 18 16  4.460    5.1    31.736680  104.251400    11.7 
 2008  5 13 18 36 40.080    4.7    31.297720  103.624500    17.3 
 2008  5 13 23  0 12.350    3.5    31.145100  103.410700    12.7 
 2008  5 13 23 19 12.770    3.4    31.295580  103.535400     9.7 
 2008  5 13 23 55  4.890    3.5    30.982510  103.197400    15.9 
 2008  5 13 23 59 10.930    3.8    31.312230  103.755000    13.0 
 2008  5 14  4 32  7.690    4.3    31.587140  104.186000    14.1 
 2008  5 14  4 50 31.100    4.5    31.150310  103.436500    11.9 
 2008  5 14  4 57 27.480    3.8    31.514600  103.990200    14.5 
 2008  5 14  9  9 19.350    4.7    31.413230  103.852200    15.5 
 2008  5 14  9 56 40.100    4.8    31.272960  103.522700    14.5 
 2008  5 14 10 34 30.580    3.3    31.281380  103.569500     8.5 
 2008  5 14 10 42 41.410    3.1    31.025180  103.350300    13.1 
 2008  5 14 10 54 36.060    5.7    31.351010  103.347200    17.7 
 2008  5 14 11  7 46.970    4.5    31.013640  103.220800    17.8 
 2008  5 14 14  2 17.260    4.1    31.164170  103.297700    17.3 
 2008  5 14 16 57 25.340    4.1    30.994320  103.384000    13.3 
 2008  5 14 17 26 43.490    5.5    31.442770  103.898900    16.1 
 2008  5 14 17 51 19.090    3.9    31.193090  103.677800    13.9 
 2008  5 14 18 18 13.500    3.9    30.922240  103.161500    16.3 
 2008  5 14 19  9 44.190    3.6    31.475440  103.809300    16.2 
 2008  5 14 19 14  7.390    3.5    31.013100  103.289900    10.2 
 2008  5 14 19 22 40.910    3.8    30.997470  103.387700    12.2 
 2008  5 14 19 25 25.660    4.2    31.382980  103.452900    14.1 
 2008  5 14 21  9 54.960    3.1    32.593810  105.270500    14.7 
 2008  5 14 21 16 21.570    4.1    31.548260  103.155900    15.4 
 2008  5 14 21 27 17.320    4.1    32.537410  105.226500    14.4 
 2008  5 14 21 29 42.160    4.8    32.383690  105.064400    10.9 
 2008  5 14 21 33 39.940    3.2    30.995810  103.351600    14.1 
 2008  5 14 21 35  9.090    3.9    31.262400  103.570400    15.7 
 2008  5 14 21 43 49.240    3.9    31.465580  103.806900    14.5 
 2008  5 15  0 11 55.300    3.9    32.125000  104.610600     8.9 
 2008  5 15  0 25 41.250    3.0    31.012310  103.375800     9.9 
 2008  5 15  0 28 25.110    3.4    32.179450  104.605900    12.3 
 2008  5 15  0 37 14.610    3.8    31.275560  103.475700    14.0 
 2008  5 15  0 56  9.350    3.2    31.779960  104.277900    10.6 
 2008  5 15  3 12 36.300    3.2    31.293740  103.773100    11.9 
 2008  5 15  3 41 47.910    3.2    30.940240  103.263900    13.8 
 2008  5 15  3 48 12.280    3.3    30.987960  103.223300    16.6 
 2008  5 15  3 49 35.080    3.7    32.170570  104.595300    15.9 
 2008  5 15  3 51 42.580    3.2    31.282870  103.497500     7.5 
 2008  5 15  3 59   .610    4.4    31.093380  103.505100    12.8 
 2008  5 15  4 21 57.290    3.5    31.678610  104.048100    18.0 
 2008  5 15  5  1  5.540    5.3    31.741360  104.109300    18.4 
 2008  5 15  6 10  9.110    5.0    31.251970  103.601200    13.9 
 2008  5 15  6 33   .730    3.3    31.280970  103.552900    15.5 
 2008  5 15  6 39 49.180    3.6    31.343500  103.780000    16.4 
 2008  5 15  7 43 15.690    3.2    31.275930  103.357400    13.3 
 2008  5 15  8  3 28.230    3.4    31.320880  103.798400    15.5 
 2008  5 15  8  7 29.350    3.7    32.193130  104.761900    10.7 
 2008  5 15  8  9 28.340    4.5    31.858410  104.331400    10.6 
 2008  5 15  8 23 55.970    3.1    31.197890  103.515600    13.1 
 2008  5 15  8 39 41.240    4.0    31.069550  103.391500    13.3 
 2008  5 15  8 50 17.890    4.2    31.350460  103.414000    15.7 
 2008  5 15 12 27 29.030    4.4    31.313060  103.715200    15.6 
 2008  5 15 12 57 22.010    3.8    31.543600  103.146500    15.1 
 2008  5 15 14 30 53.880    3.6    31.047650  103.273000    13.8 
 2008  5 15 15 44 13.140    3.2    31.536180  104.044400    16.9 
 2008  5 15 17 40 40.620    3.4    30.999940  103.361500    12.4 
 2008  5 15 18 24 15.210    3.1    31.535690  104.028200    13.8 
 2008  5 15 18 32 29.120    3.8    31.434210  103.827300    12.3 
 2008  5 15 18 34 52.190    3.6    31.216110  103.666600    12.0 
 2008  5 15 18 44 45.670    4.0    32.563690  105.192800    11.9 
 2008  5 15 19  0 49.900    3.1    32.245350  104.935800    12.4 
 2008  5 15 19 19  8.290    3.1    30.916800  103.231600    16.8 
 2008  5 15 19 49 35.970    3.9    31.451360  103.915800    15.2 
 2008  5 15 20  6 54.010    3.5    31.604050  104.087300    17.5 
 2008  5 15 21 54 44.300    3.9    32.285360  104.832300    19.5 
 2008  5 15 22 18 38.150    3.5    31.315770  103.557400    12.4 
 2008  5 15 22 57 31.090    3.9    31.357470  103.354800    13.1 
 2008  5 16  0  6 55.250    4.3    32.552100  105.216900    15.5 
 2008  5 16  3 13 40.860    3.5    31.260100  103.649700     6.0 
 2008  5 16  6  2 32.980    4.3    32.264400  104.944700    12.6 
 2008  5 16  6 10 35.000    4.8    31.358080  103.911900    12.7 
 2008  5 16  6 26 26.400    3.3    31.401370  103.894700    14.2 
 2008  5 16  6 30  3.850    3.4    31.206180  103.667700    12.2 
 2008  5 16  6 46 10.140    4.1    31.236590  103.425500     8.8 
 2008  5 16  6 47 39.360    4.1    31.294330  103.402400    13.2 
 2008  5 16 10  1 59.860    3.1    31.513900  103.965700    12.9 
 2008  5 16 10 21 46.320    3.2    31.180460  103.560700    11.8 
 2008  5 16 10 25 15.530    3.4    31.258390  103.740600    17.2 
 2008  5 16 10 34 32.870    3.7    31.732390  104.065700    16.4 
 2008  5 16 14  3  1.580    3.3    32.419680  105.046000    11.1 
 2008  5 16 16 31 44.400    3.1    31.321790  103.809400    14.6 
 2008  5 16 17 38 23.940    3.6    31.398770  103.839900    15.6 
 2008  5 16 18 32 41.220    3.3    31.308340  103.711600    15.9 
 2008  5 16 18 41 36.030    3.5    31.225980  103.620700    12.3 
 2008  5 16 18 51 44.330    4.7    31.331490  103.633400    16.7 
 2008  5 16 19 18 56.830    3.3    31.453890  103.924700    15.7 
 2008  5 16 19 35 13.530    3.4    31.413480  104.176100    10.0 
 2008  5 16 19 54 18.210    3.0    32.301550  105.003300    15.2 
 2008  5 16 19 56 53.910    3.1    31.258880  103.474800    11.8 
 2008  5 16 21  6 46.840    3.7    31.662650  104.067200    12.2 
 2008  5 16 21 21 10.580    4.2    31.931080  104.225300    15.6 
 2008  5 16 21 31 30.610    3.3    31.496420  103.922100    13.9 
 2008  5 16 23 21  5.400    3.8    31.453160  103.846100    13.4 
 2008  5 17  0 14 42.400    5.3    31.173530  103.425200    13.0 
 2008  5 17  3  9 21.740    3.2    32.289760  104.945500    14.3 
 2008  5 17  4 16 50.500    5.4    31.298050  103.461700     9.3 
 2008  5 17  4 29  3.150    4.7    31.364400  103.336500    11.8 
 2008  5 17  6 30 39.380    3.4    32.292160  104.925900    21.2 
 2008  5 17  6 33  8.200    4.4    32.309320  104.995700    11.0 
 2008  5 17  6 54 29.530    3.5    31.249230  103.606800    12.6 
 2008  5 17  7  0 24.550    3.8    31.157820  103.745900    15.2 
 2008  5 17 10 45  2.030    3.9    31.072630  103.439800     8.3 
 2008  5 17 11 55  7.770    3.1    31.186610  103.488700     9.0 
 2008  5 17 17 51 44.480    3.6    32.016930  104.379600    14.2 
 2008  5 17 18 48 25.910    4.1    31.599950  104.161500    13.1 
 2008  5 17 20 46 26.760    4.0    31.015260  103.367600    14.2 
 2008  5 17 20 50  5.150    2.7    31.152390  103.424000    11.1 
 2008  5 17 21  6 48.170    2.8    31.040720  103.348600    12.2 
 2008  5 17 21 25 32.480     .0    32.547050  105.259600    13.8 
 2008  5 17 21 32 13.940    4.7    32.132250  104.639400    16.4 
 2008  5 17 22  9  9.370     .0    31.226220  103.481500     7.8 
 2008  5 17 22 13 58.450    3.5    31.187310  103.479400    12.7 
 2008  5 17 22 55 54.650     .0    31.896520  104.382800     9.2 
 2008  5 17 23 10  2.480     .0    31.173380  103.571000    12.8 
 2008  5 17 23 32 59.630    3.6    31.793040  104.271200    16.6 
 2008  5 17 23 36 29.260    3.5    30.985080  103.378700    14.0 
 2008  5 18  0 22 54.600    3.0    32.211300  104.599500    15.2 
 2008  5 18  0 29  3.560    4.1    31.550020  104.008400    13.5 
 2008  5 18  0 47  3.690    3.9    31.358560  103.181000    10.6 
 2008  5 18  1  4 39.200    4.4    31.394330  103.315600    15.2 
 2008  5 18  1  8 26.410     .0    32.273590  104.893700    15.0 
 2008  5 18  1 22 25.880    3.2    31.128920  103.377500    14.7 
 2008  5 18  1 38 27.590    3.3    32.344090  104.986500    15.8 
 2008  5 18  2  1  5.870    3.3    32.679810  105.373500    13.8 
 2008  5 18  2 16 22.710    3.9    32.252560  104.879200    15.1 
 2008  5 18  2 22 40.380    3.1    32.512120  105.123100    19.9 
 2008  5 18  2 30  6.110    3.0    31.335250  103.469700    13.8 
 2008  5 18  2 33 51.150    3.9    32.261150  104.918800    15.8 
 2008  5 18  2 39  6.980    3.5    32.260710  104.917100    15.7 
 2008  5 18  2 39 24.310    2.8    30.939340  103.284200    15.2 
 2008  5 18  3  8 55.430    3.8    30.936260  103.324000    18.0 
 2008  5 18  3 19   .060    2.9    32.201500  104.583700    13.7 
 2008  5 18  3 20 54.510    3.3    31.182420  103.493600    13.2 
 2008  5 18  3 25 55.540    2.9    31.144580  103.496500    12.8 
 2008  5 18  3 38 56.880    2.9    31.699490  104.087600    16.6 
 2008  5 18  3 50 42.640    3.1    31.104170  103.492800    13.6 
 2008  5 18  3 54 44.410    3.5    31.823610  104.329200     9.6 
 2008  5 18  4  0 38.290    3.2    30.993190  103.354800     8.2 
 2008  5 18  4  3 42.500     .0    32.290070  104.954000    13.9 
 2008  5 18  4  5 55.850    2.8    31.862060  104.351200    10.4 
 2008  5 18  4 26  4.030     .0    31.213860  103.445400    11.3 
 2008  5 18  5 16 46.280    3.4    30.899030  103.284800    16.4 
 2008  5 18  6  1 32.900    3.8    32.112000  104.200600    13.1 
 2008  5 18  6  4 15.950    3.5    32.259830  104.918300    15.0 
 2008  5 18  6  9 55.490    3.6    31.536830  103.949800    15.4 
 2008  5 18  6 15 14.730    2.8    32.493070  105.081700    11.3 
 2008  5 18  6 17 11.510     .0    31.265610  103.668600    11.4 
 2008  5 18  6 29 39.710    3.7    32.285230  104.926500    14.8 
 2008  5 18  7  0 30.620    3.1    31.045160  103.395100     9.3 
 2008  5 18  7  3 46.820     .0    31.347200  103.753100    16.2 
 2008  5 18  7 26 29.570    3.2    32.638700  105.285100    17.6 
 2008  5 18  7 41 18.660    3.1    32.525560  105.116600    17.6 
 2008  5 18  7 47  4.180    3.8    32.589390  105.289200    16.4 
 2008  5 18  7 51 59.730    3.1    31.202460  103.591800    10.5 
 2008  5 18  7 59 38.940    3.5    31.570640  104.045200    15.3 
 2008  5 18  9  4 58.010    4.3    31.100030  103.551300    14.6 
 2008  5 18  9 18 50.980    3.1    32.277010  104.955000    13.7 
 2008  5 18  9 41 48.310    4.0    30.952190  103.186000    17.0 
 2008  5 18  9 50 29.240    3.7    32.156530  104.614800    18.1 
 2008  5 18 10 19 50.960    3.9    32.178390  104.593000    13.2 
 2008  5 18 10 30 44.490    2.8    32.258320  104.887900    13.9 
 2008  5 18 10 47 31.620    3.0    32.284070  104.960600    15.7 
 2008  5 18 11  4 46.500    2.8    32.246760  104.698500    11.7 
 2008  5 18 11  9 50.220    3.5    30.957700  103.160900    17.6 
 2008  5 18 11 16 16.650    2.9    32.034240  104.381100    15.4 
 2008  5 18 11 18  3.030    2.9    31.949870  104.261600    16.7 
 2008  5 18 11 23 50.890    3.7    31.189650  103.553900    13.8 
 2008  5 18 11 36 50.010    3.2    30.800120  103.280000    17.7 
 2008  5 18 11 51 43.820     .0    30.975600  103.397500     9.5 
 2008  5 18 13  3 18.520    3.2    31.691210  104.063500     5.5 
 2008  5 18 13 36 35.110    3.1    31.729960  104.204100    12.8 
 2008  5 18 14  1 46.410    3.0    31.919010  104.294900    10.5 
 2008  5 18 14 32 50.670     .0    32.502200  105.069700    16.6 
 2008  5 18 14 48 53.500    3.3    32.642220  105.354500    17.3 
 2008  5 18 15 14 30.140    3.4    31.467220  103.940100    15.3 
 2008  5 18 15 32 59.290    2.8    31.742730  104.230000     5.7 
 2008  5 18 16  7 12.480    2.7    31.015330  103.358900    12.6 
 2008  5 18 16  8 21.850    3.8    31.390800  103.331700    12.0 
 2008  5 18 16 28 15.790    3.2    32.262740  104.899500    15.6 
 2008  5 18 16 33 48.010    3.0    31.224770  103.489100    11.4 
 2008  5 18 16 40 17.040     .0    32.603960  105.367200    13.7 
 2008  5 18 16 55 52.680    4.1    31.407140  103.890500    16.3 
 2008  5 18 17 16 43.160    3.2    30.987540  103.288200    15.7 
 2008  5 18 17 20 21.790    3.4    31.716100  104.076900    14.8 
 2008  5 18 17 22 24.470    3.2    31.040590  103.219800    13.2 
 2008  5 18 17 37 57.650    3.1    31.829510  104.235200    15.3 
 2008  5 18 17 52 42.920     .0    32.780660  105.467400    12.0 
 2008  5 18 18 47  8.970     .0    32.291920  104.883300    13.7 
 2008  5 18 18 53  1.290    3.0    31.941350  104.344500     8.1 
 2008  5 18 20  3 16.460    3.3    31.105110  103.612600    12.5 
 2008  5 18 20  6 50.260    2.9    31.888880  104.357400     9.8 
 2008  5 18 20 35 50.670    3.2    30.958400  103.439800     5.7 
 2008  5 18 20 37  2.310     .0    31.368310  103.190400    14.0 
 2008  5 18 20 41 30.050    3.9    31.321440  103.473900     9.4 
 2008  5 18 20 52 41.530    4.0    31.403120  103.826200    16.7 
 2008  5 18 21 23 39.870     .0    31.786650  104.269400    13.5 
 2008  5 18 21 32 39.160    3.0    31.629600  104.054300    15.0 
 2008  5 18 21 34  8.900    4.1    32.250930  104.896700    15.4 
 2008  5 18 21 40 20.080    2.8    31.290450  103.666100    14.3 
 2008  5 18 21 48 40.210     .0    31.212620  103.478700    11.8 
 2008  5 18 21 50  1.630    3.7    32.365890  105.051900    14.0 
 2008  5 18 21 58 47.420    3.2    32.691860  105.378500    13.9 
 2008  5 18 22  7 14.230    3.0    31.081040  103.504100    11.4 
 2008  5 18 22 14  1.530    2.9    31.184350  103.456200    13.0 
 2008  5 18 22 22 26.620    3.5    31.231110  103.596000    13.4 
 2008  5 18 22 37 24.660    2.9    31.227700  103.603000     9.8 
 2008  5 18 22 38 28.110    3.3    30.955030  103.279200    17.5 
 2008  5 18 23  1 23.710    2.9    31.838240  104.323200    10.8 
 2008  5 18 23  7 27.450    2.8    31.247310  103.460300    11.7 
 2008  5 18 23 34 43.730    3.1    31.033350  103.309600    12.5 
 2008  5 19  0 37 30.100    2.9    31.894890  104.352000    10.2 
 2008  5 19  0 56  4.050    4.1    31.379600  103.910400    14.4 
 2008  5 19  1  8 25.690    3.2    31.237720  103.789100    15.6 
 2008  5 19  1 22 45.730    3.2    31.866170  104.357300     5.3 
 2008  5 19  1 53 10.400    3.0    31.388800  103.775600    13.3 
 2008  5 19  2  1  3.790    3.0    31.236800  103.625400    13.5 
 2008  5 19  2  5 10.170    3.2    31.386370  103.754100    18.7 
 2008  5 19  2 16 20.570    3.3    32.278160  104.660400    13.9 
 2008  5 19  2 18 45.350    3.4    30.983220  103.370200     8.0 
 2008  5 19  2 24 21.950    3.0    31.375860  103.827200    14.8 
 2008  5 19  2 34 59.510    3.0    31.187240  103.492800     8.3 
 2008  5 19  2 39 41.930    3.4    31.012160  103.198500    22.2 
 2008  5 19  3  0 58.220    2.7    32.603380  105.358300    11.2 
 2008  5 19  3 23 58.480    3.0    31.022730  103.367100     8.2 
 2008  5 19  3 28 21.900    3.1    31.355500  103.664500    18.6 
 2008  5 19  3 34  5.830    3.8    32.453640  105.073100    16.3 
 2008  5 19  3 58 44.160    3.2    31.715630  104.128900    12.8 
 2008  5 19  4 22  5.340    3.1    31.005080  103.243300    13.0 
 2008  5 19  4 23 27.110     .0    32.391290  105.015300    16.3 
 2008  5 19  4 34 38.100    3.4    32.020340  104.390800    15.8 
 2008  5 19  4 37  7.610    3.4    31.030950  103.318700    14.4 
 2008  5 19  4 43 53.720    3.1    31.039550  103.321600    13.8 
 2008  5 19  4 48 16.980    3.5    31.379970  103.821500    16.8 
 2008  5 19  4 51 54.860    3.0    31.737630  104.204400    12.3 
 2008  5 19  4 59 48.080    3.5    31.073920  103.403900    12.6 
 2008  5 19  5  2 26.180    3.2    31.023530  103.392700    13.1 
 2008  5 19  5 12 22.200    3.9    32.599160  105.246200    17.1 
 2008  5 19  5 45  6.850    3.3    32.469930  105.068600    16.9 
 2008  5 19  6  4  7.950    3.1    30.950330  103.289000    17.0 
 2008  5 19  6 31 39.860    2.7    31.046850  103.347300    13.9 
 2008  5 19  6 46 24.450    3.0    31.238600  103.471600    12.8 
 2008  5 19  6 50  1.450    3.9    30.745350  103.223100    15.0 
 2008  5 19  6 56 28.860    3.2    31.418470  103.757000    16.5 
 2008  5 19  7  3  5.280    3.0    31.476480  103.980900    15.1 
 2008  5 19  7  6 18.130    4.0    31.626910  103.983200    19.5 
 2008  5 19  7  8 29.640    3.0    32.421820  105.082400    14.7 
 2008  5 19  7 13 47.080    3.0    31.545940  104.054200    12.2 
 2008  5 19  7 27 39.520    3.0    31.456290  103.841300    16.1 
 2008  5 19  7 30 44.220    3.1    31.312270  103.387400     6.7 
 2008  5 19  7 46 21.140    3.0    31.280480  103.550500    14.9 
 2008  5 19  7 53 16.240    3.0    31.031260  103.321400    14.6 
 2008  5 19  8 20 30.730    3.8    31.183650  103.562800    14.0 
 2008  5 19  8 48  8.530    3.0    31.055300  103.362800    10.3 
 2008  5 19  8 54 54.510    3.3    32.399850  105.144200    14.7 
 2008  5 19  9 24  7.050    3.1    32.550940  105.301800     9.7 
 2008  5 19  9 26  3.080    4.0    31.336420  103.655300    20.3 
 2008  5 19 10  0 59.220    3.5    32.567350  105.239200    16.7 
 2008  5 19 10  3 41.650    3.1    30.930660  103.386000    20.2 
 2008  5 19 10 16 56.470    3.1    30.951980  103.320900    13.5 
 2008  5 19 10 17 17.530    3.5    31.183460  103.672900    13.3 
 2008  5 19 10 21 19.050    2.8    31.740800  104.119400    19.5 
 2008  5 19 10 22 28.320    3.0    31.061080  103.297400    11.2 
 2008  5 19 10 32 13.550    3.0    32.324740  104.912800    13.8 
 2008  5 19 11 13 32.480    3.6    30.964650  103.346600    15.4 
 2008  5 19 11 16 57.000    3.4    31.808400  104.236700    13.3 
 2008  5 19 11 18  5.310     .0    32.547730  105.232000     9.6 
 2008  5 19 11 21 33.760    3.6    31.197870  103.318800    20.3 
 2008  5 19 11 49  4.840    2.9    31.058200  103.503500    11.1 
 2008  5 19 11 51 34.720    3.0    31.205090  103.463500    10.4 
 2008  5 19 11 59 28.160    4.1    32.289670  104.937000    16.3 
 2008  5 19 12  6  5.510    3.6    31.183670  103.514800    12.7 
 2008  5 19 12 20 16.250    3.0    32.326230  104.937200    14.8 
 2008  5 19 12 30 43.960    2.8    31.730750  104.155400    11.0 
 2008  5 19 12 37 21.160    3.8    31.253270  103.513300    12.4 
 2008  5 19 12 42 16.020    3.6    31.272470  103.510100    10.1 
 2008  5 19 12 48 39.160    3.4    31.828910  104.406200    10.8 
 2008  5 19 12 49 36.810    3.3    32.461290  105.133100    13.7 
 2008  5 19 13  5 34.480    2.9    32.439750  105.170000    15.7 
 2008  5 19 13  7  7.120    3.1    31.390530  103.750800    14.3 
 2008  5 19 13 12 43.020    3.7    32.277200  104.686400    13.6 
 2008  5 19 13 24 12.210     .0    31.802640  104.230300    11.9 
 2008  5 19 13 29 20.520    3.6    31.069970  103.397500    15.0 
 2008  5 19 13 35  5.190    3.0    31.847650  104.250500    14.7 
 2008  5 19 13 37 16.890    2.8    31.541340  103.934600    14.1 
 2008  5 19 13 56   .940    3.5    31.033690  103.401700     5.4 
 2008  5 19 14  0 53.220    3.0    31.298660  103.770200    12.1 
 2008  5 19 14  6 53.280    5.9    32.552340  105.267900    14.8 
 2008  5 19 14 11 11.490     .0    31.370020  103.708200    16.5 
 2008  5 19 14 14 38.340    3.2    31.372450  103.708200    16.6 
 2008  5 19 14 15  2.530    3.4    32.557010  105.276100    11.3 
 2008  5 19 14 25 50.020    4.2    32.540920  105.256400    10.9 
 2008  5 19 14 29 24.330    3.0    31.453430  103.900000    15.2 
 2008  5 19 15 11 53.790    3.5    30.780130  103.350700    14.7 
 2008  5 19 15 16  1.350    2.9    32.457080  105.123800    16.5 
 2008  5 19 15 26 10.350    2.9    30.780730  103.343900    14.4 
 2008  5 19 15 27 20.030    3.0    32.291880  104.943800    13.2 
 2008  5 19 15 29 44.720     .0    31.540720  104.029100    14.0 
 2008  5 19 15 33  7.270    3.1    30.983300  103.358500     9.0 
 2008  5 19 15 53 57.030    2.9    32.259650  104.933300    13.9 
 2008  5 19 15 59 32.650    3.9    31.413750  103.893600    17.2 
 2008  5 19 16 35 50.560    3.8    31.323170  103.647400    17.3 
 2008  5 19 16 39 56.220    4.1    32.003510  104.494800    14.7 
 2008  5 19 16 42 31.520    3.3    31.125760  103.569200    11.4 
 2008  5 19 16 57 55.340    3.0    32.583940  105.263700    18.3 
 2008  5 19 17 52 14.710     .0    31.849100  104.301800    12.7 
 2008  5 19 17 54 37.400    3.5    31.642760  104.094100     8.0 
 2008  5 19 18  6  4.140    2.9    32.444360  105.056900    16.7 
 2008  5 19 18  9 36.590    2.8    31.529800  104.035000    12.0 
 2008  5 19 18 35 41.910    3.4    31.164290  103.441400    10.7 
 2008  5 19 18 49 10.730    3.0    32.694470  105.445700     9.7 
 2008  5 19 19 22 38.980    3.2    31.054770  103.471900    15.8 
 2008  5 19 19 27   .410    3.3    32.382280  104.786800    16.3 
 2008  5 19 19 32 48.630    3.6    31.237550  103.591300    11.5 
 2008  5 19 19 37 26.930    3.4    32.397890  105.019400    16.5 
 2008  5 19 20  8 31.500    3.0    31.675900  104.084500    13.4 
 2008  5 19 20 11 37.570     .0    31.567850  103.964300    12.7 
 2008  5 19 20 31 27.680    2.7    32.220330  104.570400    15.9 
 2008  5 19 21  9 12.490    3.0    32.321200  104.922500    16.4 
 2008  5 19 21 26 15.270    3.2    31.928900  104.340400    14.3 
 2008  5 19 21 29  3.190    3.5    31.848100  104.298000    11.1 
 2008  5 19 21 37 36.130    3.1    31.650190  104.079800    14.0 
 2008  5 19 21 53  6.270    2.8    31.795830  103.910900     7.1 
 2008  5 19 21 57 25.640    3.1    32.434370  105.078200    15.8 
 2008  5 19 22  0 49.650    2.8    30.957980  103.457200     1.3 
 2008  5 19 22 33  2.590    3.2    31.326480  103.816800    14.5 
 2008  5 19 22 52 28.310    3.8    31.225000  103.479200    10.2 
 2008  5 19 23 13 27.400    3.6    32.591130  105.380800    14.1 
 2008  5 19 23 18 54.850    3.2    31.038780  103.329000    14.8 
 2008  5 19 23 48 23.990    3.1    31.002940  103.221500    18.0 
 2008  5 19 23 48 47.160    3.3    31.008610  103.293300    13.4 
 2008  5 20  0  0 19.210    3.1    32.309500  104.907100    15.4 
 2008  5 20  0  8 13.690    3.6    32.550520  105.238100    12.2 
 2008  5 20  0 12 52.190    3.6    31.309520  103.826000    14.1 
 2008  5 20  0 34 37.990    3.9    31.844690  104.366300    11.2 
 2008  5 20  1  3 16.360    3.0    32.312340  104.886600    18.2 
 2008  5 20  1 17 23.450    3.3    31.317670  103.551100     8.1 
 2008  5 20  1 46  9.750    3.2    31.011030  103.352000    16.5 
 2008  5 20  1 52 34.560    5.0    32.294510  104.935000    15.4 
 2008  5 20  1 58  9.070    3.3    31.359990  103.825900    16.0 
 2008  5 20  2  0 10.630    3.2    32.293380  104.936400    14.5 
 2008  5 20  2  2 50.740    3.1    31.522250  103.923500    14.6 
 2008  5 20  2  6 13.050    3.1    31.534100  104.100300    14.9 
 2008  5 20  2 23 55.020    3.6    32.385440  105.001900    14.6 
 2008  5 20  2 28 30.280    3.1    32.170560  104.629400    16.6 
 2008  5 20  2 33  4.870    3.9    31.312410  103.448100    14.6 
 2008  5 20  2 37  9.570    2.8    32.173650  104.613900    19.1 
 2008  5 20  2 59  1.800    3.2    31.805470  104.251200    14.3 
 2008  5 20  3  7 40.740    3.7    31.020600  103.405300     8.8 
 2008  5 20  3 42 42.350    3.0    32.400050  105.034300    16.9 
 2008  5 20  3 45 52.580    3.2    32.611770  105.356000    16.6 
 2008  5 20  4 29 47.050    3.7    31.613440  103.962300    21.2 
 2008  5 20  5  4 12.130    3.3    31.322110  103.758800    16.7 
 2008  5 20  5  8 47.700    3.0    32.565140  105.178800    10.8 
 2008  5 20  5 13  7.370    3.4    32.611620  105.361300    19.9 
 2008  5 20  5 18 29.340    3.1    32.319100  105.142700    17.4 
 2008  5 20  5 37 59.440    3.1    32.654010  105.371300    15.6 
 2008  5 20  6 21 14.310     .0    31.265840  103.736000    13.9 
 2008  5 20  6 27 51.960    3.0    31.725410  104.181900     1.2 
 2008  5 20  7 23  3.890    3.6    32.161630  104.604700    13.1 
 2008  5 20  7 35 30.610    3.2    31.745340  104.174700    11.8 
 2008  5 20  7 56 23.440    3.2    31.700660  104.074900    15.1 
 2008  5 20  8  9 26.810    3.1    31.404690  103.914100    15.7 
 2008  5 20  8 11 57.650    3.5    31.720920  104.099800    17.1 
 2008  5 20  8 20  3.160    3.5    31.536580  104.024800    14.3 
 2008  5 20  8 35  5.990    3.0    31.574640  103.982900    15.6 
 2008  5 20  8 57 36.030    4.4    31.670740  104.014200    17.2 
 2008  5 20  9 11 36.430    3.0    32.179060  104.646400    15.9 
 2008  5 20  9 28 23.630    2.9    32.382050  105.008400    14.2 
 2008  5 20  9 33 23.700    3.9    30.950150  103.306500    17.2 
 2008  5 20  9 41 22.720    3.4    31.800570  104.197400    16.6 
 2008  5 20 10  4 18.940    3.2    31.543080  103.244200    12.5 
 2008  5 20 10  6 59.650    3.2    31.701680  104.069600    18.0 
 2008  5 20 10 15 35.170    3.2    30.966820  103.302400    13.2 
 2008  5 20 10 17 57.970    2.9    31.482610  103.927300    13.5 
 2008  5 20 10 19 58.920    3.0    31.034970  103.391900    10.4 
 2008  5 20 10 34  8.130    2.8    30.991550  103.239600    15.5 
 2008  5 20 10 37 25.790    2.8    31.437510  103.827600    17.1 
 2008  5 20 10 41 17.400    2.7    31.317030  103.442600    13.0 
 2008  5 20 10 51 23.960    3.2    31.198940  103.605800    13.1 
 2008  5 20 11 20 22.730    2.9    31.735280  104.121100    13.4 
 2008  5 20 11 34 45.230    3.2    31.427420  103.834500    13.9 
 2008  5 20 11 42 25.140    4.4    32.627080  105.377200    14.2 
 2008  5 20 11 52 15.540    3.3    31.874850  104.137200    16.6 
 2008  5 20 12 17 58.260     .0    30.817420  103.336000    16.1 
 2008  5 20 13 11 26.980    4.1    32.252310  104.822600    12.6 
 2008  5 20 13 16 12.680    3.3    30.985090  103.369100    10.9 
 2008  5 20 13 46 36.560    3.7    31.410130  103.970200    16.2 
 2008  5 20 14  5 16.770    3.4    32.310690  104.926300    14.2 
 2008  5 20 14 30 16.980    3.2    32.320840  104.933000    11.2 
 2008  5 20 14 34 39.960    3.2    32.414340  105.112600    15.2 
 2008  5 20 14 43 40.010    2.9    31.849950  104.342000     8.9 
 2008  5 20 14 54 20.700    4.3    31.780730  104.218500    16.4 
 2008  5 20 15  4 13.590    3.7    32.262260  104.912200    16.7 
 2008  5 20 15 18  2.350    3.3    31.010210  103.330500    11.6 
 2008  5 20 15 20 27.310    2.9    32.155270  104.569600    14.1 
 2008  5 20 15 21  8.540    4.6    31.376720  103.876800    17.6 
 2008  5 20 15 27 16.790    2.8    31.256010  103.738900    15.2 
 2008  5 20 15 35 23.030    3.5    30.982530  103.380700     9.1 
 2008  5 20 15 35 28.190    3.4    32.577450  105.258000    15.5 
 2008  5 20 15 49 21.770    2.8    32.561650  105.169000    15.8 
 2008  5 20 16 20 47.100    2.8    31.877290  104.321400    10.6 
 2008  5 20 16 39 33.340    3.1    31.783050  104.255600    13.0 
 2008  5 20 17  2 10.850    3.0    31.819770  104.304200    12.1 
 2008  5 20 17 28 33.070    3.0    32.580720  105.264200    14.6 
 2008  5 20 17 53 19.200    3.1    31.639320  104.065500    13.4 
 2008  5 20 18  3  6.230    3.1    32.292564  104.873357    13.1 
 2008  5 20 18 15 56.410    2.7    32.358140  104.926500    13.2 
 2008  5 20 18 34  6.900    3.6    31.313960  103.530000    13.4 
 2008  5 20 18 42 30.340    2.9    32.233780  104.625500    13.9 
 2008  5 20 18 43 23.170    2.8    31.309710  103.435500     8.6 
 2008  5 20 18 47 29.060    3.2    31.714010  104.076900    16.5 
 2008  5 20 19 21 52.140    2.9    31.239760  103.594900    12.9 
 2008  5 20 19 25  4.760     .0    31.284420  103.550700    14.5 
 2008  5 20 19 32 44.570    2.9    30.931090  103.271200    18.1 
 2008  5 20 20 39  8.530    3.5    31.784970  104.311500    11.8 
 2008  5 20 20 43  6.770    3.4    30.981700  103.399700    15.1 
 2008  5 20 20 53 23.340    2.9    31.233810  103.492300    15.4 
 2008  5 20 21 23  6.050    3.6    31.346890  103.773400    14.7 
 2008  5 20 21 32 39.860    3.0    31.228590  103.485600     9.8 
 2008  5 20 21 41 58.240    3.2    31.293930  103.800300    10.7 
 2008  5 20 22 29 41.420    4.3    32.543760  105.147000    16.0 
 2008  5 20 22 32 21.460    3.4    30.952430  103.344300    15.1 
 2008  5 20 22 50 45.370    3.3    31.488200  103.931400    16.4 
 2008  5 20 23  8 13.530    3.9    31.166050  103.469800    12.3 
 2008  5 20 23 16 15.500    3.2    32.339080  104.955000    15.1 
 2008  5 21  0 20 44.530    3.9    31.506820  103.966700    14.6 
 2008  5 21  0 38 36.890    4.3    30.914670  103.296900    17.4 
 2008  5 21  0 43 44.990    3.5    32.274150  104.855400    14.1 
 2008  5 21  2 35 49.410    3.7    31.223220  103.581900    12.8 
 2008  5 21  4 21 30.560    3.5    31.574210  104.096900    13.9 
 2008  5 21  5  0 31.110    3.7    30.858510  103.271500    17.2 
 2008  5 21  5 16 28.170    3.5    31.506290  104.207900    17.2 
 2008  5 21  6 24 50.520    3.7    31.155410  103.597700    11.0 
 2008  5 21  6 35  3.110    3.7    31.833140  104.269800    12.9 
 2008  5 21  9 27  4.640    3.8    31.298630  103.479000     6.2 
 2008  5 21  9 45 10.210    3.0    31.404390  103.762700    12.9 
 2008  5 21 10 56  6.960    3.2    31.193360  103.575700    11.9 
 2008  5 21 11 52 42.320    3.6    32.262550  104.982600    14.6 
 2008  5 21 15 32 38.830    3.0    30.880120  103.197000    18.0 
 2008  5 21 16 40 53.740     .0    31.391990  103.319300    15.2 
 2008  5 21 17 33 15.210     .0    32.497680  105.165200    15.5 
 2008  5 21 18  1 58.880     .0    31.042560  103.333700    14.1 
 2008  5 21 21 25  6.940    3.1    30.954670  103.372300    14.3 
 2008  5 21 21 59  9.570    4.5    31.422230  103.853500    21.0 
 2008  5 21 22  6 10.230    3.7    31.146650  103.291600    18.6 
 2008  5 21 22 57 57.840    3.5    31.343940  103.354800    13.2 
 2008  5 21 23  8 57.840    3.7    31.184180  103.401500    11.3 
 2008  5 21 23 20 31.780    3.7    31.864750  104.378800    13.1 
 2008  5 21 23 29 54.690    4.7    32.409830  105.071900    15.4 
 2008  5 22  0 31 23.450    3.6    32.305210  104.880400    17.4 
 2008  5 22  0 48 31.860    2.8    31.843120  104.330500     7.6 
 2008  5 22  1  2  4.960    3.0    31.158460  103.303800    20.5 
 2008  5 22  1  9 54.270    4.3    31.399930  103.908400    15.7 
 2008  5 22  1 27 18.970    2.9    31.443670  103.884600    16.9 
 2008  5 22  1 37 44.590    2.9    31.095570  103.371700    14.8 
 2008  5 22  3 12 53.630    3.6    32.157310  104.577900    15.8 
 2008  5 22  3 28 43.890    3.1    32.600480  105.374800    13.0 
 2008  5 22  3 37  5.690    3.0    32.280000  104.950800    15.7 
 2008  5 22  4 12 55.720     .0    31.386550  103.774900    16.3 
 2008  5 22  4 36 27.910    4.8    32.238630  104.740800    15.6 
 2008  5 22  4 46 23.680    3.0    31.571660  104.152400    16.6 
 2008  5 22  5 58 17.000    2.7    31.488180  104.303600    15.6 
 2008  5 22  6  2 13.990    3.3    32.429120  105.096700    15.7 
 2008  5 22  6  9 30.530    2.9    31.321840  103.680800    15.4 
 2008  5 22  6 22 39.430    3.0    31.198880  103.674600    13.4 
 2008  5 22  6 51 43.510     .0    31.112710  103.538200    12.1 
 2008  5 22  7 15 38.720    2.8    32.646170  105.381100    13.4 
 2008  5 22  7 44 57.730    3.5    31.709300  104.094900    17.7 
 2008  5 22  7 53 24.820    3.9    31.364100  103.391300    12.9 
 2008  5 22  8 38 28.550    3.8    31.290860  103.745900    16.9 
 2008  5 22  9 43 42.310    2.7    31.907260  104.364900    11.4 
 2008  5 22 10 34 18.360     .0    31.337210  103.494500    10.5 
 2008  5 22 11  3 58.120    3.2    31.727070  104.236400    13.4 
 2008  5 22 11 29 24.010    3.4    31.880070  104.278600    14.3 
 2008  5 22 11 36 16.850    3.0    31.327360  103.493400    11.7 
 2008  5 22 12  2  1.640    3.0    31.226730  103.508400    14.6 
 2008  5 22 13 52 47.890    3.5    31.186600  103.503600    12.7 
 2008  5 22 14 15 22.190    3.0    31.331590  103.747100    15.3 
 2008  5 22 14 58  7.060    2.9    31.703860  104.091300    17.7 
 2008  5 22 15 16 12.350    3.1    31.318230  103.417500    11.8 
 2008  5 22 15 18 44.710    5.1    31.179060  103.568900    14.8 
 2008  5 22 15 25 41.200    3.7    32.563160  105.164500    16.3 
 2008  5 22 15 53 19.340    3.2    32.124490  104.566100    15.6 
 2008  5 22 15 57 16.250    3.3    31.179120  103.597400    17.4 
 2008  5 22 16 13 37.880    2.8    30.781260  103.210200    22.3 
 2008  5 22 16 17 52.620    3.0    31.762980  104.257700    11.5 
 2008  5 22 16 35 33.360    2.8    32.576470  105.269100    15.5 
 2008  5 22 16 38 23.470    3.1    31.873140  104.314300    10.1 
 2008  5 22 16 43  3.180    2.8    32.153260  104.626700    14.7 
 2008  5 22 17  3 59.670    3.1    31.328180  103.799700    13.2 
 2008  5 22 17 26 31.530    3.1    31.189600  103.523100    11.9 
 2008  5 22 17 47 13.310    3.2    31.911440  104.429400    10.0 
 2008  5 22 17 50 48.370    3.4    31.035140  103.444200     1.9 
 2008  5 22 17 56 12.090    3.0    30.997220  103.331600     9.1 
 2008  5 22 17 58  1.650    3.1    32.598880  105.306100    15.4 
 2008  5 22 17 59 16.140    3.0    31.775040  104.243800     8.7 
 2008  5 22 18  2 50.470    2.9    31.043310  103.376800    13.8 
 2008  5 22 18  6 16.480    3.3    31.274610  103.560300    13.0 
 2008  5 22 18 49 25.490     .0    31.177210  103.561200    12.8 
 2008  5 22 18 56 41.160    3.0    31.011640  103.369400    10.0 
 2008  5 22 19 22 23.940    4.4    32.666830  105.422100    14.0 
 2008  5 22 20  8 24.430    2.9    32.115870  104.206700     7.5 
 2008  5 22 20 12 20.300    3.0    32.105450  104.408700    14.9 
 2008  5 22 20 25 21.930    3.1    30.793700  103.263300    17.0 
 2008  5 22 20 32  8.490     .0    31.593030  104.149400    11.3 
 2008  5 22 21 11 19.970    3.4    31.512040  104.069200     8.9 
 2008  5 22 21 30 34.160    2.8    31.244310  103.709400    16.4 
 2008  5 22 21 31 38.930    3.4    31.174180  103.566100    14.1 
 2008  5 22 22  8 10.720    3.7    31.440620  103.874400    17.0 
 2008  5 22 22 11 53.100    2.8    32.175870  104.596600    16.8 
 2008  5 22 22 26 33.220    2.9    32.416320  105.056400    15.1 
 2008  5 22 22 39 50.940    3.8    31.905830  104.426200    14.3 
 2008  5 22 23  0 13.140    4.6    31.885150  104.358700    10.9 
 2008  5 22 23  3 56.180    3.3    31.021100  103.379000    13.4 
 2008  5 22 23 10  9.210    3.5    32.431470  105.092900    15.6 
 2008  5 23  0  9 44.330     .0    31.780580  104.020400    15.5 
 2008  5 23  1 37 36.760    4.9    31.260300  103.602700    15.2 
 2008  5 23  1 48 10.670    3.0    31.255990  103.601300    13.6 
 2008  5 23  2 44 42.020    3.2    32.327370  104.907000    19.1 
 2008  5 23  3 50  9.150    3.3    31.268530  103.498900    13.8 
 2008  5 23  3 58 49.330    4.0    31.905360  104.427200    11.8 
 2008  5 23  5 12 19.690     .0    31.352640  103.204500    14.7 
 2008  5 23  7 14  1.460    3.1    31.275970  103.580500     1.5 
 2008  5 23  8  5  4.670    4.7    31.188650  103.572500    12.7 
 2008  5 23  9 23 28.010    4.3    31.219740  103.478300    14.7 
 2008  5 23 11  9 15.800    3.4    31.247160  103.648700    15.1 
 2008  5 23 11 12 12.710    4.2    31.227040  103.161100    15.6 
 2008  5 23 11 41 23.530    3.9    32.309850  104.920400    14.0 
 2008  5 23 12  7 39.780    3.7    32.368350  104.990300    15.3 
 2008  5 23 16 30 56.870    3.3    31.401370  103.280000    12.9 
 2008  5 23 17  1 35.840    3.1    31.466950  103.922000    13.7 
 2008  5 23 18 33 42.030    3.3    31.814260  103.967400    18.4 
 2008  5 23 18 37 10.610    3.4    31.270900  103.783800    16.0 
 2008  5 23 20 14 31.250     .0    30.992930  103.313900    13.7 
 2008  5 23 21 21 20.030    3.1    31.094390  103.302200    12.0 
 2008  5 23 21 38 30.930    3.8    32.194250  104.590600    11.5 
 2008  5 23 22 59 18.600    3.3    32.369300  104.991900    15.6 
 2008  5 23 23 51  2.250    3.8    31.413270  103.878500    16.7 
 2008  5 24  0  1  6.760    3.6    31.701320  104.066200    16.7 
 2008  5 24  0 10 22.760    4.3    32.266430  104.955000    14.6 
 2008  5 24  0 26  8.480    3.4    31.072030  103.333000    13.9 
 2008  5 24  0 35 46.020    4.3    31.912240  104.343800    16.1 
 2008  5 24  0 48  4.120    4.3    31.823080  104.131000    16.9 
 2008  5 24  1  4  7.140    3.1    31.367860  103.162900    10.9 
 2008  5 24  1 25 27.540    3.0    32.577660  105.287700    15.6 
 2008  5 24  1 53 32.010    4.4    32.544560  105.191500    16.3 
 2008  5 24  2 15 27.700    3.3    31.868090  104.266000    15.2 
 2008  5 24  3  2 56.300    3.0    32.433820  105.048000    15.8 
 2008  5 24  3  9  8.040    3.3    31.725210  104.086800    17.5 
 2008  5 24  3 34  3.490    2.9    31.333000  103.684700    16.1 
 2008  5 24  3 54 53.530    3.5    30.948180  103.419600    10.6 
 2008  5 24  4  4 39.320    4.0    30.786010  103.354500    15.8 
 2008  5 24  4  4 46.930    3.1    32.318730  104.896400    18.8 
 2008  5 24  4 13 43.230    3.2    31.277740  103.492500    11.2 
 2008  5 24  4 22  9.010    4.1    32.290940  105.001500    16.1 
 2008  5 24  4 35  4.050    3.5    31.394730  103.336700    15.7 
 2008  5 24  4 58  3.950    3.4    31.313420  103.553800    14.4 
 2008  5 24  5  0 32.920    3.1    32.235930  104.909900    14.5 
 2008  5 24  5  3 59.590    3.0    32.634770  105.296000    16.3 
 2008  5 24  5 25 49.060    3.6    32.193180  104.781700    13.2 
 2008  5 24  5 35 17.790    3.7    31.890840  104.382800    11.2 
 2008  5 24  6 18 32.020    3.1    32.188430  104.573100    18.4 
 2008  5 24  6 31  2.050    2.8    31.090660  103.342900    14.9 
 2008  5 24  6 35 57.790    3.2    32.584220  105.192900    16.9 
 2008  5 24  6 55  2.040    3.2    30.888610  103.342300    17.8 
 2008  5 24  7  1 39.020    3.4    31.183880  103.556800    11.8 
 2008  5 24  7  3 50.550    3.1    31.281560  103.688800    15.9 
 2008  5 24  7 22 34.280    3.3    31.342750  103.132500    13.6 
 2008  5 24  7 34 57.410    3.8    31.323350  103.192000    14.3 
 2008  5 24  8  7 53.570    2.9    31.201200  103.434400    13.0 
 2008  5 24  8 27 42.600    3.2    31.069230  103.311400    15.5 
 2008  5 24  8 31   .970    3.2    30.857990  103.410200    10.4 
 2008  5 24  9 21 47.810    3.3    31.307720  103.631900    16.3 
 2008  5 24  9 39 44.480    2.8    32.546860  105.193400    18.2 
 2008  5 24  9 46 28.490    3.6    32.398930  105.013600    16.8 
 2008  5 24 11  0 12.810    4.4    31.142150  103.447900    12.4 
 2008  5 24 11  7 30.010    2.8    32.355230  104.960400    17.5 
 2008  5 24 11 11  5.670    2.7    32.185630  104.648200    16.0 
 2008  5 24 11 53  6.580    3.0    32.418900  105.091200    15.2 
 2008  5 24 12 17 57.390    3.2    32.644100  105.385700    14.7 
 2008  5 24 13 15 28.980    3.0    32.367440  105.007900    15.6 
 2008  5 24 13 53 56.230    3.0    31.013120  103.355700    10.4 
 2008  5 24 14 23 29.490    3.1    31.855880  104.053500    15.8 
 2008  5 24 14 41 40.310    3.6    32.464940  105.139400    16.7 
 2008  5 24 15  1   .810    3.5    31.781330  104.301600    12.1 
 2008  5 24 15  4 35.380    3.3    32.401260  105.070900    14.5 
 2008  5 24 15 24 16.490    3.0    31.818040  104.201400    23.3 
 2008  5 24 15 24 16.850    2.8    31.776350  104.328900    12.6 
 2008  5 24 15 41 50.830    2.8    32.394080  105.029300    15.9 
 2008  5 24 16 13 22.940    3.1    31.279220  103.289100    16.8 
 2008  5 24 16 16 12.610     .0    31.769140  104.138300    18.2 
 2008  5 24 16 31  3.510    3.4    32.627340  105.389000    12.9 
 2008  5 24 16 36 32.310    3.3    31.237780  103.568100    17.9 
 2008  5 24 17  3  1.530    2.7    31.273020  103.718000    16.7 
 2008  5 24 17  7 35.920    3.3    32.302840  104.798900    19.9 
 2008  5 24 17 46 42.900    3.0    31.192400  103.438400    14.4 
 2008  5 24 17 54  3.460    3.5    31.267450  103.468000    14.5 
 2008  5 24 18  8 37.430    4.3    31.179030  103.622200    16.3 
 2008  5 24 18 21 51.750    3.0    31.243350  103.583900    14.9 
 2008  5 24 18 39 10.130    3.5    31.233690  103.681900    16.0 
 2008  5 24 19 28 15.060     .0    31.307520  103.962800    20.5 
 2008  5 24 19 39 48.670    3.9    31.249770  103.617900    13.3 
 2008  5 24 19 42 12.970    4.1    32.617150  105.359800    17.4 
 2008  5 24 21  7 16.740    2.8    30.991600  103.345300    11.4 
 2008  5 24 21 29 53.830    3.1    31.256460  103.721100    12.7 
 2008  5 24 21 34 27.790    3.1    32.472220  105.088100    13.9 
 2008  5 24 21 59 59.430    2.7    32.605920  105.291600    18.4 
 2008  5 24 22 30 10.620    3.2    30.775990  103.509500    19.3 
 2008  5 24 23 45 23.150    2.8    32.542100  105.188600    16.9 
 2008  5 24 23 52 36.640    3.3    31.339040  103.753700    20.5 
 2008  5 25  1  1 35.330    3.4    32.322390  104.938100    12.8 
 2008  5 25  1 45 15.010    3.0    30.932540  103.345600    15.2 
 2008  5 25  1 58 25.280    3.3    31.445510  103.895200    17.2 
 2008  5 25  3 37 52.270    3.8    31.848380  104.329800    10.6 
 2008  5 25  4  2  5.900    3.1    32.323880  104.937900    13.9 
 2008  5 25  4 29 49.430    3.7    32.490550  105.117100    18.8 
 2008  5 25  5 43 50.160    3.2    32.117530  104.501700    14.3 
 2008  5 25  6 10 54.350     .0    32.581620  105.275900    16.0 
 2008  5 25  9  8 31.970    3.3    31.027810  103.349600    11.0 
 2008  5 25 10  2 19.580    3.1    32.276910  104.884600    15.7 
 2008  5 25 10 41 58.840    3.2    31.843150  104.352300    12.0 
 2008  5 25 12 27  4.680    4.5    31.987720  104.515800    13.8 
 2008  5 25 13 48 43.180    3.4    31.575560  103.932200    15.9 
 2008  5 25 14 40 27.650    3.6    32.320230  104.921500    16.6 
 2008  5 25 15  1 41.490    3.1    31.141900  103.442500    12.4 
 2008  5 25 16 12 24.220    3.4    31.213900  103.691300    14.5 
 2008  5 25 16 21 51.470    6.3    32.628412  105.363002    15.2 
 2008  5 25 16 38 46.030    4.1    31.328370  103.715100    15.7 
 2008  5 25 16 51 36.510    2.9    31.261340  103.598900    11.8 
 2008  5 25 17 17 21.940    3.7    31.429410  103.920900    14.5 
 2008  5 25 17 57 10.850    4.0    32.393070  104.801900    12.2 
 2008  5 25 18 58 14.630    3.6    31.436180  103.545300    12.3 
 2008  5 25 19 56 33.580    3.2    31.436030  103.875800    15.9 
 2008  5 25 20 26 37.920    3.3    32.405470  105.048600    14.6 
 2008  5 25 22 18  6.030    2.9    31.589320  104.056000    14.6 
 2008  5 25 22 20 55.740    2.7    30.889760  103.276800    19.9 
 2008  5 25 22 28 47.440    3.3    32.368790  104.988000    16.7 
 2008  5 25 22 50 19.120    3.0    31.812140  104.130200    16.6 
 2008  5 25 23  0 41.520    2.8    31.828690  104.351700     7.4 
 2008  5 25 23 15 23.010    3.4    32.477350  105.134000    15.5 
 2008  5 25 23 46 41.820    3.2    31.135460  103.482400    14.9 
 2008  5 25 23 53 44.860    4.1    31.074320  103.538500    14.9 
 2008  5 26  0  2 21.160    2.7    31.035630  103.311900    13.4 
 2008  5 26  0 21 12.180    3.1    32.361530  104.986500    15.2 
 2008  5 26  0 29 16.780    4.0    32.581240  105.264600    15.4 
 2008  5 26  1  5 25.090    3.6    31.674180  104.040300    17.5 
 2008  5 26  1 38 19.900    3.1    31.311470  103.391400    10.3 
 2008  5 26  1 52 48.020    3.3    31.337320  103.447700    12.2 
 2008  5 26  2 10 34.580    3.5    32.678070  105.411900    17.6 
 2008  5 26  2 20 54.400     .0    32.017530  104.103700    17.2 
 2008  5 26  3 11 19.200    3.3    32.009040  104.501100    13.7 
 2008  5 26  4 32 40.120     .0    32.676940  105.423300    11.0 
 2008  5 26  4 33 10.330    4.2    31.326480  103.875600    15.7 
 2008  5 26  4 58  4.340    3.7    32.277250  104.978800    15.1 
 2008  5 26  5 13  1.420    2.7    31.822220  104.200000    15.2 
 2008  5 26  5 59 24.200    3.1    32.394650  104.932000    16.6 
 2008  5 26  6  2 34.830    3.4    31.443450  103.546700    11.0 
 2008  5 26  6  8 46.220    2.7    31.521670  104.112700    14.0 
 2008  5 26  6 42 41.210    2.7    31.533700  104.095900    16.4 
 2008  5 26  6 48 49.080     .0    32.811090  105.427600    11.4 
 2008  5 26  7  5 27.080    3.0    31.712400  104.083300    16.1 
 2008  5 26  7 47 19.480    4.1    32.442960  105.119500    15.2 
 2008  5 26  8 19 11.780    3.1    31.804430  104.307400    10.4 
 2008  5 26  8 39 47.650    4.8    30.834790  103.296900    19.6 
 2008  5 26 10 25 11.420    2.8    32.127640  104.619000    13.5 
 2008  5 26 10 33 57.940    2.8    32.541790  105.133700    16.1 
 2008  5 26 10 50 50.190    2.9    32.417980  105.025400    14.7 
 2008  5 26 10 58 25.320    3.4    32.385800  104.994500    16.4 
 2008  5 26 11  5 32.510    3.4    31.183140  103.421100    13.3 
 2008  5 26 11 12 35.670    3.1    32.612460  105.206100    20.4 
 2008  5 26 11 53 17.870    3.2    31.263960  103.420000    21.5 
 2008  5 26 12 18 37.190    3.0    31.598870  104.015300    15.1 
 2008  5 26 14 13 15.550    3.0    32.579770  105.319000    12.7 
 2008  5 26 14 57  8.690    3.1    32.442690  105.056800    12.8 
 2008  5 26 15  0 29.130    3.2    31.211520  103.803300    11.8 
 2008  5 26 15 28 20.630    2.9    32.423510  105.030400    15.7 
 2008  5 26 15 44 35.400    3.0    31.421960  103.875000    12.4 
 2008  5 26 15 52  5.680    2.9    31.408890  103.750200    16.0 
 2008  5 26 16 12 57.660    3.0    31.045560  103.448400     2.2 
 2008  5 26 16 21 42.270    3.7    31.375930  103.320800    15.3 
 2008  5 26 17  6  6.920    3.1    31.197650  103.311300    19.8 
 2008  5 26 18 12 11.730    3.2    31.911880  104.270400    11.5 
 2008  5 26 18 52 43.040    3.5    31.356010  103.850900    17.6 
 2008  5 26 19 11 40.140    3.0    31.317940  103.711300    16.4 
 2008  5 26 19 51 57.620    2.8    31.768260  104.172000    12.1 
 2008  5 26 20 22 29.500    3.1    31.137360  103.531500    13.7 
 2008  5 26 20 55 43.080    3.1    31.346180  103.852100    13.4 
 2008  5 26 21 13 40.730    4.1    31.301100  103.611100    17.2 
 2008  5 26 21 40  2.090    3.0    31.320060  103.421200    11.9 
 2008  5 26 23 52   .120    3.7    31.556460  104.056200    13.9 
 2008  5 27  0 18 31.990    3.3    31.246450  103.635900    15.9 
 2008  5 27  1 10 59.040    3.7    32.210170  104.637100    15.5 
 2008  5 27  1 47 42.060    3.2    31.005860  103.368100    10.7 
 2008  5 27  2 27 59.420    3.2    31.391910  103.787000    17.7 
 2008  5 27  4  6 28.230    3.1    32.533300  105.199500    14.7 
 2008  5 27  4 16 55.010    2.8    31.169300  103.831300     8.2 
 2008  5 27  4 27  1.770    2.9    32.443620  105.054000    11.6 
 2008  5 27  4 30 59.250    3.1    30.997420  103.261400    13.1 
 2008  5 27  4 34 48.170    3.1    32.334720  104.919700    20.0 
 2008  5 27  4 42   .240    3.7    32.417740  105.018700    17.1 
 2008  5 27  4 53  4.550    3.1    31.183370  103.582700     9.7 
 2008  5 27  6 20  3.080    3.0    31.328820  103.429300    12.7 
 2008  5 27  7  1 25.950    4.0    31.049710  103.255600    17.6 
 2008  5 27  7  4 38.560    2.8    31.672400  104.076800    14.3 
 2008  5 27  7 22  4.580    4.2    31.381470  103.858200    18.4 
 2008  5 27  7 59 10.610    3.1    31.390890  103.801100    17.4 
 2008  5 27  8 15  7.240    3.4    32.122440  104.466900    17.2 
 2008  5 27  8 45 39.790    2.9    32.237190  104.588000    16.2 
 2008  5 27  8 53 59.930    3.7    31.348780  103.879700    16.8 
 2008  5 27  8 56 44.460    3.0    32.382010  104.990000    13.0 
 2008  5 27  9 17 19.250    2.8    31.996250  104.476100    14.2 
 2008  5 27  9 42 11.020    2.9    31.823660  104.243300    11.6 
 2008  5 27  9 54 46.800    3.0    31.391500  103.836800    13.0 
 2008  5 27 10 33 56.260    3.7    32.631720  105.370800    15.1 
 2008  5 27 10 49 14.010    3.2    31.864190  104.310800    11.8 
 2008  5 27 12 58 28.730    3.2    32.324510  104.891200    18.3 
 2008  5 27 13 51 59.140    2.8    31.814120  104.371100     8.1 
 2008  5 27 14  4 40.920    3.4    32.410830  105.070500    14.6 
 2008  5 27 14 38 20.760    2.8    31.642170  104.038200    15.8 
 2008  5 27 14 43 11.330    2.9    31.861520  104.196700    11.5 
 2008  5 27 14 49 39.910    3.7    31.017500  103.418200     8.9 
 2008  5 27 15 59  4.790    3.1    32.223990  104.902000    13.6 
 2008  5 27 16  3 22.650    5.4    32.783070  105.579900    16.8 
 2008  5 27 16 12  3.860    4.2    32.780630  105.576300    16.5 
 2008  5 27 16 15 33.750    2.9    31.087840  103.401000     6.7 
 2008  5 27 16 30  5.900    3.3    32.782540  105.578400    17.2 
 2008  5 27 16 37 51.870    5.7    32.786170  105.579100    16.8 
 2008  5 27 16 56 24.400    3.1    32.784730  105.578900    15.6 
 2008  5 27 18 26 46.490    4.2    31.196810  103.572100    11.1 
 2008  5 27 18 43 21.500    3.4    32.145760  104.558400    14.3 
 2008  5 27 19 39 26.400    3.0    31.202660  103.585200    11.1 
 2008  5 27 19 52 40.560    3.0    31.130090  103.298600    14.5 
 2008  5 27 20 44 34.740    3.0    31.381600  103.825300    15.6 
 2008  5 27 21 59 34.730    4.9    32.560840  105.187300    14.7 
 2008  5 27 22 20 52.320    3.0    31.916090  104.248100    13.4 
 2008  5 27 22 24 19.650    3.1    32.557790  105.180900    10.8 
 2008  5 27 22 41 19.550    3.5    32.373700  104.955300    15.6 
 2008  5 27 23 10 26.770    3.1    32.308660  104.910000    12.8 
 2008  5 27 23 23 50.840    3.4    31.093160  103.352200    12.5 
 2008  5 28  0  6  9.580    3.4    31.390580  103.325000     9.5 
 2008  5 28  0 19 22.600    2.5    32.783730  105.574900    15.1 
 2008  5 28  0 38 13.330    3.0    32.402070  105.027300    17.1 
 2008  5 28  0 41 13.050    3.2    32.640980  105.374300    17.7 
 2008  5 28  0 46  6.710    4.3    32.167750  104.605000    13.6 
 2008  5 28  0 58 24.260    3.4    32.207520  104.583800    15.2 
 2008  5 28  1 11 58.630    2.8    31.304000  103.439600     7.9 
 2008  5 28  1 27 32.650    3.1    31.257760  103.744400    11.2 
 2008  5 28  1 44 40.260    2.5    31.388260  103.839100    14.8 
 2008  5 28  1 58 17.140    2.8    31.374280  103.869100    14.9 
 2008  5 28  2  4 30.370    3.4    31.298630  103.432800    11.8 
 2008  5 28  2 29 47.880    3.2    31.313580  103.495400     9.4 
 2008  5 28  3 11 53.030     .0    31.881090  104.174700    16.6 
 2008  5 28  3 30  9.990    3.5    31.772860  104.190200     7.3 
 2008  5 28  3 47  8.640     .0    31.431910  103.929500    15.9 
 2008  5 28  4 45 47.450    3.0    30.983120  103.307500    14.2 
 2008  5 28  4 53 39.860     .0    32.772310  105.554300    16.5 
 2008  5 28  4 57 11.900    2.7    32.223720  104.597600    14.8 
 2008  5 28  5 56 59.760    3.5    31.863420  104.272200     9.9 
 2008  5 28  6 22 10.030    3.2    31.807020  104.298600    12.9 
 2008  5 28  6 59  1.240    2.8    32.593140  105.360500    11.0 
 2008  5 28  7 18 57.100    3.1    31.808990  104.251400    10.4 
 2008  5 28  7 22 58.550    3.1    30.977800  103.362300    11.3 
 2008  5 28  7 55 41.840    2.5    31.791320  104.266300    10.3 
 2008  5 28  8  0 37.980    3.5    31.622330  103.971900    18.7 
 2008  5 28  8 31 55.590    3.2    32.494040  105.126300    18.7 
 2008  5 28  8 39 11.260    3.0    31.260480  103.618000    18.1 
 2008  5 28  8 48 59.570    3.3    31.748990  104.147200    10.4 
 2008  5 28  9 28 15.470    2.4    32.649300  105.381000    17.4 
 2008  5 28  9 34 33.640    2.9    31.377570  103.699200    15.1 
 2008  5 28  9 54 16.830    2.8    32.685650  105.335600    16.0 
 2008  5 28  9 57 19.450    2.5    31.810080  104.260900    14.2 
 2008  5 28  9 58 18.480    3.1    32.355150  104.947100    19.0 
 2008  5 28 10 11 57.770    3.1    31.184070  103.451400    18.6 
 2008  5 28 10 34 25.500    2.7    31.595520  103.986000    16.6 
 2008  5 28 11 12  7.960    2.7    32.342510  104.955300    16.4 
 2008  5 28 11 28 39.570    2.9    30.931760  103.214400    18.0 
 2008  5 28 11 38 35.410    2.8    31.340020  103.364900    14.9 
 2008  5 28 11 42  5.900    2.7    31.185910  103.573200    14.4 
 2008  5 28 12 26 20.070    4.0    31.396320  103.848900    17.6 
 2008  5 28 13 27 47.980    3.5    31.304850  103.615800    15.5 
 2008  5 28 13 41 19.760    3.3    32.467890  105.099300    14.8 
 2008  5 28 14 41 28.680    3.2    31.556310  104.033800    13.7 
 2008  5 28 14 47  7.130    3.6    32.327210  104.908900    17.5 
 2008  5 28 15  2  3.100    3.0    32.328880  104.898800    15.3 
 2008  5 28 15  7 56.610    3.1    32.408100  105.001500    13.8 
 2008  5 28 15 22  9.700    3.2    32.708630  105.463000    14.9 
 2008  5 28 15 24  8.840    3.0    31.009980  103.342000    11.5 
 2008  5 28 15 37 24.460    3.3    31.345740  103.691600    17.5 
 2008  5 28 15 39 36.640    3.1    32.608250  105.391700    12.0 
 2008  5 28 15 42 52.240    3.6    30.984440  103.272500    17.6 
 2008  5 28 15 46 17.810    3.2    32.295590  104.788000    13.1 
 2008  5 28 16  1 25.320    2.6    31.010320  103.369300    14.2 
 2008  5 28 16 26 14.870    3.4    31.275210  103.679600    16.2 
 2008  5 28 16 29 52.910    3.2    31.216630  103.466800    16.5 
 2008  5 28 16 43  1.000    2.1    31.292570  103.606500    17.8 
 2008  5 28 17 29 45.840    2.5    30.904840  103.366700    14.8 
 2008  5 28 17 48  9.980    2.6    32.386500  105.051200    14.1 
 2008  5 28 17 49 49.740    2.9    31.186130  103.509900    12.4 
 2008  5 28 17 56 43.930    2.2    31.183190  103.570100     8.4 
 2008  5 28 18 16  6.070    3.0    31.921710  104.295200    16.7 
 2008  5 28 18 42 21.140    3.4    31.875820  104.172000    17.7 
 2008  5 28 19 23 43.500    3.8    31.212160  103.675100    17.3 
 2008  5 28 20 10 33.300    2.7    31.892060  104.293900    16.0 
 2008  5 28 20 44 27.630    3.1    30.942630  103.285900    16.1 
 2008  5 28 20 50 58.490    3.4    31.902520  104.323000    15.2 
 2008  5 28 21  1  2.750    3.4    31.828710  104.268000    11.8 
 2008  5 28 21 30 54.160    3.4    32.375280  104.975400    18.1 
 2008  5 28 21 34 52.150    2.8    31.459540  103.906100    15.9 
 2008  5 28 23 13 56.530    3.0    31.434805  103.911132    20.1 
 2008  5 28 23 44  6.720    2.8    32.565210  105.241300    16.0 
 2008  5 29  0 16 55.170    2.8    31.277110  103.673700    15.4 
 2008  5 29  0 59 42.880    2.7    32.630910  105.336800    14.7 
 2008  5 29  1  7 29.570    3.3    30.985660  103.382200     6.7 
 2008  5 29  1 28 47.590    2.8    31.418230  103.906700    13.2 
 2008  5 29  1 47 10.570     .0    32.561440  105.286900    13.9 
 2008  5 29  2  2 22.370     .0    32.394160  105.012600    16.1 
 2008  5 29  2 12 49.960    3.6    31.414980  103.893400    16.4 
 2008  5 29  2 24 45.110    2.9    32.277680  104.877300    14.5 
 2008  5 29  2 27 11.400    3.3    32.177180  104.582600    15.7 
 2008  5 29  3 18 14.290    2.9    31.095580  103.531900    11.9 
 2008  5 29  3 19  4.640    3.1    31.409230  103.896600    16.4 
 2008  5 29  4 29 42.800    3.2    32.592540  105.329600    15.1 
 2008  5 29  4 54 45.050    3.3    31.151670  103.466100     5.2 
 2008  5 29  5  1 25.300    3.0    32.318700  104.865700    15.2 
 2008  5 29  5 11  4.280    3.8    31.002730  103.171700    17.3 
 2008  5 29  5 26  8.490    3.0    32.390010  104.724100    17.8 
 2008  5 29  5 47 15.000    3.8    32.490470  105.154900    16.4 
 2008  5 29  5 51 47.170    2.4    31.662120  104.062700     8.4 
 2008  5 29  5 59  8.310    2.9    31.189540  103.506800    13.0 
 2008  5 29  6 43 39.610    2.8    31.864740  104.178100    10.8 
 2008  5 29  7 10  2.670    2.5    31.304590  103.651800    15.6 
 2008  5 29  7 35 12.300    2.4    31.483130  103.951900    14.6 
 2008  5 29  7 48 25.620    2.6    31.210670  103.601900    12.9 
 2008  5 29  8 27 41.390    3.2    32.791130  105.445900    10.6 
 2008  5 29  8 33 56.740    3.0    32.409410  105.019600    16.7 
 2008  5 29  8 56 21.860    3.3    32.020580  104.038900    17.4 
 2008  5 29  9  4 13.440    3.2    31.113410  103.621300    13.9 
 2008  5 29  9 26  2.480    2.9    32.245410  104.926300    14.6 
 2008  5 29 10 14  1.170    3.1    31.003450  103.366600    12.3 
 2008  5 29 11  1 41.950    2.8    31.284670  103.700000    13.2 
 2008  5 29 11 13 44.540    3.1    31.149700  103.469800    14.1 
 2008  5 29 11 39 31.680    3.4    32.436270  105.149300    17.9 
 2008  5 29 11 45 27.020    3.0    32.377910  105.003400    16.2 
 2008  5 29 12 23 49.450    3.6    31.770480  104.331900     9.6 
 2008  5 29 12 34 12.550     .0    31.791310  103.979500    14.9 
 2008  5 29 12 47 29.610    2.3    32.331180  104.985200     8.3 
 2008  5 29 13  2 24.950    2.6    31.946040  104.039700    14.5 
 2008  5 29 13  9  5.710    2.4    31.024300  103.179800    17.3 
 2008  5 29 13 31 16.490    2.9    31.155590  103.300500    16.7 
 2008  5 29 13 45 27.860    2.3    32.788330  105.580500    15.9 
 2008  5 29 13 55 23.730    3.4    32.470270  105.136000    15.0 
 2008  5 29 14 10 31.200    2.4    31.259640  103.614000    13.6 
 2008  5 29 14 37 25.990    3.0    31.812260  104.269600     7.7 
 2008  5 29 15 10 20.990    4.7    31.371440  103.699600    18.1 
 2008  5 29 15 15 10.680    3.1    32.768060  105.582600    16.5 
 2008  5 29 15 39 20.950    3.2    31.243520  103.637200    13.1 
 2008  5 29 16 13  8.060    2.7    31.513610  103.913100    15.3 
 2008  5 29 16 38 56.160    2.8    31.821090  104.344600     8.8 
 2008  5 29 17 20 40.180    3.0    31.358480  103.770400    16.2 
 2008  5 29 18  3 34.200    2.8    31.974410  104.439400    13.7 
 2008  5 29 18 27 10.430    2.9    32.777230  105.583300    16.8 
 2008  5 29 18 31 52.230    2.9    32.775890  105.592700    16.7 
 2008  5 29 19 12 16.760    2.9    31.256200  103.518300    13.6 
 2008  5 29 19 33 56.070    3.3    32.716410  105.410400    17.5 
 2008  5 29 19 38 30.420    2.8    32.545690  105.196200    16.0 
 2008  5 29 19 59  8.210    2.9    31.345320  103.407000    10.7 
 2008  5 29 20  7 34.140    2.6    31.343830  103.706400    16.3 
 2008  5 29 20 17 12.620    2.7    31.300820  103.622200    15.4 
 2008  5 29 21  2  1.290    2.1    31.907590  104.303800    14.3 
 2008  5 29 22  8 54.240    3.0    30.833740  103.430400     3.0 
 2008  5 29 23 36 45.710    2.9    30.763190  103.223800    17.6 
 2008  5 30  1 20 28.580    3.0    31.287150  103.473100    12.7 
 2008  5 30  1 48 51.100    3.1    32.555360  105.197900    17.8 
 2008  5 30  2  5  8.080    2.0    31.445220  103.918400    16.2 
 2008  5 30  2 28 10.990    3.2    31.154390  103.504600    13.6 
 2008  5 30  2 40 14.910    2.3    31.205550  103.462000    13.6 
 2008  5 30  2 45 37.280    3.1    32.323180  104.882600    18.5 
 2008  5 30  2 55  5.740    2.8    30.831350  103.271800    16.2 
 2008  5 30  2 58  7.950    2.1    31.315020  103.440300    13.6 
 2008  5 30  3  1 58.650    2.4    31.664920  104.067300    14.6 
 2008  5 30  3  3 26.210    3.0    31.429080  103.823200    17.7 
 2008  5 30  3  4  6.870    3.7    32.386100  104.991500    16.0 
 2008  5 30  3 12 23.520    2.7    32.429350  105.077500    12.9 
 2008  5 30  3 19 49.320    3.8    31.555790  104.041400    15.9 
 2008  5 30  3 22 40.400    2.4    31.336620  103.737800    10.0 
 2008  5 30  3 36 14.780    2.2    31.388850  103.322100    12.5 
 2008  5 30  3 54 25.860    2.5    31.328990  103.711600    15.2 
 2008  5 30  4  0 13.660    3.1    31.271600  103.576000    15.2 
 2008  5 30  4 15 35.180    3.1    32.142070  104.587400    14.3 
 2008  5 30  4 35 52.630    3.2    31.415150  103.829200    17.7 
 2008  5 30  4 40  7.230    4.0    32.417670  105.173500    18.4 
 2008  5 30  4 48 56.380    3.8    31.156150  103.352000    19.0 
 2008  5 30  5 50 42.760    4.0    31.832740  104.352700    13.8 
 2008  5 30  5 57  2.900    3.2    32.416780  105.178900    17.4 
 2008  5 30  6 18 17.460    2.8    31.037900  103.234500    15.2 
 2008  5 30  6 46 48.960    3.1    31.688100  104.064500    11.8 
 2008  5 30  6 58  3.120    3.9    32.492290  105.163100    15.9 
 2008  5 30  7 12 19.600    3.9    31.480620  103.949800    14.7 
 2008  5 30  7 50 59.530    3.8    32.789180  105.584600    16.4 
 2008  5 30  8  0 26.690    3.0    31.186440  103.327000     9.5 
 2008  5 30  8  3 15.470    2.1    32.057380  104.539100    14.2 
 2008  5 30  8 42  9.230    2.2    31.359420  103.817100    15.2 
 2008  5 30  8 47 43.340    2.3    32.478890  105.131000    17.5 
 2008  5 30  8 58 22.290    3.4    32.599900  105.378800    11.9 
 2008  5 30  9 34 40.280    2.5    31.059810  103.415100     5.2 
 2008  5 30  9 35 56.570    2.7    31.306590  103.802100    15.0 
 2008  5 30 10 23 41.210    2.8    31.908770  104.287800    16.5 
 2008  5 30 10 39 44.580    2.7    31.189580  103.627500    12.3 
 2008  5 30 10 48 38.360    2.1    31.004970  103.436400    13.3 
 2008  5 30 11 18 53.700    2.2    31.440360  103.829900    17.8 
 2008  5 30 11 24 49.460    2.9    31.410080  103.902100    14.9 
 2008  5 30 11 29 36.400    2.3    31.260110  103.690000    12.9 
 2008  5 30 11 46  7.050    2.3    31.892150  104.281300    16.9 
 2008  5 30 11 50 52.470    3.9    32.415280  105.017500    12.8 
 2008  5 30 11 54 30.670    3.0    32.596830  105.276900    11.2 
 2008  5 30 12  2 32.370    2.9    32.767480  105.584100    16.8 
 2008  5 30 12 11 50.820    3.5    31.284690  103.764400    18.7 
 2008  5 30 12 16  6.670    3.1    32.725470  105.410500    20.0 
 2008  5 30 12 19  3.550    2.9    31.102440  103.344000    16.0 
 2008  5 30 12 31 17.080    2.7    32.213070  104.583900    16.7 
 2008  5 30 13 52 53.520    3.1    32.496140  105.102000    15.2 
 2008  5 30 14 31 53.800    3.4    31.538810  104.139500    17.2 
 2008  5 30 14 42 37.770    3.1    31.391910  103.310500    15.9 
 2008  5 30 15 15  2.340    3.1    32.286180  104.828300    18.9 
 2008  5 30 15 21 11.070    3.1    32.385730  104.739400    18.5 
 2008  5 30 15 36 28.540    2.8    31.274690  103.543500    17.8 
 2008  5 30 15 41 18.210    3.3    32.723700  105.413900    18.2 
 2008  5 30 15 58  8.170    3.2    31.826720  104.315500    11.2 
 2008  5 30 16  8 41.420    2.2    31.784680  104.223400    16.9 
 2008  5 30 16 27 20.100    2.3    31.650760  104.053600    13.7 
 2008  5 30 16 41 30.640    3.0    31.297620  103.424300    10.3 
 2008  5 30 16 58   .810    2.8    31.721760  104.104200    15.1 
 2008  5 30 16 59 59.560    4.0    31.785080  104.296500     8.1 
 2008  5 30 17  8 30.320    3.5    32.239850  104.808200    13.3 
 2008  5 30 18 10   .870    2.4    31.537960  104.028500    11.9 
 2008  5 30 18 29 50.460    2.9    32.270920  104.989000    14.3 
 2008  5 30 18 41 42.440    2.6    31.800750  104.266700     9.5 
 2008  5 30 18 42 49.130    2.8    31.224510  103.360700    15.7 
 2008  5 30 18 50   .570    2.9    31.933140  104.279000    11.3 
 2008  5 30 18 56 20.550    2.1    31.307770  103.525700    14.2 
 2008  5 30 19 11 18.770    3.4    31.780640  104.264200    12.0 
 2008  5 30 19 25 44.570    2.2    31.287310  103.553000    13.1 
 2008  5 30 19 38 56.840    2.2    31.047910  103.378500    14.7 
 2008  5 30 19 48 25.380    2.5    31.297890  103.426800     6.1 
 2008  5 30 19 57 51.040    4.2    32.437130  105.101400    14.5 
 2008  5 30 22 20 29.770    3.3    31.033260  103.228200    17.4 
 2008  5 30 23 33  7.950    3.5    31.347760  103.578300    11.3 
 2008  5 30 23 50 35.390    3.1    32.133650  104.598300    16.2 
 2008  5 30 23 55 49.780    3.6    31.223560  103.450500    13.2 
 2008  5 31  0 50 45.200    3.0    32.286620  104.871600    15.3 
 2008  5 31  0 59 46.970    3.2    32.335560  105.052100    15.6 
 2008  5 31  1  5 36.910    3.1    31.300050  103.646600    16.0 
 2008  5 31  1 13 36.840    2.8    31.044750  103.196900    19.4 
 2008  5 31  1 47 49.840    2.8    30.882780  103.278100    16.4 
 2008  5 31  2 35  4.500    2.7    31.295000  103.739400    14.9 
 2008  5 31  2 41 42.560    3.0    32.537040  105.151100    16.4 
 2008  5 31  2 48 35.930    2.9    32.545830  105.154300    15.6 
 2008  5 31  3  6 47.500    3.0    31.251700  103.539700    16.0 
 2008  5 31  3 13 28.210    3.2    31.709280  104.104000    14.9 
 2008  5 31  3 19 32.280    2.9    32.324500  104.912800    15.8 
 2008  5 31  3 31 44.030    2.7    31.435460  103.753300    19.8 
 2008  5 31  3 49 14.270    3.4    32.068790  104.424300    13.2 
 2008  5 31  4  8 26.990    2.7    30.963740  103.329800    14.4 
 2008  5 31  4 15 50.830    2.7    31.245680  103.680400    14.9 
 2008  5 31  4 28 56.260    2.2    30.983710  103.305000    14.9 
 2008  5 31  4 29 47.430    3.7    32.575760  105.188000    16.7 
 2008  5 31  4 53 30.520    3.2    32.701960  105.429300    13.4 
 2008  5 31  5  3 33.860    2.3    31.840970  104.331200    10.6 
 2008  5 31  5  8 44.520    2.3    31.626420  104.109800    12.3 
 2008  5 31  5 17 47.350    2.4    32.388120  105.021500    15.6 
 2008  5 31  5 18 53.070    2.5    31.331520  103.186600     7.7 
 2008  5 31  5 22   .960    2.6    32.479030  105.155900    15.4 
 2008  5 31  5 53 30.010    2.1    32.106790  104.470800    14.3 
 2008  5 31  6  5 55.180     .0    32.375560  105.053700    16.4 
 2008  5 31  6 13 56.180    2.6    32.187990  104.743900     4.6 
 2008  5 31  6 16 44.110    2.2    30.933990  103.332000    14.0 
 2008  5 31  6 32 44.930    2.6    31.837540  104.322000     9.6 
 2008  5 31  6 38 21.670     .0    31.147160  103.523500     6.2 
 2008  5 31  6 39 16.010    2.4    31.296830  103.545800    12.8 
 2008  5 31  6 41 32.770    2.4    32.148620  104.586700    11.1 
 2008  5 31  6 46 46.700    3.0    31.538490  103.925100    16.5 
 2008  5 31  7  2 24.930    2.8    31.020290  103.390400     4.9 
 2008  5 31  7 28 58.450    2.7    32.182080  104.644800    10.0 
 2008  5 31  7 33 26.650    3.2    31.324060  103.579000    14.2 
 2008  5 31  7 40 11.220    2.2    31.021900  103.340600    11.9 
 2008  5 31  7 45 23.950    2.7    31.799810  104.242400    10.1 
 2008  5 31  8 12 26.880    2.9    32.557200  105.261900     8.3 
 2008  5 31  9 36 40.530    2.9    31.912540  104.390100    10.2 
 2008  5 31  9 40 41.210    3.0    31.829020  104.274300    12.4 
 2008  5 31  9 49 21.370    3.5    31.867650  104.155400    15.2 
 2008  5 31  9 54  8.270    2.8    32.391570  105.035500    14.5 
 2008  5 31 10  7 39.950     .0    31.843020  104.126600    15.2 
 2008  5 31 10 11 47.260    2.8    32.310940  104.904000    15.6 
 2008  5 31 11  3 23.180    2.8    30.896320  103.389300    14.2 
 2008  5 31 11  9 19.790    3.2    30.923880  103.346500    15.3 
 2008  5 31 11 28 16.680    2.8    32.783600  105.570900    15.7 
 2008  5 31 11 34   .900    3.1    31.234220  103.621200    14.3 
 2008  5 31 11 59 49.090    3.3    31.303890  103.533100    10.0 
 2008  5 31 12 34 40.870    2.0    31.339630  103.490800    15.9 
 2008  5 31 12 37 59.430    2.5    31.619510  104.045600    12.9 
 2008  5 31 13  8 36.540    2.5    31.238750  103.582000    12.9 
 2008  5 31 13 12 53.000    2.9    31.240930  103.587400    14.5 
 2008  5 31 13 35  5.870    2.4    31.553970  103.905900    16.0 
 2008  5 31 13 40 11.880    3.0    31.197010  103.437700     9.7 
 2008  5 31 13 54  7.610    2.9    31.479760  103.921300    14.6 
 2008  5 31 14 22 40.880    4.4    32.419550  105.012200    20.9 
 2008  5 31 14 45 32.510    2.8    31.451210  103.872600    12.8 
 2008  5 31 15 18 32.380    2.8    32.402340  105.024000    15.5 
 2008  5 31 15 32 46.250    3.7    31.306530  103.413400    12.7 
 2008  5 31 16 27 27.040    2.9    31.699880  104.089000    15.2 
 2008  5 31 17 11 43.260    2.9    32.464780  105.149200    15.9 
 2008  5 31 17 13  5.190    2.9    31.296710  103.641500    17.2 
 2008  5 31 17 54 39.250    2.8    31.069470  103.388400    10.2 
 2008  5 31 18  8  4.200     .0    32.004600  104.514000    13.5 
 2008  5 31 18  9 33.280    3.0    32.493400  105.171600    11.1 
 2008  5 31 20  3 26.030    2.6    31.232730  103.617900    14.4 
 2008  5 31 20 20 39.330    2.9    32.792260  105.593600    15.2 
 2008  5 31 20 26 49.730    2.2    32.705990  105.396900     9.0 
 2008  5 31 20 29 36.240    2.2    31.425630  103.826800    14.9 
 2008  5 31 20 47 29.360    2.1    30.954970  103.104600    14.9 
 2008  5 31 20 53 33.750    3.4    31.232240  103.626400    14.5 
 2008  5 31 21  5 22.900    2.2    31.268230  103.553600    10.0 
 2008  5 31 21 18 31.840    2.3    31.292320  103.786100    15.3 
 2008  5 31 21 41 47.310    2.2    31.298270  103.547100     9.7 
 2008  5 31 22  7 21.120    2.5    31.206030  103.453800    11.6 
 2008  5 31 22  8 51.690    2.6    31.646730  104.108100    16.8 
 2008  5 31 22 30 52.130    2.2    31.270440  103.498300    12.1 
 2008  5 31 22 38 26.860    2.0    31.835020  104.287400    10.2 
 2008  5 31 23  6 51.780    3.6    31.818150  104.103100    15.9 
 2008  5 31 23 26 36.770    3.6    32.562500  105.195900    14.6 
 2008  5 31 23 32  6.940    2.3    32.468270  105.070300    16.0 
 2008  5 31 23 33 34.300    2.4    31.196870  103.465700     9.6 
 2008  5 31 23 34 54.760    2.6    31.357610  103.138400    14.8 
 2008  5 31 23 39  8.610    3.6    31.156120  103.429900    13.3 
 2008  5 31 23 40 21.760    3.1    31.259650  103.561800    10.3 
 2008  5 31 23 44 30.420    2.2    31.208760  103.596200    11.8 
 2008  5 31 23 48 18.500    2.4    32.104860  104.639200    14.4 
 2008  6  1  0 15  9.660    2.1    31.294560  103.561900    17.2 
 2008  6  1  0 29 32.110    2.5    31.352140  103.680100    17.6 
 2008  6  1  0 31 44.700    2.3    31.470050  104.064800    14.5 
 2008  6  1  0 33 19.060    2.1    32.005470  104.436600    14.1 
 2008  6  1  0 43 32.410    2.7    31.407320  103.809700    17.4 
 2008  6  1  1  2 56.260     .0    30.947480  103.291500    15.7 
 2008  6  1  1 31 13.400    3.2    30.851300  103.266700    17.9 
 2008  6  1  1 36 26.290    2.1    31.824570  104.264300    11.4 
 2008  6  1  2 20 37.070    3.0    31.948830  104.271400    16.2 
 2008  6  1  2 35 19.630    2.8    32.616530  105.229700    13.7 
 2008  6  1  3  2 21.200    3.0    32.469280  105.131800    14.0 
 2008  6  1  4  0  7.260    2.7    32.395820  105.206900    11.7 
 2008  6  1  4  4  8.090    2.8    31.199000  103.629600     9.1 
 2008  6  1  4 21 23.170    2.3    31.209010  103.686200    14.1 
 2008  6  1  4 37 45.970    2.9    32.419990  105.055800     9.0 
 2008  6  1  4 42  2.900    2.5    32.265530  104.915100    14.7 
 2008  6  1  4 46 23.670    2.7    32.451340  105.047900    12.5 
 2008  6  1  4 57 50.860    3.0    30.958980  103.380100    13.0 
 2008  6  1  4 59 21.730    2.8    32.200990  104.619200    16.0 
 2008  6  1  5 13 11.130    2.2    31.883270  104.304300     6.9 
 2008  6  1  5 23 24.500    3.1    32.409650  105.054700    14.9 
 2008  6  1  5 34  3.220    3.6    31.290900  103.468200    11.8 
 2008  6  1  5 38  3.440    2.1    31.291990  103.462800     9.4 
 2008  6  1  5 53 31.540    3.2    32.459240  105.166100    17.2 
 2008  6  1  6 53 38.260    3.0    31.191160  103.445700     9.3 
 2008  6  1  7 16 17.450    4.1    31.259270  103.588500    17.8 
 2008  6  1  7 40 30.100    3.6    32.362400  104.961300    17.8 
 2008  6  1  8  6  2.060    2.8    32.336830  104.963600    13.6 
 2008  6  1  8 22  3.770    2.8    31.451120  103.874600    15.8 
 2008  6  1  8 23 30.550    3.0    31.802030  104.293100    13.3 
 2008  6  1  9 30  2.760    3.0    32.767250  105.585400    16.7 
 2008  6  1  9 51 11.740    2.8    31.218560  103.608400    10.8 
 2008  6  1 10 31 17.080    2.8    30.945330  103.411500    10.8 
 2008  6  1 10 53  8.370    2.8    31.074420  103.325600     9.4 
 2008  6  1 11 23 57.630    4.5    31.637080  103.978300    18.6 
 2008  6  1 11 29 57.690     .0    32.116090  104.200500    14.0 
 2008  6  1 12 21 28.800    2.8    30.833510  103.327500    15.4 
 2008  6  1 12 36 19.620    2.1    32.149810  104.578600    12.4 
 2008  6  1 12 43  5.320    2.4    31.002010  103.322800    12.7 
 2008  6  1 13  1 41.340    2.7    32.296550  104.865100    13.0 
 2008  6  1 13  5 18.590    3.3    31.236440  103.425800    17.5 
 2008  6  1 13 15 51.720    2.4    31.258870  103.450700    10.0 
 2008  6  1 13 20 10.890    3.7    31.590600  104.055200    17.0 
 2008  6  1 13 33 40.780     .0    31.342970  103.370700    10.3 
 2008  6  1 13 49 38.270    3.6    32.681160  105.422400    13.3 
 2008  6  1 13 58 50.330    2.7    31.251950  103.619600    14.2 
 2008  6  1 14 37  4.900    3.2    32.549940  105.195600    17.6 
 2008  6  1 15 54 43.530    3.6    32.137620  104.627700    16.1 
 2008  6  1 16 22 13.500    2.9    31.868590  104.133300    15.5 
 2008  6  1 16 57 55.410    2.9    30.864950  103.272900    17.5 
 2008  6  1 17 53 26.050    4.0    31.315680  103.481600    13.6 
 2008  6  1 18  5  3.160    2.8    31.320150  103.474100     9.2 
 2008  6  1 18  8 17.650    2.8    32.498120  105.120800    17.2 
 2008  6  1 18 18  7.320    2.9    31.900250  104.242800    11.5 
 2008  6  1 18 20  8.340     .0    32.392040  105.013600    15.5 
 2008  6  1 18 25 23.300    3.5    32.464350  104.921000    17.7 
 2008  6  1 18 49 26.110    2.9    31.382040  103.880300    17.3 
 2008  6  1 20 23 46.920    2.3    31.330630  103.440300    10.3 
 2008  6  1 20 34 26.120    3.4    31.297060  103.561500    14.5 
 2008  6  1 20 57 12.740    2.2    32.699500  105.411800    14.7 
 2008  6  1 20 57 24.720    2.7    31.239100  103.671200    14.8 
 2008  6  1 20 59  9.030    2.2    30.673190  103.268000    13.9 
 2008  6  1 21  1 59.320    3.3    31.340770  103.353600    15.3 
 2008  6  1 21 12 21.140    2.4    31.241650  103.585600    14.7 
 2008  6  1 21 53 25.810    3.1    31.560900  103.969900    16.4 
 2008  6  1 21 59 25.250    2.3    31.404670  103.882800    16.7 
 2008  6  1 22  6 16.560    3.2    32.291690  104.968100    13.1 
 2008  6  1 22 17 50.050    2.6    32.259190  104.849700    13.2 
 2008  6  1 22 21 10.440    2.5    31.270690  103.558800    17.4 
 2008  6  1 22 27 44.910    2.3    31.264060  103.685500    15.8 
 2008  6  1 22 35 15.570    2.7    31.051690  103.430600     2.2 
 2008  6  1 22 38 17.220    3.4    31.856390  104.129600    16.4 
 2008  6  1 22 56 57.140    3.1    31.352370  103.753000    17.0 
 2008  6  1 23 20 15.020    2.3    31.314230  103.431700    10.8 
 2008  6  1 23 47 20.650    2.9    32.318180  104.918600    10.9 
 2008  6  2  0 14 52.500    3.3    32.363210  104.954200    16.3 
 2008  6  2  0 17  7.390    3.1    32.384440  105.019200    13.5 
 2008  6  2  0 26 30.140    2.1    32.005830  104.072000    15.3 
 2008  6  2  0 36 39.840    2.6    31.500260  103.915100    15.8 
 2008  6  2  1  2  7.260    3.0    32.411240  105.023700    15.3 
 2008  6  2  1 12 23.050    2.5    31.304440  103.637100    19.4 
 2008  6  2  1 39  8.590    2.9    31.027170  103.371800    10.7 
 2008  6  2  1 50 33.160    2.0    31.084540  103.276400    10.7 
 2008  6  2  2 41 22.550    2.7    31.099040  103.348000    11.5 
 2008  6  2  3  8 54.650    4.2    31.265630  103.686900    15.7 
 2008  6  2  3 21 24.840    2.9    32.650800  105.365000    18.6 
 2008  6  2  3 39 51.490    2.8    31.623770  104.042100    13.4 
 2008  6  2  3 48 10.630    3.0    31.365480  103.405300     6.4 
 2008  6  2  4  8 57.970    3.2    32.624460  105.302600    16.0 
 2008  6  2  4 27 57.930    3.4    32.237590  104.617500    15.8 
 2008  6  2  4 52 22.160    2.9    31.383600  103.729500    16.7 
 2008  6  2  5 36 18.270    3.0    31.741710  104.229300     8.7 
 2008  6  2  5 45 38.750    3.5    31.051940  103.261700    15.0 
 2008  6  2  6 31 14.620    3.2    31.374170  103.339100    12.4 
 2008  6  2  6 31 40.610     .0    32.430190  105.096800    16.0 
 2008  6  2  6 44 40.410    3.0    32.124110  104.585500    15.1 
 2008  6  2  7 46 10.890    2.8    31.670240  104.213500     7.4 
 2008  6  2  8  4 29.230    2.2    31.376310  103.767000    17.1 
 2008  6  2  8 42   .260    2.6    31.409270  103.760500    18.7 
 2008  6  2  9 36 25.860    2.0    31.042840  103.361200    10.3 
 2008  6  2  9 56 43.900    2.1    31.966710  104.251500    15.4 
 2008  6  2 10 37 50.050    3.2    31.181660  103.301400    20.2 
 2008  6  2 11  0 37.610    2.9    30.954440  103.307100    15.3 
 2008  6  2 11 40 14.910    3.3    32.307210  104.898300    15.6 
 2008  6  2 12 57 29.810    3.1    31.936650  104.288300    13.3 
 2008  6  2 13  8 41.050    3.1    32.772950  105.583200    12.8 
 2008  6  2 14 39  7.350    4.3    31.308990  103.401600    13.7 
 2008  6  2 14 46 22.190    3.0    31.217580  103.584600    10.7 
 2008  6  2 14 59 43.340    2.9    32.768250  105.583900    16.6 
 2008  6  2 15  5 40.450    2.9    32.589600  105.203000    14.8 
 2008  6  2 15 18 27.000    3.5    32.679860  105.423100    12.7 
 2008  6  2 16  9 28.050    2.1    31.272120  103.599400    14.7 
 2008  6  2 16 34 37.160    2.0    31.373090  103.346400    11.0 
 2008  6  2 16 43 28.930    2.3    31.306040  103.537000    10.4 
 2008  6  2 17  0 39.830    3.1    32.437720  105.126200    15.0 
 2008  6  2 17  5   .310    2.1    31.884690  104.262400    15.4 
 2008  6  2 17 27 58.500    2.4    31.044690  103.384600    11.0 
 2008  6  2 18  1 14.670    3.1    32.734310  105.439700    10.5 
 2008  6  2 18  4  3.000    3.0    32.833360  105.423200    10.4 
 2008  6  2 18 34 20.240    3.8    31.559530  104.039600    17.5 
 2008  6  2 18 51 39.990    3.0    31.178720  103.469400    18.0 
 2008  6  2 19  7 22.460    3.4    31.411530  103.915500     9.6 
 2008  6  2 19 35 52.150     .0    31.762290  104.261200    11.0 
 2008  6  2 20 58 33.770     .0    31.237840  103.669000    12.2 
 2008  6  2 21 23 36.270    2.8    32.768490  105.430400    12.1 
 2008  6  2 22 15 16.290    2.9    31.007400  103.182900    15.5 
 2008  6  3  0 39 17.750    3.1    31.367970  103.839500    15.7 
 2008  6  3  1 24  1.270     .0    31.246280  103.727100    16.0 
 2008  6  3  2  8 25.570    3.4    32.474410  105.112700    16.9 
 2008  6  3  2 42 58.010    3.0    32.439380  105.115200    14.7 
 2008  6  3  3 25 23.220    3.4    30.881890  103.256800    17.3 
 2008  6  3  3 56 44.650    2.9    32.170620  104.551300    16.1 
 2008  6  3  4 13 29.210    2.4    30.990000  103.345500    12.4 
 2008  6  3  4 26 38.690    2.3    31.249150  103.646900    15.1 
 2008  6  3  4 27 46.630    3.1    31.081060  103.271300     8.0 
 2008  6  3  4 33 41.200    2.2    31.261870  103.626600    13.4 
 2008  6  3  5 12 53.540    2.1    32.275000  104.960900    14.2 
 2008  6  3  5 24  7.460    3.4    32.371570  105.003000    16.7 
 2008  6  3  5 29 51.620    3.1    31.303140  103.541700    14.7 
 2008  6  3  5 37 11.870    2.1    31.273730  103.713600    16.0 
 2008  6  3  6 21 11.920    2.1    31.207270  103.470600    14.5 
 2008  6  3  6 29 58.270    2.9    31.868260  104.380000     9.4 
 2008  6  3  6 44  2.270    3.2    32.448170  105.153100    14.6 
 2008  6  3  7 34 10.580    2.2    32.455810  105.150600    14.2 
 2008  6  3  7 35 20.960    2.2    31.038470  103.302000    12.1 
 2008  6  3  7 40 48.450    2.2    31.457200  103.892900    16.6 
 2008  6  3  7 53 40.540    2.5    31.450900  103.651100     9.8 
 2008  6  3  7 56 50.590    2.4    31.420720  103.780800    16.8 
 2008  6  3  8  2   .350    3.0    32.377310  105.006800    16.4 
 2008  6  3  8  3 53.490    2.8    32.841850  105.469500     8.5 
 2008  6  3  8 50 40.460    3.0    31.149610  103.521200    11.7 
 2008  6  3  9  6 44.320    2.7    32.828010  105.444700     8.9 
 2008  6  3  9 22  3.720    3.0    31.974590  104.320400    12.5 
 2008  6  3 10 24  7.650    2.9    31.739560  104.282400     7.3 
 2008  6  3 11  8 36.690     .0    31.437480  103.543500    13.1 
 2008  6  3 11  9 29.640     .0    31.997630  104.547500    12.6 
 2008  6  3 11 16 53.100    2.9    31.434100  103.538200     7.7 
 2008  6  3 12  3  9.360    2.3    31.299270  103.678700    15.9 
 2008  6  3 12 30 33.060    2.5    31.471540  103.603000    14.4 
 2008  6  3 12 33  8.750    2.5    31.320530  103.443400    10.4 
 2008  6  3 12 54 17.020    2.7    31.286770  103.640800    20.7 
 2008  6  3 13 19 32.650    2.1    31.286810  103.743700    13.6 
 2008  6  3 13 21 16.070    2.4    31.768310  104.258000    13.6 
 2008  6  3 13 29 52.020    2.2    31.196390  103.446300     8.3 
 2008  6  3 13 40 45.960    2.3    31.223490  103.479900    17.4 
 2008  6  3 14  1   .420    2.3    31.353690  104.158100    14.9 
 2008  6  3 14 22 56.190    2.0    30.994340  103.368800    13.4 
 2008  6  3 15 17  5.870    3.7    32.175860  104.587100    13.9 
 2008  6  3 15 25 37.150    2.8    31.194090  103.449900     8.2 
 2008  6  3 15 31 34.430    2.6    32.265000  104.849000    13.2 
 2008  6  3 16 23 21.700    3.0    32.327840  104.918900    16.7 
 2008  6  3 17  2  3.320    3.2    32.635060  105.345300    18.2 
 2008  6  3 17 50 18.730    3.3    31.898100  104.244400    10.9 
 2008  6  3 19 38 49.770    3.1    32.345330  104.966200    16.9 
 2008  6  3 19 59 20.280    2.4    31.947210  104.254700    17.4 
 2008  6  3 20 51 23.740    2.4    31.363720  103.754200    16.5 
 2008  6  3 21  5 18.120    3.0    31.234190  103.474600    12.7 
 2008  6  3 21 10 41.100    2.0    31.520460  103.927000    13.9 
 2008  6  3 21 14 11.400    2.6    32.403680  105.079200    15.5 
 2008  6  3 21 34 42.390    2.4    31.554220  104.047200    13.0 
 2008  6  3 21 46 59.800    2.3    32.331840  104.935800    12.4 
 2008  6  3 21 56 25.520    3.0    32.460120  105.019500    14.0 
 2008  6  3 23 22 39.940    3.2    32.413670  105.132700    18.5 
 2008  6  3 23 44   .650    2.8    31.544300  104.284100    17.5 
 2008  6  3 23 53  4.810    2.8    32.082380  104.395100    16.1 
 2008  6  4  0 10 38.940    2.8    32.781370  105.583500    16.2 
 2008  6  4  0 42 19.660    3.2    32.300280  104.945200    12.3 
 2008  6  4  1  7 58.920    2.9    32.511650  105.172100    16.0 
 2008  6  4  1 49  6.240    3.0    31.619165  103.973429    18.0 
 2008  6  4  2  0 59.620    2.5    32.339950  104.971900    15.5 
 2008  6  4  2 17 43.520    2.2    32.258820  104.782300    11.9 
 2008  6  4  2 32 42.230    3.0    32.370600  104.997100    15.5 
 2008  6  4  2 54 20.670    2.2    32.359570  104.819800     8.0 
 2008  6  4  3  0 49.980    2.5    30.804540  103.332400     9.6 
 2008  6  4  3 15 52.780    2.9    32.184430  104.735900    12.8 
 2008  6  4  4 25 10.780    2.9    31.614070  104.017300    12.8 
 2008  6  4  4 35 56.930     .0    31.661660  104.003400    21.9 
 2008  6  4  4 45 40.200     .0    31.738190  104.299300     3.7 
 2008  6  4  5 24 47.150    3.1    31.177360  103.557900    11.4 
 2008  6  4  5 50 44.070    3.0    31.805710  104.094500    16.5 
 2008  6  4  8 23  3.350    2.4    32.113000  104.647100    15.4 
 2008  6  4  8 29 37.670    2.3    32.406080  105.018200    16.4 
 2008  6  4  8 45 25.020    3.4    31.432320  103.930900    16.7 
 2008  6  4  9 46 26.900    2.3    31.592620  104.047200    15.4 
 2008  6  4 10  3 53.350    2.9    31.458040  103.911100    14.9 
 2008  6  4 11 10 48.730    3.4    31.422800  103.868400    14.2 
 2008  6  4 12 12 44.280    3.6    32.360160  104.934900    14.8 
 2008  6  4 12 13 41.730    3.6    31.569960  104.030900    17.4 
 2008  6  4 12 39 53.700    3.4    32.576930  105.092300    17.3 
 2008  6  4 13  4 19.530    3.3    31.242000  103.669800    11.9 
 2008  6  4 13 10 17.040    2.9    32.637110  105.350100    17.9 
 2008  6  4 13 46 33.930    2.9    31.234830  103.712400    11.3 
 2008  6  4 14 36 23.360    2.9    31.778980  104.303800    10.9 
 2008  6  4 14 41 36.830    3.2    32.605810  105.248700    18.7 
 2008  6  4 15  6 15.100    3.3    31.309810  103.431500     8.4 
 2008  6  4 15 54  6.470    2.9    31.425180  103.905000    15.3 
 2008  6  4 16 19 43.080     .0    30.923310  103.336600     7.2 
 2008  6  4 19 23 46.730    4.0    31.420850  103.867000    15.8 
 2008  6  4 20  2 24.520    3.7    31.399210  103.845500    18.4 
 2008  6  4 21 42 40.270    3.5    31.949850  104.274500    13.1 
 2008  6  4 22  3  5.420    3.4    32.670310  105.416800    22.0 
 2008  6  4 22 50 53.440    3.6    32.355030  104.978900    15.5 
 2008  6  4 23  0 57.840    3.6    31.114580  103.386800    11.7 
 2008  6  4 23 27 24.200    2.8    32.291810  104.858100    16.2 
 2008  6  4 23 38 22.740    2.8    31.700040  104.054700    13.5 
 2008  6  4 23 52 25.630    3.4    31.246970  103.607600    17.4 
 2008  6  5  0 32 27.450    3.0    31.087380  103.448200    13.5 
 2008  6  5  1 26 42.420    4.3    32.337070  105.051400    17.0 
 2008  6  5  2 32  2.150    2.9    30.908540  103.368900     6.1 
 2008  6  5  3  4 41.750    2.8    32.074990  104.612100    13.9 
 2008  6  5  3 15 54.450    3.5    32.036930  104.632100    14.1 
 2008  6  5  4 12  2.350    2.9    31.220410  103.466400    12.4 
 2008  6  5  4 16 45.740    3.0    32.293930  104.979600    15.7 
 2008  6  5  5  3 32.780    2.8    31.017040  103.369300    12.0 
 2008  6  5  5 21 38.770    4.5    31.173050  103.380800    17.7 
 2008  6  5  5 32 54.170    3.6    31.174850  103.389000    17.1 
 2008  6  5  5 55 53.970    2.8    31.307250  103.799500    11.3 
 2008  6  5  6 52 29.970    3.5    30.820030  103.289800    15.8 
 2008  6  5  7 26 32.010    3.0    31.542780  104.273700    16.0 
 2008  6  5  9 10 46.140    3.0    31.488410  103.955300    12.7 
 2008  6  5  9 46 29.470    2.8    31.846650  104.341900    11.5 
 2008  6  5 10  2 18.260    2.8    32.306780  104.910000    13.9 
 2008  6  5 10  3 24.060    3.1    32.305880  104.907400    13.1 
 2008  6  5 11 20  8.120    2.7    31.775540  104.271400    11.2 
 2008  6  5 11 21 51.670    4.0    30.896830  103.391900    17.1 
 2008  6  5 12 12  4.780    3.1    32.419490  105.056800    17.1 
 2008  6  5 12 41  6.750    5.1    32.364950  105.000500    17.9 
 2008  6  5 12 54 13.570    2.8    32.357920  105.007600    15.6 
 2008  6  5 13  6 39.130    3.6    32.375690  105.004200    18.2 
 2008  6  5 13 14 12.260    3.6    31.261500  103.204000    14.0 
 2008  6  5 13 28 43.000    3.1    32.358430  105.002700    16.6 
 2008  6  5 13 41 16.490    3.1    32.362030  105.004500    17.1 
 2008  6  5 14  2 29.550     .0    32.751000  105.455800    11.5 
 2008  6  5 14 35 29.020     .0    30.898640  103.372500    12.9 
 2008  6  5 14 45 57.680    3.1    32.295800  104.937700    17.5 
 2008  6  5 16  2 21.830    3.4    31.674730  104.013900    17.7 
 2008  6  5 16 13 20.370    2.7    31.909960  104.259700    14.8 
 2008  6  5 16 23 29.510    3.5    31.270690  103.587900    14.4 
 2008  6  5 16 37 37.630    3.6    32.290380  104.875400    14.4 
 2008  6  5 16 46 42.500    3.4    31.841990  104.001000    14.0 
 2008  6  5 16 51 43.100    3.2    32.355300  105.005500    17.2 
 2008  6  5 16 54 19.090    2.8    32.367780  105.015900    15.7 
 2008  6  5 17 19 46.890    3.7    32.505020  105.136200    18.2 
 2008  6  5 17 46   .570    2.8    31.793750  104.262900    11.9 
 2008  6  5 18  3 53.650    2.9    32.790330  105.577600    13.7 
 2008  6  5 19  0 45.770    3.6    32.623550  105.379500    14.3 
 2008  6  5 19  3 57.310    3.1    32.319020  104.883500    13.7 
 2008  6  5 19 24 47.470    3.3    32.564250  105.092500    17.4 
 2008  6  5 20  7  1.150    3.4    32.559490  105.227900    13.2 
 2008  6  5 20 36 56.690    3.3    32.341200  104.968400    15.8 
 2008  6  5 21  3 38.440    3.3    31.538980  103.940000    15.1 
 2008  6  5 21 22 52.810    3.2    32.569310  105.178600    15.6 
 2008  6  5 21 32 36.670    3.1    31.205520  103.679400    13.4 
 2008  6  5 21 45 14.430    3.4    31.243230  103.615900    15.3 
 2008  6  5 21 53 44.900    3.3    31.095650  103.459700    14.1 
 2008  6  5 23 20 24.190    3.7    30.850010  103.365400    13.6 
 2008  6  5 23 54 30.890    3.0    32.770240  105.582800    17.0 
 2008  6  6  0 18 16.850    3.4    31.862170  104.366200    10.5 
 2008  6  6  2 11 13.170    2.8    30.996770  103.261900     8.5 
 2008  6  6  2 15 19.800    2.7    32.423580  104.897000    14.8 
 2008  6  6  2 42  7.520    3.1    32.262680  104.851700    15.1 
 2008  6  6  2 46 34.720    3.4    32.254260  104.953200    15.6 
 2008  6  6  3 28 29.220    3.0    32.574090  105.285300    15.1 
 2008  6  6  5  5   .300    3.7    30.813980  103.322900    14.1 
 2008  6  6  6 23 21.080    3.3    31.882130  104.173900    15.4 
 2008  6  6  7 38 49.920    2.7    32.363450  104.999000    18.0 
 2008  6  6  7 54 36.450    3.1    30.786150  103.349300    16.0 
 2008  6  6  7 58 29.460     .0    31.644710  103.972400    19.9 
 2008  6  6  8 40 33.720    2.8    32.640760  105.377200    10.8 
 2008  6  6  8 43 54.170    3.5    31.179870  103.546800    13.2 
 2008  6  6  8 52 21.320    3.0    31.080890  103.353700    12.6 
 2008  6  6  8 54 51.680    3.2    32.448320  105.075200    15.2 
 2008  6  6  9  9 16.560    3.2    31.777470  104.314200    11.7 
 2008  6  6  9 49 14.740    2.9    31.009280  103.393900    12.8 
 2008  6  6 11 15 52.540    2.8    31.876600  104.330900     9.5 
 2008  6  6 11 49  9.300    3.1    31.867520  104.135600    16.3 
 2008  6  6 13 19 57.220    3.2    31.041430  103.442300    12.7 
 2008  6  6 13 28 22.710    3.3    32.344650  104.970500    15.0 
 2008  6  6 15 59 27.350    3.3    31.967510  104.437500     9.1 
 2008  6  6 16  7 50.320    3.9    32.698940  105.331800    17.9 
 2008  6  6 16 50  4.290     .0    31.317900  103.428500    10.8 
 2008  6  6 17 12  1.870    3.3    32.246490  104.807500    12.4 
 2008  6  6 18  6 12.960    2.9    32.326110  104.908500    17.2 
 2008  6  6 18 48 52.540    3.3    32.568070  105.259200    15.2 
 2008  6  6 19  3 51.220    4.4    31.252250  103.749500    16.2 
 2008  6  6 20 22  3.620    3.6    31.044790  103.422300     5.5 
 2008  6  6 20 24  6.900    3.4    31.531680  103.940900    15.2 
 2008  6  6 21  6 37.590    3.9    32.493540  105.122400    20.4 
 2008  6  6 21 15 49.990    3.8    31.421880  103.475100    14.6 
 2008  6  6 21 21 48.190    3.4    31.728170  103.161200     9.5 
 2008  6  6 22 38 47.890     .0    31.111720  103.284900    17.8 
 2008  6  7  0 22 43.320    3.8    32.555250  105.150700    17.5 
 2008  6  7  1  1 52.530    3.5    31.539770  104.036200    13.6 
 2008  6  7  1 12 33.250    3.7    32.546860  105.215300    16.1 
 2008  6  7  3 28 11.050    2.7    32.236530  104.587200    14.6 
 2008  6  7  6  1 17.040    3.0    30.971920  103.293600    13.1 
 2008  6  7  6 58 34.050    2.9    32.467710  105.092000    13.7 
 2008  6  7  7 54 48.240    3.9    32.061160  104.442300    14.1 
 2008  6  7  8 48 11.480     .0    31.193760  103.430100    11.1 
 2008  6  7 10 18 12.660    3.7    32.335870  104.881300    19.9 
 2008  6  7 10 27 54.690    3.5    32.565580  105.198200    14.1 
 2008  6  7 10 59 46.560    3.4    32.381450  104.989500    16.0 
 2008  6  7 11  6 30.080    2.8    32.400640  105.214200    16.7 
 2008  6  7 11 37 21.270    2.8    32.563360  105.165800    15.7 
 2008  6  7 12 44 16.920    2.8    31.803580  104.244900    10.3 
 2008  6  7 12 46 52.230    2.9    30.998720  103.394200     9.3 
 2008  6  7 14 28 32.340    4.5    32.590360  105.397100    12.5 
 2008  6  7 15 32 46.010    4.3    32.539210  105.152700    15.9 
 2008  6  7 15 37 39.600    2.7    32.558930  105.186500     8.7 
 2008  6  7 16 37 10.540    3.3    31.375140  103.871600    16.0 
 2008  6  7 17 16 24.460    3.0    31.243010  103.565900    16.7 
 2008  6  7 17 47  2.840    3.2    31.145570  103.683500    15.0 
 2008  6  7 19 54  9.210    3.0    31.196600  103.434100    13.8 
 2008  6  7 21 23 55.950    3.4    32.309360  104.904500    13.0 
 2008  6  7 22 50 38.540    3.2    32.570870  105.258700    12.3 
 2008  6  7 23  2 57.550    3.4    32.460800  104.961400    16.1 
 2008  6  7 23  9 10.540    3.3    32.157950  104.580600    14.5 
 2008  6  8  0  5  6.360    2.9    31.426770  103.536000    11.7 
 2008  6  8  1 41 23.840    2.8    31.959800  104.433300     9.7 
 2008  6  8  2 24 51.380    3.7    32.358670  104.996900    15.0 
 2008  6  8  2 35 17.050    3.0    31.242470  103.660800    15.1 
 2008  6  8  3 32 35.070    3.1    32.287820  104.938300    14.3 
 2008  6  8  4 57 15.110    3.0    32.606310  105.350400    16.5 
 2008  6  8  5 55 47.510    3.7    32.542590  105.138600    16.6 
 2008  6  8  6 14 30.370    4.6    32.532960  105.123300    16.8 
 2008  6  8  7  5 59.420    2.9    31.143940  103.547300    10.3 
 2008  6  8  7 47 46.390     .0    32.552010  105.227400    10.6 
 2008  6  8  7 55 41.930    3.8    31.598250  104.040400    16.1 
 2008  6  8  8  8 25.530    2.8    32.697070  105.318800      .1 
 2008  6  8  9 59  7.510    2.9    31.297730  103.560700    13.4 
 2008  6  8 15  1 19.850    3.2    32.168580  104.632800    13.0 
 2008  6  8 17  3 24.910     .0    32.218950  104.720800    13.9 
 2008  6  8 18  9 10.570    2.9    30.993010  103.422700    11.6 
 2008  6  8 18 43 27.350    3.0    32.294280  104.884700    12.8 
 2008  6  8 18 51 17.850    5.1    31.892810  104.261600    12.2 
 2008  6  8 19 34 46.290    3.3    31.295680  103.818800    20.1 
 2008  6  8 19 49 43.910    2.7    30.941420  103.271400    13.0 
 2008  6  8 20 15 38.800    3.9    32.768660  105.487300    16.8 
 2008  6  8 20 38 16.560    3.0    31.379500  103.782500    16.0 
 2008  6  8 20 53  3.380    3.0    32.379650  104.933600    16.9 
 2008  6  8 22 35 29.590    3.2    31.863560  104.209700    12.0 
 2008  6  8 23  4  3.820    2.9    31.783680  104.326300    11.8 
 2008  6  9  0 22 27.580    3.1    30.860990  103.228600    15.2 
 2008  6  9  0 30 19.320    3.5    31.276290  103.509400    12.8 
 2008  6  9  2  7 33.500    3.6    31.312060  103.475900    11.0 
 2008  6  9  2 22 45.810    3.4    31.305800  103.563000    13.9 
 2008  6  9  2 41 51.620    3.2    32.625410  105.202200    12.0 
 2008  6  9  3 48  3.770    3.6    31.837960  104.360500     4.3 
 2008  6  9  4 10 59.540    2.8    32.353990  104.973600    15.2 
 2008  6  9  4 21 25.960    3.0    31.808740  104.203600    16.4 
 2008  6  9  5  6  2.090    3.1    32.578900  105.370700     9.6 
 2008  6  9  5 27 23.630    3.1    31.620900  104.069200    14.4 
 2008  6  9  6 17 21.220    3.0    32.068630  104.547000    14.9 
 2008  6  9  6 53 58.420    2.8    32.627860  105.352400    20.9 
 2008  6  9  6 55 36.750    4.0    32.369940  105.002100    17.1 
 2008  6  9  8 40 59.520    2.9    30.976820  103.350000     2.8 
 2008  6  9  9 39 29.980    3.7    31.199690  103.474700    14.5 
 2008  6  9 10 12 58.060    3.4    32.586290  105.216800    15.0 
 2008  6  9 11  3 51.480    3.5    31.854920  104.358400     7.2 
 2008  6  9 11 29 58.710    2.9    32.195210  104.474000    16.9 
 2008  6  9 14 35 21.660    3.6    31.892900  104.265700    10.6 
 2008  6  9 15 28 37.620    5.2    31.353360  103.698100    18.0 
 2008  6  9 15 32  7.210    2.9    32.462380  105.108100    10.2 
 2008  6  9 17 17 41.350    3.2    31.787360  104.259500    12.4 
 2008  6  9 17 22 27.440    2.9    32.277480  104.949500    16.5 
 2008  6  9 17 54 37.280    3.6    32.132440  104.565700    15.5 
 2008  6  9 20 39 35.870    3.0    32.480920  105.203800    15.9 
 2008  6  9 21 24  2.460    3.3    31.731930  104.236800     9.8 
 2008  6  9 22 18 25.220    3.3    31.004290  103.342900    12.2 
 2008  6  9 23 36 41.150    3.7    31.308510  103.545400    14.1 
 2008  6  9 23 52 18.130    2.9    31.908350  104.276700    10.9 
 2008  6 10  0 35   .710    3.0    32.345540  105.056600    14.2 
 2008  6 10  1 20 19.200    2.7    32.442110  105.008500    13.7 
 2008  6 10  1 27 27.820    3.8    31.709490  104.107600    17.0 
 2008  6 10  1 29 58.520    2.8    31.210360  103.582800    12.2 
 2008  6 10  1 34 21.130    3.5    32.391660  105.026100    16.8 
 2008  6 10  1 41 51.370    2.8    32.683100  105.400800    18.0 
 2008  6 10  3 44 15.140    2.9    30.984460  103.179800    17.3 
 2008  6 10  5 46 38.530    3.0    31.269360  103.669300    16.8 
 2008  6 10  6  5 34.400    3.0    32.813340  105.445200     9.9 
 2008  6 10  6 25 55.660    3.1    31.230870  103.591600    14.3 
 2008  6 10  7 20 16.470    4.0    32.057800  104.469300    17.5 
 2008  6 10  7 26 54.050    2.9    32.372870  105.005200    15.6 
 2008  6 10  8  1 57.120    3.7    32.385310  105.029300    14.1 
 2008  6 10  8 43 56.250    3.0    32.116970  104.597500    11.5 
 2008  6 10 10 15  4.280    4.1    32.360850  104.990800    14.9 
 2008  6 10 10 59 24.090    3.4    32.274280  104.988100    13.9 
 2008  6 10 12 58 28.990    3.6    31.663150  104.024300    18.1 
 2008  6 10 13 49 11.950    2.8    31.310270  103.630300    15.5 
 2008  6 10 13 55 16.210    3.5    32.685640  105.373700    14.0 
 2008  6 10 14 44 24.110    3.4    32.017850  104.513900    14.4 
 2008  6 10 16 34 52.300    3.5    32.558770  105.190300     9.2 
 2008  6 10 17 36 22.520    3.2    32.365550  104.964300    17.6 
 2008  6 10 19 33 58.300    3.7    32.298950  104.923000    13.1 
 2008  6 10 20  2 17.650    2.7    32.359900  105.005800    14.7 
 2008  6 10 21  4  7.530    3.0    32.622170  105.276000    18.4 
 2008  6 10 21 53 18.970    3.3    31.840400  104.360900     9.4 
 2008  6 11  3 40 32.490    3.9    32.092600  104.572500    16.4 
 2008  6 11  3 44  9.580    2.8    31.278430  103.655900    13.2 
 2008  6 11  5 50 12.760    2.9    31.442400  103.871100    16.1 
 2008  6 11  6  3 25.610    3.3    32.358330  105.002600    14.5 
 2008  6 11  6 13 57.710    3.3    30.806510  103.245300    15.1 
 2008  6 11  6 23 20.810    5.0    30.893350  103.261600    16.1 
 2008  6 11  7 17 49.840    3.2    31.160600  103.558400    13.3 
 2008  6 11  8 44 53.280    3.0    32.245620  104.762600    17.4 
 2008  6 11  8 55 19.640    2.8    32.357600  105.105500    16.2 
 2008  6 11  8 58  5.900    3.0    30.908540  103.288600    16.9 
 2008  6 11  9 56 51.920    2.8    31.177360  103.418200    13.2 
 2008  6 11 10  3 32.150    2.7    31.740570  103.160000    11.7 
 2008  6 11 10 20 12.920    3.7    30.918420  103.257400    13.0 
 2008  6 11 12 24 49.030    4.0    30.925780  103.273600    16.7 
 2008  6 11 13  0 38.580    4.2    31.763380  104.199500    12.8 
 2008  6 11 13  2  9.150    3.0    31.765630  104.195700     8.4 
 2008  6 11 16 21 42.710    2.8    31.052860  103.322000    12.3 
 2008  6 11 16 29 59.100    3.8    31.735850  104.320200     9.5 
 2008  6 11 17 57 46.870    2.7    31.156540  103.564900    12.7 
 2008  6 11 19  1 54.250    3.0    30.984050  103.213800    16.2 
 2008  6 11 19 12 14.620    3.1    32.190110  104.619700    16.5 
 2008  6 11 19 23 38.090    3.7    31.234040  103.603100    13.5 
 2008  6 11 19 29 59.220    3.0    31.958920  104.421200    10.8 
 2008  6 11 20 31 12.750    2.7    32.153140  104.676300    11.9 
 2008  6 11 21  6 42.870    3.0    32.605480  105.305700    17.5 
 2008  6 11 21 14 37.860    3.1    32.582310  105.271500    17.2 
 2008  6 11 21 31 29.340    2.8    30.954950  103.266100    12.3 
 2008  6 11 21 42  5.260    3.4    31.006090  103.202400    16.8 
 2008  6 11 22 21 32.720    3.1    32.476250  105.187200     9.5 
 2008  6 12  0 16  8.780    3.1    32.327880  104.900600    18.8 
 2008  6 12  4 48 51.440    2.8    31.072710  103.273600    12.7 
 2008  6 12  5 17  8.910    3.2    31.901250  104.261500     9.9 
 2008  6 12  5 18 10.340    3.0    31.282310  103.751600    17.0 
 2008  6 12  7 47  5.040    2.7    31.910080  104.267000     9.3 
 2008  6 12  8 11 55.610    2.9    30.993950  103.162900    17.1 
 2008  6 12  8 32 46.230    3.0    31.014990  103.366600     7.4 
 2008  6 12  8 53 12.240    2.8    31.789780  104.279300    12.2 
 2008  6 12  9 36  2.750    3.0    31.272010  103.553400    11.6 
 2008  6 12  9 44 17.100    2.8    31.265590  103.738300    16.2 
 2008  6 12 10 18 15.170    3.5    31.299650  103.752200    12.6 
 2008  6 12 11  2 55.190    2.8    31.419590  103.822600    16.0 
 2008  6 12 12  7 36.760    3.0    32.283660  104.943500    14.1 
 2008  6 12 13 33 36.830    3.4    32.518620  105.207700    15.9 
 2008  6 12 14 16 18.310    3.1    31.476390  103.942900    15.8 
 2008  6 12 17 17 41.350    3.2    31.269560  103.753600    17.0 
 2008  6 12 18 55 32.740    3.8    31.350320  103.364000    12.3 
 2008  6 12 20 46 32.480    2.9    31.382200  103.346200    13.3 
 2008  6 12 22  9 28.050    2.9    31.160680  103.565200    12.9 
 2008  6 13  1 13 13.010    2.8    32.319470  104.906800    16.2 
 2008  6 13  1 48 58.800    3.3    32.317900  104.927400    14.5 
 2008  6 13  2 33 40.880    3.5    32.158240  104.606300    14.7 
 2008  6 13  3  8 49.110    3.8    31.462000  103.951400    15.1 
 2008  6 13  4 57 50.450    3.1    31.432500  103.783300    18.0 
 2008  6 13  7 29 44.590    3.7    31.176010  103.450800    13.6 
 2008  6 13  7 42  7.500    2.8    31.186750  103.504900    12.4 
 2008  6 13 11  0 22.480    3.5    30.969970  103.265800    16.0 
 2008  6 13 13  8  9.500    3.8    32.262800  104.930900    13.5 
 2008  6 13 14 14  3.540    2.8    31.340560  103.330100     9.3 
 2008  6 13 14 38 12.040    3.1    32.710740  105.400300    17.0 
 2008  6 13 15 30 10.020    2.9    31.892830  104.364100    10.2 
 2008  6 13 16 19 25.160    3.4    32.319630  104.797400     6.6 
 2008  6 13 18 57 49.960    2.8    32.388030  105.069700    13.0 
 2008  6 13 22 38 56.760    2.9    32.790730  105.580000    17.4 
 2008  6 13 22 48 16.600    3.3    31.658710  104.067200    16.1 
 2008  6 13 22 49  6.920    3.0    31.333910  103.730200    17.1 
 2008  6 14  0 22 15.380    3.4    32.315530  104.875400    13.8 
 2008  6 14  0 33 15.450    2.9    32.344240  104.899500    19.4 
 2008  6 14  1  6  7.540    2.8    32.611130  105.350900    13.2 
 2008  6 14  2 46 46.130    3.0    32.612770  105.189600    11.1 
 2008  6 14  3 20 19.680    3.9    31.764030  103.905000    15.0 
 2008  6 14  4  1  9.410    3.1    32.782080  105.499700    15.9 
 2008  6 14  4 16 50.590    2.9    31.017160  103.315100    12.7 
 2008  6 14  5 44 18.980    4.2    31.014300  103.314100    13.7 
 2008  6 14  8 28 56.380    3.2    31.235180  103.688300    17.4 
 2008  6 14 10  5 57.720    4.2    31.253610  103.670700    16.0 
 2008  6 14 10 31 28.870    3.4    31.233320  103.774000    19.8 
 2008  6 14 10 47 26.190    3.1    32.179030  104.694500    14.6 
 2008  6 14 11 49 48.990    2.9    31.761200  104.244500    12.5 
 2008  6 14 13 25 47.730    3.4    31.185630  103.393800    14.0 
 2008  6 14 13 33 32.820    2.8    32.166710  104.615100    13.1 
 2008  6 14 14 24 38.600    3.4    32.460580  105.076100    15.5 
 2008  6 14 14 28 29.660    4.3    30.934980  103.253000    17.8 
 2008  6 14 16 14 23.330    2.7    31.086800  103.297500     6.9 
 2008  6 14 16 27 17.760    3.0    31.795270  104.232000    14.3 
 2008  6 14 17  0 10.260    3.8    31.487210  103.976800    16.5 
 2008  6 14 17 22  9.380    3.0    31.512830  104.023400    14.8 
 2008  6 14 17 43 36.510    2.9    31.031460  103.342900     9.6 
 2008  6 14 18 45  8.870    3.5    31.303400  103.663700    15.2 
 2008  6 14 19  6  6.750    3.6    32.765120  105.580100    17.1 
 2008  6 14 20 37  1.560    3.6    32.425460  105.093600    15.6 
 2008  6 14 21 44 11.360    3.5    32.162450  104.592700    13.3 
 2008  6 14 22 51 35.280    3.0    32.513090  105.116300    18.2 
 2008  6 14 22 59  7.550    3.4    31.203090  103.651000    17.5 
 2008  6 14 23 16 31.080    3.2    31.207980  103.643600    16.8 
 2008  6 15  0 27 51.800    3.0    31.774280  104.294400    13.1 
 2008  6 15  0 39  1.450    3.2    32.585350  105.146900     9.7 
 2008  6 15  0 53 53.740    3.1    31.106930  103.315100    15.0 
 2008  6 15  1 11 42.500    2.7    31.006280  103.356900    10.1 
 2008  6 15  2 43 57.710    3.1    32.499420  105.258300    12.8 
 2008  6 15  2 52  3.340    2.7    31.301260  103.655800    15.3 
 2008  6 15  4 26 18.380    3.0    31.190660  103.311100    18.0 
 2008  6 15  4 59  7.110    3.2    31.268420  103.490100    12.4 
 2008  6 15  7  2 52.830    2.8    30.870820  103.242300    15.2 
 2008  6 15  8  0 31.190    3.9    31.562260  104.030300    13.9 
 2008  6 15  8 11 22.320    4.9    31.222850  103.640800    14.6 
 2008  6 15  8 12 48.980    3.4    31.225770  103.604700    14.7 
 2008  6 15  8 17 21.810    3.1    32.594170  105.293000    14.3 
 2008  6 15  9 42 35.900    3.0    32.375660  105.029600    13.7 
 2008  6 15  9 55 51.370    2.8    31.261340  103.597600    13.7 
 2008  6 15 10 32 16.910    2.7    32.383030  104.993500    14.5 
 2008  6 15 10 37 38.810    3.3    32.468360  104.883900    17.4 
 2008  6 15 10 52 51.560    2.8    31.396690  103.884200    14.7 
 2008  6 15 11  0 38.610    2.7    31.752560  104.253200    11.9 
 2008  6 15 11 34 29.870    4.3    31.417550  104.099000    17.3 
 2008  6 15 12 21 31.440    4.0    31.468250  103.988700    15.9 
 2008  6 15 13 28 33.300    4.1    32.205910  104.602700    15.3 
 2008  6 15 13 58 33.890    3.1    31.855750  104.328400    11.0 
 2008  6 15 16 58 58.960    3.0    32.052900  104.541700    15.1 
 2008  6 15 17 56 25.690    3.5    31.681310  104.247600     8.9 
 2008  6 15 18 14 41.010    2.8    32.339670  104.938500    12.2 
 2008  6 15 18 59 31.720    3.4    32.596890  105.299400    16.5 
 2008  6 15 19 27 48.800    3.5    31.351600  103.740700    15.9 
 2008  6 16  2  2 53.480    2.8    32.020030  104.514100    13.0 
 2008  6 16  3 42 45.980    2.9    32.025180  104.404000    16.0 
 2008  6 16  3 55 49.010    3.9    32.330460  105.052000    15.1 
 2008  6 16  5 42 40.750    4.1    31.349220  103.195700    14.2 
 2008  6 16  6 13 20.250    4.0    30.913180  103.243300    20.8 
 2008  6 16  6 25 34.190    3.1    32.348770  104.951700    18.0 
 2008  6 16  6 36 47.280    4.0    30.948030  103.158500    16.3 
 2008  6 16  8 22 50.460    3.1    31.302640  103.426400     9.3 
 2008  6 16  9 43 32.280    2.9    32.618190  105.316100    21.8 
 2008  6 16 10 25 56.990    3.0    31.449000  103.981200    14.6 
 2008  6 16 10 36 27.420    2.8    32.107330  104.654900    12.5 
 2008  6 16 11 31 58.070    2.8    31.153320  103.436700    13.5 
 2008  6 16 12 23 18.040    2.8    31.185480  103.572200    12.2 
 2008  6 16 12 29 23.580    3.5    31.048110  103.267500    13.0 
 2008  6 16 12 31 39.100    4.4    31.266860  103.683200    15.7 
 2008  6 16 15  3 58.160    3.8    31.000900  103.383800     7.9 
 2008  6 16 15 18 30.510    2.9    31.318090  103.160900     8.8 
 2008  6 16 15 36  2.670    4.2    31.343790  103.794600    16.4 
 2008  6 16 15 46 10.770    3.3    31.273120  103.734900    16.4 
 2008  6 16 16 21 44.860    2.7    32.647540  105.350500    15.8 
 2008  6 16 16 36 19.040    3.7    30.772120  103.265700    14.2 
 2008  6 16 16 39 59.160    3.2    32.400780  104.997400    13.3 
 2008  6 16 16 51 30.030    3.3    32.486460  105.163100    16.1 
 2008  6 16 19 15 42.600    3.2    31.328790  103.178500    13.2 
 2008  6 16 19 58 39.170    3.2    31.339570  103.445800    12.9 
 2008  6 16 20 15  3.810    2.9    32.448530  105.076300    14.3 
 2008  6 16 20 26 55.670    3.1    30.931070  103.273800    12.7 
 2008  6 16 20 37 42.170    3.2    31.866280  104.133800    12.9 
 2008  6 16 21  0 16.550    4.0    31.857420  104.021300    15.1 
 2008  6 16 21  8 49.070    3.1    31.747260  104.208600    13.1 
 2008  6 17  0 31 34.380    3.8    31.546750  103.955500    16.0 
 2008  6 17  1 14   .930    3.1    31.305860  103.529500    12.6 
 2008  6 17  2  7 12.980    3.4    32.339990  105.041300    17.3 
 2008  6 17  2 17  6.560    3.8    32.446450  105.059600    14.2 
 2008  6 17  2 21 36.370    3.1    32.122830  104.609100    14.0 
 2008  6 17  2 47 18.810    3.0    32.262000  104.847800    11.9 
 2008  6 17  2 49  4.020    3.0    31.851060  104.329500    11.4 
 2008  6 17  3 36 11.880    3.0    31.005620  103.368600     7.7 
 2008  6 17  4 41  8.960    3.1    32.056950  104.548600    14.4 
 2008  6 17  5 19 24.480    3.1    31.025640  103.312000    15.0 
 2008  6 17  6 47 10.370    3.5    31.003430  103.203400    16.0 
 2008  6 17  8 18 53.870    2.8    32.146400  104.584000    11.5 
 2008  6 17  8 29 53.140    2.9    31.771980  104.258300    12.4 
 2008  6 17  8 39  7.800    3.0    31.357250  103.630900    17.5 
 2008  6 17  8 49 41.040    3.0    31.377340  103.708900    17.0 
 2008  6 17  9 57 30.490    3.0    32.740340  105.422800    12.4 
 2008  6 17 10 37 50.020    3.2    31.809560  104.372100     3.7 
 2008  6 17 10 53 53.570    3.1    31.124410  103.731400    17.0 
 2008  6 17 10 55 25.460    3.2    31.640520  104.063700    12.4 
 2008  6 17 11 46 31.390    3.6    31.354100  103.168800    13.3 
 2008  6 17 11 54 53.870    3.1    31.713120  103.867400    15.7 
 2008  6 17 12  0  7.650    3.1    30.859300  103.245500    16.4 
 2008  6 17 12 49 13.560    2.9    31.630300  104.017600    19.0 
 2008  6 17 13 14 34.300    4.6    31.719270  104.124800    17.0 
 2008  6 17 13 46 21.090    2.7    31.006650  103.204700    15.6 
 2008  6 17 13 51 42.160    4.7    32.799290  105.520600    13.8 
 2008  6 17 14 48 35.220    3.2    31.296570  103.383600    13.5 
 2008  6 17 16 47 19.100    3.0    32.117360  104.664400    12.1 
 2008  6 17 19 18 23.470    3.4    31.240800  103.573900    13.3 
 2008  6 17 19 30 49.130    3.2    30.914450  103.264500    12.6 
 2008  6 17 21  4 24.600    3.9    32.601090  105.292100    15.4 
 2008  6 17 21 20  1.490    3.0    32.602920  105.297500    13.7 
 2008  6 17 21 32  7.000    4.2    31.914770  104.252400    14.5 
 2008  6 17 21 40 45.120    4.2    32.324700  104.937600    16.4 
 2008  6 17 22 19 22.810    2.8    31.295170  103.715500    16.2 
 2008  6 18  0 56 50.940    2.7    31.756240  104.132100    17.0 
 2008  6 18  4  2 54.730    3.1    31.358400  103.841500    17.6 
 2008  6 18  4 47 18.630    3.8    31.360610  103.842700    17.1 
 2008  6 18  5  7 48.480    3.6    30.820520  103.350700    17.4 
 2008  6 18  6  9 48.810    3.5    32.597630  105.288300    13.7 
 2008  6 18  6 36 12.870    3.8    32.318420  104.942800    14.5 
 2008  6 18  6 40 19.550    3.0    32.330160  104.948000    16.8 
 2008  6 18  6 43 14.560    4.2    31.312260  103.390500    13.0 
 2008  6 18  7 23 28.340    3.6    32.147090  104.624300    11.1 
 2008  6 18  7 32 31.570    2.8    32.389970  104.996700    14.9 
 2008  6 18  9 23 23.320    3.8    31.472550  103.989500    15.3 
 2008  6 18  9 24 57.700    3.8    31.370150  103.341300    13.3 
 2008  6 18 11  5 19.640    4.0    31.319740  103.395700    12.9 
 2008  6 18 11 34 26.020    3.9    32.028800  104.470900    12.0 
 2008  6 18 13 33 11.670    3.3    31.308320  103.608600    14.1 
 2008  6 18 13 48  4.020    2.9    31.330300  103.813900    15.7 
 2008  6 18 14 26 26.330    3.1    31.820630  104.260400    15.1 
 2008  6 18 15  4  2.690    2.9    31.232280  103.483900    14.4 
 2008  6 18 15 25 36.480    3.0    31.218920  103.637400    14.6 
 2008  6 18 18 16  6.070    2.8    31.600100  103.965500    16.5 
 2008  6 18 19 42 19.280    3.1    32.323400  104.896800    15.7 
 2008  6 18 23 33 57.940    2.9    31.605790  104.000200    16.4 
 2008  6 19  0 25 39.990    3.5    32.596440  105.355200    13.6 
 2008  6 19  1 12 21.200    3.6    31.085190  103.540400    13.7 
 2008  6 19  1 17 30.470    3.0    32.404720  105.004600    14.8 
 2008  6 19  2 51  4.130    2.8    32.633900  105.375500    14.1 
 2008  6 19  4 10 33.320    2.9    31.195480  103.639300    13.3 
 2008  6 19  5 26 39.280    3.4    31.471530  103.992800    14.9 
 2008  6 19  5 30 58.440    3.0    30.881640  103.113300    15.9 
 2008  6 19  5 50 31.040    3.3    31.860050  104.321900    12.1 
 2008  6 19  6  8 18.960    3.5    31.336830  103.244500    12.2 
 2008  6 19  6 40 43.730    3.4    32.427590  104.931600    12.3 
 2008  6 19  7 57 25.510    3.3    32.442180  105.084200    14.7 
 2008  6 19  8 34 54.210    2.8    31.931800  104.326400    14.8 
 2008  6 19  9 34 46.810    2.9    32.266830  104.930700    13.2 
 2008  6 19 10 50 20.950    3.8    31.898530  104.237900    10.6 
 2008  6 19 10 55 28.450    4.4    31.193580  103.442500    14.7 
 2008  6 19 11 23 39.780    3.4    31.035770  103.225300    19.4 
 2008  6 19 12 48 18.270    4.6    31.824260  104.304400    12.4 
 2008  6 19 12 55 20.670    3.0    31.814460  104.244400    11.4 
 2008  6 19 14  4 32.200    2.8    31.854090  104.016400    14.7 
 2008  6 19 18 26 40.320     .0    32.802190  105.524500    13.8 
 2008  6 19 19 30  3.390    2.8    31.333230  103.238600    13.8 
 2008  6 19 19 50 53.850    2.6    31.459070  103.981900    15.1 
 2008  6 19 20 19 47.830    3.8    32.176540  104.586500    16.2 
 2008  6 19 20 24   .170    3.4    32.238640  104.796400    13.4 
 2008  6 19 20 35 31.550    3.0    32.325390  104.934700    16.1 
 2008  6 19 21 20 46.750    3.2    32.363640  104.980300    13.7 
 2008  6 20  1 29  3.820    3.0    31.372370  103.761400    16.6 
 2008  6 20  2  8 27.560    3.5    31.299270  103.562900    11.7 
 2008  6 20  2 15 16.190    2.9    31.422760  103.897500    16.9 
 2008  6 20  2 32 46.490    2.9    32.589920  105.254600    18.9 
 2008  6 20  2 58 24.340    3.0    31.236840  103.566700    13.7 
 2008  6 20  3 34 40.640    3.1    31.184390  103.429700    13.1 
 2008  6 20  4 27 46.800    4.8    31.179370  103.501600    17.1 
 2008  6 20  5 51 57.950    3.2    31.745100  104.226200    13.9 
 2008  6 20  6 41  5.880    2.7    32.403260  105.048800    13.2 
 2008  6 20  6 44 25.650    3.3    31.996500  104.478900    13.8 
 2008  6 20  8 24 38.680    3.0    32.290670  104.890700    14.1 
 2008  6 20  8 46   .750    3.0    31.841130  104.304900    11.3 
 2008  6 20  9 54 24.230    2.7    31.332750  103.678800    15.5 
 2008  6 20 13  6 32.620    3.4    31.450570  103.875600    15.1 
 2008  6 20 15 10  2.110    3.0    32.787270  105.454200     6.8 
 2008  6 20 15 46 36.490    4.1    31.453300  103.827700    17.8 
 2008  6 21  7  4 19.650    3.6    32.518550  105.201400    16.4 
 2008  6 21  7 52  7.610    2.7    31.809220  104.303400    11.1 
 2008  6 21 11 32 15.080    3.2    32.792160  105.445800     8.7 
 2008  6 21 12  3  3.900    4.2    32.462670  104.967900    17.0 
 2008  6 21 12 23 33.090    3.0    32.479990  105.207600    14.9 
 2008  6 21 12 54  2.250    2.8    32.422310  104.849300    16.8 
 2008  6 21 14 55 33.400    3.6    32.219760  104.681100    13.2 
 2008  6 21 18 17 46.390    3.1    31.309970  103.398500    13.8 
 2008  6 21 18 47 15.460    2.8    31.252390  103.678900    13.7 
 2008  6 21 20 10 39.350    3.9    31.649780  104.122400    18.2 
 2008  6 21 20 14 53.360    2.9    32.265930  104.959100    14.7 
 2008  6 22  3 10 52.990    2.8    31.371910  103.349700    14.5 
 2008  6 22  9 38 18.600    3.1    31.383690  103.763700    17.2 
 2008  6 22 14 34 54.420    3.2    31.232080  103.612500    12.7 
 2008  6 22 14 38 31.370    3.4    32.547420  105.257600    12.2 
 2008  6 22 15 46 58.100    3.0    32.562510  105.093900    16.9 
 2008  6 22 15 55 18.540    2.7    32.087630  104.544900    15.2 
 2008  6 22 16 32  4.300    3.2    32.297090  104.948700    15.3 
 2008  6 22 18  6 53.880    3.1    31.883800  104.349200    10.4 
 2008  6 22 18 37 34.930     .0    32.246850  104.446900    15.8 
 2008  6 22 19  5 45.200    2.9    31.812180  104.310800     3.6 
 2008  6 23  4  2 27.270    3.1    31.950950  104.256400    16.3 
 2008  6 23  5 38 31.800    4.1    32.423630  105.055900    18.9 
 2008  6 23  6 39 39.820    2.9    32.324020  104.914100    17.3 
 2008  6 23  6 52 46.600    2.8    31.824180  104.304500    12.9 
 2008  6 23  6 54 19.670    2.8    32.190110  104.574300    16.4 
 2008  6 23 13 16 13.600    3.2    31.543660  104.157800    13.0 
 2008  6 23 18 29 33.950    3.5    31.026760  103.197600    16.6 
 2008  6 23 19  5 53.870    3.6    31.026090  103.194400    16.2 
 2008  6 23 19 45 27.440    3.0    30.812850  103.383500    14.7 
 2008  6 23 19 58  4.910    3.2    32.525680  105.132500    16.6 
 2008  6 23 22 27  3.330    3.3    32.547720  105.196600    18.0 
 2008  6 23 22 32 18.040    3.2    32.337690  104.984100    10.6 
 2008  6 23 23  7 27.140    2.9    31.358470  103.767600    16.7 
 2008  6 23 23 10 48.780    2.8    31.865150  104.416300     9.6 
 2008  6 24  0 25 56.310    2.9    31.173520  103.500200    11.4 
 2008  6 24  1  5 24.580    2.9    31.351550  103.413600    11.9 
 2008  6 24  2  0 26.560    3.2    32.270720  104.869800    12.6 
 2008  6 24  2 18 37.540    4.1    30.975690  103.387500     3.1 
 2008  6 24  2 57 11.050    3.6    32.749720  105.469600    10.9 
 2008  6 24  4 50 15.290    2.8    31.203910  103.487400    11.4 
 2008  6 24  5 29 13.840    3.2    32.308990  104.900700    13.2 
 2008  6 24  5 49 55.240    2.9    31.027660  103.213700    15.7 
 2008  6 24 12 55 41.260    4.0    32.135220  104.510600    17.2 
 2008  6 24 13 40 56.150    3.6    31.806510  104.258900    12.0 
 2008  6 24 14 33 29.470    3.0    31.834080  104.113600    16.9 
 2008  6 24 17 34 33.780    3.4    32.587820  105.306000    12.4 
 2008  6 24 18 38 59.480    3.1    32.512750  105.121100    17.9 
 2008  6 24 19 18  5.370    3.2    32.470890  105.131000    10.4 
 2008  6 25  0 48 21.140    2.8    32.537410  105.123200    18.1 
 2008  6 25  1 38 18.130    3.6    31.880260  104.184800    14.7 
 2008  6 25  3 49  3.000    3.2    31.713830  104.107600    14.2 
 2008  6 25  4 58 32.810    2.9    31.857340  104.309900    12.2 
 2008  6 25  5 18 33.160    3.0    31.824420  104.117400    16.4 
 2008  6 25 16 19 14.670    3.9    32.321400  104.907100    17.1 
 2008  6 25 17 19 15.630    3.3    30.869580  103.124800    15.6 
 2008  6 26 10 10 56.690    2.8    32.676030  105.390100    11.9 
 2008  6 26 12  5 51.030    3.0    32.267920  104.948000    14.4 
 2008  6 26 14  7 31.410    3.0    31.721380  104.133800    10.7 
 2008  6 26 15 26 22.040    2.8    31.268910  103.511200    17.8 
 2008  6 26 16 38 28.000    3.4    32.487210  105.175400    15.1 
 2008  6 26 18 36 40.430    4.1    31.283680  103.567700     9.0 
 2008  6 27  8 55 42.370    4.3    31.036870  103.377500    11.9 
 2008  6 27  8 59 28.460    2.8    32.583270  105.191400    16.0 
 2008  6 27 12  1 35.190    2.8    30.938100  103.286700    13.0 
 2008  6 27 12  6 52.580    3.0    32.433720  105.081600    16.5 
 2008  6 27 12 30 17.690    3.3    30.888390  103.379100    14.1 
 2008  6 27 13 48 26.320    2.8    31.738370  104.322000     9.4 
 2008  6 27 14 20 21.590    2.9    31.485720  103.939900    15.7 
 2008  6 27 15  5 49.980    2.8    32.304010  105.123200    19.0 
 2008  6 27 15  8 28.070    2.9    31.179700  103.511900    12.4 
 2008  6 27 17  5 18.050    3.6    31.074930  103.415000    13.5 
 2008  6 27 22 21 51.040    2.9    31.760450  104.197300    12.9 
 2008  6 28  2 20 54.630     .0    31.524860  103.243800    12.5 
 2008  6 28  2 32  1.240    3.4    32.601710  105.361000    13.8 
 2008  6 28  3 20 35.300    2.9    32.560310  105.203700    18.3 
 2008  6 28  3 23 39.000    3.0    32.388320  104.982800    18.6 
 2008  6 28  5 42 12.140    4.8    32.330010  104.904600    17.6 
 2008  6 28  6 12 55.200    3.0    32.396630  105.036100    14.5 
 2008  6 28 13  9 37.330    3.2    31.244500  103.572800    14.4 
 2008  6 28 15 24 22.800    2.8    31.251810  103.620000    14.2 
 2008  6 28 18 11 40.170    3.7    31.861720  104.190700    13.1 
 2008  6 28 19 30 54.020    2.9    32.267250  104.978200    14.6 
 2008  6 28 19 41 50.980    2.9    31.759940  104.190100    13.6 
 2008  6 28 23 56 35.290    3.0    31.179920  103.614000    10.8 
 2008  6 29  0  4 22.220    3.1    31.823410  104.305200    11.5 
 2008  6 29  0 14 29.660    3.3    31.100860  103.380900    13.1 
 2008  6 29  0 50 17.810    3.2    32.402070  105.038500    16.5 
 2008  6 29  0 56 22.040    3.8    31.914720  104.254000    13.4 
 2008  6 29  4 22 42.750    3.8    32.649750  105.360000    17.2 
 2008  6 29  5  6 49.980    2.8    32.553470  105.327300    12.6 
 2008  6 29  6 44 39.700    3.2    31.757950  104.173000    14.7 
 2008  6 29  7 11  9.720    2.8    31.186690  103.522300    12.1 
 2008  6 29  7 55 20.770    4.6    32.115300  104.512800    16.5 
 2008  6 29 10 12  9.980    2.8    31.272610  103.731500    15.7 
 2008  6 29 11 15 41.840    3.2    31.374580  103.716600    17.3 
 2008  6 29 12  8 23.570    3.5    32.286360  104.917900    13.8 
 2008  6 29 23 23 10.180    2.8    31.282460  103.464300    11.4 
 2008  6 30  0 37 54.680    3.3    32.357340  104.979800    15.6 
 2008  6 30  2 46 32.400    3.4    31.163850  103.475500     6.2 
 2008  6 30  3 22 52.200    3.0    31.371370  103.381900    13.1 
 2008  6 30  3 51 37.570    4.1    31.373500  103.385100    11.0 
 2008  6 30  5 29 12.840    3.0    31.549670  104.146300    12.8 
 2008  6 30  5 59 36.030    3.0    32.317960  104.903500    17.2 
 2008  6 30  7 27 44.360    3.2    31.366550  103.836000    16.3 
 2008  6 30 10  3 12.590    2.9    32.651940  105.313900    18.4 
 2008  6 30 10 22  6.390    3.0    32.272730  104.990000    13.7 
 2008  6 30 11 45 45.470    2.9    32.443500  105.050200    15.1 
 2008  6 30 18 36 57.540    2.7    32.546870  105.315400    12.4 
 2008  7  1  9 12 47.640    3.4    32.446400  105.079200     8.5 
 2008  7  1 11 45 17.200    3.4    31.771370  104.268900    11.3 
 2008  7  1 11 51   .730    3.1    31.345100  103.697100    18.9 
 2008  7  1 15 24 22.670    3.1    32.236030  104.806000    13.8 
 2008  7  1 18 52 45.050    3.6    31.350460  103.757600    17.0 
 2008  7  1 18 56  5.280    2.9    30.942160  103.303700    10.3 
 2008  7  1 19 32 41.470    2.8    32.795670  105.427600     8.8 
 2008  7  2  7 27 38.210    2.9    31.343540  103.421200    11.1 
 2008  7  2  7 43 55.060    3.5    31.020480  103.214600    15.3 
 2008  7  2 14  6 28.480    3.0    31.039510  103.232000    15.7 
 2008  7  2 18 43  6.950    3.3    31.043430  103.237900    18.8 
 2008  7  2 20 59 45.760    3.3    31.740370  104.173700    12.1 
 2008  7  2 22  5 38.060    3.2    32.421730  105.180800    17.1 
 2008  7  3  0  4 58.210    3.4    31.405110  103.897400    17.0 
 2008  7  3  2 16   .270    3.4    31.032680  103.360100    10.4 
 2008  7  3  5 16  9.090    3.6    31.345950  103.849500    14.4 
 2008  7  3  5 34 33.280    3.0    31.157270  103.666200    15.7 
 2008  7  3  6  1 17.720    3.9    32.365010  105.039400    16.9 
 2008  7  3  6 13 41.330    3.1    32.367650  105.042200    16.8 
 2008  7  3  7 13 22.280    3.2    30.864880  103.283600    16.4 
 2008  7  3  8  1 56.470    3.7    31.451100  103.878500    21.5 
 2008  7  3 14 53  2.830    2.7    31.366980  103.861400    15.7 
 2008  7  3 14 55 53.880    2.9    32.606530  105.302200    15.1 
 2008  7  3 20 52 57.010    3.2    32.605530  105.384100    15.3 
 2008  7  3 22 58 21.580    2.9    32.781810  105.440300    13.3 
 2008  7  4  1 23  2.540    3.1    31.881370  104.216900    13.6 
 2008  7  4  1 42 34.110    2.8    30.988960  103.419800     4.1 
 2008  7  4  5 58 16.540    3.6    32.676220  105.390200    15.5 
 2008  7  4  6 30 59.880    2.8    32.247070  104.706400     6.9 
 2008  7  4  7 52 30.310    3.3    31.059020  103.411800     2.4 
 2008  7  4  8 31 17.460    2.9    31.672960  104.083100    14.1 
 2008  7  4  9  6 14.610    3.2    32.634440  105.380500    14.5 
 2008  7  4  9 14 39.140    2.8    32.509400  105.224800    13.4 
 2008  7  4  9 37 34.910    3.0    32.429760  105.185300    16.1 
 2008  7  4  9 45 12.780    3.3    32.363750  104.982000    15.7 
 2008  7  4 21 33 49.150    2.8    31.404260  103.901100    16.4 
 2008  7  5  2 20 15.720    3.3    32.572450  105.268100    16.1 
 2008  7  5  2 52 15.020    3.9    32.562000  105.208200     9.6 
 2008  7  5  2 55 20.370    2.9    32.567880  105.207800    18.9 
 2008  7  5  3 13 20.830     .0    32.377880  104.801300     8.1 
 2008  7  5 11 17 39.240    3.5    31.756230  104.134800    16.7 
 2008  7  5 14 29 12.600    2.9    31.317180  103.658800    15.5 
 2008  7  5 15  0 45.670    4.7    31.604590  104.103500    17.5 
 2008  7  5 16 39 19.190    2.9    32.335660  104.993500    17.3 
 2008  7  5 17  3  5.850    2.7    32.158500  104.611700    17.2 
 2008  7  5 17 54  2.630    2.9    32.402730  105.056200    15.8 
 2008  7  6  9  1 56.660    3.3    31.831520  104.081900    14.9 
 2008  7  6 10 19 12.720    3.1    32.471260  105.105700    17.1 
 2008  7  6 11 33 17.150    3.0    31.905430  104.303900    15.0 
 2008  7  6 17 37 50.410    4.3    31.155010  103.547000    14.5 
 2008  7  6 22 29 20.710    3.0    31.876470  104.234600    12.9 
 2008  7  7  4 46 36.830    3.6    31.526250  103.186200    12.6 
 2008  7  7  5  8 51.390    2.7    31.771750  104.278900     8.7 
 2008  7  7  5 10 14.540    3.2    32.787640  105.462200     8.7 
 2008  7  7 10 16 27.250    3.1    32.350240  104.933800    17.9 
 2008  7  7 10 29 53.670    3.4    31.321390  103.234200    12.8 
 2008  7  7 10 31 52.460    2.8    32.478640  105.054900    14.1 
 2008  7  7 11 53 43.900    3.3    31.351600  103.761500    14.4 
 2008  7  7 15 27 55.340    2.8    32.257770  104.827600    14.8 
 2008  7  7 16 14 25.210    2.9    32.600210  105.265500    20.3 
 2008  7  7 18 43 54.720    3.4    32.604630  105.379400    14.4 
 2008  7  7 19 42 31.050    3.2    31.352120  103.371900    14.7 
 2008  7  7 23  2 37.260    3.6    31.480510  103.880200    16.7 
 2008  7  7 23 12 55.930    2.9    32.376010  105.005700    17.1 
 2008  7  8  8 13 54.100    2.8    31.826320  104.064100    15.5 
 2008  7  8 22 19 37.590    3.2    31.455350  103.903700    15.7 
 2008  7  9  0 11 55.270    3.1    31.298380  103.490900    11.4 
 2008  7  9  1 11 47.930    2.8    32.239630  104.813500    13.4 
 2008  7  9  1 14 18.250    3.4    32.048260  104.388300    18.9 
 2008  7  9  2 54 50.740    3.7    31.484000  103.932200    16.1 
 2008  7  9  3 32 38.010    2.9    31.283810  103.452700    10.6 
 2008  7  9 16  6 42.500    3.6    31.280420  103.771300    17.1 
 2008  7  9 16 17 38.050    2.9    32.584470  105.257600    18.4 
 2008  7  9 16 35 47.620    2.8    31.532310  103.949900    14.7 
 2008  7  9 19 34 59.450    2.8    32.471350  105.106500    14.9 
 2008  7 10 11 15  7.500    3.0    31.754310  104.195300    12.0 
 2008  7 10 11 27 48.930    2.8    32.277940  104.862400    14.8 
 2008  7 11  2 27 55.880    2.9    30.918210  103.375200    13.4 
 2008  7 11  3  8 51.400    2.9    30.998460  103.373000    11.0 
 2008  7 11  3 13 18.640    2.9    32.432590  105.057400    17.9 
 2008  7 11  3 24 25.100    3.0    32.348850  104.984100    19.5 
 2008  7 11  3 29 42.560    3.3    31.261690  103.570200    11.8 
 2008  7 11  3 36  1.890    4.2    32.051140  104.149200    17.8 
 2008  7 11  4 21 14.760    3.0    32.333860  104.965600    18.7 
 2008  7 11 12  5 31.910    2.8    30.936750  103.182300    16.4 
 2008  7 11 13 37 54.930    2.8    31.003340  103.235100    11.6 
 2008  7 11 14 17 57.720    3.5    32.035130  104.526800    15.1 
 2008  7 11 14 31 27.530    3.1    32.563370  105.214200    16.8 
 2008  7 11 16 30 24.560    3.2    31.863120  104.327300    12.2 
 2008  7 12  3 20 26.490    3.1    31.278690  103.785400    18.2 
 2008  7 12  3 29 43.150    3.0    31.437890  103.879500    17.3 
 2008  7 12  3 36 32.400    3.0    31.531870  104.011900    14.4 
 2008  7 12  6 40 57.190    3.0    31.296290  103.623600    15.3 
 2008  7 12  8 23 38.400    2.7    31.003720  103.220400    15.6 
 2008  7 12  9 18 49.250    2.7    30.914990  103.240900    20.7 
 2008  7 12 19 11 27.270    3.1    31.335400  103.603000    13.5 
 2008  7 12 21  5 20.450    2.8    30.978150  103.432300     5.8 
 2008  7 13  1 58 19.780    2.9    30.840380  103.331900    14.9 
 2008  7 13  4 43 41.450    2.9    31.413440  103.911000    15.8 
 2008  7 13  7 58  2.890    3.1    31.751140  104.244900    10.7 
 2008  7 13 14 12 26.340    3.1    31.413850  103.769800    16.9 
 2008  7 13 18 13 51.980    2.9    31.765480  104.272100     9.1 
 2008  7 13 19  6 52.440    2.9    32.367470  105.003500    15.7 
 2008  7 14  0 10 46.560    3.1    32.149430  104.570000    16.0 
 2008  7 14  0 13 12.350    3.9    31.488430  103.187100    13.0 
 2008  7 14  0 57 41.250    3.1    31.197140  103.605700    12.1 
 2008  7 14  1  0 30.720    2.9    32.400790  105.003000    14.9 
 2008  7 14  1  5  4.520    3.0    32.483710  105.121000    18.4 
 2008  7 14  8 17 50.490    3.9    32.488080  105.013800    13.6 
 2008  7 14 10 57 43.100    2.9    31.733800  104.169200    11.4 
 2008  7 14 11  1  7.830    3.2    31.847130  104.303900    11.8 
 2008  7 14 12 44 14.990    2.7    32.473240  105.123100    13.5 
 2008  7 14 13 18 51.300    3.2    31.342630  103.369600     8.8 
 2008  7 15  6 13 15.560    2.9    31.750830  104.152700     9.5 
 2008  7 15  7 27 51.840    3.3    31.563320  103.923900    14.1 
 2008  7 15 21 30 27.030    3.1    31.314360  103.669600    15.5 
 2008  7 15 22 15 57.600    3.5    32.019970  104.386400    15.1 
 2008  7 16  0 57 20.250    2.8    32.458990  105.107500    16.9 
 2008  7 16  3  5 57.040    3.2    31.241430  103.692700    15.3 
 2008  7 16  3  8 24.740    2.8    32.120430  104.579600    15.4 
 2008  7 16  3 15 21.150    2.7    31.174570  103.608100    14.7 
 2008  7 16  3 55 59.570    3.1    31.281400  103.429800     8.9 
 2008  7 16 17 39 14.560    3.8    32.111210  104.202800    13.0 
 2008  7 17 12  3 28.350    2.8    31.019130  103.261100    15.0 
 2008  7 17 13 32 14.650    2.9    31.378420  103.690600    16.6 
 2008  7 17 13 34 54.620    3.7    32.676110  105.420200    13.6 
 2008  7 17 22 27  9.990    2.8    31.367040  103.717400    15.3 
 2008  7 17 23 52 18.930    2.8    30.973290  103.354900     7.4 
 2008  7 18  3  1 12.260    2.9    32.581520  105.090900    17.2 
 2008  7 18  4  5  9.020    2.9    30.772160  103.263900    15.5 
 2008  7 18  4 20 55.890    2.9    32.498170  105.201600    15.3 
 2008  7 18 16  2 46.260    3.1    31.372160  103.820000    16.2 
 2008  7 18 16  9 40.800    3.1    32.441650  105.142200    17.5 
 2008  7 18 17 43  4.190    2.8    31.669020  103.139500     9.7 
 2008  7 18 19 15 12.530    3.0    32.579790  105.082600    17.4 
 2008  7 18 21 57 10.690    2.9    32.310450  104.897300    14.9 
 2008  7 18 21 57 25.980    3.1    32.331270  104.887500    10.9 
 2008  7 18 22 32 40.010    3.1    32.306320  104.898400    15.3 
 2008  7 19  1 35 30.110    2.8    32.207900  104.707500    15.0 
 2008  7 19 11 33  1.570    2.8    31.248390  103.612100     6.9 
 2008  7 19 12 58 34.230    2.9    32.608020  105.289800    15.7 
 2008  7 19 14 38  2.250    3.6    32.334450  105.032600    17.0 
 2008  7 19 15 24 20.530    3.0    32.484020  105.097000    17.7 
 2008  7 19 16 48  8.860    3.1    31.817770  104.261700    10.2 
 2008  7 20 17  7 10.910    3.1    31.308150  103.665400    15.1 
 2008  7 20 18 58 32.260    3.1    31.809360  104.341100     8.9 
 2008  7 21  0 48 16.480    3.4    30.951360  103.259300    17.4 
 2008  7 21  1 53 34.460    2.8    32.338090  104.951900    13.4 
 2008  7 21  2 32 57.170    3.0    32.598400  105.371700    11.9 
 2008  7 21 15 31 18.390    3.3    31.321880  103.684200    16.3 
 2008  7 21 16 51 41.920    3.2    31.469620  103.937900    16.5 
 2008  7 22 11 37 57.560    3.0    31.843450  104.231300    15.0 
 2008  7 22 16 56 50.290    3.7    32.634350  105.381000    13.3 
 2008  7 23  5 11 16.510    3.8    31.847170  104.355400    10.9 
 2008  7 23  5 16 25.180    3.7    32.303780  104.858900    19.0 
 2008  7 23  5 43 39.590    2.7    31.019690  103.408400     7.6 
 2008  7 23  7 29 50.030    3.3    31.725680  104.254500    11.7 
 2008  7 23  8 16 38.500    2.8    32.154940  104.587700    14.1 
 2008  7 23 10 29 47.190    3.3    32.580580  105.088300    17.3 
 2008  7 23 20 29 28.150    2.8    31.845550  104.303800     6.8 
 2008  7 24  0 54 13.060    2.8    31.730610  104.205800    12.5 
 2008  7 24  1 30 17.880    4.1    32.555420  105.149300    15.3 
 2008  7 24  1 42 25.400    2.8    32.360950  105.005400    16.5 
 2008  7 24  3 54 43.720    6.0    32.823830  105.500900    13.5 
 2008  7 24  4  1 48.520    3.0    32.807780  105.446600     6.2 
 2008  7 24  4  8 21.330    2.8    32.833890  105.475700    14.2 
 2008  7 24  4 50 47.100    3.1    32.831820  105.493000    12.6 
 2008  7 24 12 24 35.050    3.4    32.121880  104.638600    12.9 
 2008  7 24 13 30  9.120    5.2    32.832690  105.488000    13.0 
 2008  7 24 13 59 41.540    2.7    32.773620  105.496900    10.3 
 2008  7 24 14 55   .800    3.5    31.741630  104.334700     8.7 
 2008  7 24 15  9 28.520    6.3    32.834110  105.488800    12.7 
 2008  7 24 15 34 12.190    2.8    32.843350  105.484200     4.6 
 2008  7 24 16  1  5.980    2.9    32.837220  105.476400     8.2 
 2008  7 24 16 28 17.690    3.5    31.219110  103.484500    14.8 
 2008  7 24 17 26 48.410    3.2    31.397830  103.895000    16.2 
 2008  7 24 18 51 54.600    2.8    31.529940  104.110200    12.0 
 2008  7 24 22 59 35.870    2.9    32.385250  104.993700    16.2 
 2008  7 25 11  5  1.930    3.0    32.542300  105.205100    17.7 
 2008  7 25 11 13 26.100    2.9    32.800360  105.459000     7.2 
 2008  7 25 12 37  8.000    2.9    32.351170  104.958400    13.1 
 2008  7 25 15  5 29.710    2.9    31.701280  104.095400    15.4 
 2008  7 25 15 18 32.620    3.8    31.509590  103.934700    15.8 
 2008  7 25 23  8 18.920    3.0    32.831340  105.494300    11.7 
 2008  7 26  5 22 21.010    3.1    31.291460  103.433900    11.2 
 2008  7 26  5 25 52.090    3.8    30.759200  103.225700    19.8 
 2008  7 26  5 27 40.040    4.1    30.764800  103.226600    19.3 
 2008  7 27  0 16 17.060    3.6    31.634370  103.162900    10.0 
 2008  7 27  1  3  8.940    4.0    30.810750  103.363100    14.6 
 2008  7 27  3 54 59.120    3.1    32.697830  105.292300     6.9 
 2008  7 27  4  7 29.640    2.8    32.849740  105.472600     9.6 
 2008  7 27  5 24 24.450    3.0    32.677830  105.391700    13.8 
 2008  7 27 10 56 17.890    3.4    31.072410  103.401200    11.2 
 2008  7 27 18 17 48.810    3.4    32.539980  105.209500    12.3 
 2008  7 27 20  7 40.880    2.9    32.572810  105.177500    17.0 
 2008  7 27 20 38  6.060    2.9    31.512390  103.921000    15.7 
 2008  7 27 21 23 21.730    3.4    31.954950  104.273900    15.1 
 2008  7 27 21 30 26.300    3.4    32.549130  105.242500    13.7 
 2008  7 27 21 39 30.890    3.0    32.332660  104.944500    11.3 
 2008  7 27 22 57 36.950    2.8    31.782610  104.274100     9.8 
 2008  7 28 10 17 22.740    3.4    32.292800  104.875800    15.5 
 2008  7 28 10 24 35.410    2.8    32.189530  104.622500    13.2 
 2008  7 28 12 36 56.340    3.2    31.059670  103.402900    13.4 
 2008  7 28 13 25  3.920    3.4    32.339350  104.953500    17.0 
 2008  7 29  5 44 31.850    2.8    31.351790  103.742700    16.1 
 2008  7 29  7 32 59.470    2.8    32.804550  105.466400    10.1 
 2008  7 29  7 52  8.090    4.5    31.359230  103.833300    17.7 
 2008  7 29  8 19  8.890    2.8    32.696030  105.422300    11.0 
 2008  7 29  9 10 50.370    3.5    32.806840  105.480400     9.9 
 2008  7 29 12  6 29.260    3.3    32.226150  104.608400    16.6 
 2008  7 29 13  7 10.170    3.0    31.896980  104.253400    11.1 
 2008  7 29 18 23 43.090    3.0    31.198620  103.575600     8.9 
 2008  7 29 19 10  1.730    3.0    32.156780  104.622000    17.0 
 2008  7 30 15 18 14.530    3.7    31.026970  103.294000    17.7 
 2008  7 30 15 26  6.970    3.5    31.406020  103.892300    16.7 
 2008  7 30 16 36  7.760    3.3    32.313910  104.752400    19.2 
 2008  7 30 18 21 35.090    3.4    30.879930  103.359200    14.3 
 2008  7 30 19 20 39.460    3.0    31.415220  103.888500    15.5 
 2008  7 30 19 57 17.960    3.2    32.686210  105.419400    11.1 
 2008  7 30 21  6 31.600    2.8    31.119800  103.312600    15.3 
 2008  7 30 21 26 43.090    3.1    32.446700  105.075500    14.5 
 2008  7 31  6 34 48.140    2.9    31.689430  104.246200     8.6 
 2008  7 31 13 43 33.700    2.8    32.676890  105.381300    13.9 
 2008  7 31 17  0 53.750    3.5    30.925830  103.344800    17.3 
 2008  8  1  0 45 51.810    2.6    32.306800  104.999000    13.7 
 2008  8  1  0 58 45.230    2.6    31.740040  104.241600    13.6 
 2008  8  1  1 34 17.120    2.6    31.092650  103.666600    13.7 
 2008  8  1  2 57  5.960    2.9    31.389110  103.313100    14.8 
 2008  8  1  3  1  5.410    2.9    32.526970  105.203300    16.3 
 2008  8  1  3  3  3.380    2.6    32.084070  104.452700     9.2 
 2008  8  1  3 25 42.790    2.7    32.086340  104.450700    15.7 
 2008  8  1  4 16 13.250    3.4    32.591750  105.312700    15.5 
 2008  8  1  5 32 52.070    2.7    31.220930  103.265100    15.5 
 2008  8  1  6 38 25.910    2.7    31.213980  103.458100    14.3 
 2008  8  1  7 51  9.810    3.0    31.163780  103.508500    11.8 
 2008  8  1 10 41 44.130    4.1    31.307170  103.430400    13.7 
 2008  8  1 10 55 17.160    3.5    32.538960  105.213100    14.5 
 2008  8  1 14 36 48.410    2.6    31.839340  104.145800    12.6 
 2008  8  1 16 32 42.230    6.1    32.094750  104.619900    14.3 
 2008  8  1 16 39 18.920    4.4    32.127280  104.631800    10.3 
 2008  8  1 17  0  9.510    3.7    32.127110  104.630400    14.9 
 2008  8  1 17  3 44.720    3.1    32.102690  104.618700    10.6 
 2008  8  1 17  7 45.340    3.0    32.096570  104.634100    10.9 
 2008  8  1 17 10 30.400    2.7    32.106320  104.622900     9.1 
 2008  8  1 17 18 13.990    3.2    32.134080  104.662800    14.8 
 2008  8  1 17 54  9.040    3.4    32.090820  104.622500    15.2 
 2008  8  1 17 57 30.920    3.6    32.083560  104.613000    12.9 
 2008  8  1 18  9 52.340    2.5    32.091740  104.628700    11.4 
 2008  8  1 18 18  1.970    2.9    32.136450  104.509000    17.4 
 2008  8  1 18 18 44.750    3.5    32.103370  104.615500    17.5 
 2008  8  1 18 46 53.720    2.8    32.292560  104.812500    11.3 
 2008  8  1 19 11 27.390    3.2    32.110090  104.630600    16.3 
 2008  8  1 20  0 43.540    3.6    32.099340  104.637600    12.5 
 2008  8  1 20  7 32.550    2.8    31.309950  103.426200     9.5 
 2008  8  1 20 55 28.770    3.9    32.076420  104.602900    15.4 
 2008  8  1 21 26 55.760    3.1    32.108830  104.627300    13.1 
 2008  8  1 22  4 30.910    3.3    32.093390  104.633300    10.6 
 2008  8  1 22 27 12.340    3.0    32.089600  104.614400    15.4 
 2008  8  1 22 41 52.100    2.7    32.232000  104.814000    12.3 
 2008  8  1 23 11 27.890    3.6    32.090780  104.621100    14.0 
 2008  8  2  0 16 19.460    2.9    32.780620  105.535100    14.4 
 2008  8  2  1  9 25.760    2.9    32.110250  104.639600    13.4 
 2008  8  2  1 55 19.780    3.3    32.090550  104.633000    15.5 
 2008  8  2  2 12 16.640    5.2    32.499040  105.164200    15.3 
 2008  8  2  3 28  5.240    3.1    32.338790  104.931400    18.1 
 2008  8  2  3 42 20.560    3.1    32.497680  105.159900    14.7 
 2008  8  2  3 53 19.670    3.3    32.337230  104.935300    18.3 
 2008  8  2  4 28 48.020    2.8    31.674250  104.020500    18.1 
 2008  8  2  5  3 30.430    4.0    32.100410  104.631700    15.1 
 2008  8  2  5 17 35.520    3.4    32.507350  105.158400    15.7 
 2008  8  2  5 23 48.470    2.7    32.074490  104.594100    14.7 
 2008  8  2  6 30 29.930    3.2    31.572940  104.032300    11.9 
 2008  8  2  7  7 21.010    3.9    32.492900  105.162700    15.5 
 2008  8  2  8 51 20.410    3.4    32.500590  105.161600    16.0 
 2008  8  2  9 28 53.390    2.9    31.252670  103.656500    13.7 
 2008  8  2  9 56 30.060    3.3    32.788830  105.469100    12.6 
 2008  8  2 10  7  2.800    2.9    32.805920  105.466000     8.3 
 2008  8  2 11 38  2.390    2.9    32.076690  104.598400    14.0 
 2008  8  2 11 42 29.600    3.5    31.264740  103.592800    11.7 
 2008  8  2 12 46 48.030    3.3    31.032540  103.187400    18.2 
 2008  8  2 13 52 30.060    2.8    32.095480  104.622000    15.1 
 2008  8  2 14 52 34.790    3.0    32.680070  105.379800    14.1 
 2008  8  2 14 58 12.030    3.6    32.253860  104.954100    12.2 
 2008  8  2 15  8  9.310    2.6    32.121240  104.636900    16.0 
 2008  8  2 15 32 12.410    3.2    32.186260  104.618000    14.4 
 2008  8  2 15 50 34.640    2.7    32.490800  105.161500    13.2 
 2008  8  2 16 27 40.450    2.8    31.118980  103.381800    20.4 
 2008  8  2 18 25 30.440    2.9    32.078270  104.607700    11.6 
 2008  8  2 19 56 51.420    2.9    32.105380  104.627400    13.2 
 2008  8  2 20 21 35.580    3.8    32.503990  105.156900    15.3 
 2008  8  2 21 25 45.470    4.6    32.770180  105.580300    16.6 
 2008  8  2 21 35 58.930    4.5    32.611300  105.381400    20.0 
 2008  8  2 21 57 52.910    2.8    31.364060  103.587300    16.0 
 2008  8  2 22 25  5.350    2.6    32.313720  104.871800    11.4 
 2008  8  2 23 13 46.640    2.8    31.163610  103.833500    18.8 
 2008  8  2 23 39 55.420    3.6    31.024740  103.216500    14.9 
 2008  8  2 23 49 24.140    2.5    32.762090  105.585400    15.7 
 2008  8  3  0  6 33.610    3.2    31.529680  103.935200    15.5 
 2008  8  3  0 15 55.980    3.1    31.373990  103.852400    16.4 
 2008  8  3  1  5 59.690    3.0    32.096760  104.616700    15.0 
 2008  8  3  2  8 32.020    3.3    32.766110  105.575700    16.7 
 2008  8  3  2 20 48.450    2.7    32.126910  104.651900    15.9 
 2008  8  3  2 58 40.700    2.7    31.773780  104.273500    12.8 
 2008  8  3  3 15  2.560    2.9    31.202190  103.429800    13.5 
 2008  8  3  5 37 49.130    2.6    31.685520  104.091600    14.4 
 2008  8  3  6 15 15.560    2.6    30.967220  103.301700    13.4 
 2008  8  3  6 25  5.810    3.2    32.763710  105.582900    16.6 
 2008  8  3  7  7 29.270    2.9    32.845500  105.474300    11.9 
 2008  8  3  7 18 39.230    3.2    31.863840  104.135900    15.6 
 2008  8  3  8 12 47.390    2.6    32.533770  105.219000    14.4 
 2008  8  3  8 50 17.780    3.6    31.358220  103.289200    14.7 
 2008  8  3 11  4 38.020    2.6    31.569110  104.251100    14.2 
 2008  8  3 12 31  9.320    2.7    31.851740  104.031100    14.6 
 2008  8  3 12 58 27.000    2.6    31.896300  104.240700     8.2 
 2008  8  3 14  0 12.420    2.7    32.266540  104.846600    14.1 
 2008  8  3 14 45 28.070    3.5    30.768040  103.330100    14.5 
 2008  8  3 14 45 28.590    3.7    30.765240  103.333300    14.7 
 2008  8  3 15  1 55.530    3.0    31.725650  104.201200    10.5 
 2008  8  3 15 58 50.710    2.6    32.334350  104.936800    16.8 
 2008  8  3 16 30 28.930    2.9    32.560920  105.212800    11.0 
 2008  8  3 16 31 17.420    3.0    32.189270  104.512100    16.8 
 2008  8  3 17 26 46.430    2.7    31.014980  103.383800    11.8 
 2008  8  3 17 34 47.150    2.9    32.420930  105.160300    16.0 
 2008  8  3 20  4 47.690    3.9    32.827730  105.439900     8.1 
 2008  8  3 23 41 50.560    2.5    32.329520  104.807100    12.6 
 2008  8  4  0  1 22.610    1.7    31.299970  103.659300    13.9 
 2008  8  4  0  6 55.490    1.9    31.422540  103.947300     7.0 
 2008  8  4  0 12 13.560    2.2    32.207280  104.621700    13.2 
 2008  8  4  0 27  1.030    2.8    31.821080  104.349400     4.2 
 2008  8  4  0 27  1.720    2.8    31.824180  104.350300     7.8 
 2008  8  4  0 47 20.480    2.1    31.518890  104.029800    14.8 
 2008  8  4  0 57  6.200    1.4    31.276880  103.542500     6.5 
 2008  8  4  1 10 51.270    3.1    31.196020  103.636500    11.4 
 2008  8  4  1 25 24.840    2.6    32.261880  104.892400    16.9 
 2008  8  4  1 34 59.670    1.9    32.629920  105.315100    13.7 
 2008  8  4  1 52 10.150    2.1    32.655820  105.353800    16.4 
 2008  8  4  2  7 31.060    1.3    31.359780  103.348100    15.0 
 2008  8  4  2 21   .490    2.3    31.893700  104.245600     2.2 
 2008  8  4  2 41 56.580    2.1    32.107320  104.619500    14.0 
 2008  8  4  2 58 23.900    1.5    31.010620  103.397900     1.3 
 2008  8  4  3  3 26.070    2.5    31.838050  104.287200    13.6 
 2008  8  4  3  8 50.550    1.8    32.105000  104.589700    12.0 
 2008  8  4  3 18  1.860    1.8    31.297980  103.641300     9.5 
 2008  8  4  3 25 24.390    1.6    31.150620  103.323900    15.9 
 2008  8  4  3 47 58.890    1.8    32.097580  104.621400    13.8 
 2008  8  4  4  1 29.490    2.7    31.315600  103.473500    10.2 
 2008  8  4  4  2 52.990    2.5    31.247340  103.528000    16.8 
 2008  8  4  4 40 17.230    2.5    31.531110  103.935200    14.8 
 2008  8  4  5 36 44.530    2.2    31.547270  104.020000    14.7 
 2008  8  4  5 38  6.690    2.5    32.373250  104.726200    16.9 
 2008  8  4  6 17 30.790    2.3    31.356440  103.831600    15.6 
 2008  8  4  6 41 18.990    2.4    32.131930  104.638800    13.0 
 2008  8  4  6 57 32.300    3.1    32.577150  105.227500    18.0 
 2008  8  4  7  5 29.030    2.5    31.397950  103.838600    14.4 
 2008  8  4  7 27 42.160    2.5    32.390590  105.006300     8.8 
 2008  8  4  8 19 20.710    3.6    32.103350  104.624500    16.8 
 2008  8  4  9 39  9.820    2.6    31.411450  103.777300    16.0 
 2008  8  4  9 51 45.920    2.6    31.448370  103.901700    15.6 
 2008  8  4 12  5 20.760    2.2    32.099400  104.634100    12.0 
 2008  8  4 12 19  6.830    1.5    31.343540  103.829100     1.8 
 2008  8  4 12 54 54.370    2.1    32.127030  104.653100    11.7 
 2008  8  4 13 11 11.040    2.6    32.139140  104.671800    10.9 
 2008  8  4 13 31 40.130    2.4    32.531140  105.253900    13.5 
 2008  8  4 14 33 14.480    1.9    30.852170  103.276400    15.0 
 2008  8  4 15  8 58.590    2.9    32.592270  105.292500    16.6 
 2008  8  4 15 15 42.140    3.0    32.203600  104.580700    16.4 
 2008  8  4 15 19 22.770    1.9    31.858140  104.315800     6.6 
 2008  8  4 15 27  6.810    2.1    32.397340  105.026400    17.0 
 2008  8  4 15 31 51.850    1.9    31.036460  103.186500    17.5 
 2008  8  4 15 44 18.600    2.3    31.592650  104.049000    15.1 
 2008  8  4 16  6 35.470    2.4    32.074050  104.574800    13.7 
 2008  8  4 16 43 17.400    2.0    31.874490  104.128400     1.6 
 2008  8  4 16 54 28.900    2.2    32.564640  105.268400    12.8 
 2008  8  4 17 18 22.810    3.4    31.538330  103.166700    12.0 
 2008  8  4 17 19  7.590    4.2    31.535500  103.157600    12.3 
 2008  8  4 17 23 48.200    2.9    31.535480  103.163600    12.4 
 2008  8  4 17 28 37.020    2.1    31.534520  103.159000    12.1 
 2008  8  4 17 34 45.440    2.0    31.534930  103.160800    11.1 
 2008  8  4 17 39 58.730    4.0    31.537660  103.169700    11.8 
 2008  8  4 17 59 15.850    2.4    31.316100  103.434800     8.7 
 2008  8  4 18  1 58.860    1.7    31.315900  103.433800     5.6 
 2008  8  4 18 53 45.790    1.8    31.333560  103.834500    17.9 
 2008  8  4 19 35 44.190    2.7    31.760840  104.174600    11.4 
 2008  8  4 20 11 28.660    1.9    32.494240  105.202000    14.8 
 2008  8  4 20 12 15.470    2.4    30.897080  103.271900    18.4 
 2008  8  4 20 56 35.670    2.6    32.798590  105.485000     1.6 
 2008  8  4 21  1 38.340    2.9    32.324390  104.827300    19.3 
 2008  8  4 21 11 27.800    2.1    31.522530  103.936300    14.8 
 2008  8  4 21 30 55.410    1.8    31.332400  103.803500    15.2 
 2008  8  4 22  2  1.900    1.1    31.344270  103.406100     8.3 
 2008  8  4 22 14 40.830    2.7    32.214950  104.533200    15.5 
 2008  8  4 23 27 16.990    2.2    32.183780  104.573700    14.0 
 2008  8  4 23 31 24.910    2.0    32.207170  104.578700    15.8 
 2008  8  4 23 44  7.510    2.5    31.203160  103.533000    11.5 
 2008  8  5  0 28  2.210    2.4    31.293430  103.792600    14.4 
 2008  8  5  0 34 34.890    3.5    31.789470  104.313200     9.2 
 2008  8  5  1  2 18.960    1.5    31.264150  103.726100    13.7 
 2008  8  5  1 13 40.800    2.1    31.940730  104.566500    16.8 
 2008  8  5  2 15 49.900    1.4    31.330190  103.772600    10.3 
 2008  8  5  2 35 55.610    2.4    32.043300  104.375700    16.6 
 2008  8  5  2 41 27.120    3.0    32.404780  105.040400    16.4 
 2008  8  5  2 57  8.670    2.1    32.092550  104.627100    13.4 
 2008  8  5  3 17 52.850    1.9    31.740630  104.150600     7.6 
 2008  8  5  3 28 24.470    2.0    30.940360  103.273400    13.3 
 2008  8  5  3 32 25.800    2.4    32.035610  104.532600    14.7 
 2008  8  5  3 56 12.890    1.7    31.885150  104.355900     7.7 
 2008  8  5  4  3 47.100    2.0    31.358480  103.181700     7.4 
 2008  8  5  4 24 57.100    2.0    30.995890  103.333500     3.3 
 2008  8  5  4 28  8.260    2.9    31.269590  103.626900    11.2 
 2008  8  5  5 45 59.870    2.0    32.101960  104.627100    10.8 
 2008  8  5  5 48 40.510    1.9    31.030660  103.451900     9.2 
 2008  8  5  6 35 57.580    2.4    32.665590  105.409000    11.2 
 2008  8  5  6 52 57.950    2.5    31.280470  103.367500    10.8 
 2008  8  5  7 27 17.180    2.8    31.306880  103.596100    15.0 
 2008  8  5  7 52 38.900    2.3    31.166050  103.413300     5.3 
 2008  8  5  8  7 37.650    2.3    31.435300  103.770600    17.4 
 2008  8  5  8 12 29.400    2.1    32.468550  105.037600    12.5 
 2008  8  5  8 27 13.400    2.0    31.422190  103.890300    13.0 
 2008  8  5  8 30 58.790    2.7    32.144810  104.596100    15.1 
 2008  8  5  8 34 45.430    2.1    31.099630  103.389900     2.3 
 2008  8  5  8 46 35.570    2.2    31.942250  104.246700    15.0 
 2008  8  5  8 53  1.880    2.3    31.575180  104.057100    12.1 
 2008  8  5  9 31 15.280    1.9    31.489360  103.898100    15.3 
 2008  8  5  9 51 15.710    2.3    32.756120  105.509400    15.3 
 2008  8  5 10  6 43.790    2.8    31.551310  104.090800    14.3 
 2008  8  5 10 21 18.300    2.4    31.482350  103.936100    14.7 
 2008  8  5 10 37 52.200    3.8    31.288850  103.746500    12.7 
 2008  8  5 10 41  1.900    2.0    31.157030  103.507000    10.2 
 2008  8  5 10 57 41.700    4.1    32.692950  105.435800    13.0 
 2008  8  5 11  7  5.000    2.9    31.297920  103.783100    12.1 
 2008  8  5 11 31 37.450    2.8    32.085080  104.612100    12.4 
 2008  8  5 12 14 55.620    2.2    32.140710  104.605200    15.3 
 2008  8  5 12 33 37.810    1.8    31.473630  103.927900    14.3 
 2008  8  5 12 43 49.710    2.0    31.242950  103.660700     9.0 
 2008  8  5 13  9 51.710    2.9    32.359230  105.000000    17.1 
 2008  8  5 13 37  2.340    3.0    31.538610  103.166200    11.9 
 2008  8  5 13 40 38.190    2.5    31.805170  104.309200    11.6 
 2008  8  5 13 47 44.960    1.8    31.369630  103.331300    11.0 
 2008  8  5 14 42 30.780    2.3    31.377530  103.680800    17.7 
 2008  8  5 14 58 16.560    2.7    31.027070  103.181200    19.5 
 2008  8  5 15 30 24.330    1.5    31.338500  103.440000    11.9 
 2008  8  5 15 42  3.400    3.9    32.445410  105.074700    16.6 
 2008  8  5 16 21 28.200    2.2    31.001710  103.170200    15.8 
 2008  8  5 17 49 15.720    6.2    32.799110  105.470100    11.1 
 2008  8  5 18 11  1.260    2.9    32.819790  105.456800     8.8 
 2008  8  5 18 14  1.400    2.7    32.798750  105.468100    10.1 
 2008  8  5 18 26 26.470    2.5    32.381900  104.995000    15.9 
 2008  8  5 18 33 12.250    1.8    31.402240  103.810400    13.3 
 2008  8  5 18 39 17.640    3.4    32.808160  105.487500    10.7 
 2008  8  5 18 48  1.220    2.5    32.784780  105.474000     9.4 
 2008  8  5 18 56 45.520    2.1    32.823400  105.477000    12.2 
 2008  8  5 19  6 44.620    3.1    32.280010  104.993600    14.0 
 2008  8  5 19 11 59.860    2.1    31.909480  104.236700    10.3 
 2008  8  5 19 29 22.340    3.9    32.809000  105.458900    12.7 
 2008  8  5 19 34 56.990    1.7    31.475130  103.963300    11.2 
 2008  8  5 19 45 30.400    1.7    32.135940  104.628700    15.7 
 2008  8  5 20 44 13.640    1.6    31.980900  104.310700     2.4 
 2008  8  5 21 35 19.440    3.4    31.828310  104.343100    10.7 
 2008  8  5 21 42 54.640    2.2    31.825340  104.349300     1.0 
 2008  8  5 22  4 21.330    2.0    32.819450  105.455100     9.0 
 2008  8  5 22 13 22.740    2.0    31.897250  104.370200     7.2 
 2008  8  5 22 27 56.960    2.2    31.688960  104.105000    15.7 
 2008  8  5 22 30 51.240    1.8    31.822990  104.243700    10.4 
 2008  8  5 22 37  8.940    2.3    31.056730  103.239800    11.4 
 2008  8  5 22 47 58.960    2.9    32.147620  104.570800    16.1 
 2008  8  5 22 56 50.530    2.3    31.785000  104.314400     6.5 
 2008  8  5 23 11  7.180    2.1    31.551910  104.134300    12.9 
 2008  8  5 23 12 44.200    2.4    31.539570  103.157300    12.3 
 2008  8  5 23 25 19.400    2.7    32.107670  104.643200    13.2 
 2008  8  5 23 34 27.670    1.7    32.181170  104.575000    16.3 
 2008  8  5 23 41 29.170    1.9    32.115530  104.620400    14.8 
 2008  8  5 23 56 37.420    2.3    31.305840  103.194400    15.4 
 2008  8  6  0 12 50.850    3.3    31.361960  103.832800    17.5 
 2008  8  6  0 31 41.450    1.9    31.151400  103.412800    14.8 
 2008  8  6  0 40 59.090    2.5    31.352800  103.366200     7.4 
 2008  8  6  2  5 10.520    2.3    32.564280  105.257700    13.3 
 2008  8  6  2  8 20.320    2.2    32.129860  104.555400    15.8 
 2008  8  6  2 19  9.880    2.7    32.811420  105.458400    11.8 
 2008  8  6  3  2  9.660    2.0    32.804330  105.411500    11.0 
 2008  8  6  3  4 49.540    1.1    31.311690  103.425000     8.7 
 2008  8  6  3 21  5.840    2.6    32.264850  104.904000    11.8 
 2008  8  6  4  2 32.990    1.9    32.625500  105.315000    20.4 
 2008  8  6  4 14 17.870    3.4    32.833210  105.439500    11.1 
 2008  8  6  4 29  3.240    2.5    30.952470  103.168500    13.5 
 2008  8  6  4 34 39.790    1.9    31.045530  103.337300     2.3 
 2008  8  6  4 42 24.140    2.1    32.245070  104.786900     9.2 
 2008  8  6  4 52 29.680    1.7    31.630570  104.018800    10.9 
 2008  8  6  5  7 11.510    1.7    31.795520  104.180200     9.2 
 2008  8  6  5 56 44.340    1.9    32.770290  105.555700     9.9 
 2008  8  6  6 20  7.580    1.6    31.293110  103.552500     9.2 
 2008  8  6  6 25 15.600    2.9    32.101420  104.618200    15.2 
 2008  8  6  6 39 20.140    2.9    32.817910  105.472000     2.7 
 2008  8  6  6 49 14.940    2.4    31.795910  104.301700    12.4 
 2008  8  6  7 24 26.020    2.7    32.502370  105.161400    15.1 
 2008  8  6  7 55  5.200    4.8    32.813300  105.474200    13.5 
 2008  8  6  8 10 54.600    2.3    31.304230  103.687500    15.6 
 2008  8  6  8 31  7.840    3.7    31.005600  103.234600    15.0 
 2008  8  6  8 42 14.170    3.5    31.279900  103.206900    16.2 
 2008  8  6  8 59 37.650    3.9    32.813080  105.455700     8.2 
 2008  8  6  9 45 37.680    2.8    32.371140  105.171200    19.5 
 2008  8  6 10 37 56.380    3.8    32.767430  105.449000    11.0 
 2008  8  6 11 15 52.950    2.0    32.397320  105.070100    11.5 
 2008  8  6 11 42 25.610    4.7    32.751370  105.438100    16.8 
 2008  8  6 12  0 52.160    3.5    31.807060  104.232700    13.7 
 2008  8  6 12 47  5.220    4.7    32.842210  105.470200    10.3 
 2008  8  6 13 14 49.640    2.6    32.267390  104.946000     9.4 
 2008  8  6 13 38  3.070    2.9    32.786400  105.605000    15.9 
 2008  8  6 13 48 57.300    2.4    32.109600  104.641300    10.7 
 2008  8  6 14 51 27.530    2.3    32.773220  105.449500    10.1 
 2008  8  6 14 53 48.910    2.0    32.033080  104.367900    16.5 
 2008  8  6 15  3  3.940    2.3    32.595610  105.249300    17.5 
 2008  8  6 15 45 53.180    2.0    30.928670  103.239900    16.7 
 2008  8  6 16  2 31.960    2.0    32.375980  105.086300    13.2 
 2008  8  6 16  7  2.820    1.9    31.317630  103.552400    10.8 
 2008  8  6 16 26 17.390    2.4    31.304130  103.430400     8.5 
 2008  8  6 16 52  4.950    1.9    32.608310  105.385200    12.3 
 2008  8  6 17 41 28.850    2.9    32.303700  104.905700    15.0 
 2008  8  6 17 45 36.790    2.0    30.943210  103.177000     9.9 
 2008  8  6 17 58  7.870    2.8    31.834160  104.130100    15.8 
 2008  8  6 18 43 21.760    1.9    30.938250  103.192000    14.1 
 2008  8  6 18 53   .960    2.4    32.812590  105.457900    10.5 
 2008  8  6 19 13 52.690    2.4    31.186020  103.486900    15.7 
 2008  8  6 19 14 53.450    3.2    32.625870  105.408700    12.9 
 2008  8  6 19 30 53.960    3.0    32.586440  105.246700    18.0 
 2008  8  6 19 35  5.560    2.4    31.607740  104.157900    12.3 
 2008  8  6 19 37 21.060    1.9    30.946190  103.179200    11.3 
 2008  8  6 19 39 19.110    1.9    32.174510  104.485900    15.0 
 2008  8  6 20  1  8.730    4.3    32.828780  105.461600    11.6 
 2008  8  6 20 30 39.030    2.4    30.884610  103.390300     5.5 
 2008  8  6 20 44  4.390    1.8    32.374150  105.080100     9.3 
 2008  8  6 21 25 57.670    1.8    32.840580  105.453600     1.6 
 2008  8  6 21 32 54.620    1.7    31.332930  103.484000     2.2 
 2008  8  6 21 49 56.200    1.8    31.414920  103.885400     1.2 
 2008  8  6 23 28 33.890    2.2    31.889210  104.200700    16.3 
 2008  8  6 23 47 13.320    2.0    31.780720  104.354700    17.1 
 2008  8  7  0 29 10.760    2.3    31.018250  103.210300    16.3 
 2008  8  7  0 57 52.090    2.2    31.717530  104.103400    14.5 
 2008  8  7  1 14 32.300    2.3    31.888520  104.201800    15.9 
 2008  8  7  1 21 45.420    2.6    31.735450  104.222500     4.3 
 2008  8  7  1 52 36.860    2.0    32.421730  105.030700    15.7 
 2008  8  7  2  8 20.760    2.6    32.529690  105.066900    12.8 
 2008  8  7  2 20 26.730    2.4    31.319970  103.447000    11.3 
 2008  8  7  2 30 27.170    2.5    31.337890  103.375000    10.5 
 2008  8  7  3  8 11.960    1.6    31.289340  103.628300    15.9 
 2008  8  7  3 38 59.080    2.4    32.271620  104.897900    16.5 
 2008  8  7  3 54 15.930    2.2    31.767430  104.260400     6.6 
 2008  8  7  4  4  7.200    2.1    30.959370  103.401700     8.0 
 2008  8  7  4 10 39.830    2.2    32.141160  104.659400    14.4 
 2008  8  7  4 43 13.560    2.2    32.517250  105.148100    17.3 
 2008  8  7  4 56 51.190    2.4    31.902790  104.226700    16.6 
 2008  8  7  5 16 22.190    2.9    32.802510  105.457800    12.0 
 2008  8  7  5 24 46.760    2.2    32.372220  105.087600    18.3 
 2008  8  7  5 35 55.700    1.9    32.342980  104.940300     2.6 
 2008  8  7  6 14 51.430    2.6    32.204540  104.728200    11.9 
 2008  8  7  6 22  6.440    2.4    31.892400  104.344300     5.4 
 2008  8  7  7  3 49.220    2.0    31.317070  103.619200    14.6 
 2008  8  7  7 42 42.630    3.3    31.488240  103.346400    12.4 
 2008  8  7  8  0 53.950    2.8    32.808350  105.455900    10.0 
 2008  8  7  8 26 19.320    1.8    32.354110  104.963400    15.7 
 2008  8  7  8 26 19.570    1.9    32.347900  104.963900    11.0 
 2008  8  7  8 48 25.430    2.3    31.337580  103.380000    10.4 
 2008  8  7  9 30 39.410    2.0    32.202080  104.700800    14.4 
 2008  8  7 10 26 20.180    2.0    31.525350  104.104500    12.7 
 2008  8  7 10 37  3.620    1.9    31.060310  103.274300    15.2 
 2008  8  7 10 37 43.110    2.0    31.849040  104.224500    14.9 
 2008  8  7 10 40 18.990    1.9    31.258850  103.637300    10.6 
 2008  8  7 10 52 53.860    2.0    31.419220  103.848800    12.2 
 2008  8  7 11  9 36.520    1.6    30.948480  103.180500    16.6 
 2008  8  7 11 13  5.500    1.6    31.507250  103.925700    10.3 
 2008  8  7 11 28 33.640    1.6    31.173880  103.412200     9.5 
 2008  8  7 11 56 20.000    1.5    31.393880  103.872500    14.5 
 2008  8  7 12 12 49.220    2.1    32.639430  105.286000    12.6 
 2008  8  7 13 14  9.060    2.0    32.496300  105.222400     5.6 
 2008  8  7 13 34  1.450    2.3    32.145410  104.667500    15.7 
 2008  8  7 13 55 38.930    1.5    31.337770  103.491200     3.9 
 2008  8  7 13 57  5.440    1.5    31.357880  103.837600    12.9 
 2008  8  7 14  1 15.640    2.3    31.291340  103.528700     8.3 
 2008  8  7 14 30 30.450    2.0    32.417930  105.050200    16.9 
 2008  8  7 14 44 11.600    1.8    31.389770  103.826800    17.7 
 2008  8  7 14 45 40.870    2.1    32.323800  104.877300     4.6 
 2008  8  7 15  5 55.740    2.0    32.764160  105.426700     4.5 
 2008  8  7 15 54 12.730    2.5    31.186630  103.294300    17.9 
 2008  8  7 16 15 34.090    5.3    32.139100  104.583800    16.9 
 2008  8  7 16 34 35.590    3.1    31.147750  103.498400    13.0 
 2008  8  7 17  6 52.900    2.4    31.488620  103.892100    15.4 
 2008  8  7 17 53  7.570    3.3    31.773040  104.319200    11.3 
 2008  8  7 19 42 30.600    2.2    31.378400  103.355100    12.9 
 2008  8  7 19 48 16.550    2.8    32.458410  105.038800    13.6 
 2008  8  7 20  4 41.210    2.6    32.305420  104.808600    12.9 
 2008  8  7 20 45   .580    2.1    31.221090  103.472100    17.7 
 2008  8  7 21 15 46.000    1.5    30.833860  103.425800     7.9 
 2008  8  7 21 22 34.260    1.9    31.464390  103.936600    14.8 
 2008  8  7 21 37 40.980    2.0    31.643830  104.057100     6.9 
 2008  8  7 21 38 42.530    2.4    32.100460  104.641500    12.6 
 2008  8  7 21 47 41.940    1.9    32.027600  104.517000     1.5 
 2008  8  7 21 56 57.860    2.7    32.228730  104.819100    13.1 
 2008  8  7 22 44  9.140    1.9    31.027380  103.404400     2.9 
 2008  8  7 22 48 48.660    1.4    32.614930  105.210900    15.7 
 2008  8  7 23  1 47.720    2.3    32.247730  104.792600    14.5 
 2008  8  7 23 28 41.670    2.1    31.041700  103.360500     2.3 
 2008  8  7 23 35 26.320    1.8    31.462650  103.944400    13.6 
 2008  8  7 23 47 28.430    2.2    32.141170  104.500500    14.0 
 2008  8  7 23 49  2.310    1.8    31.178470  103.562000    12.6 
 2008  8  7 23 51 26.160    2.5    32.434790  105.173000    16.8 
 2008  8  7 23 56   .600    2.4    32.763680  105.457700     8.9 
 2008  8  8  0 26 20.190    2.4    32.095150  104.614800    14.3 
 2008  8  8  0 46 10.740    1.7    31.282790  103.372000     7.3 
 2008  8  8  0 50 58.030    2.8    31.675300  104.061900    13.9 
 2008  8  8  2  9 41.180    2.2    31.224420  103.638700     8.8 
 2008  8  8  2 34 14.080    1.9    31.850480  104.209800    16.5 
 2008  8  8  2 42  4.150    2.8    31.763660  104.188800     6.1 
 2008  8  8  3  1 29.630    2.5    31.343140  103.736900    16.3 
 2008  8  8  3 15 13.790    2.1    32.845130  105.454300     2.4 
 2008  8  8  3 30 23.450    2.1    31.325930  103.529600     8.8 
 2008  8  8  3 35 28.230    1.9    32.085480  104.620300    10.9 
 2008  8  8  3 41 27.840    1.7    32.225090  104.610900    15.0 
 2008  8  8  3 46  6.470    1.6    32.476810  105.137800    14.1 
 2008  8  8  3 47 23.530    1.7    31.915780  104.245000     8.2 
 2008  8  8  4  5 42.720    2.3    32.384720  105.137100    15.1 
 2008  8  8  4 14  2.580    2.9    31.679830  104.067500    13.7 
 2008  8  8  4 22 43.890    2.1    31.377260  103.408700     9.4 
 2008  8  8  4 41 57.810    1.8    31.776760  104.301300    10.2 
 2008  8  8  4 44 29.990    1.6    30.943480  103.270900    11.9 
 2008  8  8  5  9 59.870    2.7    31.796970  104.305100     2.4 
 2008  8  8  5 45 27.450    2.2    32.381510  104.988600    11.3 
 2008  8  8  5 49 22.710    2.5    31.336040  103.330400    13.8 
 2008  8  8  6 21 19.140    3.2    32.810660  105.430700    11.1 
 2008  8  8  6 34 16.780    4.0    31.824920  104.114400    15.2 
 2008  8  8  6 55 13.090    2.1    32.363740  104.950400    12.9 
 2008  8  8  7  2  7.750    2.5    31.335270  103.881400    13.3 
 2008  8  8  7 31 25.390    2.2    30.843150  103.261800     8.0 
 2008  8  8  7 38 13.940    1.9    31.778830  104.169200    12.8 
 2008  8  8  8  3 32.850    2.3    31.831930  104.281900    10.9 
 2008  8  8  8 25  3.680    2.4    31.266170  103.490800    14.3 
 2008  8  8  8 37 32.900    1.8    31.318620  103.540700     8.4 
 2008  8  8  9  8 55.170    2.8    31.692450  104.227700     8.9 
 2008  8  8  9 17 49.740    2.2    32.793760  105.466800     8.1 
 2008  8  8 10 35 57.240    2.1    31.339000  103.373100     9.3 
 2008  8  8 11 12  5.000    2.8    31.666410  104.028600    18.2 
 2008  8  8 11 18 47.550    2.4    32.340910  104.957400    16.7 
 2008  8  8 12 25 32.580    1.3    31.429100  103.403700     2.5 
 2008  8  8 12 43 17.390    2.4    32.023060  104.114700    15.9 
 2008  8  8 12 57 27.330    2.1    31.400180  103.746900    25.2 
 2008  8  8 13 18 28.630    2.5    31.298880  103.584500    17.0 
 2008  8  8 13 53  8.770    1.4    31.818050  104.290600    10.3 
 2008  8  8 15 52 19.900    3.5    31.245550  103.641500    15.7 
 2008  8  8 16  0 38.300    1.9    30.844210  103.442100     1.2 
 2008  8  8 17 24 13.080    2.9    31.540530  103.964500    15.3 
 2008  8  8 18 35  8.210    2.5    32.417640  104.986700    14.2 
 2008  8  8 18 44 49.050    2.3    31.953870  104.367200     9.1 
 2008  8  8 18 56  8.100    3.2    31.231070  103.662900    15.7 
 2008  8  8 19  1  8.140    3.6    32.806570  105.479200    12.3 
 2008  8  8 20  6 34.570    1.7    31.147990  103.394100    12.7 
 2008  8  8 20 22 47.060    1.9    31.837210  104.138100     9.5 
 2008  8  8 20 53 20.070    1.8    32.472230  105.051600     6.2 
 2008  8  8 21  6 44.320    1.9    31.307770  103.749600    17.1 
 2008  8  8 21  8 16.260    2.4    32.380280  105.029500    13.6 
 2008  8  8 21 12 18.640    4.7    31.491660  103.872000    17.2 
 2008  8  8 21 47 11.680    1.7    31.484740  103.866400    15.3 
 2008  8  8 21 50 56.980    3.8    32.542140  105.236100    12.7 
 2008  8  8 22  2  3.160    2.2    32.542320  105.164800    10.8 
 2008  8  8 22 12  5.180    1.6    32.567000  105.171500    14.3 
 2008  8  8 22 17 36.650    4.1    30.834860  103.418300    16.0 
 2008  8  8 22 31 20.520    2.0    31.428900  103.808100    14.9 
 2008  8  8 22 39 53.330    1.2    31.305150  103.561200     9.3 
 2008  8  8 22 48 28.960    1.9    31.960020  104.368700    13.7 
 2008  8  8 23  2 28.990    2.0    31.529550  104.032000     7.9 
 2008  8  8 23 20 34.970    1.6    31.192260  103.525100     6.3 
 2008  8  8 23 27 28.710    1.7    31.489020  103.866700    15.8 
 2008  8  9  0 14 49.290    1.8    31.020550  103.240700    13.3 
 2008  8  9  0 23 30.150    2.8    32.097710  104.617900    14.7 
 2008  8  9  0 28 24.900    2.4    31.851040  104.292600     6.2 
 2008  8  9  0 48 24.890    2.5    32.449740  105.068800    16.0 
 2008  8  9  0 52 56.680    3.1    30.910020  103.278800    17.7 
 2008  8  9  1  6 27.910    3.5    31.187140  103.407500     9.5 
 2008  8  9  1 22 10.170    2.5    32.107390  104.596000    14.2 
 2008  8  9  1 25 43.150    1.7    30.996490  103.154200    15.7 
 2008  8  9  1 38 19.310    3.8    32.641850  105.352700    13.3 
 2008  8  9  2 15 35.010    2.1    31.497900  103.865400    17.1 
 2008  8  9  2 37 52.010    1.8    31.073810  103.287000    13.5 
 2008  8  9  2 42 49.550    2.3    31.276410  103.752000     7.8 
 2008  8  9  3  1  4.760    1.9    32.376440  105.053000    14.7 
 2008  8  9  3 32 23.030    2.8    31.006880  103.277500    16.0 
 2008  8  9  3 45 24.490    2.0    30.946220  103.256400     9.9 
 2008  8  9  3 47 45.060    1.8    31.444840  103.873000    14.1 
 2008  8  9  3 54 31.560    2.6    32.247600  104.695200    12.3 
 2008  8  9  4 10 23.210    1.9    30.983000  103.343900     4.0 
 2008  8  9  4 26 15.460    2.0    31.012240  103.283800    15.3 
 2008  8  9  4 30  2.380    1.9    31.327380  103.821800    11.7 
 2008  8  9  4 33 57.880    1.7    31.308400  103.752500    10.4 
 2008  8  9  4 55 16.430    2.2    31.968110  104.297100     7.9 
 2008  8  9  5 11 42.250    1.8    32.503140  105.112400     8.6 
 2008  8  9  5 35 37.960    3.0    31.352290  103.737200    16.9 
 2008  8  9  5 49   .030    1.6    31.291370  103.537100    13.6 
 2008  8  9  6  0  5.130    1.6    31.254460  103.553900    11.0 
 2008  8  9  6 11 20.320    1.4    30.947390  103.234100    15.7 
 2008  8  9  7  7   .990    2.8    32.350110  104.900500    21.1 
 2008  8  9  7 32 53.820    1.9    31.415750  103.788200    14.8 
 2008  8  9  7 41 50.680    2.6    32.343480  104.952500    17.1 
 2008  8  9  8 18 14.790    2.4    31.629520  103.978400    15.8 
 2008  8  9  9  5 40.410    2.6    32.776000  105.470100    10.3 
 2008  8  9 10 15  7.220    1.4    31.267190  103.810400     9.4 
 2008  8  9 10 44 31.830    1.9    31.304110  103.418900     7.5 
 2008  8  9 10 53 53.960    2.1    31.235340  103.124100    12.6 
 2008  8  9 10 59 59.020    2.7    32.831710  105.441100    10.4 
 2008  8  9 11 24 56.990    1.6    31.323050  103.433800     9.0 
 2008  8  9 12 53 51.290    1.9    31.435050  103.901100    13.2 
 2008  8  9 13 25 20.970    1.9    31.237600  103.702700     4.7 
 2008  8  9 13 33 23.130    1.7    31.296390  103.529200     5.5 
 2008  8  9 13 33 23.230    1.7    31.296660  103.532500     6.7 
 2008  8  9 13 41 33.510    2.6    31.481450  103.867600    15.3 
 2008  8  9 13 59 51.380    1.9    31.340430  103.385100     9.9 
 2008  8  9 14  6 48.110    2.0    31.256550  103.430500    12.0 
 2008  8  9 16 37 20.550    2.4    31.797690  104.214200    12.9 
 2008  8  9 16 43 51.170    2.0    32.457670  105.078500    11.6 
 2008  8  9 16 57 10.050    1.9    32.421950  105.143100    17.5 
 2008  8  9 18 13 16.480    1.7    30.882350  103.286700    15.5 
 2008  8  9 18 22 48.320    2.0    31.520050  103.922800    13.3 
 2008  8  9 18 28 46.310    2.0    32.572710  105.268900    15.6 
 2008  8  9 18 47 34.100    1.8    32.575710  105.267300    15.9 
 2008  8  9 18 53 26.820    2.3    32.454680  105.129400     7.8 
 2008  8  9 18 58 24.480    2.0    32.371090  104.980500    15.1 
 2008  8  9 19  5  7.600    1.6    32.620210  105.356100    12.1 
 2008  8  9 20  6 50.460    2.4    32.278800  104.924200     8.9 
 2008  8  9 20 10 19.050    4.5    32.742870  105.445800    12.6 
 2008  8  9 20 47 41.450    1.5    31.309810  103.429900     3.8 
 2008  8  9 21  0 29.650    2.2    31.915040  104.231800    15.4 
 2008  8  9 21 28  6.720    1.7    31.913780  104.350800     2.5 
 2008  8  9 21 56 12.200    1.9    31.959050  104.299900     2.1 
 2008  8  9 22  5 24.960    2.1    32.280670  104.941300     8.3 
 2008  8  9 22 14 27.260    3.9    32.408940  105.095500    16.9 
 2008  8  9 22 30 58.460    2.0    31.546190  103.828900    13.3 
 2008  8  9 22 46 34.970    2.8    31.779700  104.174600    12.4 
 2008  8  9 23 14  1.210    1.8    31.638100  104.052000    12.7 
 2008  8  9 23 22 20.910    3.2    30.900870  103.300000    17.3 
 2008  8  9 23 36 54.980    1.2    31.302580  103.433000    12.6 
 2008  8  9 23 55 15.730    1.7    31.522310  103.965600    13.0 
 2008  8 10  0  2 54.630    1.5    32.088110  104.620300    13.3 
 2008  8 10  0 12 35.150    4.3    32.404900  105.072200    16.3 
 2008  8 10  0 31 34.860    4.2    32.554530  105.200200    10.4 
 2008  8 10  0 47 36.480    2.2    32.294970  104.856100    16.1 
 2008  8 10  1  5 36.460    1.7    30.966250  103.249200     7.5 
 2008  8 10  1 44 50.830    1.6    31.017670  103.354200    14.4 
 2008  8 10  2 25  7.210    2.7    32.611530  105.301300    17.5 
 2008  8 10  2 27 58.470    1.7    32.578290  105.334200    13.1 
 2008  8 10  2 28 54.230    1.7    31.644180  104.060700    12.1 
 2008  8 10  2 34 28.200    1.3    31.344740  103.871000    11.6 
 2008  8 10  2 38 43.400    2.1    32.291250  104.938200    11.1 
 2008  8 10  3 14 29.230    2.1    31.199930  103.481500    11.3 
 2008  8 10  3 16  8.940    2.2    32.410520  105.068100    17.3 
 2008  8 10  3 59   .990    2.6    31.580600  104.027900    15.1 
 2008  8 10  4 58 24.850    2.4    31.764810  104.274600     9.3 
 2008  8 10  5 10 14.000    2.8    31.700130  104.096000    17.2 
 2008  8 10  5 19 58.520    1.4    31.327510  103.637900    13.9 
 2008  8 10  5 25  6.250    3.1    32.824070  105.460200     6.0 
 2008  8 10  5 32 45.860    2.6    32.585210  105.303600    13.4 
 2008  8 10  5 55 34.580    2.3    31.441680  103.839500    16.5 
 2008  8 10  6 16 24.680    1.9    32.102680  104.618900    15.3 
 2008  8 10  6 30 24.500    1.8    32.513310  105.095000    12.0 
 2008  8 10  6 58   .220    3.0    31.892310  104.219200    12.6 
 2008  8 10  7  0 55.720    1.6    31.508230  103.923400    13.5 
 2008  8 10  7 23 57.050    2.0    32.580600  105.184800     5.9 
 2008  8 10  7 52 59.690    2.4    32.104450  104.645800    11.9 
 2008  8 10  7 53   .300    2.4    32.100690  104.630800    11.6 
 2008  8 10  8  0 14.060    2.0    32.333390  104.967000    13.7 
 2008  8 10  8 37 53.330    2.4    31.346610  103.866000    12.4 
 2008  8 10  9 14  6.710    2.7    32.344550  104.963800    15.7 
 2008  8 10  9 36 58.290    2.2    31.297820  103.706300     9.9 
 2008  8 10 10 31  3.910    1.8    31.284360  103.533500    12.5 
 2008  8 10 11 15 58.830    2.1    31.334150  103.137000    13.2 
 2008  8 10 11 53 15.880    2.7    32.064500  104.421300    14.7 
 2008  8 10 12 35 23.060    2.7    32.349580  104.967400    15.2 
 2008  8 10 12 38  7.820    4.5    32.466450  105.107600    17.1 
 2008  8 10 13 18 34.620    2.5    31.357720  103.709500    17.2 
 2008  8 10 14 18 37.780    1.9    31.351370  103.361500     8.2 
 2008  8 10 15  0 13.720    2.9    31.798660  104.272100    11.2 
 2008  8 10 15 12 55.150    2.5    32.180220  104.571800    16.3 
 2008  8 10 15 19 12.340    1.8    31.794880  104.192200    14.4 
 2008  8 10 15 27  8.210    2.3    31.911650  104.305100     6.7 
 2008  8 10 15 50 13.970    1.6    31.298170  103.706100     6.4 
 2008  8 10 17  3 10.590    2.0    32.256270  104.885700    19.6 
 2008  8 10 17 18 40.250    1.6    31.285350  103.731800    14.7 
 2008  8 10 17 33 37.320    1.8    31.025390  103.180300    17.4 
 2008  8 10 18  8 19.940    2.3    32.464450  105.080400    11.1 
 2008  8 10 18 28 22.760    2.8    31.771620  104.271700     2.0 
 2008  8 10 18 32 44.880    2.0    31.286350  103.761500     4.6 
 2008  8 10 19 24 41.780    2.1    31.454600  103.915300     7.0 
 2008  8 10 19 30 37.150    1.9    31.216390  103.471000     6.5 
 2008  8 10 19 40 16.440    3.1    32.550940  105.199400     9.7 
 2008  8 10 19 45 24.430    3.1    32.568990  105.328600    12.6 
 2008  8 10 20 43 52.720    2.2    31.516770  103.516400     8.4 
 2008  8 10 20 52 20.090    1.9    32.389500  105.008400    13.9 
 2008  8 10 21 12 13.090    1.8    31.622750  103.928200    15.3 
 2008  8 10 21 19 30.600    1.6    31.339320  103.348700     2.7 
 2008  8 10 21 43 28.640    2.2    31.776780  104.256200     2.2 
 2008  8 10 22 14 36.690    2.9    31.384750  103.873400    15.4 
 2008  8 10 23 16 46.610    2.2    31.952650  104.369300    14.4 
 2008  8 10 23 29 44.460    3.6    32.231610  104.922200    15.9 
 2008  8 10 23 54 25.930    2.6    31.272280  103.557500    11.7 
 2008  8 11  0 14 29.200    1.6    31.441530  103.864100    10.6 
 2008  8 11  0 21 41.660    2.6    31.858180  104.424200     2.9 
 2008  8 11  0 40 47.490    1.4    31.285940  103.463900     8.4 
 2008  8 11  1  7 37.120    2.2    32.327340  104.916700    16.4 
 2008  8 11  1  9 46.860    2.3    32.445820  105.088000    16.1 
 2008  8 11  1 26 14.600    1.5    31.321880  103.480600    10.3 
 2008  8 11  1 33 41.500    1.5    31.311530  103.555600    12.1 
 2008  8 11  1 49 47.010    1.7    31.157190  103.463600    12.6 
 2008  8 11  2  9  5.150    2.1    31.015960  103.383700    15.9 
 2008  8 11  2 35  3.790    1.8    32.752750  105.443300    12.0 
 2008  8 11  2 38 48.810    1.3    31.373780  103.342100     8.4 
 2008  8 11  2 52 42.080    2.2    31.452350  103.865600    15.7 
 2008  8 11  3 13 40.600    2.6    31.234330  103.469600    13.4 
 2008  8 11  3 19 46.900    1.8    32.776940  105.427400     8.0 
 2008  8 11  3 26 25.070    1.9    31.000680  103.165600    13.9 
 2008  8 11  3 37 47.260    2.0    32.424660  104.992000    11.3 
 2008  8 11  4  6 50.030    2.4    30.913140  103.253700    15.9 
 2008  8 11  4 16  4.110    1.9    31.322400  103.363600    10.3 
 2008  8 11  4 37 47.550    3.2    31.783030  104.011500    15.8 
 2008  8 11  4 40 17.440    2.6    31.190230  103.458200     2.2 
 2008  8 11  5  9 59.670    1.8    31.957470  104.240500    17.1 
 2008  8 11  5 21  7.750    2.2    31.546130  104.115500    11.0 
 2008  8 11  5 57  9.740    2.1    31.329970  103.384400    11.4 
 2008  8 11  5 59  5.880    2.4    31.331980  103.428400    10.7 
 2008  8 11  6  6 32.830    1.5    30.881110  103.478900     6.6 
 2008  8 11  6 24 10.920    2.2    32.336660  104.936200    16.7 
 2008  8 11  7  4 19.500    3.3    31.262970  103.644100    12.7 
 2008  8 11  7 56 30.240    2.3    31.259100  103.629800    11.1 
 2008  8 11  7 59  6.940    2.0    30.725280  103.362700     7.5 
 2008  8 11  8  8 45.230    1.9    31.200920  103.609700     1.9 
 2008  8 11  8 49 11.320    3.1    31.315650  103.459900     8.6 
 2008  8 11  9  0  8.990    3.2    32.441890  105.089800    16.5 
 2008  8 11  9 10 33.200    2.7    32.294770  104.893500    12.5 
 2008  8 11  9 21 12.550    3.1    31.889510  104.431600     8.4 
 2008  8 11  9 27 20.700    3.1    32.505290  105.205700    15.2 
 2008  8 11 10 16 56.970    3.3    31.695040  104.040200    17.7 
 2008  8 11 10 41 52.470    2.9    31.368770  103.673900    17.5 
 2008  8 11 11  0 41.050    1.7    31.235280  103.631300    10.5 
 2008  8 11 11  0 41.150    1.6    31.229060  103.619900    11.3 
 2008  8 11 12 19 55.770    2.4    31.841050  104.118300    16.5 
 2008  8 11 12 21 10.900    2.3    31.845750  104.110400    16.3 
 2008  8 11 12 41 25.500    1.7    31.673140  104.059700    17.5 
 2008  8 11 13 22  7.320    2.5    32.206570  104.617700    14.7 
 2008  8 11 13 33 19.690    2.3    31.285140  103.441300     5.8 
 2008  8 11 13 50 15.050    3.1    32.051530  104.546300    15.2 
 2008  8 11 14 10 13.570    2.4    31.754380  104.140000    14.9 
 2008  8 11 14 25  5.930    2.5    31.485410  103.154500    11.5 
 2008  8 11 15 45 13.000    2.8    31.757560  104.201500     9.7 
 2008  8 11 16 21 48.470    2.5    31.142070  103.343100    14.7 
 2008  8 11 16 35  2.350    2.0    31.308860  103.539400     6.0 
 2008  8 11 18  3 27.030    2.2    31.880950  104.287900    10.4 
 2008  8 11 18  4  6.460    2.1    31.893910  104.283000     5.3 
 2008  8 11 18 20 56.040    1.9    31.319220  103.440400      .9 
 2008  8 11 19  1  3.370    2.0    32.455740  105.128800    12.2 
 2008  8 11 19 27 25.710    2.9    31.850170  104.181700    12.4 
 2008  8 11 19 31 58.990    1.8    32.301080  104.880700    13.9 
 2008  8 11 19 49 52.050    4.3    31.619740  103.957800    19.6 
 2008  8 11 20  3 24.660    2.3    30.834590  103.212100     6.7 
 2008  8 11 20  6 36.120    2.1    31.572010  104.034300    13.0 
 2008  8 11 20 27  7.940    2.2    31.391240  103.830400    18.9 
 2008  8 11 20 35 23.320    2.2    32.468930  105.147300    12.0 
 2008  8 11 20 58 40.840    2.7    31.814170  104.334600    10.0 
 2008  8 11 21  9 54.010    2.0    31.284460  103.448400     8.0 
 2008  8 11 21 17 12.280    1.8    32.436310  105.129000    12.8 
 2008  8 11 21 38 50.780    2.4    31.294680  103.774000     8.1 
 2008  8 11 21 46 10.930    2.3    32.112150  104.484000    14.1 
 2008  8 11 22 12 40.830    1.7    32.180770  104.566500    16.2 
 2008  8 11 22 21  2.130    2.5    31.301840  103.629300    12.9 
 2008  8 11 22 49 53.810    2.6    32.250290  104.944700     9.0 
 2008  8 11 23 29 43.670    3.9    31.297940  103.538100    14.0 
 2008  8 11 23 56   .720    2.0    31.745570  104.238100     7.4 
 2008  8 12  0 31   .190    1.6    31.055790  103.416800     4.3 
 2008  8 12  0 35 48.590    2.1    31.044560  103.249100    12.3 
 2008  8 12  0 36 43.840    1.9    32.630200  105.357900    19.5 
 2008  8 12  0 37 59.470    1.9    31.408420  103.898000    15.2 
 2008  8 12  0 39 23.830    2.0    31.800330  104.206700    14.9 
 2008  8 12  0 51 45.150    2.0    31.607510  103.946100    19.7 
 2008  8 12  1  9 59.080    2.1    31.789450  104.307000     6.6 
 2008  8 12  1 50 16.910    2.2    32.099000  104.598500    12.2 
 2008  8 12  1 58  3.020    2.2    32.413800  105.110400    15.7 
 2008  8 12  2 21  8.890    1.2    31.326050  103.433400     7.0 
 2008  8 12  2 29 15.580    2.0    32.195190  104.561400    17.1 
 2008  8 12  3 34 24.600    1.6    32.641430  105.343700    18.2 
 2008  8 12  3 45 30.000    2.4    32.842430  105.467400     9.8 
 2008  8 12  3 48  3.190    2.0    31.235460  103.617600     2.9 
 2008  8 12  4  9 12.430    2.2    32.622750  105.266400    18.4 
 2008  8 12  4 24 30.440    1.5    32.418190  105.054900    10.9 
 2008  8 12  4 59   .440    1.2    31.057960  103.427300    12.6 
 2008  8 12  5  8 20.080    1.3    31.365290  103.371000     4.1 
 2008  8 12  5 13 24.970    1.4    32.203480  104.654500    14.4 
 2008  8 12  5 14 27.630    1.2    31.279070  103.562300     8.4 
 2008  8 12  5 27 29.060    1.6    32.820950  105.430500    11.0 
 2008  8 12  5 32 39.270    2.3    32.690360  105.428900    11.7 
 2008  8 12  5 39 31.100    2.7    31.975740  104.433500    10.2 
 2008  8 12  5 56 16.780    2.4    31.231820  103.720400     8.7 
 2008  8 12  6 13 56.820    3.5    31.325350  103.572000    12.3 
 2008  8 12  6 49 26.690    3.1    32.359770  105.003500    17.3 
 2008  8 12  7 11 20.540    2.5    31.882420  104.306200    14.8 
 2008  8 12  8 16 56.110    1.9    32.604220  105.300500    15.4 
 2008  8 12  8 22 42.060    1.9    32.455190  105.118100    13.3 
 2008  8 12  8 25 26.380    2.9    31.021410  103.281500    10.7 
 2008  8 12  8 44  4.620    2.1    31.411700  103.889900    14.7 
 2008  8 12  8 50 48.030    2.0    31.775600  104.258700     9.9 
 2008  8 12  9 28 24.780    2.4    32.394990  104.864000     6.7 
 2008  8 12  9 37 22.070    2.1    31.698200  104.101700    13.7 
 2008  8 12 10  2 15.580    2.5    31.878280  104.295100    13.4 
 2008  8 12 10 24   .110    2.8    32.849800  105.491700    12.7 
 2008  8 12 10 30 18.120    2.0    32.817640  105.441500     7.3 
 2008  8 12 10 52 50.840    1.7    30.828770  103.397400     8.0 
 2008  8 12 11 37 26.720    3.3    31.273750  103.776600    11.8 
 2008  8 12 12  2 24.260    2.9    31.576510  104.001700    16.8 
 2008  8 12 12 37 19.180    2.4    31.199360  103.457300    14.1 
 2008  8 12 12 49  9.690    2.4    32.488080  105.147600     9.5 
 2008  8 12 13  2 30.510    2.0    31.328610  103.458500     9.6 
 2008  8 12 13 35  2.280    2.4    32.198940  104.763500    10.7 
 2008  8 12 14  4 29.170    1.8    31.321100  103.372300    14.3 
 2008  8 12 14 21  6.220    1.8    31.308680  103.376400     7.5 
 2008  8 12 14 45 35.010    2.5    31.579520  104.056000    14.1 
 2008  8 12 14 45 36.210    2.5    31.585500  104.058300    14.5 
 2008  8 12 15 24 31.760    2.6    30.809310  103.358300    11.8 
 2008  8 12 15 53 21.860    2.4    30.903880  103.359600     7.7 
 2008  8 12 16 16 38.380    2.2    31.924580  104.254000    14.5 
 2008  8 12 16 18 51.670    1.8    31.249270  103.724200     2.6 
 2008  8 12 16 36 59.210    2.9    32.769340  105.468700     9.2 
 2008  8 12 17 14 46.800    2.1    31.277090  103.748200     7.0 
 2008  8 12 17 39 48.970    2.8    32.391610  104.763600    17.9 
 2008  8 12 17 54 52.540    2.9    31.849330  104.123300    16.2 
 2008  8 12 17 58 38.390    2.3    32.276450  104.856600    14.0 
 2008  8 12 18  4 29.520    2.1    32.206150  104.757900    10.4 
 2008  8 12 18 36 53.350    2.3    32.381820  104.958800    17.5 
 2008  8 12 18 40 33.710    2.6    32.374780  105.002800    15.1 
 2008  8 12 18 55  8.080    2.1    32.572630  105.236900    17.8 
 2008  8 12 20 19 33.920    2.2    31.104090  103.520600     5.3 
 2008  8 12 20 26 42.930    2.2    31.347560  103.844200    14.9 
 2008  8 12 20 36 45.670    1.9    31.740810  104.222500    12.0 
 2008  8 12 20 58 36.020    2.2    31.349330  103.355300    14.9 
 2008  8 12 21  3 36.610    1.3    30.944560  103.208700    22.3 
 2008  8 12 21  9 22.170    2.7    32.758490  105.443900    10.5 
 2008  8 12 21 35 27.220    2.0    32.412090  105.097200    16.6 
 2008  8 12 21 47   .050    2.2    32.344340  104.972700    14.1 
 2008  8 12 21 58 27.180    2.9    30.952840  103.277000    18.5 
 2008  8 12 22  1 16.340    1.9    31.491200  103.867200    15.7 
 2008  8 12 22 22 51.610    3.7    31.259090  103.440600    14.5 
 2008  8 12 22 35   .660    1.9    30.964750  103.168300    10.5 
 2008  8 12 22 44 51.730    2.2    31.721950  104.132200     5.8 
 2008  8 12 23  1  5.900    1.7    31.079650  103.289000    12.8 
 2008  8 12 23 18   .230    2.0    32.319930  104.912100     7.2 
 2008  8 12 23 43 52.040    2.0    31.230640  103.563200    10.5 
 2008  8 12 23 44 49.410    2.3    32.384990  105.016500    12.9 
 2008  8 13  0 22 47.420    1.9    31.320080  103.428800     8.2 
 2008  8 13  0 27 29.310    2.0    31.996420  104.477900     9.5 
 2008  8 13  1  3 29.420    3.1    31.488420  103.874400    17.3 
 2008  8 13  1 21 26.590    3.1    31.309100  103.531200     9.4 
 2008  8 13  1 39 48.150    2.0    31.947850  104.233600    17.0 
 2008  8 13  1 42  3.870    2.1    31.311600  103.525400     2.3 
 2008  8 13  1 46 17.190    1.5    31.527330  103.933400    14.2 
 2008  8 13  2  5 43.350    2.6    31.497680  103.954800    15.9 
 2008  8 13  2 14 34.090    2.2    31.263960  103.434100     7.0 
 2008  8 13  2 23 15.330    2.2    31.025750  103.423000    12.2 
 2008  8 13  2 28 23.280    1.7    31.285960  103.431500     2.9 
 2008  8 13  2 33 34.250    2.3    31.278510  103.566700    10.0 
 2008  8 13  3  9 35.240    1.8    31.166210  103.455700     2.3 
 2008  8 13  3 27 39.780    2.3    31.242350  103.587700    11.4 
 2008  8 13  3 29 19.580    2.5    32.446290  105.119200    15.7 
 2008  8 13  3 32 14.850    2.5    30.942250  103.194900    17.3 
 2008  8 13  3 37 13.920    1.9    31.278990  103.604200    17.8 
 2008  8 13  3 37 14.120    2.0    31.278410  103.603300    17.9 
 2008  8 13  3 49 14.540    2.0    31.333660  103.312900    10.3 
 2008  8 13  4 14 17.140    2.9    32.837990  105.434800     8.2 
 2008  8 13  4 18 47.530    2.2    31.904320  104.235500    14.9 
 2008  8 13  4 32 11.040    1.6    31.285890  103.423200     7.1 
 2008  8 13  4 41 16.570    1.7    31.861280  104.249800     5.4 
 2008  8 13  4 42 10.080    1.7    30.963180  103.234500    10.3 
 2008  8 13  4 54 50.580    1.6    32.031620  104.554900    11.5 
 2008  8 13  5  3 20.340    5.3    31.874880  104.181100    14.3 
 2008  8 13  5 19 26.620    2.1    31.878080  104.184100    14.0 
 2008  8 13  5 25 39.230    1.7    32.310120  104.902300    12.6 
 2008  8 13  5 28 39.880    2.0    31.878040  104.177000    12.4 
 2008  8 13  5 33 58.980    3.2    31.869740  104.176100    16.0 
 2008  8 13  5 47 34.580    3.2    31.870170  104.177100    13.1 
 2008  8 13  5 55 22.270    2.6    31.868520  104.181500    13.6 
 2008  8 13  5 58 50.780    2.6    31.899970  104.390900    10.9 
 2008  8 13  6  0 48.380    1.9    31.261850  103.437000     8.3 
 2008  8 13  6  2 50.790    2.3    31.855550  104.173900    16.4 
 2008  8 13  6 15 29.110    1.9    31.260870  103.611600    15.5 
 2008  8 13  6 20 20.320    2.2    31.872620  104.175300    15.1 
 2008  8 13  6 38 35.920    2.7    31.865480  104.176500    14.9 
 2008  8 13  7 21 48.870    2.1    32.042990  104.459600     7.3 
 2008  8 13  7 25 25.760    1.7    31.364720  103.646000    17.4 
 2008  8 13  7 31  6.640    2.3    31.866880  104.184700    14.6 
 2008  8 13  7 37 55.970    2.6    31.283980  103.462400    10.9 
 2008  8 13  7 41 25.260    2.4    31.268260  103.563200     5.1 
 2008  8 13  8 22 26.220    2.4    32.486890  104.980100     8.7 
 2008  8 13  8 28 34.860    1.8    31.689200  104.197400     5.4 
 2008  8 13  8 29 57.300    2.4    31.868140  104.178500    13.3 
 2008  8 13  8 36 33.390    2.4    32.287000  104.941700    16.4 
 2008  8 13  9 35 19.160    1.8    31.340640  103.643900    13.1 
 2008  8 13 10  3 24.370    2.4    32.382770  104.916500    17.2 
 2008  8 13 10 47 44.820    1.8    31.874490  104.176700    14.3 
 2008  8 13 11 11 29.480    1.7    31.368650  103.322000     9.7 
 2008  8 13 11 31 27.700    2.1    31.280420  103.416700     9.6 
 2008  8 13 12 50  7.980    2.4    32.048600  104.535300    13.7 
 2008  8 13 12 55  4.100    1.9    32.475160  105.108400    11.8 
 2008  8 13 13  9 27.630    3.7    31.700260  104.046700    17.2 
 2008  8 13 13 12 30.220    2.5    31.320150  103.678900    13.9 
 2008  8 13 14 23 50.370    2.0    32.252900  104.853700     9.9 
 2008  8 13 15  5 34.760    3.4    32.305450  104.889500    15.7 
 2008  8 13 15 15 49.190    3.0    32.622430  105.325800    16.4 
 2008  8 13 15 43 58.860    4.2    31.387050  103.314200    13.5 
 2008  8 13 15 52   .080    3.2    31.390170  103.321300    12.7 
 2008  8 13 16  2 42.250    2.9    32.500730  105.140200    16.5 
 2008  8 13 16 12 32.760    2.0    31.541320  103.167500    12.1 
 2008  8 13 16 38 40.320    2.1    31.872080  104.183200    10.6 
 2008  8 13 16 45 42.240    4.4    32.601360  105.364300    15.2 
 2008  8 13 16 55 21.840    2.4    32.486730  105.163700    15.3 
 2008  8 13 17  8 48.020    2.6    31.424380  103.908400    14.9 
 2008  8 13 17 24  3.110    2.5    31.329610  103.451300     9.7 
 2008  8 13 17 25 59.380    3.3    31.202800  103.442300     1.9 
 2008  8 13 19 35 52.840    3.5    32.598480  105.364100    14.1 
 2008  8 13 21  4 16.720    3.6    30.779670  103.320900    15.3 
 2008  8 13 21 14 56.970    3.5    32.411010  105.178700    17.8 
 2008  8 13 21 36 23.730    2.2    32.419830  105.174900    19.5 
 2008  8 13 21 40 55.190    2.0    31.827640  104.334200     4.5 
 2008  8 13 21 53 36.980    2.0    31.426400  103.883600    12.5 
 2008  8 13 21 57 29.880    1.9    30.918990  103.460700    10.6 
 2008  8 13 22 10 10.490    2.1    31.872380  104.180200    13.2 
 2008  8 13 22 45 32.870    2.3    32.391760  105.029500    16.4 
 2008  8 13 23 10 58.970    2.3    32.653910  105.365900    15.4 
 2008  8 13 23 22 34.070    2.3    32.342720  104.948600    16.9 
 2008  8 13 23 30 43.560    2.2    32.194470  104.620400    15.8 
 2008  8 14  0  0 53.080    2.8    32.594390  105.292100    14.4 
 2008  8 14  0 15 24.500    2.5    31.298830  103.684700    14.9 
 2008  8 14  0 20 55.730    2.2    32.338140  105.012600    11.2 
 2008  8 14  0 32 29.220    2.5    31.226870  103.451000    11.3 
 2008  8 14  0 33 47.440    1.8    31.247420  103.640400     7.7 
 2008  8 14  0 38  6.190    2.8    31.414930  103.924700    14.6 
 2008  8 14  0 45   .270    1.9    32.481250  105.053100    14.0 
 2008  8 14  1 11 38.330    2.3    31.704130  104.050300    17.1 
 2008  8 14  1 19   .190    1.9    32.326680  104.907700    16.4 
 2008  8 14  1 31 50.960    1.6    31.207420  103.634100     8.2 
 2008  8 14  1 46 30.670    1.8    31.920410  104.245800     9.6 
 2008  8 14  1 52   .610    2.0    32.108200  104.625800    12.4 
 2008  8 14  1 54 24.050    2.3    32.830590  105.503000    12.1 
 2008  8 14  1 57 37.530    1.3    31.293760  103.226300    12.9 
 2008  8 14  2 55 41.680    2.1    32.496830  105.192800    13.9 
 2008  8 14  3  6 47.280    1.9    32.633470  105.349800    13.9 
 2008  8 14  3 37 46.650    2.5    32.456490  105.120200    13.9 
 2008  8 14  4 30 24.460    2.2    31.651780  104.043500     9.8 
 2008  8 14  4 49 56.700    2.3    32.368930  105.031100    12.1 
 2008  8 14  4 54 49.840    2.7    32.764860  105.417900     8.2 
 2008  8 14  4 57 10.140    2.1    32.666820  105.407300    18.4 
 2008  8 14  5 30 34.760    3.4    31.942730  104.408700    11.9 
 2008  8 14  5 48  7.530    2.9    31.189650  103.540000    11.4 
 2008  8 14  6  5 12.480    2.7    31.837870  104.348700     3.0 
 2008  8 14  6 32 25.130    2.2    31.807900  104.275000    10.0 
 2008  8 14  6 34 40.680    2.7    31.817040  104.202400    11.2 
 2008  8 14  7 43 53.690    2.8    32.540850  105.209400    11.6 
 2008  8 14  8  2 45.150    1.6    31.289780  103.847600    13.5 
 2008  8 14  8 25  9.620    2.1    31.043940  103.243000     9.3 
 2008  8 14  8 31 24.630    3.8    32.664910  105.361200    18.7 
 2008  8 14  8 45  3.100    2.0    31.673210  104.081500    14.1 
 2008  8 14  9 37 50.590    2.0    31.374610  103.597100    17.6 
 2008  8 14  9 41 40.800    2.2    32.436570  105.079200    15.2 
 2008  8 14  9 51 36.270    2.4    32.083110  104.611100    12.3 
 2008  8 14 10 15 35.660    2.0    32.091930  104.646400    13.3 
 2008  8 14 10 28 21.890    1.7    31.316680  103.574500    11.3 
 2008  8 14 10 29 42.960    2.5    31.824870  104.348300     3.4 
 2008  8 14 11 22 53.200    2.2    31.811790  104.270900     3.1 
 2008  8 14 11 55 30.490    2.9    32.471570  105.146400    16.7 
 2008  8 14 11 59 48.640    2.5    32.064790  104.583100    12.1 
 2008  8 14 12 59 34.680    1.7    32.158690  104.610400    13.5 
 2008  8 14 13 20 44.400    4.0    31.699960  104.051200    17.7 
 2008  8 14 13 26  4.010    1.6    32.593900  105.347900    12.1 
 2008  8 14 13 41 37.110    1.8    32.288610  105.004200    11.1 
 2008  8 14 14  1 40.080    2.3    32.563840  105.249400    13.6 
 2008  8 14 14 25  9.290    2.3    32.104920  104.634000    11.7 
 2008  8 14 14 54  9.370    2.0    31.190630  103.415400     4.1 
 2008  8 14 15 14 28.990    2.1    31.253890  103.539500    17.1 
 2008  8 14 16 16  2.430    2.0    31.058580  103.500500     2.2 
 2008  8 14 16 19 24.560    2.0    31.009820  103.161000    15.0 
 2008  8 14 16 23 40.700    3.2    32.755900  105.505000    10.2 
 2008  8 14 16 48 44.450    2.8    31.333810  103.808900    12.7 
 2008  8 14 17 41 27.070    2.7    31.377570  103.871700     2.3 
 2008  8 14 18 22 24.550    2.7    31.853190  104.320300     8.6 
 2008  8 14 18 36 48.580    4.1    32.382920  104.924500    19.5 
 2008  8 14 18 39 29.110    3.1    32.379580  104.931300    16.3 
 2008  8 14 18 41 35.560    1.9    31.328710  103.388700     9.1 
 2008  8 14 19 23 55.730    2.2    32.504810  105.166100    15.5 
 2008  8 14 20 11 48.120    2.1    32.407580  105.033600    14.1 
 2008  8 14 20 30 26.700    2.1    32.330950  104.893600    20.2 
 2008  8 14 20 39 12.870    1.7    31.317210  103.411300     7.5 
 2008  8 14 20 42 25.150    1.2    31.247520  103.713400     5.7 
 2008  8 14 21 49 57.120    2.5    32.688550  105.418500    10.1 
 2008  8 14 21 57 57.420    1.8    32.296410  104.699400    12.6 
 2008  8 14 22 11 27.640    1.9    31.755410  104.247000    11.6 
 2008  8 14 22 28 21.540    2.1    32.404610  105.168300    16.8 
 2008  8 14 22 35 42.850    2.1    31.295550  103.428000     2.4 
 2008  8 14 22 42 51.000    1.3    31.036230  103.230700    15.2 
 2008  8 14 23 10 24.790    2.7    32.518460  105.149700    17.5 
 2008  8 14 23 18 34.490    2.1    32.217410  104.604800     9.3 
 2008  8 15  0  0  2.260    2.2    31.081310  103.366500    11.1 
 2008  8 15  0  4 39.690    1.8    31.710610  104.094700    15.3 
 2008  8 15  0 16  7.940    2.7    31.444340  103.886100    13.1 
 2008  8 15  0 24 44.740    1.8    31.019000  103.364800    12.2 
 2008  8 15  0 25 51.410    2.2    32.561780  105.235500    11.4 
 2008  8 15  0 29 39.320    1.5    32.097470  104.641000     9.2 
 2008  8 15  1  6 38.400    5.1    31.021370  103.221800    15.9 
 2008  8 15  1 26 28.860    1.5    31.030630  103.213700    13.0 
 2008  8 15  1 28 39.730    1.7    31.010970  103.190900    18.6 
 2008  8 15  1 41  7.400    2.2    31.035150  103.213000    10.7 
 2008  8 15  1 50 11.100    1.4    31.047960  103.230300    13.3 
 2008  8 15  1 54 44.650    2.5    31.821230  104.253100     9.9 
 2008  8 15  2  4 37.000    1.9    31.574500  104.047100    14.6 
 2008  8 15  2 18 52.490    1.3    31.874320  104.174700    12.8 
 2008  8 15  2 22 36.740    1.8    32.553170  105.090400    18.0 
 2008  8 15  2 44 58.110    2.0    31.526100  104.076300     1.5 
 2008  8 15  2 46  7.160    1.6    31.032280  103.224200    12.8 
 2008  8 15  2 59 17.000    3.8    32.785100  105.434500    12.6 
 2008  8 15  3  3 40.070    3.1    31.820270  104.097400    17.0 
 2008  8 15  3 10 46.860    2.4    32.440530  104.932000    13.0 
 2008  8 15  3 15 44.720    1.7    31.294740  103.203300    13.6 
 2008  8 15  3 20 29.540    1.9    32.239810  104.712000    15.3 
 2008  8 15  3 36 38.030    1.5    32.469850  105.035400     7.6 
 2008  8 15  3 41 24.870    1.7    31.883050  104.273900    10.4 
 2008  8 15  3 43  5.920    1.2    31.286820  103.448900     2.1 
 2008  8 15  4  6 29.570    3.1    32.332990  104.928100    16.4 
 2008  8 15  4  9 12.090    2.0    31.512500  104.034700    16.9 
 2008  8 15  4 40 37.670    1.9    32.603630  105.348100    12.1 
 2008  8 15  4 45 36.940    1.7    31.570560  104.031400     8.9 
 2008  8 15  4 55 54.290    2.2    31.038570  103.229300     9.3 
 2008  8 15  5 21 59.070    2.2    31.383370  103.358200    12.2 
 2008  8 15  5 58 49.540    2.1    31.708100  104.075400    14.0 
 2008  8 15  6  6 21.260    1.9    31.027670  103.214300    10.1 
 2008  8 15  6  7 12.860    2.0    31.040920  103.249500    13.3 
 2008  8 15  6 16  6.530    2.3    32.274790  104.982300    15.2 
 2008  8 15  6 24 11.160    1.7    32.385480  105.068300    11.0 
 2008  8 15  6 43 56.100    2.4    32.354470  105.038300    19.0 
 2008  8 15  7  3   .980    2.6    31.242450  103.647400    15.2 
 2008  8 15  7  8 28.920    2.1    31.260290  103.702900    14.5 
 2008  8 15  7 17 40.570    3.0    31.888820  104.337600    14.4 
 2008  8 15  7 40 59.120    2.1    32.769210  105.569000    16.0 
 2008  8 15  7 44 46.950    2.2    31.326890  103.842300     9.4 
 2008  8 15  8 37 48.530    2.6    31.179160  103.575300     6.1 
 2008  8 15  9  6  8.920    2.0    31.387350  103.310800     9.2 
 2008  8 15  9 17  8.230    2.8    31.482870  103.978700    15.0 
 2008  8 15  9 19  6.490    1.9    31.052880  103.276600    11.4 
 2008  8 15  9 47 43.120    2.7    31.814970  104.100800    16.6 
 2008  8 15  9 59 11.590    2.4    32.619780  105.374800    15.9 
 2008  8 15 10  5 32.500    1.5    31.345720  103.597100    13.9 
 2008  8 15 10 43 10.620    2.1    31.742840  104.119600     5.3 
 2008  8 15 10 56 25.020    2.3    31.058690  103.419300    13.2 
 2008  8 15 12 17 13.410    2.5    31.337780  103.769800    15.5 
 2008  8 15 13 38 41.860    2.8    32.273610  104.785200    11.9 
 2008  8 15 14  3 36.770    2.6    31.004400  103.347700    10.5 
 2008  8 15 14  6  3.720    2.1    31.488630  103.871600    16.5 
 2008  8 15 14 19 27.800    2.7    31.055720  103.265900    16.7 
 2008  8 15 14 39 46.980    2.8    32.066060  104.609300    14.2 
 2008  8 15 14 47 24.580    2.7    32.324850  104.921800    15.7 
 2008  8 15 16 14 17.300    2.9    32.363670  104.988300    14.5 
 2008  8 15 16 42 16.030    2.8    32.799410  105.468600    10.4 
 2008  8 15 16 52 25.210    2.1    31.031810  103.234200    11.6 
 2008  8 15 17 16 39.770    1.9    30.947200  103.321300    20.9 
 2008  8 15 17 26 30.510    2.4    31.061660  103.261400    11.2 
 2008  8 15 17 42 12.260    1.9    31.277280  103.428000     3.3 
 2008  8 15 18 16 20.320    1.9    31.365980  103.876800    12.7 
 2008  8 15 18 38  8.060    1.7    30.943980  103.218400    13.7 
 2008  8 15 19  2  8.680    2.5    31.749630  104.240800    13.0 
 2008  8 15 20  4 24.210    2.0    31.859330  104.314900     1.5 
 2008  8 15 20 17 25.770    1.6    32.672760  105.338400    15.7 
 2008  8 15 21  0 15.190    1.9    32.444000  105.055400     1.5 
 2008  8 15 21 13 38.430    1.8    31.157860  103.413400     2.3 
 2008  8 15 21 53 54.540    3.3    32.459140  105.038000    14.5 
 2008  8 15 22 21 59.460    2.3    32.580750  105.181300     8.3 
 2008  8 15 22 25 14.030    2.0    32.291700  104.968000    14.1 
 2008  8 15 22 35  5.610    1.9    32.108470  104.527400    11.7 
 2008  8 15 22 45 16.540    1.6    32.150060  104.564000    14.5 
 2008  8 15 22 52  1.820    2.4    31.422610  103.869100    15.2 
 2008  8 15 23 39 17.770    3.1    32.065680  104.615400    15.7 
 2008  8 15 23 54 19.980    1.7    32.595620  105.326800    15.7 
 2008  8 16  0 10 53.310    2.7    32.356160  105.051000    15.9 
 2008  8 16  0 43 59.170    1.7    31.544240  104.009600     8.8 
 2008  8 16  0 48 37.360    1.8    32.852680  105.442400     6.3 
 2008  8 16  1 11 58.690    2.0    31.399600  103.307700     9.9 
 2008  8 16  1 25 36.840    3.1    32.330640  104.891700    15.8 
 2008  8 16  1 31 24.810    3.6    31.473920  103.537200    11.1 
 2008  8 16  1 34  1.920    2.3    31.873440  104.189100     7.1 
 2008  8 16  1 35 23.770    2.7    31.323720  103.481400     9.1 
 2008  8 16  1 40 43.870    1.3    31.763150  104.281000     3.5 
 2008  8 16  1 46 19.740    1.8    32.088930  104.556200    13.3 
 2008  8 16  2 13 10.980    1.2    31.168170  103.479400     8.1 
 2008  8 16  2 24 34.890    2.5    32.156560  104.584100    14.2 
 2008  8 16  2 35  9.940    2.3    32.542660  105.201100    17.0 
 2008  8 16  3  1 37.300    3.1    32.644160  105.348200    19.8 
 2008  8 16  3  5  2.420    2.9    31.173160  103.484100    12.3 
 2008  8 16  3 36 24.580    2.0    30.837930  103.430600     2.0 
 2008  8 16  3 36 32.500    2.2    31.820910  104.257700     1.7 
 2008  8 16  3 44 21.910    1.7    31.446010  103.820100    16.6 
 2008  8 16  3 49 21.740    2.1    32.423310  105.021300    16.1 
 2008  8 16  3 56 40.110    1.7    31.093720  103.363000    13.4 
 2008  8 16  4 16 19.090    3.4    32.556210  105.239000    12.3 
 2008  8 16  4 19 28.900    1.9    31.424650  103.799900    13.9 
 2008  8 16  4 49 30.510    1.4    31.139110  103.374700    13.0 
 2008  8 16  4 54 28.060    2.2    32.130420  104.553800     9.4 
 2008  8 16  5 11 27.700    2.9    31.036210  103.234100    13.3 
 2008  8 16  5 30 59.420    1.7    31.059470  103.267500    14.7 
 2008  8 16  6 12  8.910    2.7    32.344520  104.960000    10.7 
 2008  8 16  6 39 12.150    3.6    32.455070  105.071800    14.1 
 2008  8 16  7  3 48.470    1.9    31.701080  104.151900     9.1 
 2008  8 16  7  9 33.060    2.5    31.218010  103.450100    12.3 
 2008  8 16  7 14 32.230    2.4    30.824910  103.274700    15.0 
 2008  8 16  7 37 29.770    2.9    30.997160  103.156100    18.3 
 2008  8 16  7 49 55.710    2.2    31.312740  103.617900    14.3 
 2008  8 16  8  4 15.280    2.1    31.784410  104.213400    12.6 
 2008  8 16  8  7 57.940    2.6    32.285370  104.843200    15.6 
 2008  8 16  8  7 58.160    2.6    32.283540  104.839900    15.5 
 2008  8 16  8 44 46.960    2.0    31.059200  103.229300     3.9 
 2008  8 16  8 51 30.910    2.6    32.775840  105.433500    11.2 
 2008  8 16  9  4 35.970    2.2    31.780920  104.184400    11.5 
 2008  8 16  9 24 28.300    2.2    30.695710  103.308100    11.2 
 2008  8 16  9 28 33.920    1.5    31.291720  103.711600    14.9 
 2008  8 16  9 29 57.380    2.4    30.946060  103.161700    12.4 
 2008  8 16  9 30 34.550    3.2    31.039650  103.439000    13.2 
 2008  8 16  9 54 49.440    2.2    31.415150  103.910000    15.0 
 2008  8 16 10 18 47.600    1.9    32.198560  104.560900    16.1 
 2008  8 16 11 40 43.070    2.3    31.342490  103.390700    10.6 
 2008  8 16 13 20 34.660    1.9    31.155800  103.453100     7.4 
 2008  8 16 14 25 46.890    1.9    31.376980  103.891100    15.7 
 2008  8 16 15  9 36.730    2.3    30.964740  103.412100     9.8 
 2008  8 16 15 11 13.130    2.0    31.036160  103.265900     8.6 
 2008  8 16 16  5 23.400    1.6    30.978740  103.420400     8.5 
 2008  8 16 17 14 45.620    2.2    31.775130  104.275900     8.2 
 2008  8 16 17 18 44.570    1.7    31.388420  103.740600    16.4 
 2008  8 16 17 37 19.310    1.7    31.629500  103.175400     9.2 
 2008  8 16 17 42 21.590    1.9    31.690440  103.871000    15.2 
 2008  8 16 18  2 24.480    2.1    31.745690  103.946300    16.9 
 2008  8 16 18  7 32.230    2.1    31.195580  103.624900    14.1 
 2008  8 16 19 11 56.410    1.9    31.181070  103.386400    13.2 
 2008  8 16 19 19 45.700    3.4    31.440400  103.903700    16.0 
 2008  8 16 19 32 59.830    1.6    31.292500  103.423200    12.7 
 2008  8 16 19 35 43.820    1.9    31.488000  104.190900    15.2 
 2008  8 16 19 37 34.180    2.2    32.205690  104.465100    19.6 
 2008  8 16 20 14 57.920    2.0    31.368910  103.806700     9.0 
 2008  8 16 20 38 26.680    2.3    32.360500  105.012200    14.5 
 2008  8 16 21  3 47.140    1.7    31.290710  103.430400     1.1 
 2008  8 16 21 27 44.470    3.4    31.224810  103.449900    12.8 
 2008  8 16 22 37 59.620    2.1    31.291950  103.696600    13.3 
 2008  8 16 23 37 22.050    1.9    31.284810  103.746200     6.7 
 2008  8 17  0 19 11.190    1.1    31.097060  103.313300     2.1 
 2008  8 17  1  2  3.630    1.4    31.385430  103.280500    12.3 
 2008  8 17  1 11 16.280    1.9    32.313960  104.865400     4.5 
 2008  8 17  1 22 25.350    1.9    31.736890  103.982400    18.1 
 2008  8 17  1 33 11.240    1.3    31.067590  103.407500      .9 
 2008  8 17  1 41 39.900    2.0    32.214790  104.579400    16.4 
 2008  8 17  1 45 23.700    1.7    31.222540  103.662500     2.5 
 2008  8 17  1 46  5.430    1.5    31.222960  103.657200     6.5 
 2008  8 17  2  7 12.280    3.3    32.505680  105.197300    15.4 
 2008  8 17  2 13 33.090    1.3    30.988750  103.172600    14.3 
 2008  8 17  2 20 16.660    1.4    31.255700  103.501500    10.0 
 2008  8 17  2 27  3.070    1.7    31.011860  103.357700    11.7 
 2008  8 17  2 29 26.240    1.5    31.048140  103.185100    17.8 
 2008  8 17  2 33 56.010    2.2    32.423520  105.058900    16.4 
 2008  8 17  2 50 11.810    1.6    32.275190  104.851800    12.8 
 2008  8 17  2 57 39.730    1.8    31.374780  103.459300    11.1 
 2008  8 17  3  2 13.540    1.2    31.326110  103.580100     2.4 
 2008  8 17  3  7  9.710    2.5    32.228800  104.697100    15.5 
 2008  8 17  3 13 48.540    2.2    31.324000  103.446000     9.9 
 2008  8 17  3 15 54.980    2.3    31.712910  104.090000    15.8 
 2008  8 17  3 31 37.550    1.6    31.361560  103.181200    10.9 
 2008  8 17  3 33 17.450    2.3    32.807240  105.460600    13.1 
 2008  8 17  3 47 37.860    1.8    31.054330  103.269700    12.8 
 2008  8 17  3 55 37.680    1.4    31.283730  103.420200     5.2 
 2008  8 17  4  4 47.610    2.2    32.583140  105.341800    14.3 
 2008  8 17  4 22 20.360    3.1    31.430370  103.899000    15.7 
 2008  8 17  4 40  1.720    2.3    31.532100  104.252300    16.0 
 2008  8 17  4 52 59.150    1.8    31.025520  103.393300     2.5 
 2008  8 17  5 19 20.740    1.3    31.870640  104.225800    11.4 
 2008  8 17  5 38 39.610    2.0    31.199040  103.482500    10.1 
 2008  8 17  5 42 22.380    2.2    32.466800  105.103200    16.8 
 2008  8 17  6  5 52.040    2.3    32.361860  105.116200    14.3 
 2008  8 17  6 14 42.590    2.0    31.549730  103.985300    11.7 
 2008  8 17  6 48 53.900    2.9    32.768720  105.457700    11.3 
 2008  8 17  7 13 10.900    2.3    31.841650  104.215100    15.1 
 2008  8 17  7 36 55.190    2.2    32.256950  104.958400    12.4 
 2008  8 17  7 38 56.270    2.5    32.278890  104.944500    14.6 
 2008  8 17  7 41 14.350    2.4    32.503680  105.085600     8.9 
 2008  8 17  8 42 40.120    1.9    31.022650  103.394300     2.3 
 2008  8 17  9 19 26.240    2.3    32.329660  105.050600    16.2 
 2008  8 17  9 40 53.180    1.9    32.142820  104.552400    14.8 
 2008  8 17  9 58 52.750    2.2    32.375940  105.011400    15.5 
 2008  8 17 11 26 31.590    1.7    31.485600  103.865200    15.9 
 2008  8 17 11 41 51.810    2.0    31.300780  103.806400    15.3 
 2008  8 18 10 22 21.700    4.5    31.288760  103.415600    14.2 
 2008  8 18 10 36 24.620    1.9    31.295100  103.427000     5.6 
 2008  8 18 11  0 52.740    2.3    31.341810  103.754700    13.2 
 2008  8 18 11 28 17.650    3.0    30.966250  103.284500    19.5 
 2008  8 18 11 59  8.540    2.0    31.642210  104.091400    13.1 
 2008  8 18 12  4 32.220    2.5    31.569500  104.055400    11.7 
 2008  8 18 12 46  1.060    2.2    31.039420  103.246700    10.8 
 2008  8 18 13 16  6.900    3.0    32.443930  105.028500    10.3 
 2008  8 18 13 45 48.860    2.2    32.222160  104.601400    14.1 
 2008  8 18 13 56   .840    2.0    30.922740  103.298200    16.3 
 2008  8 18 14  7 39.800    2.8    32.444730  105.027500    12.9 
 2008  8 18 14 45 37.220    2.0    31.016930  103.221900    12.3 
 2008  8 18 15  4 17.280    3.3    31.749350  104.147200     1.6 
 2008  8 18 15 13 26.910    2.2    31.850060  104.385200    10.1 
 2008  8 18 15 57  2.150    3.1    32.074260  104.608900    15.5 
 2008  8 18 15 59 52.410    2.3    32.276870  104.799000     2.8 
 2008  8 18 16  4 28.030    3.8    32.264980  104.671900    15.4 
 2008  8 18 16 25 20.160    2.1    32.507020  105.174600    16.8 
 2008  8 18 16 48 18.270    2.0    31.264300  103.529600    11.5 
 2008  8 18 16 54  5.740    2.5    32.493520  105.129100    13.6 
 2008  8 18 17  3  2.340    1.4    31.286250  103.162100    13.3 
 2008  8 18 17 21 30.150    1.6    31.161840  103.327100    12.9 
 2008  8 18 17 45  5.710    2.4    31.562620  104.054400     8.9 
 2008  8 18 17 46 44.150    2.2    31.296020  103.429000    11.3 
 2008  8 18 18  7 12.240    1.3    31.298510  103.749500     7.6 
 2008  8 18 18 25 46.210    1.4    31.351710  103.595100    15.8 
 2008  8 18 18 34 59.660    2.2    32.290240  104.702200    14.3 
 2008  8 18 18 42 45.720    3.0    32.230620  104.614600    15.3 
 2008  8 18 18 45 27.440    2.1    31.295820  103.425800     6.8 
 2008  8 18 19 28  1.810    1.7    32.753680  105.580500    21.4 
 2008  8 18 19 37 54.360    1.9    32.413040  105.063700    14.3 
 2008  8 18 19 46 12.730    1.6    31.353130  103.750600    16.5 
 2008  8 18 19 51 39.590    2.7    32.447540  105.030100    15.0 
 2008  8 18 19 56 47.290    1.7    31.294770  103.418300     6.2 
 2008  8 18 20 30 40.560    2.1    32.120190  104.377600    16.6 
 2008  8 18 20 49 22.590    2.0    31.291020  103.748700    12.9 
 2008  8 18 20 52 27.370    1.6    32.134930  104.625100    16.5 
 2008  8 18 21 56 57.160    1.8    31.810910  104.206700    14.0 
 2008  8 18 22  2 22.950    1.3    31.367550  103.158000     9.4 
 2008  8 18 22 16 18.890    2.1    31.937210  104.326800    10.6 
 2008  8 18 22 19  1.470    3.3    32.201240  104.620200    17.2 
 2008  8 18 22 25 10.880    1.6    31.600040  103.312300    15.2 
 2008  8 18 22 44 31.450    2.2    31.692320  104.239400     5.5 
 2008  8 18 22 58 37.100    2.1    31.495300  104.107100    15.4 
 2008  8 18 23  3 16.280    2.2    31.294790  103.545600     2.0 
 2008  8 18 23 11 20.980    1.4    31.266040  103.566000    16.8 
 2008  8 18 23 25  7.160    1.5    31.467170  103.928200    15.0 
 2008  8 18 23 43 55.720    2.0    31.325300  103.484800     6.3 
 2008  8 18 23 48 57.560    1.4    31.796470  104.361400     1.6 
 2008  8 19  0  7  3.690    1.9    32.653800  105.276200     2.0 
 2008  8 19  0  8 50.310    1.7    31.375210  103.864000    15.2 
 2008  8 19  0 20 59.490    1.8    31.428100  103.775300    15.6 
 2008  8 19  0 21 53.810    1.8    31.735280  104.127400    10.5 
 2008  8 19  0 30  2.430    2.3    30.784920  103.242800    13.5 
 2008  8 19  0 38 40.310    3.0    31.505990  104.202100    14.8 
 2008  8 19  0 43 28.580    1.8    32.643180  105.364900    19.4 
 2008  8 19  0 54 24.620    2.3    31.253540  103.430100     7.5 
 2008  8 19  1  7 21.670    1.7    31.529240  104.027100     6.0 
 2008  8 19  1 25 45.900    1.6    31.286460  103.544400     2.4 
 2008  8 19  1 43  5.790    3.1    31.919660  104.234600    16.5 
 2008  8 19  2 44 46.410    2.4    31.870660  104.446900     6.4 
 2008  8 19  2 58 46.820    1.9    30.977730  103.380000    10.5 
 2008  8 19  3 23 23.580    2.3    32.605720  105.147600    18.3 
 2008  8 19  3 24 31.760    1.7    32.587010  105.310400    12.0 
 2008  8 19  3 27  1.990    1.4    30.939820  103.323800     6.8 
 2008  8 19  3 31 24.530    2.4    31.811380  104.294200     7.9 
 2008  8 19  3 34 25.130    2.2    31.826130  104.368900     2.2 
 2008  8 19  3 42 41.140    2.8    31.086740  103.310000    14.3 
 2008  8 19  3 55 56.920    3.0    32.697350  105.365800    14.1 
 2008  8 19  3 58   .510    2.2    31.418710  103.832600    14.6 
 2008  8 19  4  2 36.380    2.1    32.193660  104.677300    14.7 
 2008  8 19  4  9 16.110    2.3    32.025870  104.093100    16.7 
 2008  8 19  4 28  4.340    1.8    31.678480  104.090200     9.8 
 2008  8 19  4 44 14.610    1.5    31.291040  103.415300     4.5 
 2008  8 19  4 46 58.140    2.2    31.299350  103.619400    15.1 
 2008  8 19  4 57 34.220    2.0    31.189780  103.519700     6.6 
 2008  8 19  5 48 15.730    1.6    31.358190  103.202900    13.2 
 2008  8 19  6  2 38.280    2.0    31.370280  103.161600    14.6 
 2008  8 19  6  4 11.990    1.7    31.845720  104.301700    10.6 
 2008  8 19  6  4 48.460    2.7    31.932910  104.274300    11.3 
 2008  8 19  6  9  6.770    1.9    31.291060  103.419900     2.6 
 2008  8 19  6 22 25.790    1.8    32.830470  105.427500     8.5 
 2008  8 19  6 30 57.550    1.8    31.284470  103.426600     2.1 
 2008  8 19  6 58 16.820    3.1    31.533780  104.265000    16.9 
 2008  8 19  7  2 53.310    1.3    30.888470  103.261800    16.5 
 2008  8 19  7 42 46.250    1.5    31.256350  103.622500    10.9 
 2008  8 19  7 44 33.080    2.3    31.050700  103.263300    18.1 
 2008  8 19  7 57 50.960    1.9    31.736330  104.133600    19.2 
 2008  8 19  8  9 30.490    2.3    31.332690  103.709400    15.7 
 2008  8 19  9  2 19.560    1.8    31.313240  103.542500    10.8 
 2008  8 19 10  5 17.860    1.6    31.804580  104.144100    15.4 
 2008  8 19 10 19  1.520    3.3    31.553430  104.075900    16.2 
 2008  8 19 10 44 22.210    2.3    32.485350  105.190000    13.6 
 2008  8 19 10 51 41.810    3.1    32.059880  104.109200    17.6 
 2008  8 19 11 21 28.580    1.8    31.331510  103.554800    16.5 
 2008  8 19 13 36 18.620    2.3    32.322640  104.895500    17.4 
 2008  8 19 13 46 24.080    1.6    31.842660  104.274500     9.2 
 2008  8 19 14  6 53.470    1.8    31.487330  103.871300    14.2 
 2008  8 19 14 10 52.870    3.3    32.500060  104.987800     9.6 
 2008  8 19 14 13 55.130    2.7    31.357030  103.842900    16.7 
 2008  8 19 14 40 36.120    1.4    31.145360  103.394000    13.2 
 2008  8 19 16  4  4.790    2.1    31.284800  103.538600    11.0 
 2008  8 19 16 13 57.130    1.9    31.863500  104.215600    13.7 
 2008  8 19 16 21 17.410    3.4    32.574020  105.132600    16.2 
 2008  8 19 16 37 58.860    1.7    31.247160  103.406200     2.9 
 2008  8 19 17 18  7.080    1.9    32.106090  104.632400    10.8 
 2008  8 19 17 27 34.840    1.6    31.854460  104.155300     9.7 
 2008  8 19 17 58 52.800    1.6    31.553380  104.211000    16.3 
 2008  8 19 19 10 41.470    2.1    31.823250  104.343800    12.8 
 2008  8 19 19 18 57.560    1.6    31.266230  103.439200     9.7 
 2008  8 19 19 38 14.020    1.8    31.552460  104.206900    16.4 
 2008  8 19 19 56 39.070    2.8    32.356430  104.994100    17.9 
 2008  8 19 20  2 26.460    2.0    32.421000  105.166800     9.9 
 2008  8 19 20 41 47.510    1.9    31.561110  104.067500     5.0 
 2008  8 19 21  5 22.040    2.1    31.060840  103.280200    10.3 
 2008  8 19 21 32 24.740    2.0    32.473880  105.067900    18.3 
 2008  8 19 21 32 40.630    1.9    31.251400  103.423600     2.6 
 2008  8 19 22 14   .220    1.7    31.292620  103.415700     1.7 
 2008  8 19 22 40 51.240    2.1    32.442350  105.025000     9.7 
 2008  8 19 22 45 34.040    1.9    31.871550  104.312200     1.5 
 2008  8 19 23  9   .330    1.4    31.058720  103.287700    10.5 
 2008  8 19 23 24  1.400    1.9    32.185780  104.674200    14.4 
 2008  8 19 23 29 29.930    2.0    31.286330  103.737500     6.1 
 2008  8 19 23 40 25.300    2.9    32.482460  105.110200    15.3 
 2008  8 20  0 20 57.290    2.1    31.301450  103.486900     7.9 
 2008  8 20  0 24 33.990    2.2    31.247970  103.486700    23.6 
 2008  8 20  0 24 45.450    2.2    32.305320  104.764300     8.5 
 2008  8 20  0 50 41.740    2.3    31.092510  103.295800     8.1 
 2008  8 20  1 19 33.830    1.8    32.787240  105.571300    17.8 
 2008  8 20  1 35 16.880    2.2    31.282960  103.456100     4.6 
 2008  8 20  1 44 58.400    1.8    32.111520  104.628200    15.0 
 2008  8 20  2  2 17.490    2.7    32.518030  105.205800    13.7 
 2008  8 20  2  6 11.840     .9    31.265640  103.648400    11.2 
 2008  8 20  2 17  1.670    2.1    31.282650  103.714100    17.3 
 2008  8 20  2 25 43.580    2.0    31.879920  104.297500     6.9 
 2008  8 20  3 23 20.680    3.0    32.613540  105.265200    18.8 
 2008  8 20  3 35 58.760    1.8    32.082010  104.535400    12.8 
 2008  8 20  3 45 16.900    2.4    32.576270  105.372800    12.8 
 2008  8 20  3 48  2.720    2.0    31.084030  103.312600     1.4 
 2008  8 20  3 52 24.070    2.8    31.079920  103.298900     2.1 
 2008  8 20  4  2 22.700    1.8    31.860760  104.384400    12.1 
 2008  8 20  4  5 50.170    1.3    32.271430  104.985900    11.8 
 2008  8 20  4 29 52.100    1.7    31.758590  104.173900    12.9 
 2008  8 20  4 35  3.310    1.8    31.229190  103.597300     7.7 
 2008  8 20  5 24 14.370    1.9    30.833460  103.367600    12.5 
 2008  8 20  5 29  5.300    1.3    31.049630  103.263600    14.0 
 2008  8 20  6 13  4.070    2.5    31.308560  103.688800    15.3 
 2008  8 20  6 35 57.830    2.3    31.244400  103.548100     2.3 
 2008  8 20  7  8 12.510    2.9    32.602540  105.266500    17.9 
 2008  8 20  7 54 46.620    3.7    32.405480  105.045400    16.1 
 2008  8 20  8  1 52.450    3.0    31.583190  103.309300     6.6 
 2008  8 20  8 32 54.560    2.1    32.408820  105.018100    16.6 
 2008  8 20 10 40 55.150    2.1    31.744120  104.148800    14.3 
 2008  8 20 10 48 17.100    2.7    31.815880  104.207200    16.9 
 2008  8 20 11  1  8.710    2.4    31.955860  104.275200    15.0 
 2008  8 20 11  9 52.810    1.8    31.253750  103.423500     2.7 
 2008  8 20 13 19 49.960    2.0    31.449650  103.808300    16.3 
 2008  8 20 13 57 11.410    2.3    31.854350  104.142800    15.2 
 2008  8 20 13 58 40.950    2.4    31.083190  103.309400     9.2 
 2008  8 20 14 18 13.980    2.2    32.385790  104.917000    19.5 
 2008  8 20 15  1 12.500    2.6    32.577590  105.181600    14.7 
 2008  8 20 15  7  1.210    2.9    31.412650  103.806300    15.9 
 2008  8 20 15 20 53.450    2.0    31.245300  103.476300     2.6 
 2008  8 20 17 51 35.830    2.5    32.544830  105.128000    11.3 
 2008  8 20 18 24 15.870    3.0    31.687670  104.086600    15.9 
 2008  8 20 18 31 33.750    3.7    32.082650  104.074100    18.9 
 2008  8 20 18 40  7.870    1.8    31.378320  103.831200    16.9 
 2008  8 20 18 53 53.850    1.8    31.605320  103.763000    17.9 
 2008  8 20 19 24 22.250    2.4    32.534330  105.080500    14.8 
 2008  8 20 19 31 57.030    2.8    31.936340  104.390700    14.6 
 2008  8 20 20 15 11.900    2.4    32.574670  105.170800    15.4 
 2008  8 20 20 29 29.330    2.3    32.177060  104.676100    13.5 
 2008  8 20 21  8 36.050    2.3    31.326810  103.453000    12.6 
 2008  8 20 21 16 11.690    1.3    31.313500  103.463500     2.9 
 2008  8 20 21 39 41.210    1.7    32.345700  104.738500    17.0 
 2008  8 20 21 40 17.910    1.5    31.328750  103.742200     7.3 
 2008  8 20 21 53 56.530    2.2    32.220190  104.661300    13.6 
 2008  8 20 22 24 39.730    1.5    31.795390  104.246100     2.9 
 2008  8 20 22 40 28.850    1.5    31.013950  103.341900     2.8 
 2008  8 20 23 33 30.790    2.1    31.659590  104.191800     7.0 
 2008  8 20 23 51 18.000    1.7    31.229130  103.577700    10.4 
 2008  8 21  0 12  9.920    1.5    31.019250  103.370900    10.3 
 2008  8 21  0 20 49.530    1.5    31.283530  103.423300     2.0 
 2008  8 21  0 24 19.520    1.7    31.154680  103.445900     8.1 
 2008  8 21  0 29 54.010    1.6    31.271170  103.436500     9.0 
 2008  8 21  0 45 39.150    2.0    31.549230  103.989500    12.0 
 2008  8 21  1 33 49.390    1.6    31.288490  103.457600     7.2 
 2008  8 21  1 35 52.290    1.7    31.462270  103.892600    15.3 
 2008  8 21  1 55 22.750    1.8    31.643020  104.049000    13.6 
 2008  8 21  1 58 19.610    2.3    32.572680  105.296200    13.4 
 2008  8 21  2  8 37.130    2.2    31.373400  103.348600     7.2 
 2008  8 21  2 10  8.600    2.7    32.189950  104.600900    16.3 
 2008  8 21  2 47 40.270    4.0    31.280100  103.581500    16.6 
 2008  8 21  3 18 20.330    2.2    31.596500  104.020400    15.0 
 2008  8 21  3 19 39.270    2.7    32.570460  105.168600    14.6 
 2008  8 21  3 27  1.670    1.5    31.251400  103.414600     1.6 
 2008  8 21  3 34 56.780    3.4    30.976940  103.333000    14.3 
 2008  8 21  3 53 51.360    2.0    31.259670  103.584300     5.9 
 2008  8 21  4 22 44.230    2.6    31.373260  103.341100    12.7 
 2008  8 21  5 30 59.430    2.2    32.303420  104.879200    12.5 
 2008  8 21  5 32 30.480    2.3    32.021930  104.140500    18.4 
 2008  8 21  5 36  6.750    1.7    31.087180  103.604900    12.1 
 2008  8 21  5 53 43.970    1.8    31.371060  103.343400    11.6 
 2008  8 21  6 49 53.290    2.5    32.379020  104.746600    14.8 
 2008  8 21  7 18 24.520    1.7    32.522290  105.164100    17.4 
 2008  8 21  7 21 29.360    2.7    31.284230  103.752400    12.8 
 2008  8 21  7 28 27.620    3.0    32.375830  105.062400    13.3 
 2008  8 21  7 28 42.370    2.1    30.977110  103.413800    11.0 
 2008  8 21  8 13 36.900    2.3    31.182420  103.548300     5.7 
 2008  8 21  8 21 51.160    1.9    31.266000  103.433100     8.9 
 2008  8 21  9 24 50.010    2.7    32.397370  105.012400    13.7 
 2008  8 21  9 26 42.720    3.0    32.015680  104.503000    12.9 
 2008  8 21  9 29 50.380    2.4    32.414450  105.000900    12.0 
 2008  8 21 10 26 37.390    2.1    31.115520  103.374900    11.9 
 2008  8 21 11 40 56.770    1.9    31.456090  103.882300    12.3 
 2008  8 21 11 55 19.880    1.7    31.336020  103.883900    16.0 
 2008  8 21 11 58 47.870    1.9    31.793440  104.305000    11.5 
 2008  8 21 12 42 40.350    2.0    31.294940  103.556300    10.2 
 2008  8 21 13  3 32.920    2.6    31.228420  103.501600    10.0 
 2008  8 21 14 20 17.630    1.9    32.777160  105.564200    13.0 
 2008  8 21 14 34 43.400    3.1    32.642090  105.365100    11.2 
 2008  8 21 14 37 31.180    3.5    32.591180  105.229900    10.8 
 2008  8 21 14 59 58.980    1.9    31.373580  103.474600     2.7 
 2008  8 21 15 52 26.180    2.3    32.793060  105.426600     8.3 
 2008  8 21 15 52 27.300    2.3    32.792720  105.424000     1.6 
 2008  8 21 16 50  8.070    3.0    31.837720  104.349000    10.8 
 2008  8 21 17 26 32.910    2.2    32.240750  104.695100    14.8 
 2008  8 21 17 31 13.730    2.1    32.342430  104.981200    10.1 
 2008  8 21 17 40 25.740    1.8    31.298200  103.436900     4.6 
 2008  8 21 17 41 33.500    3.5    31.894230  104.372800    12.7 
 2008  8 21 17 44 38.910    1.9    31.334160  103.132600    11.9 
 2008  8 21 17 58  9.750    1.7    31.314560  103.578000    11.6 
 2008  8 21 18 10 32.280    2.3    31.112010  103.442600    11.5 
 2008  8 21 18 17  2.340    2.9    32.338930  104.970300    15.8 
 2008  8 21 19 30 52.460    3.7    32.541070  105.193100    16.1 
 2008  8 21 19 42  9.380    2.3    31.422800  103.838400    16.7 
 2008  8 21 20 21 49.320    1.2    31.250750  103.625500     9.6 
 2008  8 21 20 55  6.370    2.7    31.475850  103.931200    14.4 
 2008  8 21 21 39 16.970    1.9    32.126580  104.571500    15.3 
 2008  8 21 22 23 24.110    1.9    31.391070  103.737500    16.1 
 2008  8 21 22 30 28.480    2.8    31.595870  104.025700    14.7 
 2008  8 21 22 34  1.270    1.5    31.394040  103.735900    15.3 
 2008  8 21 22 35 29.050    2.6    32.696530  105.400400    11.4 
 2008  8 21 23  2   .420    1.7    31.885700  104.298300    13.5 
 2008  8 21 23 14  5.190    3.3    32.467210  105.077300    16.2 
 2008  8 21 23 28 42.410    2.7    31.157220  103.302000    11.8 
 2008  8 21 23 55 25.080    2.0    31.356930  103.737500    13.1 
 2008  8 21 23 56 38.800    2.0    31.580920  104.024500     8.6 
 2008  8 22  0  0 11.580    1.7    31.380290  103.284200    11.8 
 2008  8 22  0 24 17.350    2.6    32.825670  105.475100     9.7 
 2008  8 22  0 31 35.350    2.1    31.720520  104.199500     6.4 
 2008  8 22  0 35 38.460    1.8    32.117060  104.448900     9.9 
 2008  8 22  1  9  9.350    2.6    31.832380  104.259000     6.2 
 2008  8 22  1 49 19.810    2.2    32.409660  105.151200    14.6 
 2008  8 22  2  2 32.450    1.4    31.972260  104.421000    14.4 
 2008  8 22  2 10  9.460    1.5    31.283690  103.449200     6.5 
 2008  8 22  2 16 49.590    1.4    31.443060  103.898100    15.0 
 2008  8 22  2 29  3.600    1.3    31.302750  103.482100     2.4 
 2008  8 22  2 42 26.360    2.5    31.953640  104.255200    14.3 
 2008  8 22  2 54 10.140    1.6    31.239380  103.463500     9.6 
 2008  8 22  3 45 59.380    1.7    31.260390  103.431600     2.6 
 2008  8 22  3 46 49.790    2.8    32.547730  105.221000    17.9 
 2008  8 22  3 57  4.860    1.5    30.818880  103.340400    11.1 
 2008  8 22  4 18 38.100    1.7    31.514310  103.942400    12.3 
 2008  8 22  4 46 38.840    3.7    32.221990  104.717000    15.4 
 2008  8 22  4 54 26.070    2.2    31.238080  103.627600    10.4 
 2008  8 22  6 27 42.950    2.2    32.128140  104.525100    15.4 
 2008  8 22  7  7 39.110    1.5    31.263460  103.531400     9.8 
 2008  8 22  7 18 56.980    2.6    32.427300  105.075000    15.0 
 2008  8 22  8  7 46.630    2.3    31.300280  103.460600     6.2 
 2008  8 22  8 10  8.700    1.9    32.269160  104.854100    15.2 
 2008  8 22  9 26 23.430    3.0    32.369710  105.012800    16.9 
 2008  8 22  9 41 42.970    1.7    31.653030  104.019000    13.7 
 2008  8 22 10 10  8.190    3.3    32.517240  105.042200    17.4 
 2008  8 22 11 38  3.270    2.5    31.331930  103.439900     9.1 
 2008  8 22 11 59  4.850    2.9    31.503140  103.943500    15.1 
 2008  8 22 13 27 47.210    1.4    31.046880  103.285500     2.0 
 2008  8 22 13 43 10.550    2.1    31.353050  103.352200     7.8 
 2008  8 22 13 43 44.600    2.2    31.357130  103.359900     2.4 
 2008  8 22 13 55 57.080    2.1    31.359110  103.760400    15.4 
 2008  8 22 14 26 45.620    1.6    31.298410  103.461500     7.1 
 2008  8 22 16 46 20.900    1.6    30.743890  103.422500    17.3 
 2008  8 22 16 50 53.360    1.9    31.249580  103.560900    16.6 
 2008  8 22 17  5 20.030    1.6    30.822650  103.508100    11.2 
 2008  8 22 17 17 27.060    1.6    31.065900  103.310000     6.3 
 2008  8 22 17 25 50.320    2.2    31.804980  104.254700     1.7 
 2008  8 22 17 56 41.990    2.1    31.604470  103.739900    14.1 
 2008  8 22 18 31  5.870    2.8    32.095200  104.409100    16.3 
 2008  8 22 18 44 19.180    1.8    31.428730  103.887700    12.1 
 2008  8 22 18 51 19.940    3.9    31.384070  103.335100    11.7 
 2008  8 22 19 24 50.690    3.6    31.424260  103.834000    17.5 
 2008  8 22 19 40  9.160    3.4    32.238190  104.616500    16.4 
 2008  8 22 19 51 30.710    1.8    31.385290  103.345400     2.2 
 2008  8 22 19 55 52.190    3.4    32.237580  104.618800    16.3 
 2008  8 22 20  3 46.170    2.4    32.323390  105.016200    13.3 
 2008  8 22 20 10 51.650    1.7    31.538270  104.103900    13.1 
 2008  8 22 20 46 23.180    2.4    31.325600  103.641200    16.3 
 2008  8 22 21  5 17.080    2.2    31.358550  103.359300     2.8 
 2008  8 22 21 27 28.270    2.1    31.870960  104.315300     6.4 
 2008  8 22 21 52 53.750    2.2    30.817630  103.393500    12.5 
 2008  8 22 21 57 14.060    2.1    31.392620  103.780800    16.3 
 2008  8 22 21 58 14.590    2.1    31.055240  103.427600     2.3 
 2008  8 22 23  3  5.370    2.0    31.739090  104.217600    10.5 
 2008  8 22 23 25  3.540    1.7    30.909020  103.156400     8.3 
 2008  8 22 23 46 11.620    1.7    31.583330  103.974800    16.3 
 2008  8 22 23 48  6.670    2.3    31.364370  103.848800    14.3 
 2008  8 22 23 52  2.770    1.9    31.010580  103.185100    15.8 
 2008  8 23  0 18 50.260    3.5    32.231990  104.620400    15.6 
 2008  8 23  1 18 59.300    1.4    31.290230  103.538900    10.5 
 2008  8 23  1 33 21.670    1.7    31.846040  104.334800    10.7 
 2008  8 23  1 54 35.230    1.3    31.112630  103.306500    13.0 
 2008  8 23  2 38 36.320    1.4    31.129140  103.537800    12.1 
 2008  8 23  2 52 41.680    1.9    31.268690  103.735000    15.9 
 2008  8 23  3  4 32.100    2.0    32.363490  104.965000    12.4 
 2008  8 23  3 18 36.630    2.3    32.413840  105.079400    13.3 
 2008  8 23  3 21 36.840    1.6    31.016200  103.291700    13.0 
 2008  8 23  3 31 35.920    3.3    30.977570  103.441000      .5 
 2008  8 23  3 38 19.060    1.8    32.220530  104.725400    12.9 
 2008  8 23  3 48 20.150    2.5    32.506060  105.184700    15.1 
 2008  8 23  4 18 10.650    2.0    31.431080  103.766800    15.6 
 2008  8 23  4 24  2.040    2.2    32.287440  104.877800    14.2 
 2008  8 23  4 44 39.490    1.4    31.039620  103.377100     1.9 
 2008  8 23  5 43  5.000    2.1    31.076620  103.358500    15.8 
 2008  8 23  6 18 36.840    1.6    30.957620  103.361100    12.0 
 2008  8 23  6 34 21.170    2.9    32.364150  105.084200    11.5 
 2008  8 23  7  9  7.290    3.1    32.439970  105.133900    18.9 
 2008  8 23  8 50  5.900    2.6    30.967100  103.312500     8.1 
 2008  8 23  9  3 41.490    1.5    31.159020  103.475100     1.8 
 2008  8 23  9 54 53.740    2.1    31.859620  104.296800     8.7 
 2008  8 23 10  1 19.060    3.3    30.851230  103.312200    15.7 
 2008  8 23 11 45  5.990    1.9    31.483930  103.866000    14.3 
 2008  8 23 11 55 27.300    2.0    31.351160  103.789500     1.3 
 2008  8 23 13  2 42.390    2.8    30.794150  103.439500    15.8 
 2008  8 23 13 39  1.920    1.8    31.309410  103.691200    16.7 
 2008  8 23 13 39 16.720    2.1    32.306000  104.925100     1.8 
 2008  8 23 13 50 20.750    2.2    31.476520  103.559600    12.5 
 2008  8 23 14  2 22.150    1.8    31.391900  103.335800     9.5 
 2008  8 23 14  6 48.700    1.9    31.478640  103.558600    13.0 
 2008  8 23 14  8 10.240    1.9    31.050990  103.330800    10.0 
 2008  8 23 14 12 19.840    1.6    31.336880  103.749200    12.0 
 2008  8 23 14 37 17.460    1.9    31.039910  103.239400     1.8 
 2008  8 23 14 41 43.320    2.6    31.836430  104.329500     4.6 
 2008  8 23 14 54 10.680    2.5    31.348820  103.691800    16.6 
 2008  8 23 15  5 45.670    1.6    31.268050  103.560700    12.2 
 2008  8 23 16  0 32.070    3.7    32.129020  104.538000    16.5 
 2008  8 23 17 12 58.050    1.6    31.862910  104.292800     1.8 
 2008  8 23 17 27 56.220    2.3    32.200340  104.518400    16.5 
 2008  8 23 17 37  9.000    2.0    31.825740  104.237600     1.8 
 2008  8 23 19 56 26.610    1.8    31.383100  103.806100    12.8 
 2008  8 23 20 13 28.630    2.3    32.444680  105.159800    14.4 
 2008  8 23 20 20 25.390    2.2    31.310630  103.550400    14.2 
 2008  8 23 20 57 57.120    1.7    30.811420  103.348600    13.3 
 2008  8 23 21 13  1.420    2.3    32.784140  105.434500      .6 
 2008  8 23 21 21 59.880    2.2    30.925990  103.144000    15.1 
 2008  8 23 21 45 33.240    2.8    31.265720  103.595900     7.8 
 2008  8 23 22  1  1.950    2.0    31.265150  103.682300    14.5 
 2008  8 23 22  5 47.120    1.7    31.802190  104.313200    10.7 
 2008  8 23 22 11 53.120    2.9    31.500650  103.841200    16.7 
 2008  8 23 22 19 32.510    1.2    31.318350  103.658200     8.1 
 2008  8 23 22 36 22.730    1.2    30.996530  103.180300    18.8 
 2008  8 23 22 56 13.310    2.4    31.754590  104.216900    12.5 
 2008  8 23 23 10 34.970    2.6    32.366210  105.005100    11.1 
 2008  8 23 23 26 32.490     .9    31.250350  103.435100      .6 
 2008  8 24  0  5 31.430    2.5    31.866960  104.438400     2.3 
 2008  8 24  0 10 49.800    2.1    32.314900  104.923600    10.1 
 2008  8 24  0 14 55.380    3.8    32.588600  105.289900    14.3 
 2008  8 24  1 42 59.960    2.3    32.597240  105.279900    17.0 
 2008  8 24  2  4 11.550    1.9    32.671200  105.386700     1.3 
 2008  8 24  2  4 11.750    2.0    31.456050  103.873500    15.2 
 2008  8 24  2  4 35.790    2.6    31.385290  103.696100    17.1 
 2008  8 24  2  9 46.870    2.1    31.020790  103.353200     4.8 
 2008  8 24  2 16 43.880    1.8    32.609130  105.236700     7.2 
 2008  8 24  2 18 23.080    1.7    30.812610  103.348500    12.3 
 2008  8 24  2 42 22.290    4.2    31.310400  103.542500    14.5 
 2008  8 24  2 56 42.220    1.4    31.254250  103.379800     1.7 
 2008  8 24  3 48 43.450    1.7    31.033590  103.390900     2.8 
 2008  8 24  4 12  8.770    1.2    31.021790  103.435200    11.2 
 2008  8 24  4 35 10.190    1.4    31.141720  103.500400    13.8 
 2008  8 24  5 15 38.020    2.4    31.352980  103.767400    16.5 
 2008  8 24  5 23 18.420    1.5    31.771920  104.260400    10.8 
 2008  8 24  5 54 57.490    1.7    31.030310  103.215100    12.0 
 2008  8 24  6 28 27.040    1.0    30.875980  103.392400     3.5 
 2008  8 24  6 31 18.880    2.1    30.907800  103.263300    19.0 
 2008  8 24  6 43  8.910    4.0    32.368030  104.926900    20.2 
 2008  8 24  7 17 42.160    1.5    30.807920  103.350700    12.2 
 2008  8 24  7 28  7.350    1.5    31.872070  104.259000     6.0 
 2008  8 24  7 35 47.560    2.0    31.278760  103.586800    12.5 
 2008  8 24  7 38  7.600    1.5    30.808860  103.348300    11.4 
 2008  8 24  7 49 51.280    1.4    31.252540  103.572500     9.7 
 2008  8 24  8 15 55.500    2.1    32.607800  105.324800    13.4 
 2008  8 24  8 43 59.370    2.6    32.479890  105.145500    12.3 
 2008  8 24  8 55 12.270    2.4    31.266820  103.552400    12.0 
 2008  8 24  9  7 15.880    1.9    31.018170  103.330200    11.1 
 2008  8 24  9  7 16.620    1.9    31.002710  103.336800     1.8 
 2008  8 24  9 14 33.570    2.3    31.294340  103.688400    11.1 
 2008  8 24  9 33 44.690    2.7    31.925770  104.240700    15.2 
 2008  8 24 10  0 55.030    2.1    31.305080  103.734900    13.5 
 2008  8 24 10 20 20.000    1.9    31.376230  103.349300     3.2 
 2008  8 24 10 47 57.130    2.2    32.541920  105.189700    17.2 
 2008  8 24 11  4 17.360    2.2    32.276840  104.913400    12.5 
 2008  8 24 11  9 34.720    1.9    31.872220  104.331400     4.6 
 2008  8 24 11 56   .380    2.5    32.396970  104.943200    10.0 
 2008  8 24 12  2 24.220    1.9    32.296790  104.993600     5.9 
 2008  8 24 13  7 27.040    2.1    31.314510  103.437700     2.6 
 2008  8 24 13  9 20.160    2.1    32.392260  105.037200     9.7 
 2008  8 24 13 20 16.000    1.9    32.214630  104.689900    13.4 
 2008  8 24 14 18 26.280    2.5    31.854370  104.234900    15.9 
 2008  8 24 15 24 21.540    2.1    31.826650  104.270900    11.0 
 2008  8 24 15 50 17.060    2.0    31.870980  104.374200    11.7 
 2008  8 24 16 23 23.100    1.7    31.605170  103.982600    15.3 
 2008  8 24 16 30 18.620    2.5    32.463160  105.117000    15.9 
 2008  8 24 16 47 37.280    1.6    31.879260  104.277600     9.4 
 2008  8 24 16 57 49.290    2.0    32.127210  104.571300    10.7 
 2008  8 24 16 58 26.120    1.5    31.258240  103.595400     2.6 
 2008  8 24 17 26 54.710    2.0    32.443610  104.947600    14.4 
 2008  8 24 17 42 31.340    2.4    32.300870  104.863400    17.0 
 2008  8 24 17 52 59.330    2.3    31.771970  104.261700     3.4 
 2008  8 24 18  0 13.880    2.2    31.528620  104.004300    12.8 
 2008  8 24 19  2 31.760    3.1    31.381020  103.825900    16.5 
 2008  8 24 19 49 50.190    2.1    32.551790  105.189400    18.8 
 2008  8 24 20  0 17.960    1.9    32.062870  104.359400    14.9 
 2008  8 24 20 13 36.010    1.5    31.273690  103.494900     2.0 
 2008  8 24 20 22 32.990    1.8    31.344800  103.765000    11.7 
 2008  8 24 20 34 47.050    1.1    31.257540  103.666800    12.7 
 2008  8 24 20 47 22.420    2.0    32.306200  104.876200    11.9 
 2008  8 24 20 56 14.560    1.8    32.564820  105.211100     9.5 
 2008  8 24 21  8 55.560    1.8    31.580560  104.008800    12.8 
 2008  8 24 21 35 41.830    1.5    31.391160  103.851100    10.1 
 2008  8 24 21 49 41.330    1.7    31.330030  103.340200    10.5 
 2008  8 24 22  9 50.340    1.4    30.963150  103.291900     6.0 
 2008  8 24 22 13 26.630    1.4    31.863540  104.254600    12.4 
 2008  8 24 22 16 43.360    1.1    31.243930  103.672900    13.4 
 2008  8 24 22 37 26.740    1.5    31.270740  103.626000    16.2 
 2008  8 24 22 38 34.330    1.3    31.327010  103.455700    13.3 
 2008  8 24 22 48 17.490    1.5    31.344430  103.187600    12.4 
 2008  8 24 23  8 57.760    2.0    31.697050  104.129000     8.5 
 2008  8 24 23  9 57.410    2.6    32.103650  104.631600    13.5 
 2008  8 24 23 19 14.540    2.5    31.446140  103.859200    15.6 
 2008  8 24 23 21 18.830    3.3    32.317810  105.018900    15.9 
 2008  8 24 23 28 58.800    2.5    31.268920  103.558800     9.4 
 2008  8 24 23 32 51.080    1.5    31.062390  103.247300    11.0 
 2008  8 24 23 52  4.040    2.2    31.224790  103.465000     8.4 
 2008  8 24 23 55 43.290    1.4    31.273750  103.436500     2.9 
 2008  8 25  0 41   .060    2.0    31.361490  103.722400    16.1 
 2008  8 25  0 45 58.800    2.0    31.305080  103.434600     5.6 
 2008  8 25  1  9 18.100    2.5    32.241980  104.797500    12.5 
 2008  8 25  1 29 17.440    1.5    31.292040  103.627500    13.9 
 2008  8 25  1 31 19.280    1.5    30.900920  103.318000    10.9 
 2008  8 25  1 55 34.870    3.0    32.602020  105.295400    14.6 
 2008  8 25  2 38 41.800    2.0    31.850000  104.360000     2.6 
 2008  8 25  2 40 44.090    1.4    31.369300  103.857700     2.4 
 2008  8 25  3 36 11.660    2.4    31.887380  104.348900     5.6 
 2008  8 25  3 51  1.590    1.3    31.272180  103.557600     6.1 
 2008  8 25  3 51 54.370    1.4    31.298560  103.746200    14.9 
 2008  8 25  4  2 37.100    1.7    31.299600  103.434300     1.8 
 2008  8 25  4 21 48.640    2.8    31.822270  104.318000     2.1 
 2008  8 25  4 22 30.610    3.4    31.006660  103.427700    10.3 
 2008  8 25  4 42 10.280    3.2    31.384800  103.841200    15.3 
 2008  8 25  5  1 18.190    1.7    31.031300  103.393400     8.9 
 2008  8 25  5  9 18.270    1.4    31.284540  103.553000    12.3 
 2008  8 25  5 23 29.430    1.9    31.593350  104.004500    15.0 
 2008  8 25  5 27 16.140    3.0    30.884830  103.386400     5.9 
 2008  8 25  5 50 43.310    2.2    30.991810  103.226700    11.1 
 2008  8 25  6  1  6.570    2.4    32.739460  105.424500    11.4 
 2008  8 25  6  3 55.870    1.8    31.326640  103.336900    13.7 
 2008  8 25  6  6 20.890    1.8    31.751770  104.176500    10.8 
 2008  8 25  6  6 21.080    1.8    31.749660  104.170700    12.5 
 2008  8 25  6 25 13.580    1.7    31.900870  104.216700     1.9 
 2008  8 25  7 26 29.570    2.4    30.992880  103.365800     9.8 
 2008  8 25  8 15 57.390    1.9    31.401760  103.752500    17.1 
 2008  8 25  8 39 19.970    2.9    31.974180  104.525600    13.4 
 2008  8 25  8 43 41.440    2.2    31.663790  104.268000    11.6 
 2008  8 25  9 21 53.240    1.7    30.889890  103.393500     5.9 
 2008  8 25  9 33 27.640    1.5    31.042570  103.378700     1.8 
 2008  8 25  9 52 25.550    1.8    31.283700  103.560900     7.7 
 2008  8 25 10  4 42.630    2.5    31.116710  103.631300    13.1 
 2008  8 25 10 31 38.500    1.8    31.849270  104.243400     9.4 
 2008  8 25 10 42 26.350    1.7    31.296370  103.430500     9.5 
 2008  8 25 10 45 59.510    1.8    32.315500  104.886000      .7 
 2008  8 25 11 22  7.810    2.4    30.996340  103.252800    12.1 
 2008  8 25 11 24 54.250    2.7    31.341830  103.368500     7.1 
 2008  8 25 11 32 52.210    2.8    32.269260  104.922100     6.7 
 2008  8 25 11 36 24.010    2.1    32.548450  105.108500    14.8 
 2008  8 25 11 50 44.310    1.7    31.327790  103.420600     4.0 
 2008  8 25 11 59 34.630    2.2    32.173870  104.585000    12.4 
 2008  8 25 12  9 20.440    2.5    32.147910  104.575400     8.1 
 2008  8 25 12 14 26.890    2.6    32.140130  104.568100    13.7 
 2008  8 25 12 41 52.820    2.4    31.883630  104.331600     8.3 
 2008  8 25 12 44 35.180    2.2    31.338360  103.716400    14.8 
 2008  8 25 12 57 42.080    1.7    32.467320  105.110700    11.3 
 2008  8 25 13 27 28.040    2.8    32.106350  104.466400    13.0 
 2008  8 25 13 44  2.360    4.0    31.428470  103.899600    17.8 
 2008  8 25 14  2 23.300    2.2    31.834440  104.283200    10.5 
 2008  8 25 15  6 41.020    2.1    32.365840  104.993900     9.7 
 2008  8 25 15 16 48.510    2.4    31.029550  103.209000    17.2 
 2008  8 25 15 17  9.570    2.8    31.817760  104.267400    13.7 
 2008  8 25 15 46 22.220    2.0    32.442650  105.067200     8.4 
 2008  8 25 16 41 32.850    2.1    31.340300  103.353700     4.2 
 2008  8 25 16 59 22.630    2.1    31.243450  103.612800     5.4 
 2008  8 25 17 23 44.410    1.7    31.335090  103.379900     7.7 
 2008  8 25 18 52 13.070    1.7    31.177540  103.441400    11.2 
 2008  8 25 19  5 46.570    1.9    32.092990  104.599300    13.9 
 2008  8 25 19 10 30.310    2.8    32.598130  105.346600    13.4 
 2008  8 25 19 56 32.970    2.1    32.629240  105.362900    14.8 
 2008  8 25 20 36 10.900    3.5    32.762860  105.457700    13.0 
 2008  8 25 21 12  5.440    1.8    31.419260  103.855700    13.3 
 2008  8 25 21 24 23.260    2.3    30.912770  103.275500    18.8 
 2008  8 25 21 27 41.770    2.6    31.526810  103.997300     9.1 
 2008  8 25 21 35  3.270    2.4    30.952610  103.177300    13.1 
 2008  8 25 22 20 29.550    3.3    31.827830  104.271100    12.4 
 2008  8 25 22 36  2.410    2.5    32.431590  104.950700    15.3 
 2008  8 25 22 44 28.500    2.4    31.333700  103.888200    13.3 
 2008  8 25 23 16 14.020    1.7    31.339040  103.733600    14.3 
 2008  8 25 23 36 33.710    1.9    31.186990  103.500200     8.3 
 2008  8 25 23 46 26.320    2.0    32.433670  105.062700    15.7 
 2008  8 25 23 46 26.350    2.0    32.428530  105.063600    15.7 
 2008  8 26  0 14 29.400    1.7    32.554080  105.258300    13.6 
 2008  8 26  0 27 52.340    3.3    31.677640  104.165800    13.5 
 2008  8 26  0 33 42.940    1.6    31.219760  103.506900     2.3 
 2008  8 26  0 42 54.020    2.3    32.471690  104.990600    14.8 
 2008  8 26  0 46 33.540    2.0    31.790530  104.263400    12.7 
 2008  8 26  1 18 17.690    1.6    31.469610  103.947500     8.6 
 2008  8 26  1 38 10.890    1.2    31.142600  103.341300    13.9 
 2008  8 26  2  2 52.810    3.1    31.374990  103.331600    12.3 
 2008  8 26  2  5 26.640    2.1    31.373690  103.329300    11.5 
 2008  8 26  2 14 51.540    2.1    30.935540  103.344300     8.2 
 2008  8 26  2 18 23.270    1.8    31.863920  104.315200    10.7 
 2008  8 26  2 51 57.340    1.5    32.744520  105.465000    16.5 
 2008  8 26  3  5 37.530    1.6    31.785640  104.222500    18.3 
 2008  8 26  3  7 48.550    1.7    31.414390  103.882600    13.5 
 2008  8 26  3  8  9.910    1.5    32.632850  105.358400    24.7 
 2008  8 26  3 14 23.470    3.4    32.487110  105.158400    16.9 
 2008  8 26  3 26 42.080    1.5    32.273390  104.856200    13.7 
 2008  8 26  4 25 40.620    1.1    31.277090  103.755900     2.6 
 2008  8 26  4 29 48.860    1.9    32.522710  105.065500    16.2 
 2008  8 26  4 34 25.810    1.8    31.895540  104.292500     7.4 
 2008  8 26  4 53 40.820    1.9    32.420290  105.115600    17.1 
 2008  8 26  5  8 39.650    1.0    31.275560  103.675400     4.3 
 2008  8 26  5 10 44.540    1.6    31.281760  103.760500     6.3 
 2008  8 26  5 16 21.920    1.3    32.525200  105.110600     7.9 
 2008  8 26  5 21 10.150    3.0    32.776440  105.495400    13.0 
 2008  8 26  5 23 45.130    1.6    31.613750  104.049000     7.3 
 2008  8 26  5 33 42.750    2.3    31.577450  103.974600    14.9 
 2008  8 26  5 38 14.890    1.3    32.167670  104.601200    14.2 
 2008  8 26  5 41 24.990    1.8    31.061170  103.422900     2.6 
 2008  8 26  5 46 54.480    1.9    32.367600  105.047400    13.9 
 2008  8 26  5 58 23.640    2.2    32.286460  104.872600    13.3 
 2008  8 26  6  8 32.380    2.0    31.579060  103.977400    15.5 
 2008  8 26  6 11 57.420    2.4    31.036390  103.401300     5.7 
 2008  8 26  6 21 55.210    1.3    31.009660  103.396000    13.6 
 2008  8 26  6 41 34.090    2.2    32.141090  104.650000    14.8 
 2008  8 26  6 58 38.230    1.5    32.770130  105.579300    15.8 
 2008  8 26  7 10 48.570    2.1    32.408040  105.052100    12.7 
 2008  8 26  7 34  4.940    1.8    31.001260  103.405000     1.7 
 2008  8 26  7 44 48.270    1.9    31.273820  103.565000     2.1 
 2008  8 26  8  0  3.850    2.4    30.925110  103.307700    16.2 
 2008  8 26  8 14 24.260    1.8    31.492460  103.927200    15.3 
 2008  8 26  8 28  7.920    1.8    32.506200  105.165600    14.9 
 2008  8 26  8 31 19.170    1.4    31.318150  103.421800     9.1 
 2008  8 26  9 38 19.720    1.8    31.257510  103.623200     2.0 
 2008  8 26  9 55 23.390    1.8    31.544400  103.970500    12.7 
 2008  8 26 10 52 14.110    2.2    30.984640  103.279300    13.2 
 2008  8 26 10 58 23.260    2.1    31.323520  103.674300    12.3 
 2008  8 26 11 18 22.170    2.4    32.191430  104.593300    14.9 
 2008  8 26 12 23 34.890    2.8    32.206860  104.719000    14.2 
 2008  8 26 12 35 49.470    1.9    31.720390  104.018000    16.3 
 2008  8 26 12 43 29.010    2.3    31.330580  103.733800    14.3 
 2008  8 26 13  3  3.120    2.1    31.433690  103.763800    16.7 
 2008  8 26 13 20 26.470    2.1    32.365490  104.967900    17.4 
 2008  8 26 13 21 58.150    1.6    31.340600  103.461600     9.9 
 2008  8 26 14  9 52.260    2.0    32.375230  105.140400    16.3 
 2008  8 26 14 42 17.810    2.4    32.482640  104.989900    13.0 
 2008  8 26 14 43 58.020    1.3    31.192630  103.404700    16.3 
 2008  8 26 15 22 42.060    1.6    31.370340  103.329300    11.5 
 2008  8 26 15 28 38.640    2.7    32.617960  105.342200    17.8 
 2008  8 26 15 44 16.730    3.7    32.620210  105.341500    14.4 
 2008  8 26 17 31 20.770    2.4    32.473660  105.153300    14.4 
 2008  8 26 18 42  3.400    2.1    32.297370  104.506200    13.7 
 2008  8 26 19 43 48.080    2.6    31.508440  103.331300     5.6 
 2008  8 26 20 22  9.490    1.4    31.374740  103.356500     2.4 
 2008  8 26 20 22 57.150    1.6    31.091610  103.322700     1.6 
 2008  8 26 20 27 30.080    1.5    31.099280  103.319400     2.4 
 2008  8 26 20 44 57.020    1.7    32.508450  105.066000     7.3 
 2008  8 26 21  3 28.360    1.6    31.341290  103.186200    11.0 
 2008  8 26 21  6 22.060    1.3    31.448560  103.870300     1.0 
 2008  8 26 21 26 22.840    1.5    31.381650  103.772900    12.4 
 2008  8 26 21 52 44.080    1.7    31.255170  103.486000    12.1 
 2008  8 26 22 25 47.290    2.4    32.214600  104.573800    16.1 
 2008  8 26 22 35 20.440    2.1    32.685570  105.392700    14.7 
 2008  8 26 22 36 14.020    2.4    32.308170  105.001000    12.1 
 2008  8 26 22 52 18.310    1.3    31.369850  103.855800     9.4 
 2008  8 26 23 33 56.530    1.1    31.301150  103.556600     3.0 
 2008  8 26 23 52  4.110    1.9    31.427010  103.843400    15.2 
