 latitude longitude depth year month day hour minute second magnitude
30.960706  103.352529    18.804   2008  5 12  6 28  0.390 7.4 
 31.264712  103.534546     9.289   2008  5 12  7 34 44.360 5.4 
 31.320565  103.764131    19.019   2008  5 12  7 45 35.760 4.7 
 31.778191  104.221167     6.622   2008  5 12  8  3  0.190 4.4 
 31.144631  103.482936    18.396   2008  5 12  8 11  0.090 4.9 
 31.224255  103.681124    10.788   2008  5 12  8 18 51.030 4.2 
 31.471692  103.919462    22.346   2008  5 12  8 26 15.960 4.9 
 31.229553  103.566313    18.226   2008  5 12  9  7  2.770 5.0 
 30.859107  103.198968    12.471   2008  5 12  9 34 56.660 4.1 
 31.544692  103.997013    17.504   2008  5 12  9 42 27.770 5.4 
 30.926978  103.206618    18.922   2008  5 12  9 54 52.250 4.2 
 30.930481  103.277570    15.349   2008  5 12 10 23 42.070 5.2 
 31.003107  103.290120    10.577   2008  5 12 10 57 49.750 3.8 
 31.276959  103.430415    13.166   2008  5 12 11 11  2.720 6.0 
 31.422137  103.475528     9.266   2008  5 12 11 20 24.370 3.7 
 31.250351  103.803901    20.458   2008  5 12 11 28 38.640 4.5 
 32.608734  105.377984    14.262   2008  5 12 11 33 19.800 4.7 
 32.356375  105.001019    21.380   2008  5 12 11 41 12.060 4.8 
 32.237611  104.881805    10.545   2008  5 12 11 45 17.880 4.3 
 31.228772  103.721478    19.527   2008  5 12 12  1 53.370 4.1 
 32.555311  105.255801     9.073   2008  5 12 12  4 41.000 4.6 
 31.350601  103.483783    14.441   2008  5 12 12 13 48.990 4.8 
 31.375459  103.887581    15.855   2008  5 12 12 29 59.330 4.3 
 30.875767  103.254740    15.624   2008  5 12 12 37 46.060 3.8 
 31.165013  103.570143    11.225   2008  5 12 12 50 14.790 3.8 
 31.028510  103.245829    18.833   2008  5 12 12 58 48.020 4.0 
 31.070532  103.493544    13.972   2008  5 12 13  0 17.100 4.0 
 31.011843  103.245533    15.877   2008  5 12 13  2  5.130 4.3 
 30.928851  103.226664    20.772   2008  5 12 13  6  0.320 3.3 
 31.140497  103.444519    18.606   2008  5 12 13  7 17.240 4.0 
 30.994628  103.355398    18.680   2008  5 12 13 14 16.900 3.2 
 31.341233  103.739815    18.688   2008  5 12 13 16 25.130 3.9 
 31.060260  103.496984    33.298   2008  5 12 13 26 51.580 4.2 
 31.271161  103.873106    21.342   2008  5 12 13 32 13.820 4.2 
 31.205970  103.570781    13.157   2008  5 12 13 33 53.990 3.7 
 31.164282  103.429363    10.514   2008  5 12 13 35  6.030 4.0 
 31.035925  103.377826    14.698   2008  5 12 13 40 56.020 5.3 
 30.927160  103.272855    15.505   2008  5 12 13 50 17.130 3.9 
 31.635525  104.065889    17.605   2008  5 12 14 23 42.470 3.8 
 31.396358  103.796754    20.488   2008  5 12 14 26 17.890 3.6 
 30.917159  103.278687    14.392   2008  5 12 14 37 50.160 3.9 
 30.752667  103.455524    43.741   2008  5 12 14 54 54.140 3.3 
 31.266437  103.612198     8.115   2008  5 12 15  5 32.520 5.1 
 31.308234  103.463130    19.418   2008  5 12 15  5 46.000 5.2 
 31.021097  103.367372    11.792   2008  5 12 15 28 54.780 5.3 
 31.041081  103.531852    19.806   2008  5 12 16 15 25.620 3.1 
 31.151619  103.716176    20.439   2008  5 12 16 28 54.800 4.3 
 30.847204  103.272902    12.623   2008  5 12 16 40 55.720 3.9 
 31.233052  103.643281    18.781   2008  5 12 17  7 54.650 4.4 
 31.257750  103.841810    16.607   2008  5 12 17 10 23.930 3.6 
 31.535684  104.024932    11.640   2008  5 12 17 13 33.760 3.6 
 30.982608  103.185509    15.017   2008  5 12 17 20 54.480 4.0 
 31.186843  103.469157    11.210   2008  5 12 17 26 42.020 3.7 
 31.281039  103.419392    16.769   2008  5 12 17 29  7.160 5.1 
 31.340645  103.688868    14.805   2008  5 12 17 31 17.870 3.7 
 31.278353  103.449191    17.075   2008  5 12 17 54 33.990 5.3 
 31.410434  103.929070    18.247   2008  5 12 18 26 20.170 4.3 
 31.222983  103.730623    19.414   2008  5 12 18 44 11.480 4.3 
 32.384327  105.037399    13.818   2008  5 12 18 46 12.500 4.7 
 31.574550  103.683948    38.511   2008  5 12 20  8 51.820 6.0 
 31.326097  103.373206    16.158   2008  5 12 20 24 30.860 2.8 
 31.791872  104.363558    18.510   2008  5 12 20 45 33.360 5.5 
 31.222109  103.599934    16.913   2008  5 12 20 48 58.440 4.1 
 30.883385  103.312888     4.289   2008  5 12 20 56 45.100 3.2 
 31.265061  103.212957    17.615   2008  5 12 21 10 51.390 3.8 
 31.009033  103.387288    18.741   2008  5 12 21 18  5.230 3.2 
 31.014851  103.300288    20.101   2008  5 12 21 19 35.300 3.0 
 31.174545  103.650121    16.519   2008  5 12 21 25 17.080 3.6 
 31.246306  103.631911    19.638   2008  5 12 21 30 31.860 3.6 
 31.245330  103.591490    36.055   2008  5 12 21 34  7.870 4.2 
 31.122814  103.334480    11.931   2008  5 12 21 35  3.570 3.7 
 30.782643  103.235727    11.988   2008  5 12 21 36  0.690 3.3 
 31.198189  103.560937    19.527   2008  5 12 21 47 43.690 3.2 
 31.218580  103.600017    21.595   2008  5 12 21 53  2.200 3.3 
 31.482430  103.932101    19.089   2008  5 12 22  1  0.670 3.3 
 31.217087  103.740079    18.513   2008  5 12 22  8 16.550 3.7 
 31.305519  103.551392    14.660   2008  5 12 22 10 11.290 3.1 
 31.828697  104.311820    19.779   2008  5 12 22 19 33.010 4.3 
 31.928653  104.372652    12.970   2008  5 12 22 23 15.240 3.9 
 30.962156  103.489470    17.088   2008  5 12 22 28 37.740 4.5 
 31.264627  103.374093    17.378   2008  5 12 22 47 22.550 4.4 
 30.911763  103.356744    12.367   2008  5 12 22 52 59.260 4.2 
 31.227188  103.484507     8.664   2008  5 12 23  5 11.430 3.7 
 31.270094  103.874548    19.414   2008  5 12 23 43 54.780 4.6 
 31.302180  103.360934    16.032   2008  5 12 23 46 20.540 5.8 
 31.825135  104.399071    20.075   2008  5 13  0 24 34.290 4.4 
 30.795130  103.389632    45.311   2008  5 13  0 49  2.250 2.9 
 32.612285  105.422993    17.618   2008  5 13  0 54  3.890 4.3 
 31.363713  103.764333    19.591   2008  5 13  1  8  0.290 4.1 
 31.195690  103.427745    15.598   2008  5 13  1 56 15.920 3.2 
 31.123801  103.350192    15.894   2008  5 13  1 59 22.220 3.7 
 31.572020  104.030167    16.869   2008  5 13  2 15 19.800 4.8 
 31.362343  103.887267    15.217   2008  5 13  2 28 14.530 4.2 
 31.235363  103.599882    19.951   2008  5 13  2 33 41.440 4.7 
 31.023578  103.433089    32.127   2008  5 13  2 39  8.610 3.1 
 31.325390  103.886678    15.204   2008  5 13  2 44 35.080 4.1 
 30.967046  103.337898    14.520   2008  5 13  2 59 34.400 4.6 
 31.213960  103.556573    11.171   2008  5 13  3  0 40.740 5.1 
 31.218390  103.634892    18.643   2008  5 13  3  9 57.170 4.2 
 30.960845  103.368364    11.142   2008  5 13  3 36 57.480 4.0 
 31.276258  103.742380    17.475   2008  5 13  3 48 47.700 4.8 
 31.126056  103.489742    13.874   2008  5 13  5 10 25.550 3.5 
 32.415810  105.217516    22.441   2008  5 13  5 36 33.760 4.9 
 31.345628  103.317047    20.551   2008  5 13  6 26 40.840 3.7 
 32.111199  104.627134    13.583   2008  5 13  6 35 38.040 4.4 
 30.903471  103.160649    16.856   2008  5 13  7  7 10.260 6.2 
 31.658682  104.112984    16.939   2008  5 13  7 32  7.390 3.2 
 31.285964  103.639637    14.714   2008  5 13  7 36 43.180 3.9 
 32.295460  104.923397    16.127   2008  5 13  7 53  3.960 5.0 
 32.274739  104.944598    15.688   2008  5 13  7 53  4.680 5.2 
 31.693677  104.100194     9.112   2008  5 13  7 57 35.080 3.4 
 31.377692  103.905245    18.761   2008  5 13  8 20 54.310 5.2 
 31.254791  103.631055    14.389   2008  5 13  8 44  3.080 3.2 
 31.269337  103.657638    20.211   2008  5 13  8 49 37.080 2.9 
 31.793737  104.460540     9.465   2008  5 13  9 19 12.820 3.5 
 30.844450  103.280750    15.592   2008  5 13  9 36  2.830 3.5 
 30.976356  103.346896    14.740   2008  5 13  9 39 45.030 3.5 
 32.043393  104.440633    15.134   2008  5 13  9 41 21.330 4.4 
 31.721365  104.286559    11.584   2008  5 13 10 16  7.970 5.1 
 31.724413  104.294927    14.080   2008  5 13 10 16  7.900 4.5 
 31.864888  104.299369    12.574   2008  5 13 10 20 17.260 4.5 
 31.261014  103.660722    19.226   2008  5 13 10 36 43.620 4.7 
 31.264590  103.649881    17.962   2008  5 13 10 36 43.580 4.6 
 31.590482  103.995532    18.969   2008  5 13 12 18 59.200 3.3 
 31.163054  103.443348    13.963   2008  5 13 12 34  3.260 3.4 
 31.128220  103.455241    15.629   2008  5 13 12 34  3.650 3.4 
 32.263814  105.036013    17.177   2008  5 13 13 31 36.650 4.9 
 31.127469  103.419787    14.299   2008  5 13 15  0 15.010 3.5 
 31.102605  103.408049    15.735   2008  5 13 15  0 15.080 3.2 
 31.792577  104.301783     6.765   2008  5 13 15  1 25.110 3.2 
 31.254489  103.576339    16.885   2008  5 13 15 19 15.340 3.4 
 31.894050  104.375796    16.606   2008  5 13 15 26 28.850 3.7 
 32.226549  104.905292    16.865   2008  5 13 15 38 25.870 3.6 
 31.126289  103.511757    12.582   2008  5 13 15 44  3.910 3.2 
 30.930801  103.190795    17.796   2008  5 13 15 55  7.230 3.5 
 30.955902  103.195918    16.468   2008  5 13 15 55  7.130 3.7 
 31.264545  103.796862    16.135   2008  5 13 15 59 13.270 3.8 
 31.246707  103.810411    17.072   2008  5 13 15 59 13.600 3.9 
 31.442825  104.292865    22.976   2008  5 13 16 12 31.450 4.0 
 31.893849  104.344196    17.759   2008  5 13 16 37 57.350 4.0 
 31.833562  104.298236    17.581   2008  5 13 16 58 53.210 3.3 
 31.146524  103.325557    20.327   2008  5 13 17 41 48.230 3.9 
 32.086074  104.609642    19.859   2008  5 13 18 10  5.550 4.3 
 30.941536  103.258767    15.978   2008  5 13 19 51 54.620 4.6 
 31.819963  104.275414    10.487   2008  5 13 20 25 44.830 3.9 
 31.799735  104.303855    13.320   2008  5 13 20 25 45.040 4.1 
 31.221363  103.556467    23.017   2008  5 13 20 42 38.410 3.5 
 31.103579  103.456479    19.043   2008  5 13 20 50 33.750 4.5 
 31.484367  104.035780    17.304   2008  5 13 20 57 30.480 3.8 
 31.380929  103.802932    19.201   2008  5 13 21 27 55.290 3.4 
 31.176157  103.489080    17.005   2008  5 13 21 58 22.550 2.8 
 31.236610  103.623521    19.040   2008  5 13 22  3 33.420 4.6 
 31.287205  103.553791     5.562   2008  5 13 22 17 22.870 3.5 
 31.303500  103.794672    18.271   2008  5 13 22 50 52.940 3.1 
 31.203064  103.617260    28.375   2008  5 13 23 19 42.030 3.0 
 31.440109  103.983330    18.566   2008  5 13 23 51 53.720 3.7 
 31.006602  103.431128    15.500   2008  5 14  0  8 14.730 4.9 
 31.333332  103.567091     8.686   2008  5 14  0 13 19.710 3.5 
 31.384694  103.882240    16.327   2008  5 14  1  9 22.540 4.7 
 31.230741  103.568572    17.789   2008  5 14  1 56 42.830 4.6 
 31.257307  103.541237    16.052   2008  5 14  1 56 42.820 4.8 
 31.296476  103.561082    19.772   2008  5 14  2  7 57.410 4.1 
 31.246313  103.585735    17.450   2008  5 14  2 34 32.820 3.3 
 30.993759  103.344135    12.253   2008  5 14  2 42 43.670 3.1 
 31.249561  103.527656    15.277   2008  5 14  2 45 40.610 3.9 
 31.228653  103.696442    15.994   2008  5 14  2 48 19.880 3.2 
 31.335590  103.368601    17.331   2008  5 14  2 54 38.730 5.7 
 30.932728  103.207081    18.607   2008  5 14  3  7 49.290 4.5 
 32.382047  105.137969    11.392   2008  5 14  5 27 28.960 4.1 
 31.396431  103.938513    17.903   2008  5 14  6 30 11.470 3.0 
 31.352679  103.979150    16.809   2008  5 14  6 33 57.980 4.4 
 30.903875  103.170745    15.846   2008  5 14  6 46 56.750 3.1 
 31.054379  103.378304    14.565   2008  5 14  6 58  6.270 3.1 
 32.380104  105.101309    16.747   2008  5 14  7 59  8.880 3.7 
 32.324696  105.047242    22.673   2008  5 14  8  1 21.070 3.3 
 31.341982  103.979629    14.902   2008  5 14  8 18 46.780 4.1 
 31.422673  103.871879    18.437   2008  5 14  8 39 41.950 3.4 
 30.883759  103.157930    20.271   2008  5 14  8 41 23.130 3.6 
 31.153697  103.396099    20.284   2008  5 14  8 42 50.620 3.4 
 31.207870  103.473480    19.314   2008  5 14  8 46 37.970 3.0 
 31.536645  103.984148    15.324   2008  5 14  8 49 45.940 2.9 
 30.941956  103.301808     9.962   2008  5 14  8 51 12.150 3.1 
 30.931391  103.391168    17.265   2008  5 14  8 57 27.320 4.1 
 31.512706  103.951531    39.768   2008  5 14  9 24  0.420 2.8 
 31.407981  103.947231    19.783   2008  5 14  9 26 46.710 5.5 
 31.173215  103.710742    13.212   2008  5 14  9 51 21.130 3.9 
 31.833253  104.150492    17.948   2008  5 14  9 58 10.540 3.3 
 32.156703  104.655554    14.625   2008  5 14 10 11 17.260 4.3 
 32.088770  104.578656    16.232   2008  5 14 10 15 23.220 3.1 
 30.867845  103.155030    17.255   2008  5 14 10 18 16.540 3.9 
 31.920265  104.321196     4.853   2008  5 14 10 21 29.870 3.3 
 31.926672  104.357840    10.585   2008  5 14 10 21 30.060 3.3 
 31.182881  103.508292    13.762   2008  5 14 10 27 15.130 3.7 
 31.977996  104.576572    14.018   2008  5 14 10 34 14.670 3.1 
 32.138388  104.602776    16.587   2008  5 14 10 35 29.620 3.0 
 32.131053  104.763785    15.380   2008  5 14 10 44 38.730 5.3 
 32.149858  104.729666    12.442   2008  5 14 10 44 39.000 4.4 
 31.318519  103.321601    10.621   2008  5 14 10 46 23.970 3.2 
 31.833823  104.365106     8.127   2008  5 14 10 49 56.340 3.5 
 31.431177  103.931945    18.477   2008  5 14 10 52 11.960 3.2 
 31.808818  104.275015     7.947   2008  5 14 11  0  3.440 2.8 
 31.525395  103.914585    44.413   2008  5 14 11  9 46.980 4.0 
 31.555871  103.905538    65.494   2008  5 14 11  9 46.920 3.6 
 30.984145  103.281945    12.328   2008  5 14 11 14  8.890 3.5 
 31.222561  103.588673    14.950   2008  5 14 11 21 29.970 3.6 
 30.996520  103.391747    14.413   2008  5 14 11 22 41.830 3.8 
 31.367871  103.462340    15.327   2008  5 14 11 25 28.660 4.2 
 32.356699  105.038982    15.152   2008  5 14 11 30 39.110 3.2 
 31.116176  103.709863    20.586   2008  5 14 11 33 39.780 3.0 
 32.071298  104.606062    15.232   2008  5 14 12 55 41.590 3.1 
 32.551275  105.278187    16.470   2008  5 14 13  9 58.010 3.1 
 31.005849  103.320678    13.716   2008  5 14 13 13 34.150 2.3 
 32.095380  104.581245    14.071   2008  5 14 13 19 45.630 3.3 
 31.233162  103.667372    17.497   2008  5 14 13 20  9.430 3.3 
 32.196730  104.563907     9.185   2008  5 14 13 24 30.920 3.0 
 31.217139  103.634564    20.911   2008  5 14 13 25  9.060 2.7 
 32.511125  105.252443    18.483   2008  5 14 13 27 20.450 4.1 
 32.359569  105.083148    15.922   2008  5 14 13 29 44.920 4.8 
 30.986420  103.348540    11.366   2008  5 14 13 33 42.240 3.2 
 31.229552  103.602076    18.327   2008  5 14 13 35 12.000 3.9 
 31.114867  103.355050    18.176   2008  5 14 13 38 33.790 2.9 
 32.313233  105.021397    12.076   2008  5 14 13 41 14.450 2.5 
 31.134076  103.341840    15.024   2008  5 14 13 42 44.050 2.7 
 32.180620  104.896019    12.093   2008  5 14 16  0  4.310 2.6 
 31.292081  103.444872    14.113   2008  5 14 16  3 13.020 3.2 
 31.860721  104.268720    11.853   2008  5 14 16 10 20.740 2.3 
 32.091415  104.589087    12.093   2008  5 14 16 11 57.730 3.9 
 32.316807  104.997336    17.482   2008  5 14 16 13 59.330 3.1 
 31.867399  104.358434    23.293   2008  5 14 16 14 38.630 3.2 
 32.146052  104.599195    14.275   2008  5 14 16 28 27.360 3.4 
 31.522606  104.178155    11.497   2008  5 14 16 32  5.110 2.4 
 31.232268  103.510798    20.842   2008  5 14 16 37 18.220 3.8 
 30.950376  103.397385    13.687   2008  5 14 16 45 24.210 2.8 
 32.267479  105.132786    11.489   2008  5 14 16 45 41.720 3.3 
 31.324104  103.456495    13.255   2008  5 14 16 48 42.840 3.5 
 31.279161  103.589276    16.065   2008  5 14 16 50 12.730 2.4 
 31.192326  103.638795    22.009   2008  5 14 16 53 23.900 2.6 
 31.765506  104.326384    12.457   2008  5 14 16 56 11.450 3.2 
 31.441520  103.775999    15.819   2008  5 14 16 58 34.360 2.6 
 31.161172  103.400522    21.180   2008  5 14 19  5 58.580 2.6 
 32.064467  104.526467    18.202   2008  5 14 19  8 13.140 3.4 
 31.229212  103.459280    14.596   2008  5 14 19 11  1.420 3.3 
 31.266833  103.807122    14.002   2008  5 14 19 12 38.480 3.2 
 31.386186  103.914731    16.551   2008  5 14 19 17  4.010 3.0 
 32.244573  104.987749    12.696   2008  5 14 19 19 27.370 4.2 
 31.974359  104.458969     9.034   2008  5 14 19 21 40.470 3.1 
 31.402190  103.915215    29.087   2008  5 14 19 24 21.870 2.7 
 31.002547  103.348678    14.040   2008  5 14 19 29 54.090 2.6 
 32.243283  104.957443     7.697   2008  5 14 19 35 35.280 3.6 
 31.300645  103.717022    16.491   2008  5 14 19 38 12.780 2.6 
 31.026734  103.424580     7.292   2008  5 14 19 39 44.820 2.4 
 30.892535  103.256887    11.937   2008  5 14 19 41 49.910 3.2 
 31.844662  104.303616     6.788   2008  5 14 19 45  1.120 2.3 
 31.052752  103.327617    11.639   2008  5 14 19 47  8.540 2.4 
 30.939784  103.230704    20.334   2008  5 14 19 48 15.070 3.3 
 32.098838  104.613930    20.599   2008  5 14 19 49 38.590 3.7 
 31.250630  103.504139    15.178   2008  5 14 19 51 44.780 3.2 
 31.031842  103.530682    18.910   2008  5 14 19 59  3.880 4.4 
 31.722938  104.183694    17.995   2008  5 14 21  1  9.470 5.1 
 31.714195  104.167739    17.664   2008  5 14 21  1  9.410 5.3 
 31.209365  103.625697    19.469   2008  5 14 22 10 11.930 5.0 
 32.239727  104.913744    17.135   2008  5 14 22 28 38.330 3.0 
 31.268464  103.573707    14.737   2008  5 14 22 33  4.040 3.3 
 31.307873  103.818283    17.366   2008  5 14 22 39 52.630 3.6 
 31.303354  103.818830    17.976   2008  5 14 22 39 52.770 3.5 
 31.143986  103.467259    17.802   2008  5 14 22 50 32.800 3.0 
 32.156388  104.583542    16.273   2008  5 14 23 28 15.380 3.8 
 31.217585  103.852261    13.382   2008  5 14 23 38 13.980 2.5 
 31.060376  103.336714    11.392   2008  5 14 23 39  4.770 2.7 
 31.258128  103.350368    14.084   2008  5 14 23 43 18.320 3.2 
 31.282380  103.838347    16.663   2008  5 15  0  3 31.370 3.4 
 31.840086  104.374661    14.624   2008  5 15  0  9 31.210 4.5 
 31.835839  104.366878    13.031   2008  5 15  0  9 31.190 4.8 
 30.995342  103.189395    16.744   2008  5 15  0 10 19.980 4.2 
 31.206260  103.450171    14.901   2008  5 15  0 15 16.190 2.7 
 31.153187  103.546873    19.685   2008  5 15  0 23 59.310 3.1 
 31.329531  103.861695    14.942   2008  5 15  0 32 48.940 2.8 
 31.291856  103.560277    15.344   2008  5 15  0 33 37.710 3.1 
 31.247618  103.624711    17.820   2008  5 15  0 34 25.450 3.0 
 31.052865  103.383099    11.670   2008  5 15  0 39 43.820 4.0 
 31.342262  103.421857    14.737   2008  5 15  0 50 21.160 4.2 
 30.927773  103.302924    16.506   2008  5 15  1 17 17.800 3.5 
 31.749214  104.312082    18.953   2008  5 15  1 45 39.380 4.3 
 31.481364  104.044597    17.369   2008  5 15  2  0 26.320 3.7 
 31.191680  103.714311    22.689   2008  5 15  2  9 24.340 3.7 
 31.063673  103.307222    18.452   2008  5 15  2 19 34.600 3.8 
 31.154293  103.510235    16.464   2008  5 15  3 29 42.070 3.0 
 32.148766  104.775339     5.750   2008  5 15  3 58  6.150 3.1 
 31.749623  104.364058    12.876   2008  5 15  4  6 31.220 4.2 
 30.994325  103.327170    14.070   2008  5 15  4 18 45.570 2.6 
 31.287565  103.753205    17.401   2008  5 15  4 27 32.200 4.4 
 31.283649  103.756729    18.178   2008  5 15  4 27 32.220 4.5 
 31.017086  103.240782    18.857   2008  5 15  5  3  3.620 2.9 
 31.951317  104.344053    14.802   2008  5 15  5 27 50.240 5.0 
 32.275759  104.912650    18.262   2008  5 15  5 35 36.070 3.7 
 30.965097  103.261505    16.296   2008  5 15  6 30 56.340 3.6 
 31.373534  103.315963    14.561   2008  5 15  6 53 32.490 2.3 
 31.522716  104.063607    13.704   2008  5 15  7 44 16.540 3.2 
 30.868952  103.218423    17.438   2008  5 15  7 47 41.410 4.1 
 31.514456  103.092771    14.786   2008  5 15  7 58  6.140 2.8 
 30.832211  103.261118    12.657   2008  5 15  8  1 18.860 3.7 
 30.919845  103.428138    19.036   2008  5 15  8 13 17.560 3.6 
 32.082895  104.595195    16.527   2008  5 15  8 28 10.910 3.7 
 31.222248  103.599514    15.499   2008  5 15  8 31 29.280 4.1 
 31.148073  103.599465    21.323   2008  5 15  8 37 56.140 3.1 
 30.978920  103.400343    15.581   2008  5 15  8 44 47.980 3.5 
 30.932740  103.356409    14.157   2008  5 15  9 40 42.090 3.4 
 32.782613  105.695232    13.767   2008  5 15  9 58 24.540 3.9 
 31.515230  104.076547    16.808   2008  5 15 10 24 18.060 3.1 
 31.507715  104.087636    17.072   2008  5 15 10 24 18.150 3.1 
 31.406620  103.863524    15.151   2008  5 15 10 32 31.720 3.8 
 31.384560  103.890983    18.607   2008  5 15 10 32 31.920 3.7 
 31.168386  103.688549    16.504   2008  5 15 10 34 54.880 3.6 
 31.174443  103.700985    17.424   2008  5 15 10 34 54.860 3.6 
 32.534384  105.213613    17.871   2008  5 15 10 44 48.120 4.0 
 32.203298  104.949150    15.486   2008  5 15 11  0 52.590 3.1 
 32.492475  105.200892    19.450   2008  5 15 11  2 31.190 2.7 
 32.740659  105.466288     9.984   2008  5 15 11  5 24.700 2.5 
 31.589900  103.695032    94.755   2008  5 15 11  6 38.990 2.1 
 30.830538  103.256566    12.626   2008  5 15 11  9  0.320 2.2 
 31.039950  103.409904    10.064   2008  5 15 11 10 32.710 2.7 
 31.857052  104.387316    12.864   2008  5 15 11 11 46.940 3.7 
 32.257039  104.976046    18.064   2008  5 15 11 15 40.470 3.1 
 30.874365  103.233528    17.615   2008  5 15 11 19 11.070 3.1 
 32.518947  105.175391     9.331   2008  5 15 11 20 32.420 3.0 
 30.970817  103.370984    15.831   2008  5 15 11 24 43.210 3.0 
 31.197235  103.532860    14.816   2008  5 15 11 29 45.720 3.2 
 32.517092  105.236828     8.594   2008  5 15 11 33 24.870 2.1 
 32.142425  104.567123    14.746   2008  5 15 11 35 40.320 2.5 
 31.428409  103.990419    21.566   2008  5 15 11 38 38.630 2.7 
 30.974776  103.337881    12.777   2008  5 15 11 44 34.100 2.9 
 31.220445  103.456279    18.991   2008  5 15 11 47 56.850 3.5 
 31.220992  103.463145    19.646   2008  5 15 11 47 56.800 3.5 
 31.422218  103.961224    19.130   2008  5 15 11 49 39.100 3.9 
 31.414360  103.960837    16.941   2008  5 15 11 49 38.970 4.1 
 31.567230  104.059631    15.965   2008  5 15 11 53 47.300 2.3 
 31.387534  103.817805    18.407   2008  5 15 12 10 26.640 4.7 
 31.276863  103.635592     8.135   2008  5 15 13 20 25.310 4.2 
 32.224528  104.861541    19.036   2008  5 15 13 54 47.900 3.9 
 30.931785  103.230889    18.601   2008  5 15 14  8  9.750 2.3 
 31.277776  103.572269    17.084   2008  5 15 14 18 41.320 3.5 
 31.567553  104.008504    20.321   2008  5 15 14 38 37.110 3.0 
 31.285073  103.586387    15.119   2008  5 15 15 35 22.720 2.7 
 31.817441  104.281782    16.783   2008  5 15 15 37 10.610 2.7 
 31.124172  103.302734    15.658   2008  5 15 15 41 13.720 2.4 
 31.231237  103.592494    16.663   2008  5 15 15 56 39.380 2.1 
 32.623193  105.414773    16.389   2008  5 15 15 58  1.970 2.5 
 30.903718  103.426307    16.523   2008  5 15 15 59 29.270 2.4 
 32.507260  105.222187    17.103   2008  5 15 16  6 58.750 4.3 
 31.007271  103.249343     8.228   2008  5 15 16 27 33.440 2.8 
 31.013032  103.249556    11.283   2008  5 15 16 27 33.600 3.4 
 31.067523  103.412752     3.063   2008  5 15 16 45 28.590 2.6 
 31.788597  104.211744    16.666   2008  5 15 16 58 51.910 2.8 
 32.344628  105.033991    14.869   2008  5 15 17 19 43.090 3.2 
 31.322826  103.599808    16.327   2008  5 15 17 30 50.730 2.6 
 32.149103  104.676452    13.987   2008  5 15 17 54 12.620 3.8 
 31.836148  104.235700    16.317   2008  5 15 18  5 24.550 4.3 
 31.855365  104.236147    17.588   2008  5 15 18  5 24.260 2.5 
 31.854196  104.231311    17.293   2008  5 15 18  5 24.300 4.3 
 31.641995  104.098076    17.005   2008  5 15 19  3 16.620 2.5 
 31.230526  103.599757    16.302   2008  5 15 19 13 42.780 3.5 
 30.877294  103.351660    14.282   2008  5 15 19 41  4.590 2.9 
 31.854142  104.287225    11.267   2008  5 15 20 25 21.490 2.9 
 30.760498  103.315153    13.217   2008  5 15 20 35 42.820 3.0 
 32.216918  104.184718    12.613   2008  5 15 20 49 13.120 3.1 
 31.227703  103.609637    20.353   2008  5 15 21 29  4.290 3.5 
 32.241612  104.667804    14.842   2008  5 15 21 55 50.020 4.8 
 32.223894  104.957140    16.972   2008  5 15 22  2 35.840 4.3 
 32.227098  104.960518    18.507   2008  5 15 22  2 35.930 4.2 
 32.158903  104.745066    14.231   2008  5 15 22  7 24.640 3.7 
 31.332874  103.945291    17.394   2008  5 15 22 10 37.330 4.8 
 31.330396  103.456632    10.404   2008  5 15 22 19 24.140 2.3 
 31.791494  104.270135    11.749   2008  5 15 22 20  3.700 2.5 
 31.434523  104.087659    19.485   2008  5 15 22 22 40.860 2.3 
 31.463741  104.108918    21.016   2008  5 15 22 26  0.610 2.7 
 31.120665  103.687570    20.301   2008  5 15 22 30  6.730 3.4 
 31.878155  104.390183    12.556   2008  5 15 22 34 34.180 4.6 
 31.863328  104.378624    11.949   2008  5 15 22 34 34.040 4.5 
 31.909677  104.313271    15.020   2008  5 15 22 37 53.150 3.4 
 31.068585  103.665804    20.382   2008  5 15 22 41 50.200 2.6 
 31.742580  104.236272    10.622   2008  5 15 22 42 10.580 3.3 
 31.268003  103.413858    18.247   2008  5 15 22 47 42.480 4.1 
 31.283186  103.420587    17.353   2008  5 15 22 47 42.390 4.1 
 31.147854  103.470602    18.243   2008  5 15 22 54 59.940 2.7 
 30.984268  103.227705    13.014   2008  5 15 23 21 43.730 3.4 
 31.302885  103.689888    26.531   2008  5 15 23 47  1.030 3.4 
 32.013720  104.534111    11.689   2008  5 16  0 35 54.490 3.0 
 32.464621  105.170319     7.612   2008  5 16  1  9  1.830 2.8 
 31.724912  104.183553     9.874   2008  5 16  1 15 35.090 3.9 
 31.181934  103.637178    18.808   2008  5 16  1 16 23.230 4.2 
 31.488760  104.013150    18.017   2008  5 16  2  2  3.120 3.1 
 31.813239  104.295990    17.023   2008  5 16  2  8 31.280 2.4 
 31.695214  104.147287     7.369   2008  5 16  2  9 53.490 3.3 
 32.213511  105.142813    47.627   2008  5 16  2 11 37.800 3.7 
 31.668668  104.252268    13.504   2008  5 16  2 13  7.580 3.1 
 32.296862  104.955877    15.626   2008  5 16  2 17 49.360 2.6 
 31.135396  103.581839    16.095   2008  5 16  2 21 49.290 3.2 
 31.215062  103.764937    20.721   2008  5 16  2 25 18.220 3.4 
 31.702081  104.103169    14.690   2008  5 16  2 34 35.680 3.7 
 32.424454  105.122639    14.517   2008  5 16  2 44 40.880 2.7 
 31.566753  104.024892    15.921   2008  5 16  2 47  2.570 2.5 
 31.274507  103.751528    18.917   2008  5 16  2 54  4.010 2.5 
 31.435595  103.991230    17.920   2008  5 16  3 34 29.450 5.1 
 30.944420  103.112437    17.918   2008  5 16  4 45 11.690 2.6 
 32.365605  105.033649    17.874   2008  5 16  5 43 34.180 3.5 
 32.388873  105.067806    13.837   2008  5 16  6  3  4.050 3.3 
 31.844169  104.350232    11.706   2008  5 16  8 26  5.650 3.7 
 31.276748  103.844238    15.865   2008  5 16  8 31 47.220 3.1 
 31.436425  104.296684    19.351   2008  5 16  8 37 29.530 3.7 
 31.540640  103.703242    41.417   2008  5 16  8 57 23.990 3.0 
 31.487167  103.681022    42.242   2008  5 16  9 38 27.460 3.6 
 31.255612  103.790040     0.962   2008  5 16  9 56  0.250 3.3 
 31.277488  103.749761    18.497   2008  5 16 10 32 44.220 3.3 
 31.170990  103.658266    18.645   2008  5 16 10 41 38.250 3.5 
 31.299287  103.669706    20.168   2008  5 16 10 51 47.700 4.7 
 32.621916  105.378416    13.871   2008  5 16 11  9 18.790 2.5 
 32.301503  104.978216    15.827   2008  5 16 11 15  7.890 3.0 
 31.195178  103.752882    19.636   2008  5 16 11 34 15.840 2.8 
 31.427163  104.285574    19.063   2008  5 16 11 35 16.780 3.4 
 30.963021  103.354905    11.960   2008  5 16 11 42 52.930 2.6 
 32.337425  105.010280    19.186   2008  5 16 11 45  0.090 3.1 
 32.262129  105.016958    18.154   2008  5 16 11 54 20.910 3.0 
 31.230152  103.493394    17.128   2008  5 16 11 56 56.530 3.1 
 30.765905  103.292483    13.474   2008  5 16 11 58  9.720 3.0 
 31.662117  104.109938    13.902   2008  5 16 13  6 49.600 3.7 
 31.913533  104.274230    16.666   2008  5 16 13 21 13.810 4.2 
 31.467401  103.968236    18.163   2008  5 16 13 31 33.630 3.3 
 31.441248  103.883375    12.822   2008  5 16 15 21  8.120 3.8 
 31.139931  103.453580    18.825   2008  5 16 16 14 45.460 5.3 
 31.294978  103.685995    16.436   2008  5 16 18 36 32.440 2.9 
 31.683690  104.171095    13.807   2008  5 16 18 47 43.370 3.5 
 32.246733  104.954706    16.340   2008  5 16 19  9 24.850 3.2 
 31.291408  103.501918     4.651   2008  5 16 19 25  4.420 3.0 
 32.672373  105.412902    18.646   2008  5 16 20  0 12.240 4.3 
 32.269319  104.885225    18.158   2008  5 16 20 15 24.360 4.4 
 31.273005  103.472067    16.856   2008  5 16 20 16 53.110 5.4 
 31.344396  103.322606    13.335   2008  5 16 20 29  6.190 4.7 
 31.557689  104.053446    16.322   2008  5 16 20 42  7.330 2.9 
 30.989149  103.152059     3.887   2008  5 16 21 56 40.360 2.5 
 32.667090  105.447534    11.848   2008  5 16 22  0 30.770 3.2 
 30.973294  103.217140    17.741   2008  5 16 22 13 10.780 2.9 
 32.219771  104.945948    20.428   2008  5 16 22 30 42.390 3.4 
 32.277981  105.010144    15.296   2008  5 16 22 33 11.120 4.4 
 31.236374  103.631364    15.127   2008  5 16 22 54 32.410 3.5 
 32.434558  105.162710    15.532   2008  5 16 22 57 20.660 3.9 
 31.118041  103.744787    20.544   2008  5 16 23  0 26.790 3.8 
 31.868450  104.469830    11.801   2008  5 16 23 19 52.810 3.3 
 31.283274  103.752948    15.906   2008  5 16 23 23  9.400 4.5 
 31.267827  103.761640    19.151   2008  5 16 23 23  9.510 4.1 
 31.959621  104.554591    12.760   2008  5 16 23 40 33.050 3.1 
 32.201384  104.827954    14.994   2008  5 16 23 45 57.700 2.8 
 31.218073  103.619154    17.510   2008  5 16 23 48 26.140 3.5 
 31.477480  103.969404    18.711   2008  5 17  0 29  3.320 4.6 
 30.996586  103.140549    19.426   2008  5 17  0 54 13.540 4.0 
 31.971997  104.502523     8.044   2008  5 17  1 45 47.920 3.3 
 31.317997  103.805401    19.392   2008  5 17  2 34 24.990 2.7 
 32.270889  104.903335    21.173   2008  5 17  2 41 36.040 2.1 
 30.981331  103.435664    18.068   2008  5 17  2 45  4.140 3.9 
 31.155279  103.490605    13.427   2008  5 17  3 55  8.730 3.1 
 32.044024  104.437832    16.036   2008  5 17  4  2 16.720 3.0 
 31.204060  103.608161    17.228   2008  5 17  5  3 40.030 3.3 
 32.271149  105.023697    18.327   2008  5 17  5  6 22.780 3.0 
 31.141958  103.552965    14.718   2008  5 17  5 28 14.300 3.1 
 32.229275  104.893413    18.478   2008  5 17  5 38 58.290 3.0 
 31.412308  103.845158    15.066   2008  5 17  5 40 42.690 3.1 
 31.168672  103.493096    11.942   2008  5 17  5 49  2.990 3.3 
 31.028079  103.281826    14.722   2008  5 17  6  3 22.410 2.9 
 30.990696  103.288011    10.293   2008  5 17  6 15 58.010 3.4 
 32.266862  104.999125    14.122   2008  5 17  6 19 56.680 2.8 
 31.984975  104.395969    12.960   2008  5 17  7 38 45.750 4.3 
 31.591224  104.149614     9.360   2008  5 17 10 48 27.560 4.1 
 32.193825  104.924722     2.362   2008  5 19 17 52 35.830 5.7 
 31.617799  103.246108    15.326   2008  5 20  2  4 21.390 3.6 
 31.047857  103.321843     9.782   2008  5 20  2 15 36.680 3.4 
 32.267179  104.934682    16.322   2008  5 20  6  5 18.980 3.2 
 32.230411  104.865779    12.495   2008  5 20 16 43 47.250 3.5 
 31.157937  103.665994    15.846   2008  5 20 17 23 51.000 3.3 
 30.995264  103.210521    14.113   2008  5 20 17 48 27.880 3.2 
 31.311549  103.871740    17.017   2008  5 20 17 56 56.360 3.0 
 32.371878  105.079268    16.185   2008  5 20 18  5 17.670 2.7 
 32.354189  105.050503    17.588   2008  5 20 19  5 12.800 3.2 
 31.025220  103.356324     4.530   2008  5 20 20 23 16.000 3.5 
 31.222892  103.633732    16.395   2008  5 20 23 24 52.950 2.7 
 31.303209  103.824276    15.293   2008  5 20 23 36 28.440 2.8 
 31.261612  103.734558    18.512   2008  5 21  1 15 29.110 3.0 
 31.281141  103.507172    15.708   2008  5 21  1 27  7.080 3.6 
 32.437550  105.106751    17.681   2008  5 21  2 29  7.990 2.8 
 31.173438  103.604150    15.669   2008  5 21  2 56  9.430 3.2 
 32.237514  105.003774    17.128   2008  5 21  3 52 44.540 3.6 
 31.780160  104.317817    10.725   2008  5 21  5 10 19.710 3.4 
 32.517292  105.054556    18.116   2008  5 21  5 57 52.320 2.9 
 32.385742  105.108700    16.101   2008  5 21  6 55 57.400 2.9 
 32.223469  104.997974    15.338   2008  5 21  7 12  6.310 3.4 
 32.522192  105.237148    19.319   2008  5 21  7 27 18.710 3.1 
 30.887755  103.223665    24.155   2008  5 21  7 32 40.230 3.0 
 32.099080  104.614154    16.482   2008  5 21  7 53 38.820 2.8 
 31.236126  103.761766    19.182   2008  5 21  8  8 13.250 2.7 
 32.265318  104.924388    20.160   2008  5 21  8  8 21.620 3.4 
 31.369282  103.298806    16.990   2008  5 21  8 40 55.230 4.1 
 30.819236  103.713957    10.582   2008  5 21  8 56 48.090 2.8 
 31.739487  104.212820    14.084   2008  5 21  9 25  3.850 2.4 
 32.719201  105.336371    34.768   2008  5 21 10 47 41.860 3.2 
 31.349921  103.898157    19.841   2008  5 21 10 52 39.060 3.8 
 32.535077  105.254447    20.740   2008  5 21 11 55 44.720 2.7 
 30.898739  103.370648    15.272   2008  5 21 13 25 10.210 3.1 
 31.553910  104.336539    16.825   2008  5 21 13 47 22.950 3.0 
 31.503468  103.693753    43.514   2008  5 21 13 59 10.480 4.5 
 31.394958  103.873970    17.856   2008  5 21 13 59 10.520 4.5 
 31.111248  103.306887    19.830   2008  5 21 14  6 13.750 3.7 
 31.326379  103.351196    15.012   2008  5 21 14 58  1.490 3.5 
 31.146629  103.403498    17.375   2008  5 21 15  9  0.790 3.7 
 31.839741  104.417116    13.584   2008  5 21 15 20 34.120 3.7 
 31.233278  103.767163    20.598   2008  5 21 15 28 44.940 2.6 
 32.369384  105.086785    18.721   2008  5 21 15 29 57.400 4.7 
 32.255182  104.901098    17.030   2008  5 21 16 31 25.470 3.6 
 32.195870  104.760974    17.174   2008  5 21 20 36 29.550 5.0 
 30.952044  103.219704    18.923   2008  5 22 16  6 20.400 2.5 
 32.050899  104.578817    13.450   2008  5 22 16 25 23.320 2.8 
 30.664384  103.244309     7.662   2008  5 22 16 33 12.270 2.3 
 31.573360  104.210554    11.847   2008  5 22 16 40 26.920 2.7 
 31.271620  103.633351     9.368   2008  5 22 16 48 58.920 2.6 
 30.806986  103.271954    13.647   2008  5 22 17  9  1.090 2.8 
 31.230302  103.637443    18.612   2008  5 22 17 37 39.780 4.9 
 31.219634  103.629723    17.676   2008  5 22 17 48 13.090 3.0 
 31.714010  104.287280    16.132   2008  5 22 18  6 31.720 2.9 
 31.725639  104.274357    13.585   2008  5 22 18 13 40.610 2.7 
 32.268480  104.930029    16.445   2008  5 22 18 44 45.330 3.2 
 31.114243  103.686833    17.228   2008  5 22 18 46 39.270 3.3 
 31.314016  103.674708    20.698   2008  5 22 18 49 49.750 2.8 
 30.946462  103.167775    14.925   2008  5 22 18 57 19.530 2.9 
 31.253540  103.511358    16.824   2008  5 22 19 50 11.550 3.3 
 31.880118  104.472753    13.466   2008  5 22 19 58 51.920 4.0 
 31.242035  103.589369    16.472   2008  5 22 23 14  3.810 3.1 
 32.365975  105.085999     6.364   2008  5 22 23 35 50.190 2.4 
 31.140853  103.599271    17.619   2008  5 23  0  5  7.070 4.9 
 31.152759  103.600235    17.054   2008  5 23  0  5  7.010 4.7 
 31.518601  104.033517    12.455   2008  5 23  0 31 22.130 2.8 
 31.196406  103.500081    17.096   2008  5 23  1 23 30.610 4.3 
 32.169536  104.723133    16.270   2008  5 23  2 20 33.050 2.4 
 30.865138  103.680093     9.721   2008  5 23  2 29  4.370 2.1 
 30.992810  103.327133    19.363   2008  5 23  2 32 32.990 2.6 
 31.151057  103.587947    15.003   2008  5 23  2 42  5.240 2.4 
 31.208030  103.681434    18.404   2008  5 23  3  9 18.290 3.4 
 32.271604  104.926973    17.514   2008  5 23  3 41 26.680 3.9 
 32.371938  105.094461    15.246   2008  5 23  3 51 39.100 3.0 
 32.362110  105.058080    16.085   2008  5 23  3 59 11.430 2.6 
 32.327319  105.005288    18.046   2008  5 23  4  7 42.740 3.7 
 32.318912  105.001378    17.529   2008  5 23  4  7 42.810 3.9 
 31.225023  103.599255    14.911   2008  5 23  5  0 35.190 2.9 
 32.373952  104.970997    15.886   2008  5 23  5  6 36.420 2.8 
 31.390774  103.912490    19.439   2008  5 23  5 12 46.540 2.8 
 32.371168  105.066996    15.404   2008  5 23  5 16 16.680 2.6 
 31.083054  103.461589    14.441   2008  5 23  5 40 38.310 2.6 
 31.138695  103.601190    16.742   2008  5 23  5 58 38.600 2.7 
 32.394532  105.083068    16.464   2008  5 23  6 15  4.830 3.0 
 32.837536  105.786916    10.602   2008  5 23  6 19 34.240 3.6 
 32.483836  105.211323    15.011   2008  5 23  6 30 34.220 3.1 
 31.235779  103.647808    17.380   2008  5 23  6 32 39.160 2.2 
 31.397378  103.904442    19.147   2008  5 23  6 58 10.880 2.5 
 32.240031  104.943293    13.786   2008  5 23  8  7 26.880 2.6 
 32.562361  105.303253    14.655   2008  5 23  8 15 17.050 2.8 
 31.383344  103.263951    13.809   2008  5 23  8 31  0.250 3.3 
 31.540810  104.045061    13.678   2008  5 23  8 47  2.960 3.1 
 31.236010  103.739819    22.518   2008  5 23  8 57 14.990 2.4 
 31.457367  103.949740    14.898   2008  5 23  9  1 38.880 3.1 
 32.276728  104.934860    17.081   2008  5 23  9  6 42.890 2.7 
 32.247850  105.007253    15.210   2008  5 23  9 13 57.310 2.5 
 31.435858  103.939481    18.826   2008  5 23  9 25 18.910 2.8 
 31.159818  103.593309    14.695   2008  5 23  9 58 43.850 2.8 
 30.905527  103.281662    12.782   2008  5 23 10  2 21.720 3.0 
 32.258576  104.884553    16.102   2008  5 23 10 23 23.060 2.2 
 31.792711  104.014223    16.696   2008  5 23 10 33 44.310 3.3 
 31.245843  103.820291    15.687   2008  5 23 10 37 13.020 3.4 
 32.189858  104.591254    16.807   2008  5 23 10 37 52.110 3.2 
 30.964180  103.417376    19.556   2008  5 23 11 27 28.530 3.2 
 31.477301  104.304780    19.915   2008  5 23 13 10 10.210 2.6 
 31.120547  103.530830    13.637   2008  5 23 13 18 49.910 2.5 
 31.070885  103.287706    12.182   2008  5 23 13 21 22.150 3.1 
 32.164219  104.577217    12.787   2008  5 23 13 38 33.750 3.8 
 32.161845  104.568643    14.318   2008  5 23 13 38 33.940 3.7 
 32.520607  105.298587    17.560   2008  5 23 13 42 25.600 2.6 
 31.031294  103.397819    15.197   2008  5 23 13 42 51.350 2.3 
 30.991793  103.249753    19.133   2008  5 23 13 52 23.770 2.4 
 31.305957  103.561384    11.271   2008  5 23 14  8 29.360 2.9 
 31.181550  103.543377     8.819   2008  5 23 14 16 36.190 3.2 
 32.328499  105.005399    17.143   2008  5 23 14 59 21.870 3.3 
 30.976532  103.288081    16.815   2008  5 23 15 47 52.970 2.1 
 31.389644  103.911169    16.885   2008  5 23 15 51  3.540 3.8 
 32.286350  104.949047    16.699   2008  5 24 17  1 38.000 3.4 
 32.307533  105.056053    16.481   2008  5 24 17 20  8.070 2.3 
 30.879186  103.342328    15.009   2008  5 24 17 45 17.650 3.0 
 31.405863  103.949728    22.391   2008  5 24 17 58 27.170 3.3 
 31.836426  104.367048    11.681   2008  5 24 19 37 54.870 3.8 
 31.832245  104.364884    12.031   2008  5 24 19 37 54.810 4.2 
 32.281176  104.948780    16.995   2008  5 24 20  2  8.780 3.1 
 31.388793  103.918084    20.375   2008  5 24 20 14 39.640 2.2 
 31.538038  104.103076    12.884   2008  5 24 20 45  4.550 2.5 
 30.904417  103.227386    13.530   2008  5 24 20 50  8.400 2.6 
 31.247274  103.812181    18.314   2008  5 24 21 13  0.890 2.7 
 31.655884  104.125520    14.266   2008  5 24 21 25  8.860 2.1 
 32.081706  104.506231    14.531   2008  5 24 21 43 52.320 3.2 
 32.297749  104.987044    15.374   2008  5 24 21 58  3.980 2.5 
 32.308107  104.973519    16.328   2008  5 24 22 42 16.160 2.3 
 30.998282  103.306549    18.842   2008  5 24 23  1 12.520 2.5 
 32.279409  104.931144    12.559   2008  5 24 23  8 55.670 2.6 
 31.012939  103.265467    16.185   2008  5 24 23 23 56.300 2.4 
 31.757772  104.307796    13.188   2008  5 24 23 38 40.270 3.6 
 31.750632  104.318820    14.580   2008  5 25  0  9 55.720 2.6 
 31.165041  103.441309    10.779   2008  5 25  1 51 12.030 3.3 
 32.079022  104.652329    14.944   2008  5 25  2 28 45.030 2.3 
 32.661033  105.436774    13.084   2008  5 25  2 58  0.000 2.9 
 31.084647  103.572537    11.160   2008  5 25  3 32 31.880 2.9 
 31.711599  104.276457    11.621   2008  5 25  3 43 40.260 3.6 
 31.715991  104.260003     8.135   2008  5 25  3 43 40.240 3.8 
 30.868892  103.168556    15.937   2008  5 25  3 45 55.660 2.7 
 31.216221  103.671700    17.157   2008  5 25  3 58 48.950 2.8 
 31.548298  103.969230    18.389   2008  5 25  5 48 45.880 3.4 
 31.093718  103.593759    13.390   2008  5 25  5 50 19.570 2.7 
 30.942766  103.199551    15.839   2008  5 25  6 24 40.770 2.5 
 31.255111  103.657168    16.563   2008  5 25  6 29 49.290 2.1 
 32.274764  104.939670    17.003   2008  5 25  6 40 30.810 3.6 
 31.164035  103.564985    23.618   2008  5 25  6 57 33.090 3.1 
 32.274770  104.864819    14.834   2008  5 25  6 57 51.270 2.9 
 31.113561  103.462695    16.578   2008  5 25  7  1 44.490 3.1 
 32.484477  105.129577    18.214   2008  5 25  7  6 37.340 3.0 
 30.785471  103.281044    13.798   2008  5 25  7 39 33.760 2.5 
 32.309114  104.971399    17.420   2008  5 25  7 51 22.790 2.2 
 31.176964  103.722027    17.250   2008  5 25  8 12 27.180 3.4 
 31.177500  103.730822    15.705   2008  5 25  8 12 27.330 3.3 
 32.542294  105.342709     9.486   2008  5 25  8 21 52.400 6.3 
 32.379346  105.149645    16.929   2008  5 25  8 37 47.510 2.9 
 31.291366  103.756111    18.456   2008  5 25  8 38 47.780 4.1 
 31.228957  103.601922    16.941   2008  5 25  8 51 38.630 2.7 
 32.608901  105.391518    16.079   2008  5 25  9  3 39.340 2.4 
 31.318931  103.774288    18.780   2008  5 25  9 11 54.850 2.4 
 31.416265  103.943700    13.414   2008  5 25  9 17 24.440 3.7 
 32.352831  104.800489    18.319   2008  5 25  9 57 13.280 4.0 
 31.347461  103.192081    11.936   2008  5 25 10  5 52.540 2.4 
 32.326667  104.987327    14.174   2008  5 25 10 20 24.990 2.8 
 32.604584  105.414796    18.475   2008  5 25 10 31 31.770 2.7 
 32.405210  105.090742    17.194   2008  5 25 10 55 40.210 2.1 
 32.134949  104.580121    15.896   2008  5 25 11 11 39.630 2.9 
 31.642217  103.882438    20.038   2008  5 25 11 25 31.360 2.7 
 32.064594  104.626066    13.457   2008  5 25 11 37  3.060 2.7 
 32.312874  104.980508    20.129   2008  5 25 11 42 33.220 2.2 
 30.842455  103.119221    16.615   2008  5 25 11 52 30.020 2.4 
 31.403119  103.920260    18.366   2008  5 25 11 56 36.420 3.2 
 31.089023  103.323912    18.309   2008  5 25 12 23 56.750 2.5 
 32.368250  105.064266    17.038   2008  5 25 12 26 41.140 3.3 
 31.316493  103.430139    15.762   2008  5 25 12 31 38.380 3.0 
 32.598555  105.389672    19.084   2008  5 25 12 39 24.420 2.4 
 30.938560  103.412568    16.458   2008  5 25 13 28 32.860 2.4 
 32.076423  104.566344    12.958   2008  5 25 13 47 52.940 2.3 
 31.285330  103.460028    17.728   2008  5 25 14  9 28.260 2.4 
 31.590094  104.094340    12.905   2008  5 25 14 18  8.390 2.8 
 30.833521  103.311944    15.499   2008  5 25 14 20 58.510 2.8 
 32.316772  105.001569    18.448   2008  5 25 14 28 49.920 3.4 
 31.795645  104.174940    16.137   2008  5 25 14 50 21.620 2.9 
 31.572362  104.006728    18.746   2008  5 25 18 16 34.090 2.3 
 31.151243  103.490061    16.403   2008  5 25 18 40 12.580 2.2 
 31.279738  103.374114    15.279   2008  5 25 18 48 42.660 2.8 
 32.570646  105.287150    15.356   2008  5 25 19 43 52.110 2.7 
 31.689180  104.129130    15.209   2008  5 25 23  5 30.120 3.0 
 30.789995  103.274732    10.917   2008  5 25 23 19 37.240 2.8 
 31.222377  103.586136    22.344   2008  5 25 23 23 20.140 2.2 
 32.319463  104.978815    19.326   2008  5 25 23 42  0.640 2.8 
 32.271770  104.875993    19.563   2008  5 25 23 45 14.220 2.7 
 32.401433  105.134494    16.876   2008  5 25 23 47 22.670 4.1 
 30.943319  103.430850    15.181   2008  5 25 23 57 45.410 2.8 
 31.304392  103.889139    19.106   2008  5 26  0 10 49.060 2.8 
 31.784808  104.354978    13.933   2008  5 26  0 19 13.810 3.1 
 32.203597  104.768911    15.575   2008  5 26  0 28 55.310 2.0 
 30.778705  103.293607    14.420   2008  5 26  0 39 49.950 4.8 
 30.794665  103.291326    16.023   2008  5 26  0 39 49.820 4.7 
 31.223693  103.504131    13.625   2008  5 26  1 45  5.400 2.4 
 31.587235  104.061068    15.987   2008  5 26  4 18 39.870 2.9 
 31.456924  104.022324    16.398   2008  5 26  4 40 38.800 2.6 
 31.465148  104.020508    20.169   2008  5 26  4 40 38.910 2.4 
 32.332255  104.971286    12.592   2008  5 26  4 53 33.240 2.1 
 31.016385  103.354910    13.221   2008  5 26  4 56 42.310 2.9 
 31.210687  103.667993     9.521   2008  5 26  5  7 19.020 2.7 
 31.272174  103.559236    16.145   2008  5 26  5  8 41.080 3.0 
 31.937863  104.201853    11.417   2008  5 26  5 16 32.050 2.2 
 32.334924  105.058757    17.956   2008  5 26  5 39  8.030 2.3 
 31.190713  103.456057    12.026   2008  5 26  5 40 25.580 2.7 
 32.545184  105.334706    16.007   2008  5 26  6 13 17.350 3.1 
 32.508050  105.218975    18.085   2008  5 26  6 37 57.550 3.6 
 31.154739  103.319503    20.333   2008  5 26  9  6 10.560 3.1 
 31.280920  103.201286    14.364   2008  5 26  9 42 58.340 2.1 
 30.836596  103.433641     6.792   2008  5 26  9 53  1.560 2.4 
 31.900787  104.310111    13.163   2008  5 26 10 12 14.310 3.2 
 31.135855  103.506611    17.477   2008  5 26 10 32 15.940 4.2 
 31.314888  103.891608    18.841   2008  5 26 10 52 46.430 3.5 
 31.261931  103.776244    17.537   2008  5 26 14  1 23.020 2.2 
 32.029169  104.577319    13.816   2008  5 26 14 34 21.300 2.6 
 30.817667  103.283960    15.752   2008  5 26 14 34 53.730 2.6 
 31.847495  104.305654    10.785   2008  5 26 14 43 58.890 2.2 
 31.284775  103.841644    18.626   2008  5 26 15  5 52.840 3.0 
 32.041706  104.405412    16.046   2008  5 26 15 15 10.350 2.2 
 30.993963  103.264776    14.782   2008  5 26 15 17  0.900 2.1 
 31.735177  104.277176    11.258   2008  5 26 15 28 44.090 3.0 
 31.541705  104.095241    15.526   2008  5 26 15 52  2.810 3.7 
 31.214452  103.669162    17.680   2008  5 26 15 56 16.660 2.0 
 31.214579  103.666379    17.534   2008  5 26 16 18 34.920 3.3 
 31.035396  103.294682    13.492   2008  5 26 16 47 56.980 2.7 
 30.841220  103.285531    19.326   2008  5 26 16 57 14.240 2.9 
 32.174677  104.644819    16.109   2008  5 26 17 11  2.510 3.7 
 32.123490  104.589983    14.367   2008  5 26 17 16 29.000 2.8 
 32.219896  104.830332    16.282   2008  5 26 17 36 29.970 2.1 
 30.965660  103.360583    14.236   2008  5 26 17 47 43.910 3.2 
 31.260792  103.561315    16.488   2008  5 26 17 53 14.030 2.1 
 32.329874  105.064018    18.490   2008  5 26 17 54 55.560 2.4 
 30.806880  103.252619    12.604   2008  5 26 18  6 52.880 2.3 
 32.388584  105.101296    13.921   2008  5 26 18 11 31.390 2.6 
 31.302570  103.797979    16.066   2008  5 26 18 15 58.900 2.6 
 31.359192  103.830639    19.314   2008  5 26 18 28  2.630 3.2 
 31.095628  103.609699    13.427   2008  5 26 18 47 54.150 2.4 
 32.248336  105.189141    54.318   2008  5 26 18 58  7.030 2.6 
 30.998359  103.305672    13.858   2008  5 26 19 48 34.340 2.5 
 32.500584  105.221759    16.933   2008  5 26 20  6 31.290 3.1 
 30.965903  103.254490    13.107   2008  5 26 20 31  1.880 3.1 
 32.264679  104.943776    16.793   2008  5 26 20 34 52.110 3.1 
 32.367593  105.039175    19.924   2008  5 26 20 42  4.010 3.7 
 31.179114  103.685164    16.776   2008  5 26 21 52 19.380 3.0 
 31.311827  103.431814    15.192   2008  5 26 22 20  6.410 3.0 
 31.006816  103.243539    17.537   2008  5 26 23  1 29.440 4.0 
 31.340926  103.904154    19.960   2008  5 26 23 22  7.790 4.2 
 31.356100  103.845545    18.335   2008  5 26 23 59 13.200 3.1 
 31.209226  103.641078    17.774   2008  5 27  3 16 18.440 2.6 
 31.172709  103.460266     9.023   2008  5 27  3 24  6.420 2.4 
 31.775513  104.314762     7.855   2008  5 27  3 25 31.960 3.0 
 31.305374  103.864031    16.044   2008  5 27  3 35 13.780 2.6 
 31.505639  104.028479    13.566   2008  5 27  3 49 45.950 2.6 
 31.159433  103.466744    15.782   2008  5 27  4 16  3.350 2.1 
 31.969402  104.478709    10.575   2008  5 27  4 32  1.300 2.5 
 32.264997  104.912176    15.200   2008  5 27  4 58 32.060 3.2 
 30.734470  103.248295    11.911   2008  5 27  9  1 38.660 3.0 
 32.737145  105.577930    12.623   2008  5 27  9  2 57.980 3.4 
 31.400048  103.898689    18.247   2008  5 27  9 20 55.110 2.2 
 32.690477  105.460616    19.684   2008  5 27  9 36 38.140 3.0 
 32.240703  104.992833    15.382   2008  5 27 10 12 57.190 2.4 
 31.150253  103.597272    17.444   2008  5 27 10 26 49.520 4.2 
 31.209261  103.675747    18.690   2008  5 27 10 37 24.160 2.0 
 32.349769  105.033563    14.377   2008  5 27 10 40 31.220 3.1 
 32.115439  104.563833    15.515   2008  5 27 10 43 24.290 3.4 
 31.066352  103.322047    16.676   2008  5 27 10 49  7.620 2.7 
 31.219557  103.734304    16.939   2008  5 27 14  5 53.560 2.5 
 31.270627  103.461562    17.046   2008  5 27 14 14  3.250 4.5 
 32.524906  105.200870    12.419   2008  5 27 14 24 21.790 3.1 
 31.341509  103.708910    19.799   2008  5 27 14 25 48.930 2.6 
 31.855159  104.186826    12.758   2008  5 27 14 28  7.020 2.3 
 32.488719  105.182813     5.280   2008  5 27 14 38  5.080 2.1 
 32.337006  104.970600    16.314   2008  5 27 14 41 23.060 3.5 
 32.330376  104.971805    18.656   2008  5 27 14 41 23.200 3.8 
 31.121905  103.371515    15.114   2008  5 27 14 52 27.410 2.0 
 32.365681  104.971733    12.956   2008  5 27 15  3 23.260 2.3 
 32.512242  105.187385     9.864   2008  5 27 15  7 26.380 2.0 
 32.273299  104.918457    16.192   2008  5 27 15 10 29.880 3.1 
 31.064762  103.355779    14.306   2008  5 27 15 23 54.030 3.4 
 30.899305  103.172385    15.277   2008  5 27 15 37 43.320 3.0 
 31.260808  103.571994    18.892   2008  5 27 15 42 55.650 2.2 
 31.308009  103.784746    16.708   2008  5 27 15 47  1.160 2.6 
 31.372615  103.313009    14.049   2008  5 27 16  6 12.350 3.4 
 31.208626  103.627821    19.007   2008  5 27 16  7 42.300 2.0 
 32.728028  105.541950    13.473   2008  5 27 16  8 31.180 3.2 
 32.744332  105.587905    15.893   2008  5 27 16 19 25.110 2.5 
 31.074369  103.185380     7.968   2008  5 27 16 30  3.510 2.3 
 32.360686  105.048308    19.178   2008  5 27 16 38 16.860 3.0 
 32.568210  105.346227    11.688   2008  5 27 16 41 16.160 3.2 
 32.139835  104.602616    14.874   2008  5 27 16 46  9.480 4.3 
 30.833177  103.394139    11.218   2008  5 27 16 55  6.350 3.4 
 32.169113  104.588614    14.922   2008  5 27 16 58 27.520 3.4 
 32.264948  104.998364    12.563   2008  5 27 17  0 33.540 3.1 
 32.598230  105.396659    14.425   2008  5 27 17  8 36.890 2.3 
 31.281587  103.440608    15.728   2008  5 27 17 12  1.290 2.8 
 31.232923  103.746254    14.153   2008  5 27 17 27 36.080 3.1 
 32.695928  105.471535    20.110   2008  5 27 17 35 11.150 5.0 
 32.308757  105.007831    15.175   2008  5 27 17 41  7.070 4.0 
 31.357003  103.871113    19.138   2008  5 27 17 44 43.230 2.5 
 31.338976  103.899850    16.579   2008  5 27 17 58 19.110 2.8 
 31.279033  103.435690    15.159   2008  5 27 18  4 33.860 3.4 
 31.290314  103.500942    15.880   2008  5 27 18 29 50.820 3.2 
 31.864464  104.219049    18.241   2008  5 27 19 11 55.350 4.0 
 31.756199  104.221758    10.390   2008  5 27 19 30 11.530 3.5 
 30.942626  103.301555    14.655   2008  5 27 20 45 50.260 3.0 
 32.190683  104.596934    15.534   2008  5 27 20 57 14.930 2.7 
 31.838621  104.315884    13.190   2008  5 27 21 57  1.680 3.5 
 31.798212  104.265228     7.128   2008  5 27 23 18 59.890 3.1 
 30.937118  103.356743    13.444   2008  5 27 23 23  0.870 3.1 
 31.798175  104.316062    16.070   2008  5 27 23 55 43.410 2.5 
 31.597493  104.027093    18.618   2008  5 28  0  0 41.870 3.5 
 31.280000  103.429561    15.401   2008  5 28  0  8 40.840 2.3 
 32.525648  105.207568    15.879   2008  5 28  0 10 10.370 2.8 
 31.137518  103.465450    19.191   2008  5 28  0 38 51.390 2.3 
 31.219193  103.667990    21.176   2008  5 28  0 39 13.890 3.0 
 31.734419  104.182379    14.437   2008  5 28  0 49  2.040 3.3 
 30.735695  103.270604    14.882   2008  5 28  1  5 17.180 2.2 
 32.688085  105.406819    35.813   2008  5 28  1 28 16.920 2.4 
 31.351640  103.729382    18.557   2008  5 28  1 34 36.830 2.9 
 31.997184  104.294122    17.429   2008  5 28  1 53 42.260 2.7 
 31.775401  104.298347    16.266   2008  5 28  1 57 22.240 2.5 
 32.306794  104.969409    19.207   2008  5 28  1 58 22.020 3.1 
 30.979142  103.355863    12.971   2008  5 28  8  1 27.570 2.6 
 31.423319  103.872252    20.566   2008  5 28  8  9 24.200 2.1 
 31.825259  104.230473    17.033   2008  5 28  8 20 21.110 2.2 
 31.243002  103.710600    18.249   2008  5 28  8 26 18.100 3.4 
 31.190829  103.487626    18.345   2008  5 28  8 29 56.230 3.2 
 31.254174  103.644364    18.203   2008  5 28  8 43  4.300 2.1 
 30.847963  103.359755    13.614   2008  5 28  9 29 48.160 2.5 
 30.956032  103.374108     8.824   2008  5 28  9 35 53.400 2.3 
 32.350328  105.068364    15.989   2008  5 28  9 48 13.160 2.6 
 31.158193  103.530442    16.326   2008  5 28  9 49 52.450 2.9 
 32.197611  104.907424    17.661   2008  5 28  9 53 43.940 2.3 
 31.161059  103.573683    11.944   2008  5 28  9 56 45.390 2.2 
 31.876102  104.312558    12.169   2008  5 28 20 57 54.200 2.1 
 32.341346  104.754726    18.469   2008  5 28 21 26 10.480 2.6 
 31.674831  104.072640     9.587   2008  5 28 21 51 50.170 2.4 
 31.164742  103.514907    15.245   2008  5 28 21 59 11.220 2.9 
 32.357362  105.220834    16.124   2008  5 28 22 14 15.940 2.5 
 31.272447  103.687765    18.722   2008  5 28 23 10  5.880 2.5 
 31.178371  103.484763    10.084   2008  5 28 23 16 24.970 2.1 
 32.262933  104.907546    11.960   2008  5 28 23 28 29.960 2.5 
 31.460297  103.996759    19.043   2008  5 28 23 35 15.290 2.4 
 31.179742  103.609776    14.491   2008  5 28 23 48 28.940 2.6 
 31.760490  104.361134    10.478   2008  5 29  4 23 52.070 3.6 
 31.781150  104.013977    17.409   2008  5 29  4 34 14.290 3.4 
 32.303783  105.000139    13.355   2008  5 29  4 47 32.770 2.3 
 32.730555  105.401374    30.721   2008  5 29  4 48 47.210 4.7 
 32.055469  104.034276     3.201   2008  5 29  5  2 27.180 2.6 
 31.063180  103.381768    12.262   2008  5 29  5  3 41.400 2.0 
 30.955668  103.144217    16.854   2008  5 29  5  9  8.240 2.4 
 32.478427  105.189355    11.909   2008  5 29  5 26 10.480 2.3 
 31.126228  103.308121    18.008   2008  5 29  5 31 20.040 2.9 
 30.778422  103.398812     4.630   2008  5 29  5 46 11.780 2.6 
 32.311365  104.968094    18.189   2008  5 29  5 52 48.750 2.6 
 32.430335  105.152671    16.462   2008  5 29  5 55 27.050 3.4 
 31.229475  103.643861    15.980   2008  5 29  6 10 34.490 2.4 
 32.197419  104.531876    17.062   2008  5 29  6 33  7.920 2.6 
 31.796010  104.306803    12.621   2008  5 29  6 37 28.070 3.0 
 32.299553  105.063684    14.647   2008  5 29  6 46  2.630 2.5 
 31.331501  103.743805    20.495   2008  5 29  7 10 23.040 4.7 
 32.736553  105.590299    11.969   2008  5 29  7 15 14.270 2.9 
 31.342129  103.727113    19.899   2008  5 29  7 18 16.840 2.3 
 30.983535  103.314740    19.203   2008  5 29  7 59  0.140 2.4 
 32.205505  104.792353    17.385   2008  5 29 12  6 59.050 2.1 
 31.315019  103.743380    19.155   2008  5 29 12  7 37.140 2.6 
 31.237046  103.614366    17.045   2008  5 29 12 13 11.040 2.2 
 31.270923  103.657219    17.961   2008  5 29 12 17 16.030 2.7 
 31.888062  104.353721    14.898   2008  5 29 13  2  3.930 2.1 
 32.586708  105.403322    12.505   2008  5 29 13 17 12.380 2.4 
 32.433621  105.112374    15.908   2008  5 29 13 37 25.550 2.2 
 31.412147  103.963494    18.418   2008  5 29 18  5 10.880 2.0 
 31.125172  103.527777    17.179   2008  5 29 18 28 13.720 3.2 
 31.181194  103.468872    14.890   2008  5 29 18 40 17.690 2.3 
 32.264096  104.894658    18.417   2008  5 29 18 45 39.990 3.0 
 31.291491  103.426993    11.819   2008  5 29 18 58  9.530 2.1 
 32.345729  105.009329    17.445   2008  5 29 19  4 10.200 3.7 
 32.392195  105.092795    13.358   2008  5 29 19 12 26.800 2.7 
 32.562922  105.301934    15.737   2008  5 29 19 28 33.920 2.8 
 32.728496  105.418448     4.899   2008  5 29 19 43 39.740 2.1 
 32.538116  105.265646    11.293   2008  5 29 19 53 15.920 2.0 
 31.295967  103.741370    18.062   2008  5 29 19 54 27.760 2.5 
 32.017752  104.545505    14.143   2008  5 30  0  3 18.620 2.1 
 32.389677  105.192238    14.514   2008  5 30  0 26 57.110 2.5 
 31.331780  103.853147    15.792   2008  5 30  0 42 12.160 2.2 
 32.444561  105.152594    17.743   2008  5 30  0 47 46.620 2.3 
 32.581539  105.430506    19.105   2008  5 30  0 58 25.070 3.4 
 31.018603  103.406892    14.105   2008  5 30  1 34 42.480 2.5 
 31.276079  103.843829    16.716   2008  5 30  1 35 58.940 2.8 
 31.279924  103.832565    13.722   2008  5 30  1 35 59.050 2.7 
 31.885582  104.328520    16.801   2008  5 30  2 23 44.900 2.8 
 32.710282  105.432148    11.047   2008  5 30  2 25  8.420 3.2 
 31.156269  103.648205    15.229   2008  5 30  2 39 46.840 2.7 
 31.743014  104.252138     7.859   2008  5 30  2 43 15.060 2.0 
 30.963524  103.438743    15.979   2008  5 30  2 48 39.480 2.1 
 32.360725  105.077409    21.560   2008  5 30  3  1 39.460 2.6 
 31.743367  104.170240    19.792   2008  5 30  3 15  8.640 2.1 
 31.401855  103.872806    20.203   2008  5 30  3 18 57.060 2.2 
 31.368085  103.925235    17.546   2008  5 30  3 24 52.780 2.9 
 31.225356  103.710818    16.886   2008  5 30  3 29 38.670 2.3 
 31.872587  104.327136    16.484   2008  5 30  3 46 10.530 2.3 
 32.396715  105.153629    12.421   2008  5 30  3 50  4.280 2.4 
 32.375253  105.032684    13.728   2008  5 30  3 50 55.390 3.9 
 32.569322  105.333143    11.649   2008  5 30  8  7 10.390 2.4 
 31.754555  104.266071    17.158   2008  5 30  8  8 44.450 2.2 
 31.637842  104.084270    11.208   2008  5 30  8 27 22.560 2.3 
 31.274932  103.424134    15.086   2008  5 30  8 41 33.390 3.0 
 31.701912  104.146545    14.500   2008  5 30  8 58  3.890 2.8 
 31.771919  104.319722     8.237   2008  5 30  9  0  2.140 4.0 
 32.202821  104.818330    16.603   2008  5 30  9  8 33.610 3.5 
 31.414124  103.273234    13.577   2008  5 30  9 31  6.940 2.2 
 31.726747  104.219193    11.295   2008  5 30  9 45 41.910 2.6 
 31.550696  104.052808    11.733   2008  5 30 10 10  3.220 2.4 
 32.453701  105.164674    14.606   2008  5 30 10 18 55.220 2.2 
 31.162102  103.625654    16.932   2008  5 30 10 26 21.890 2.3 
 31.180343  103.495086    14.377   2008  5 30 10 28  6.070 2.2 
 32.231177  105.003804    17.116   2008  5 30 10 29 53.440 2.9 
 31.781435  104.305197    13.415   2008  5 30 10 41 44.650 2.6 
 31.195931  103.376165    17.358   2008  5 30 10 42 51.670 2.8 
 31.925299  104.323564    12.648   2008  5 30 10 50  3.540 2.9 
 31.277643  103.542318    17.280   2008  5 30 10 56 24.310 2.1 
 31.761047  104.284945     9.677   2008  5 30 11 11 21.540 3.4 
 31.258752  103.586701    17.672   2008  5 30 11 25 47.420 2.2 
 32.140650  104.608432    16.390   2008  5 30 11 33 24.230 2.5 
 31.234205  103.648621    17.933   2008  5 30 11 33 46.050 2.0 
 31.009293  103.382459    17.039   2008  5 30 11 38 59.840 2.2 
 31.277300  103.422269    13.821   2008  5 30 11 48 27.650 2.5 
 32.401544  105.117447    16.108   2008  5 30 11 57 54.310 4.2 
 31.385868  103.878588    21.782   2008  5 30 15 33  5.920 3.0 
 30.918411  103.326548    15.478   2008  5 30 20  8 29.670 2.7 
 31.211769  103.710344    17.879   2008  5 30 20 15 53.720 2.7 
 30.935770  103.302480    16.495   2008  5 30 20 28 57.560 2.2 
 31.032680  103.498976    29.542   2008  5 30 20 35 17.540 2.4 
 31.821536  104.370159    12.573   2008  5 30 21  3 36.260 2.3 
 31.610740  104.138333    11.552   2008  5 30 21  8 46.800 2.3 
 32.345013  105.033842    17.007   2008  5 30 21 17 50.890 2.4 
 31.322102  103.191063    17.239   2008  5 30 21 18 55.150 2.5 
 32.442348  105.178064    18.637   2008  5 30 21 22  3.820 2.6 
 32.199084  104.960673    16.840   2008  5 30 21 33 44.690 2.3 
 32.069740  104.474207    14.968   2008  5 30 21 53 32.660 2.1 
 32.157378  104.731319     7.730   2008  5 30 22 13 58.480 2.6 
 31.127248  103.439338    17.009   2008  5 30 22 15 11.950 2.4 
 32.432181  105.075153     8.296   2008  5 30 22 18 20.130 2.2 
 31.819878  104.344981     9.194   2008  5 30 22 32 46.920 2.6 
 32.119018  104.574546    13.953   2008  5 30 22 41 34.680 2.4 
 31.503911  103.964162    20.163   2008  5 30 22 46 49.440 3.0 
 30.965840  103.386608    14.628   2008  5 30 23  2 27.510 2.8 
 31.426060  103.930260    17.829   2008  5 30 23 18 47.200 2.1 
 32.153070  104.622999    10.403   2008  5 30 23 29  0.970 2.7 
 31.004467  103.332203    10.479   2008  5 30 23 40 13.600 2.2 
 31.766059  104.276970    14.314   2008  5 30 23 45 26.180 2.7 
 31.744188  104.167137    11.540   2008  5 30 23 57 44.720 2.9 
 31.131400  103.721210    15.047   2008  5 31  4 19 52.600 2.2 
 32.440362  105.045382    14.242   2008  5 31  4 23 10.830 2.8 
 32.701067  105.453158    13.700   2008  5 31  4 28 18.580 2.9 
 31.313964  103.512994    18.577   2008  5 31  4 34 43.950 2.0 
 31.615990  104.079448    11.654   2008  5 31  4 38  1.680 2.5 
 31.206395  103.608378    18.161   2008  5 31  5  8 39.700 2.5 
 31.217555  103.589619    14.397   2008  5 31  5 12 56.210 2.9 
 32.386986  105.049375    16.340   2008  5 31  5 15 56.110 2.8 
 32.604325  105.440252    12.533   2008  5 31  5 22 49.520 2.8 
 31.528344  103.946709    18.948   2008  5 31  5 35  9.460 2.4 
 31.171123  103.452628    16.361   2008  5 31  5 40 14.860 3.0 
 31.451444  103.965454    17.712   2008  5 31  5 54 10.950 2.9 
 32.363105  105.035202    21.061   2008  5 31  6 22 44.810 4.4 
 31.293087  103.420326    25.115   2008  5 31  6 43 21.820 2.1 
 31.417655  103.897958    19.680   2008  5 31  6 45 34.930 2.8 
 32.319763  105.000574    16.491   2008  5 31  6 52  6.170 2.2 
 32.363347  105.039399    17.628   2008  5 31  7 18 35.200 2.8 
 30.884729  103.286603     8.685   2008  5 31  7 29 54.150 2.9 
 31.286772  103.419076    10.056   2008  5 31  7 32 48.330 3.7 
 32.764500  105.480221    27.897   2008  5 31  7 34 24.080 4.4 
 31.197368  103.649321    17.381   2008  5 31 12  3 29.150 2.6 
 32.610791  105.409603    12.185   2008  5 31 12 12 51.920 2.4 
 32.812946  105.683717    10.374   2008  5 31 12 20 40.580 2.9 
 32.735319  105.482728    17.255   2008  5 31 12 26 51.210 2.2 
 31.394737  103.867269    16.531   2008  5 31 12 29 39.390 2.2 
 30.918714  103.091125    12.271   2008  5 31 12 47 32.380 2.1 
 31.196361  103.658348    16.396   2008  5 31 12 53 37.100 3.4 
 31.235504  103.572375    17.498   2008  5 31 13  5 25.480 2.2 
 31.264123  103.823806    16.815   2008  5 31 13 18 35.410 2.3 
 31.278196  103.563591    16.472   2008  5 31 13 41 48.960 2.2 
 32.557069  105.365198    15.623   2008  5 31 14  2 31.790 2.9 
 31.179508  103.460514    15.311   2008  5 31 14  7 24.500 2.5 
 31.178615  103.458958    15.445   2008  5 31 14  7 24.470 2.4 
 31.618657  104.143414    14.977   2008  5 31 14  8 54.670 2.6 
 31.239357  103.515380    16.424   2008  5 31 14 30 55.320 2.2 
 31.826038  104.316961    11.031   2008  5 31 14 38 29.460 2.0 
 31.796269  104.139448    15.907   2008  5 31 15  6 54.360 3.6 
 32.348303  104.961623    18.452   2008  5 31 15 25 22.310 2.4 
 32.522757  105.202958    17.665   2008  5 31 15 26 39.440 3.6 
 32.622327  105.363886    15.298   2008  5 31 15 30 41.590 2.3 
 32.438851  105.088912    16.938   2008  5 31 15 32 10.200 2.3 
 31.169683  103.467316    13.135   2008  5 31 15 33 37.030 2.4 
 31.067425  103.370244    17.787   2008  5 31 15 33 48.400 2.4 
 31.132644  103.445246    16.313   2008  5 31 15 39 10.600 3.6 
 31.231462  103.584635    16.599   2008  5 31 15 40 24.660 3.1 
 31.178675  103.613590    16.787   2008  5 31 15 44 32.580 2.2 
 32.070712  104.642951    15.061   2008  5 31 15 48 21.380 2.4 
 32.332168  104.963761    19.363   2008  5 31 16 15  0.440 2.4 
 31.262471  103.610316    19.201   2008  5 31 16 15 13.340 2.1 
 31.316699  103.715138    19.042   2008  5 31 16 29 36.160 2.5 
 31.445594  104.100781    11.580   2008  5 31 16 31 47.290 2.3 
 31.971299  104.440449    10.713   2008  5 31 16 33 21.550 2.1 
 31.370396  103.855352    18.877   2008  5 31 16 43 36.100 2.7 
 30.991291  103.360060    17.790   2008  5 31 16 58  6.760 2.0 
 31.823572  104.336055     9.603   2008  5 31 17  1 54.640 2.2 
 30.883449  103.286665    15.155   2008  5 31 17  2 57.380 3.9 
 30.802278  103.264274    14.367   2008  5 31 17 31 16.140 3.2 
 32.162309  104.112651     4.505   2008  5 31 17 41 31.140 2.2 
 31.930176  104.318704    16.917   2008  5 31 18 20 40.790 3.0 
 32.590675  105.254985    16.587   2008  5 31 18 35 22.180 2.8 
 32.427588  105.140936    14.323   2008  5 31 19  2 24.060 3.0 
 32.383599  105.245948    17.364   2008  5 31 20  0  9.460 2.9 
 31.524880  104.052077    17.629   2008  5 31 20  9 47.310 2.1 
 31.174560  103.715586    17.055   2008  5 31 20 21 25.830 2.3 
 32.400677  105.090819    19.244   2008  5 31 20 37 48.780 2.9 
 32.223251  104.925217    17.432   2008  5 31 20 42  5.660 2.5 
 32.421499  105.058854    15.674   2008  5 31 20 46 26.700 2.7 
 32.142633  104.657137    13.621   2008  5 31 20 53 55.160 2.0 
 30.910466  103.378529    14.900   2008  5 31 20 57 53.140 3.0 
 32.175275  104.620252    17.931   2008  5 31 20 59 24.590 2.8 
 32.529720  105.392917    13.357   2008  5 31 21  9 49.180 2.9 
 31.881467  104.322446     4.293   2008  5 31 21 13 14.030 2.2 
 31.274307  103.477990    15.707   2008  5 31 21 34  5.230 3.6 
 31.267525  103.474088    16.845   2008  5 31 21 38  5.700 2.1 
 32.413844  105.191463    19.206   2008  5 31 21 53 35.260 3.2 
 31.221099  103.620742    20.406   2008  5 31 23 16 20.250 4.1 
 31.609668  104.030080    20.037   2008  6  1  3 24  0.410 4.6 
 30.781889  103.323451    12.081   2008  6  1  4 21 31.050 2.8 
 32.121800  104.567764     9.452   2008  6  1  4 36 21.680 2.1 
 30.956266  103.399870    12.436   2008  6  1  4 43  9.190 2.3 
 32.265208  104.872092    15.227   2008  6  1  5  1 43.180 2.7 
 31.214324  103.443090    18.079   2008  6  1  5  5 22.190 3.3 
 31.234718  103.454319    14.863   2008  6  1  5 15 54.380 2.4 
 31.578567  104.098038    17.207   2008  6  1  5 20 13.020 3.7 
 31.320833  103.352516    15.588   2008  6  1  5 33  2.360 2.0 
 31.218091  103.643658    17.383   2008  6  1  5 58 53.380 2.7 
 31.643640  104.265981    10.771   2008  6  1 12 16 43.840 2.1 
 31.310203  103.447758    16.155   2008  6  1 12 23 49.390 2.3 
 32.236369  104.847447    13.131   2008  6  1 12 32 24.470 2.1 
 31.265294  103.566520    19.511   2008  6  1 12 34 28.800 3.4 
 31.203197  103.702318    17.851   2008  6  1 12 57 27.670 2.7 
 31.320055  103.357869    17.756   2008  6  1 13  2  2.620 3.3 
 31.208611  103.616516    18.322   2008  6  1 13 12 24.350 2.4 
 32.404679  105.150816    18.484   2008  6  1 13 28 28.950 3.3 
 32.769239  105.510550    14.744   2008  6  1 13 39 31.340 2.4 
 31.607205  104.122212    10.462   2008  6  1 13 40 44.430 2.4 
 31.529623  104.013647    18.472   2008  6  1 13 53 29.000 3.1 
 31.369431  103.926724    19.260   2008  6  1 13 59 27.330 2.3 
 32.247128  104.978652    14.368   2008  6  1 14  6 19.320 3.2 
 32.213485  104.853524    15.478   2008  6  1 14 17 53.080 2.6 
 31.241490  103.594390    19.091   2008  6  1 14 21 13.620 2.5 
 32.662989  105.433691    13.449   2008  6  1 14 22 33.460 2.7 
 31.230096  103.717841    18.329   2008  6  1 14 27 48.020 2.3 
 31.836642  104.171774    17.393   2008  6  1 14 38 20.260 3.4 
 31.317432  103.793760    18.830   2008  6  1 14 56 59.900 3.1 
 31.605161  104.200257     9.303   2008  6  1 15  3  8.600 2.3 
 31.122713  103.529288    15.061   2008  6  1 15 11 28.060 2.5 
 31.284757  103.431070    17.598   2008  6  1 15 20 17.920 2.3 
 32.395805  105.111489    19.170   2008  6  1 15 25  5.580 2.3 
 32.307967  104.915921    16.529   2008  6  1 15 40 48.720 2.2 
 32.276876  104.926643    12.364   2008  6  1 15 47 23.430 2.9 
 32.349558  105.021243    19.719   2008  6  1 16  9  5.550 2.0 
 32.355745  105.038386    18.754   2008  6  1 16 17 10.100 3.1 
 32.111646  104.070501    10.847   2008  6  1 16 26 32.940 2.1 
 31.472415  103.955502    19.242   2008  6  1 16 36 42.660 2.6 
 32.298949  104.913499    17.718   2008  6  1 16 47 27.350 2.3 
 32.049735  104.591993    12.253   2008  6  1 16 55 22.590 3.0 
 32.361949  105.039964    14.568   2008  6  1 17  2 10.360 3.0 
 31.256685  103.669208    19.561   2008  6  1 17 12 26.110 2.5 
 32.348433  105.041223    18.415   2008  6  1 17 20 37.820 2.4 
 31.184953  103.687089    13.637   2008  6  1 17 28 55.380 2.1 
 31.486881  103.956955    18.347   2008  6  1 17 32 23.500 2.2 
 30.992352  103.361913    13.795   2008  6  1 17 39 10.010 2.9 
 32.384402  105.108551    14.358   2008  6  1 17 46 16.290 2.1 
 31.048426  103.254742    14.529   2008  6  1 17 50 35.410 2.0 
 31.230522  103.718329    18.752   2008  6  1 19  8 57.370 4.2 
 31.344205  103.402968    10.513   2008  6  1 19 48 13.640 3.0 
 32.206997  104.619293    14.892   2008  6  1 20 28  0.140 3.4 
 31.729552  104.261361    10.009   2008  6  1 21 36 20.520 3.0 
 31.009969  103.250478    16.736   2008  6  1 21 45 42.080 3.5 
 32.087012  104.595948    16.274   2008  6  1 22 44 42.310 3.0 
 31.345369  103.805589    19.099   2008  6  2  0  4 32.470 2.2 
 31.730130  104.172483    12.594   2008  6  2  0 15  6.120 2.1 
 31.736100  104.172998     9.898   2008  6  2  0 15  6.230 2.0 
 30.988777  103.288227    14.597   2008  6  2  0 30 31.850 2.0 
 31.381090  103.803908    18.156   2008  6  2  0 42  3.850 2.6 
 31.011684  103.360826    16.487   2008  6  2  1 36 27.420 2.0 
 31.950941  104.303128    17.091   2008  6  2  1 56 46.980 2.1 
 31.243016  103.628388    17.009   2008  6  2  8  9 31.640 2.1 
 32.311746  105.048734    18.416   2008  6  2  8 29 18.350 2.1 
 31.282801  103.550998    15.251   2008  6  2  8 43 30.670 2.3 
 31.268633  103.759058    13.919   2008  6  2  8 44  2.420 2.1 
 32.407159  105.155348    18.292   2008  6  2  9  0 42.770 3.1 
 31.861458  104.304300    16.368   2008  6  2  9  5  4.030 2.1 
 31.008372  103.383734    14.329   2008  6  2  9 28  1.170 2.4 
 31.205453  103.767881    20.591   2008  6  2 17 24  3.260 3.8 
 31.851764  104.215731    18.147   2008  6  2 20  6 31.070 2.2 
 30.952106  103.336621    10.567   2008  6  2 20 13 31.750 2.4 
 31.046433  103.255809    11.807   2008  6  2 20 27 48.810 3.1 
 32.750579  105.602037    14.838   2008  6  2 20 31 20.210 2.5 
 31.228717  103.652791    16.761   2008  6  2 20 33 44.140 2.2 
 31.400127  103.932327    19.764   2008  6  2 21 10 47.640 2.2 
 32.232613  104.972245    16.093   2008  6  2 21 12 56.520 2.1 
 31.239922  103.747209    18.428   2008  6  2 21 37 15.600 2.1 
 32.236883  104.848089    13.510   2008  6  2 22 15 56.480 2.1 
 31.166792  103.515651    21.566   2008  6  2 22 21 14.350 2.1 
 32.211055  104.919606    14.371   2008  6  2 22 21 24.250 2.4 
 31.855811  104.394268     9.966   2008  6  2 22 30  1.000 2.9 
 31.651724  104.067241    16.489   2008  6  2 22 34 19.360 2.1 
 31.878053  104.385785     9.533   2008  6  2 22 38 26.520 2.5 
 31.231816  103.622772    15.768   2008  6  2 22 53 27.010 2.4 
 32.280542  105.003162    14.088   2008  6  2 23  2 46.470 2.2 
 32.425049  105.171337    15.285   2008  6  2 23 34 13.070 2.2 
 31.002301  103.298703    13.387   2008  6  2 23 35 24.170 2.2 
 31.425723  103.939246    19.376   2008  6  2 23 40 51.980 2.2 
 31.755708  104.462864    10.925   2008  6  2 23 52 33.010 2.2 
 31.390306  103.818537    21.001   2008  6  2 23 56 54.420 2.4 
 32.327448  105.020281    16.659   2008  6  3  0  2  3.000 3.2 
 31.264538  103.712016    18.216   2008  6  3  4  3 12.630 2.3 
 31.299382  103.448770    15.807   2008  6  3  4 33 12.040 2.5 
 32.776567  105.638167    14.062   2008  6  3  4 39 58.000 3.1 
 30.954720  103.376903    12.635   2008  6  3  4 51 19.070 2.1 
 31.233046  103.663478    23.151   2008  6  3  4 54 20.700 2.7 
 31.251560  103.770856    15.525   2008  6  3  5 19 35.560 2.1 
 31.744498  104.297784    13.970   2008  6  3  5 21 18.860 2.4 
 31.176263  103.437901    12.658   2008  6  3  5 29 54.600 2.2 
 31.052320  103.297229    11.757   2008  6  3  5 35  5.160 2.1 
 31.196615  103.507765    19.197   2008  6  3  5 40 48.990 2.3 
 31.405845  104.251775    21.518   2008  6  3  6  1  3.440 2.3 
 32.144214  104.587599    14.732   2008  6  3  7 17  8.870 3.7 
 32.771468  105.523425    12.189   2008  6  3  7 18  0.400 3.3 
 31.320507  103.789255    17.578   2008  6  3  7 21 13.650 2.0 
 31.167699  103.468066    15.975   2008  6  3  7 25 39.590 2.8 
 32.220814  104.858731    15.249   2008  6  3  7 31 37.310 2.6 
 31.893883  104.381354    12.773   2008  6  3 12 34 24.220 2.4 
 31.333536  103.788321    17.241   2008  6  3 12 51 27.710 2.4 
 31.518697  104.054334    16.496   2008  6  3 13  3 13.110 2.1 
 31.502712  103.965411    18.630   2008  6  3 13 10 44.070 2.0 
 32.357459  105.095033    15.081   2008  6  3 13 14 14.610 2.6 
 31.545772  104.084820    14.318   2008  6  3 13 34 45.540 2.4 
 32.294123  104.946838    15.855   2008  6  3 13 47  2.850 2.3 
 32.422664  105.030999    15.808   2008  6  3 13 56 28.720 3.0 
 32.220326  104.785829    13.642   2008  6  3 18 17 46.160 2.2 
 31.681905  104.183942    13.714   2008  6  3 18 36 56.180 2.3 
 30.994632  103.372607     7.044   2008  6  3 18 37 18.010 2.5 
 31.769407  104.302914    10.517   2008  6  3 18 45 31.180 2.1 
 32.653185  105.414168    14.441   2008  6  3 18 46 14.360 2.8 
 32.320774  104.820662    14.971   2008  6  3 18 54 23.450 2.2 
 31.343894  103.887649    20.390   2008  6  3 19 44 58.230 2.1 
 32.075653  104.656804    15.522   2008  6  4  0 23  6.040 2.4 
 32.377276  105.041047    18.635   2008  6  4  0 29 40.850 2.3 
 31.394367  103.983428    19.543   2008  6  4  0 45 28.800 3.4 
 31.581963  104.086118    15.070   2008  6  4  1 46 30.870 2.3 
 31.514431  104.066078    16.615   2008  6  4  4 13 43.690 3.7 
 32.599217  105.388355    20.229   2008  6  4  5 10 20.240 3.3 
 30.892416  103.327652    10.171   2008  6  4  8 19 43.610 4.3 
 32.433447  105.146802    16.813   2008  6  4  8 54 32.120 2.6 
 32.304481  104.992334    17.734   2008  6  4  9 17 13.480 2.2 
 31.128784  103.461827    16.418   2008  6  4  9 22 10.100 2.5 
 31.478779  103.988665    19.438   2008  6  4  9 23 56.340 2.4 
 32.644991  105.369480    19.151   2008  6  4 11 45 10.650 4.3 
 31.270039  103.572242    16.739   2008  6  4 22 48 52.100 2.2 
 31.201458  103.625415     9.215   2008  6  4 23  6 15.520 2.7 
 31.541302  104.351424    14.576   2008  6  4 23 11 12.920 2.1 
 31.260754  103.519940    15.453   2008  6  4 23 36 54.130 2.8 
 31.150329  103.607956    16.070   2008  6  4 23 48 22.690 2.4 
 32.024745  104.533189    14.033   2008  6  4 23 58 11.870 2.2 
 31.182648  103.696118    15.911   2008  6  5  6  0 50.540 2.6 
 32.807633  105.495982    20.962   2008  6  5  6  2 30.460 4.6 
 31.222305  103.402642    13.793   2008  6  5  6  8 48.590 2.7 
 31.142882  103.597844    12.879   2008  6  5  6  9 59.330 2.1 
 32.322436  105.038273    14.477   2008  6  5  6 17 52.050 2.2 
 32.487415  105.220336    13.185   2008  6  5  6 20 30.530 2.5 
 31.237920  103.757169    23.016   2008  6  5  6 27 17.380 2.1 
 30.851331  103.348407    12.906   2008  6  5  6 35 29.250 4.1 
 32.241805  104.952759    18.233   2008  6  5  6 46  0.990 3.1 
 32.772059  105.618057    13.512   2008  6  5  6 52 41.510 2.5 
 30.951658  103.407929    11.193   2008  6  5  6 53  0.150 2.4 
 30.859637  103.358793    10.432   2008  6  5  6 59 19.360 2.1 
 31.225996  103.497950    16.200   2008  6  5  7 43 38.480 2.6 
 30.960343  103.254497    16.518   2008  6  5  7 48 18.020 2.8 
 32.346266  105.045822    15.304   2008  6  5 14  1 24.910 2.2 
 30.918925  103.442964    13.185   2008  6  5 14  2 10.800 2.0 
 32.607697  105.407655    14.952   2008  6  5 14 11 22.060 2.0 
 32.210417  104.912956    16.204   2008  6  5 14 17 38.560 2.5 
 31.339334  103.354419    20.782   2008  6  5 14 28 34.490 2.1 
 32.588637  105.326411    15.785   2008  6  5 14 29  2.300 2.2 
 31.613359  103.982118    16.080   2008  6  5 14 35 28.930 2.0 
 32.548279  105.127469    22.938   2008  6  5 14 41 38.950 2.5 
 32.529076  105.243084    17.263   2008  6  5 14 49 17.940 2.2 
 31.229667  103.632413    15.864   2008  6  5 14 52 42.570 2.2 
 31.461563  103.923329    19.004   2008  6  5 15  9 26.060 2.6 
 30.811143  103.368049    10.832   2008  6  5 15 20 26.690 3.7 
 30.777174  103.256444    13.531   2008  6  5 15 45  7.190 2.3 
 30.991360  103.476025    16.179   2008  6  5 15 53 33.060 2.2 
 32.748344  105.624300    13.603   2008  6  5 15 54 33.010 3.0 
 32.626770  105.335381    13.563   2008  6  5 16  9 14.570 2.8 
 31.843103  104.413809    13.223   2008  6  5 16 18 19.550 3.4 
 30.976142  103.215878    14.431   2008  6  5 17 33 25.450 2.0 
 32.611170  105.344481    20.270   2008  6  5 17 53  3.160 2.3 
 31.536311  104.000252    19.357   2008  6  5 17 59 12.080 2.0 
 32.220814  104.862920    16.486   2008  6  5 18 42 10.250 3.1 
 32.527113  105.195637    16.073   2008  6  5 18 48  7.500 2.9 
 32.552055  105.314928    17.713   2008  6  5 19 28 32.390 3.0 
 31.281280  103.648832    15.706   2008  6  5 20  3 21.620 2.2 
 32.313386  105.020138    18.510   2008  6  5 20  4 15.290 2.8 
 31.793095  104.337940     6.503   2008  6  5 20 16 37.050 2.3 
 31.747450  104.284973     8.939   2008  6  5 20 18 18.370 2.4 
 32.317258  105.020991    17.858   2008  6  5 20 22 32.880 2.7 
 30.763643  103.320765    11.163   2008  6  5 21  5  2.860 3.7 
 31.319411  103.357183    14.945   2008  6  5 21 20 17.830 2.8 
 32.299090  104.966698    15.615   2008  6  5 21 31 54.950 2.7 
 31.023246  103.504392    14.100   2008  6  5 21 51  9.130 2.0 
 31.853228  104.204498     9.493   2008  6  5 21 57 33.500 2.7 
 31.864263  104.213132    16.068   2008  6  5 22 23 24.790 3.3 
 32.323657  105.020166    17.524   2008  6  5 23 38 52.490 2.7 
 32.280588  104.962989    13.186   2008  6  6  6 17 17.350 2.3 
 32.509134  105.213623    10.992   2008  6  6  6 32 16.120 2.1 
 32.577341  105.374932    11.643   2008  6  6  6 47  8.870 2.7 
 32.284887  104.960032    16.795   2008  6  6  6 58 17.350 3.0 
 32.306412  104.677979    13.531   2008  6  6  7  9 38.370 2.1 
 32.285400  105.014968    18.415   2008  6  6  7 12 26.760 2.1 
 32.130326  104.686730    16.284   2008  6  6  7 18  4.130 2.7 
 32.766906  105.653907    15.760   2008  6  6  7 29 15.550 3.4 
 31.685517  104.127888    15.876   2008  6  6  7 46 23.030 2.9 
 31.935604  104.448457     9.240   2008  6  6  7 59 29.450 3.3 
 32.047887  104.557386    14.932   2008  6  6 14 23 27.500 2.5 
 32.409470  105.115788    14.410   2008  6  6 14 27 36.030 2.5 
 32.420739  105.127316    15.837   2008  6  6 14 27 36.040 2.5 
 31.070992  103.295805    20.356   2008  6  6 14 38 49.550 4.7 
 31.729226  104.196713    14.099   2008  6  6 15 24 12.530 3.0 
 31.340181  103.927453    17.527   2008  6  6 15 34  4.800 2.2 
 31.255613  103.790040     1.889   2008  6  6 15 51 25.550 2.3 
 31.881736  104.326428    15.526   2008  6  6 16 14  7.660 2.1 
 32.512931  105.157337    18.032   2008  6  6 16 22 47.190 3.8 
 31.314667  103.619682    18.149   2008  6  6 16 25 53.780 2.1 
 32.307011  104.989389    18.830   2008  6  6 16 31 16.680 2.4 
 32.264602  104.913937    15.782   2008  6  6 16 36 40.160 2.7 
 32.274096  104.896503    18.168   2008  6  6 16 36 54.060 2.5 
 31.526403  104.071616    16.263   2008  6  6 17  1 54.990 3.5 
 32.508418  105.232711    18.077   2008  6  6 17 12 36.490 3.7 
 30.942203  103.141368    16.834   2008  6  6 17 18 36.720 2.8 
 31.210805  103.421119    19.312   2008  6  6 17 37 24.640 3.7 
 31.230587  103.605838    17.186   2008  6  6 17 44 19.790 2.6 
 32.019199  104.431564    13.151   2008  6  6 23 54 50.490 3.9 
 31.161672  103.457000    18.157   2008  6  7  0 48 13.300 4.8 
 32.335526  105.003587    18.889   2008  6  7  2 59 48.850 3.4 
 32.500566  105.177375    19.491   2008  6  7  7 32 47.820 4.3 
 31.310747  103.718328    17.573   2008  6  7 18  1 22.680 2.4 
 31.206128  103.695225    18.139   2008  6  7 18 35 19.950 3.0 
 31.335325  103.685636    20.298   2008  6  7 18 42  5.150 2.3 
 31.386046  103.799593    19.021   2008  6  7 18 51 32.830 2.2 
 32.246666  104.950592    16.693   2008  6  7 19 32 37.840 3.1 
 31.795662  104.340829    13.840   2008  6  7 19 50 16.420 2.2 
 32.511496  105.259946    10.447   2008  6  8  2 10 34.040 2.3 
 31.367246  103.833030    22.372   2008  6  8  2 29 47.690 2.1 
 31.549436  104.074427    14.803   2008  6  8  2 32 28.810 2.5 
 31.247820  103.614462    17.543   2008  6  8  2 33 24.590 2.8 
 31.862311  104.343250     9.617   2008  6  8  2 43  8.620 2.7 
 31.342137  103.829358    17.920   2008  6  8  3  2 26.670 2.6 
 31.823994  104.323353    12.792   2008  6  8  3  3 35.150 2.4 
 31.273851  103.622681    15.873   2008  6  8  3 30 33.630 2.1 
 31.035273  103.278962     9.924   2008  6  8  3 36 38.460 2.4 
 32.842957  105.732281    11.322   2008  6  8  3 52 48.960 2.2 
 32.527540  105.181406    14.191   2008  6  8  3 57 19.960 2.2 
 32.147663  104.614545    14.218   2008  6  8  8  3 54.810 3.0 
 31.237196  103.674825    18.174   2008  6  8  8  6 15.420 2.2 
 32.793609  105.479225    11.503   2008  6  8  8 16 24.320 3.0 
 32.656387  105.448141    13.142   2008  6  8  8 33 58.430 2.3 
 32.186552  104.716157    14.886   2008  6  8  9  3 27.010 4.1 
 32.388677  104.845159    24.344   2008  6  8  9  6  9.680 2.2 
 31.293520  103.426545    15.202   2008  6  8  9 18 42.400 2.7 
 31.389560  103.880556    18.264   2008  6  8  9 53  4.490 2.5 
 31.288891  103.497148    16.417   2008  6  8 18  7 35.820 3.6 
 31.274412  103.582443    16.913   2008  6  8 18 22 48.230 3.5 
 31.056203  103.390134    15.179   2008  6  8 20  2 11.220 2.5 
 32.311201  104.987199    17.549   2008  6  8 20 11  1.660 3.2 
 32.540846  105.195147    17.125   2008  6  8 20 23 37.320 2.7 
 32.137583  104.720201    13.387   2008  6  8 20 27 50.060 2.4 
 32.470244  105.068017    15.074   2008  6  8 20 44 21.860 2.4 
 32.528614  105.366321    17.595   2008  6  8 21  6  4.350 3.0 
 32.373330  105.094822    13.573   2008  6  8 21 19  5.940 2.4 
 31.774604  104.305260     5.401   2008  6  8 21 33 34.480 2.6 
 32.275718  105.014379    15.220   2008  6  8 21 46 31.330 2.5 
 32.570037  105.269066    17.049   2008  6  8 23 10 37.970 2.1 
 31.512071  103.986839    18.019   2008  6  9  4  0 29.540 2.0 
 31.254988  103.401129    19.168   2008  6  9  4 12 58.240 2.1 
 32.413488  105.014077    17.202   2008  6  9  4 25  8.690 2.2 
 31.274088  103.806264    16.423   2008  6  9  4 54 26.910 2.8 
 31.293166  103.447259    16.065   2008  6  9  5  8 34.280 2.5 
 31.806275  104.287263    14.777   2008  6  9  5 28 33.220 2.7 
 32.096361  104.566890    14.559   2008  6  9  5 41  4.130 2.7 
 32.658028  105.352048    10.202   2008  6  9  5 52 48.150 2.5 
 31.273133  103.658593    18.245   2008  6  9 10  5 14.750 2.6 
 31.003878  103.251192    13.381   2008  6  9 10 19 23.130 2.5 
 32.048658  104.563659    14.867   2008  6  9 10 52 41.880 3.0 
 32.048401  104.566311    15.282   2008  6  9 10 57 31.550 2.2 
 31.841136  104.309156    16.734   2008  6  9 11 29 52.720 2.2 
 32.811622  105.466748     7.038   2008  6  9 22 31 43.560 2.6 
 31.216364  103.543022    16.463   2008  6  9 22 34 43.220 2.3 
 31.373838  103.926162    19.106   2008  6  9 22 42  6.290 2.5 
 32.026605  104.481349    16.989   2008  6  9 23 20 16.900 4.0 
 32.333059  105.015786    17.888   2008  6  9 23 26 56.410 2.9 
 32.320135  105.079967    17.928   2008  6  9 23 45 26.110 2.4 
 31.310529  103.553092    15.600   2008  6  9 23 56 59.110 2.2 
 31.328909  103.776511    14.803   2008  6 10  0  0  5.620 2.2 
 32.350912  105.049507    17.063   2008  6 10  0  2  0.430 3.7 
 31.318596  103.712807    18.182   2008  6 10  0 29 13.590 2.0 
 31.492519  103.969385    14.697   2008  6 10  0 42 20.120 2.0 
 32.085828  104.576696    11.285   2008  6 10  0 43 58.280 3.0 
 31.776209  103.335702    12.537   2008  6 10  1 25  0.030 2.5 
 32.243080  104.964134    17.757   2008  6 10  1 28 48.380 2.2 
 31.599195  104.046520    17.129   2008  6 10  1 30 50.240 2.1 
 32.494259  105.156821    18.015   2008  6 10  1 33 24.440 2.1 
 32.760572  105.446902    10.603   2008  6 10  1 39 29.360 2.6 
 31.264364  103.756532    19.767   2008  6 10  1 56 22.290 2.9 
 30.953855  103.218935    16.853   2008  6 10  6 16 26.450 2.5 
 30.919121  103.320857     4.693   2008  6 10  6 29 46.700 2.8 
 32.812361  105.481240     4.727   2008  6 10  6 30 18.560 2.7 
 30.968772  103.221861    17.008   2008  6 10  6 38 27.770 3.0 
 31.975170  104.514572    13.874   2008  6 10  6 44 27.120 3.4 
 31.719117  103.061435    18.643   2008  6 10  6 56 34.000 2.1 
 32.318323  105.021553    18.852   2008  6 10  7 13 33.090 2.5 
 31.538919  104.048468    16.664   2008  6 10  7 16 10.980 2.2 
 31.226296  103.617809    16.801   2008  6 10  7 57 24.860 2.2 
 31.216165  103.595625    17.573   2008  6 10  8 13 54.880 2.1 
 31.885271  104.381462    14.583   2008  6 10  8 21 20.820 2.4 
 31.172990  103.666060    16.714   2008  6 10  8 27 15.570 2.6 
 32.530499  105.206482    12.964   2008  6 10  8 34 54.780 3.5 
 32.238115  104.873876    16.267   2008  6 10  8 49 50.090 2.8 
 32.616804  105.259645    20.768   2008  6 10  8 56 48.960 2.1 
 31.493601  103.950782    18.321   2008  6 10  9 16 27.420 2.0 
 32.316521  104.984287    18.735   2008  6 10  9 36 25.990 3.2 
 32.520174  105.229177    22.677   2008  6 10  9 41 53.120 2.4 
 31.491394  103.971352    18.760   2008  6 10  9 54  7.650 2.1 
 32.265949  104.934257    17.934   2008  6 10 11 34  0.350 3.7 
 31.770116  104.261095    11.546   2008  6 10 14 33 42.220 2.1 
 32.621095  105.347449    19.876   2008  6 10 14 54 55.410 2.5 
 31.560562  104.073586    17.412   2008  6 10 15 57 20.960 2.3 
 31.166277  103.504410     9.378   2008  6 10 15 59 30.400 2.1 
 32.517232  105.162143    16.608   2008  6 10 17  0 35.130 2.0 
 31.711200  103.120971    15.354   2008  6 10 17 15 24.050 2.1 
 31.155961  103.512980    16.312   2008  6 10 17 45 44.580 2.9 
 32.051427  104.586124    15.921   2008  6 10 19 40 35.620 3.9 
 30.993437  103.306184    14.981   2008  6 10 21 13 57.660 3.0 
 32.322983  105.019957    17.272   2008  6 10 22  3 28.870 3.3 
 32.342416  105.043235    17.262   2008  6 10 22  9 30.670 2.1 
 30.756115  103.242907    12.391   2008  6 10 22 14  0.280 3.3 
 30.827268  103.252392    14.945   2008  6 10 22 23 21.830 5.0 
 32.273583  104.923679    16.918   2008  6 10 22 29 28.190 2.7 
 32.261506  104.907923    19.656   2008  6 10 22 31 27.450 2.0 
 30.862343  103.250998     9.557   2008  6 10 22 34 18.620 2.4 
 31.771521  104.202654    13.346   2008  6 10 23  1 28.450 2.5 
 32.555222  105.356138     9.814   2008  6 10 23  4 31.010 2.2 
 31.026044  103.313149     6.372   2008  6 10 23 11 53.680 2.1 
 31.123961  103.584292    17.099   2008  6 10 23 17 53.210 3.2 
 32.480731  105.241050    11.651   2008  6 10 23 27  8.320 2.1 
 31.754869  104.179707    10.304   2008  6 10 23 53 10.170 2.1 
 31.322556  103.549167    17.424   2008  6 11  6 32 14.040 2.4 
 31.439163  103.923652    17.425   2008  6 11  6 36  5.950 2.1 
 31.303673  103.751510    17.714   2008  6 11  6 59 39.980 2.5 
 32.453437  105.209090    12.630   2008  6 11 14 21 35.420 3.1 
 31.873854  104.413878     8.654   2008  6 11 14 29 33.090 2.3 
 31.117953  103.651298    26.097   2008  6 11 14 35 41.100 2.0 
 31.856831  104.340675    11.603   2008  6 11 14 35 41.480 2.5 
 31.691666  104.073433    11.699   2008  6 11 14 54 18.290 2.3 
 32.365018  105.055911    16.883   2008  6 11 15 10 50.860 2.9 
 31.638476  104.092449    10.704   2008  6 11 15 45 30.980 2.2 
 31.231116  103.760443    18.911   2008  6 11 16  5  3.880 2.3 
 32.266999  104.919785    16.293   2008  6 11 16 16 12.460 3.1 
 31.319069  103.898182    18.216   2008  6 11 16 24 53.670 2.5 
 30.986364  103.220267    18.069   2008  6 11 16 51 35.480 2.2 
 31.901525  104.362416    11.965   2008  6 11 17  7 15.710 2.3 
 32.478254  105.209812    20.432   2008  6 11 17 28  1.750 2.8 
 32.277159  104.918254    13.861   2008  6 11 17 33  8.330 2.4 
 32.257169  104.899572    16.877   2008  6 11 17 34  1.140 2.3 
 32.432212  105.041485     7.775   2008  6 11 17 39  1.590 2.2 
 31.313574  103.789244    19.675   2008  6 11 17 41 18.050 2.2 
 32.216654  104.903935    18.206   2008  6 11 17 42 17.620 2.7 
 32.255476  104.953049    17.909   2008  6 11 17 48  9.140 2.1 
 32.211579  104.972768    17.529   2008  6 11 18 19 54.060 3.0 
 31.141858  103.579540    13.178   2008  6 11 18 50 13.260 2.8 
 31.321031  103.753422    17.828   2008  6 11 19 11 43.650 2.4 
 31.246140  103.786059    18.959   2008  6 11 21 18 13.730 3.0 
 32.356498  105.046547    19.544   2008  6 11 21 37 15.580 3.0 
 31.212891  103.594197    16.912   2008  6 12 10 23 31.020 2.8 
 30.784716  103.675454    13.926   2008  6 12 10 26 54.300 3.0 
 31.488575  104.267742    19.289   2008  6 12 10 54 54.010 2.6 
 31.611761  104.022124    18.872   2008  6 12 11 11 21.960 2.5 
 31.530443  104.044197    15.680   2008  6 12 11 42 32.060 2.1 
 31.080338  103.493315    15.118   2008  6 12 18 35 52.030 2.2 
 31.745994  104.215470    14.005   2008  6 12 18 53 12.140 2.1 
 31.549472  103.948044    18.989   2008  6 12 19 20 15.930 2.2 
 31.220736  103.717199    16.710   2008  6 12 19 31 47.760 2.2 
 31.520177  104.261887    19.268   2008  6 12 19 40 24.370 2.0 
 32.292168  104.907681    13.309   2008  6 13  0 37 31.740 2.5 
 32.312049  105.004780    15.719   2008  6 13  1  1 17.930 2.7 
 32.149511  104.561976    15.120   2008  6 13  1 33 23.660 2.7 
 31.304105  103.414759    15.670   2008  6 13  1 45  4.960 2.2 
 31.352158  103.330701    14.794   2008  6 13  2  1 26.000 2.6 
 32.375296  105.059539    18.150   2008  6 13  2 36  9.390 2.4 
 31.021670  103.274417    14.172   2008  6 13  2 52 12.520 2.4 
 30.929502  103.258165    15.863   2008  6 13  3  0 26.240 3.5 
 32.604175  105.398059    21.149   2008  6 13  3 11 57.950 2.2 
 31.418796  103.866113    13.504   2008  6 13  3 44 59.120 2.7 
 31.227440  103.579908    13.538   2008  6 13  8 19 11.850 2.0 
 32.277613  104.800652    11.601   2008  6 13  8 19 28.220 3.4 
 32.279650  104.802683    10.012   2008  6 13  8 19 28.270 3.0 
 32.281277  104.940189    13.040   2008  6 13  8 53 41.580 2.5 
 32.186956  104.720714    18.526   2008  6 13  9 16 56.180 2.2 
 31.401248  103.898018    18.535   2008  6 13  9 20  5.440 2.2 
 31.850423  104.408872     9.969   2008  6 13  9 50  2.150 3.0 
 32.110857  104.583440    14.935   2008  6 13 12 53 46.910 2.6 
 31.853190  104.391702     4.768   2008  6 13 12 55 37.030 2.8 
 32.127473  104.576090    16.332   2008  6 13 12 57 59.020 2.3 
 32.502006  105.217547    21.064   2008  6 13 13  5 32.050 2.9 
 32.324490  105.083860     8.927   2008  6 13 13 27 13.280 2.2 
 31.363356  103.785254    19.230   2008  6 13 13 33 33.590 2.4 
 31.238386  103.576626    23.980   2008  6 13 13 46 42.550 2.6 
 32.024899  104.502907     7.593   2008  6 13 22 23 58.800 2.1 
 32.000664  104.517154    13.907   2008  6 13 22 23 59.090 2.2 
 31.537319  103.745235   103.358   2008  6 13 23 11 57.370 2.2 
 32.351184  105.034146    18.530   2008  6 13 23 12 36.890 2.8 
 31.187671  103.730284    20.317   2008  6 14  0 28 59.560 3.2 
 31.752598  104.219147    12.036   2008  6 14  1  8 37.240 2.3 
 31.659409  104.156406    13.757   2008  6 14  1 34 59.630 2.2 
 32.422831  105.094077    16.939   2008  6 14  6 24 42.480 3.4 
 30.881280  103.243159    15.291   2008  6 14  6 28 31.070 4.3 
 31.188624  103.475862    16.489   2008  6 14  6 50 25.450 2.2 
 32.355757  105.092765    16.991   2008  6 14  7 25 27.270 2.1 
 31.051690  103.274481     7.460   2008  6 14  7 47 44.360 2.7 
 31.004564  103.290542     3.408   2008  6 14 12  7 50.340 2.5 
 32.138432  104.633447    15.239   2008  6 14 12 15  7.820 2.3 
 31.323672  103.370812    14.347   2008  6 14 12 21 42.390 2.3 
 31.640448  104.278985    11.611   2008  6 14 12 24 52.510 2.4 
 32.392079  105.110957    16.922   2008  6 14 12 37  4.770 3.6 
 32.807090  105.432384    10.015   2008  6 14 12 47  6.990 2.5 
 32.188651  104.815800    13.645   2008  6 14 12 54 31.200 2.0 
 31.306012  103.426699    14.426   2008  6 14 13 20 58.770 2.7 
 31.164289  103.662930    20.226   2008  6 14 13 34 57.220 2.5 
 32.129425  104.593074    14.733   2008  6 14 13 44 14.670 3.5 
 32.570317  105.319713    15.393   2008  6 14 13 56 15.880 2.1 
 31.789357  104.266275    17.648   2008  6 14 13 58 55.190 2.0 
 31.695663  104.142036    16.607   2008  6 14 22  8  6.560 2.3 
 32.166511  104.616201    16.212   2008  6 14 22 33 27.860 2.0 
 30.980895  103.349440     9.459   2008  6 14 22 55 29.890 2.1 
 30.814283  103.260013    14.817   2008  6 14 23  2 55.720 2.6 
 32.567423  105.245878    20.234   2008  6 14 23 38 57.670 2.7 
 31.302138  103.711112    18.154   2008  6 14 23 41 43.920 2.5 
 31.312348  103.382127    14.646   2008  6 15  6  0 44.390 2.1 
 31.563917  104.030223    17.668   2008  6 15  6 29 33.570 2.1 
 32.524727  105.111809    22.794   2008  6 15  7 22 27.460 2.1 
 31.904913  104.362779    16.818   2008  6 15  7 27 47.620 2.5 
 31.225314  103.751309    17.443   2008  6 15  7 57 18.940 2.3 
 32.381256  105.182174    13.165   2008  6 15 12 18 20.700 2.6 
 32.301972  104.982964    16.135   2008  6 15 12 55 22.730 2.6 
 31.281774  103.445148     0.659   2008  6 15 13 25 47.130 2.0 
 31.328626  103.870072    19.437   2008  6 15 13 30  2.690 2.2 
 31.700999  104.126026    15.916   2008  6 15 14 21  9.280 2.1 
 31.389845  103.923720    18.745   2008  6 15 14 42 33.590 3.0 
 31.806518  104.326808    11.937   2008  6 15 14 46 48.580 2.0 
 31.628035  104.059200    15.899   2008  6 15 14 57  8.850 2.0 
 31.772074  104.225155     5.226   2008  6 15 15 38  0.670 2.5 
 31.443794  104.021474    17.912   2008  6 15 15 50 12.470 2.0 
 32.162434  104.590727    16.666   2008  6 15 15 51  2.420 2.1 
 32.160093  104.594683    15.803   2008  6 15 15 51 51.110 2.3 
 32.079124  104.565693    12.869   2008  6 15 15 59  1.300 2.1 
 31.392446  103.908619    20.687   2008  6 15 16  4 26.910 2.1 
 31.863861  104.389275    11.499   2008  6 15 16 18 59.890 2.2 
 31.783886  104.346941     5.065   2008  6 15 16 56 36.950 2.5 
 31.197684  103.641088    15.044   2008  6 15 17  0 22.860 2.3 
 32.499191  105.205025    19.732   2008  6 15 17 43  2.850 2.0 
 32.297626  105.067928    17.219   2008  6 15 19 55 51.290 4.0 
 31.016648  103.271816    12.420   2008  6 15 20 18 35.700 2.4 
 32.217588  104.724067    11.078   2008  6 15 20 27 53.520 2.1 
 31.340593  103.208388    17.699   2008  6 15 21 42 42.250 4.1 
 30.857752  103.266669    20.264   2008  6 15 22 13 22.520 4.0 
 32.290655  104.968000    19.009   2008  6 15 22 25 38.210 3.1 
 32.059472  104.563227    12.189   2008  6 15 22 35 57.130 3.0 
 30.897806  103.148771    14.952   2008  6 15 22 36 48.410 4.0 
 31.373528  103.792641    21.271   2008  6 15 22 43 54.830 2.8 
 32.363394  105.049797    16.323   2008  6 15 22 47 19.380 2.1 
 32.382406  105.058514    15.228   2008  6 15 22 48 44.530 2.0 
 32.428559  105.062073    15.133   2008  6 15 22 52 28.420 2.6 
 30.860920  103.251425    19.995   2008  6 15 22 58 38.320 2.3 
 31.816206  104.280959    18.780   2008  6 15 22 59 35.910 2.5 
 32.314342  104.987477    15.449   2008  6 15 23  7 30.820 2.8 
 30.817803  103.343461     9.715   2008  6 15 23 51 34.100 2.6 
 31.006997  103.263732    15.791   2008  6 16  4 29 26.000 3.6 
 30.984910  103.359459     1.989   2008  6 16  7  4  0.730 3.8 
 31.323384  103.853533    18.604   2008  6 16  7 36  5.140 4.3 
 31.232058  103.783951    20.846   2008  6 16  7 46 12.730 3.3 
 32.136563  104.613602    16.722   2008  6 16 14 42 45.190 2.6 
 32.160612  104.620079    15.431   2008  6 16 14 57  3.810 2.1 
 31.225839  103.573734    15.857   2008  6 16 15 40 40.670 2.5 
 31.522409  103.987315    17.628   2008  6 16 16 31 37.450 3.8 
 31.251028  103.743141    18.212   2008  6 16 16 54  6.040 2.1 
 31.280738  103.544673    16.011   2008  6 16 17 14  4.310 3.1 
 31.763653  103.939146    16.553   2008  6 16 17 18 11.520 2.5 
 31.147100  103.563818    16.778   2008  6 16 17 38  2.280 2.6 
 32.291282  105.062413    17.144   2008  6 16 18  7 16.520 3.4 
 32.410118  105.075213    15.683   2008  6 16 18 17  9.730 3.8 
 32.087038  104.605394    14.144   2008  6 16 18 21 39.120 3.1 
 32.279047  104.937103    14.575   2008  6 16 18 37 46.930 2.9 
 32.048640  104.618834    13.113   2008  6 16 18 41  7.340 2.5 
 32.034574  104.544659    13.508   2008  6 16 18 41 35.780 2.5 
 31.598306  103.984292    17.490   2008  6 16 18 45 41.130 2.6 
 32.223070  104.849959    15.639   2008  6 16 18 47 20.960 3.0 
 31.837588  104.351295    10.375   2008  6 16 18 49  6.080 3.0 
 32.525996  105.244501    12.190   2008  6 16 19 34 50.570 2.6 
 32.262335  104.846916    14.724   2008  6 16 19 41 24.210 2.0 
 32.409098  105.072260    16.031   2008  6 16 19 45 32.890 2.9 
 32.015969  104.552759    15.034   2008  6 16 20 41 11.650 3.1 
 30.994868  103.305649    14.960   2008  6 16 21 19 27.570 3.1 
 32.442102  105.123638    18.490   2008  6 16 21 40 52.370 2.9 
 30.982292  103.193413    11.258   2008  6 16 22 47 12.690 3.6 
 31.833305  104.327517    16.970   2008  6 17  2  9  2.090 2.4 
 31.791613  104.408465     9.525   2008  6 17  2 37 51.690 2.9 
 31.057313  103.725826    22.037   2008  6 17  2 53 56.610 3.1 
 31.642826  104.091102    11.948   2008  6 17  2 55 27.760 3.2 
 31.612939  104.039074    12.259   2008  6 17  3  0 58.220 2.6 
 32.690903  105.383726    17.996   2008  6 17  3 10 42.460 2.1 
 32.370975  105.103623    15.448   2008  6 17  3 52 44.250 2.8 
 31.683285  103.898750    18.920   2008  6 17  3 54 57.140 3.1 
 31.253231  103.554419    13.725   2008  6 17 12 37  3.030 2.2 
 32.087411  104.649915    10.771   2008  6 17 12 53 14.410 2.1 
 30.871652  103.354216    11.504   2008  6 17 13  0 59.240 2.7 
 30.862035  103.366013    12.665   2008  6 17 13  0 59.210 2.7 
 30.861587  103.353302     8.624   2008  6 17 13  0 59.270 2.3 
 32.580055  105.328733    17.927   2008  6 17 13  4 28.080 3.9 
 32.577492  105.326030    15.231   2008  6 17 13 20  5.050 3.0 
 31.899988  104.290544    13.080   2008  6 17 13 32  8.720 4.2 
 32.281583  104.948445    17.283   2008  6 17 13 40 47.060 4.2 
 31.911501  104.292448     9.539   2008  6 17 13 49 14.670 2.3 
 31.290129  103.538883    15.283   2008  6 17 18  2 11.280 2.4 
 32.581011  105.377463    13.644   2008  6 17 18 16  0.680 2.3 
 31.257698  103.660589    13.755   2008  6 17 18 20 33.980 2.3 
 32.454659  105.190833    18.551   2008  6 17 19 10 50.750 2.1 
 31.301873  103.338673    12.704   2008  6 17 19 17  6.310 2.2 
 31.246218  103.603890    14.889   2008  6 17 19 19 21.510 2.4 
 31.287098  103.395203    17.296   2008  6 17 22 43 16.150 4.5 
 32.010170  104.539748    14.982   2008  6 18  0 30 49.140 2.3 
 32.170769  104.711138    16.605   2008  6 18  0 57  3.760 2.2 
 31.439949  104.034631    17.846   2008  6 18  1 23 26.670 3.8 
 32.672771  105.446406    14.950   2008  6 18  1 33 50.130 2.5 
 32.279897  104.936848    13.961   2008  6 18  2 18 15.830 2.1 
 32.188815  104.755106    20.129   2008  6 18  2 42 46.120 2.1 
 31.298375  103.397299    16.083   2008  6 18  3  5 21.660 4.0 
 31.993521  104.474766    10.143   2008  6 18  3 34 29.120 3.9 
 31.757762  104.286674    10.152   2008  6 18  3 42 30.600 2.2 
 31.766481  104.270239     9.223   2008  6 18  8  5 13.030 2.2 
 30.940852  103.373032    15.682   2008  6 18  8 26 22.600 2.4 
 32.307892  104.974705    17.031   2008  6 18  8 51  5.540 2.5 
 31.752223  104.208225    15.974   2008  6 18  9 12  7.850 2.3 
 31.361315  103.381697    11.939   2008  6 18 12  8 52.270 2.2 
 31.379516  103.861080    18.608   2008  6 18 12 11 34.900 2.0 
 31.309748  103.872948    17.534   2008  6 18 12 16  2.790 2.5 
 31.740744  104.267838    17.404   2008  6 18 12 45 25.350 2.1 
 32.463761  105.155877    22.085   2008  6 18 13  7  4.860 2.6 
 31.308187  103.858043    19.875   2008  6 18 13 11  5.190 2.7 
 32.548992  105.261654    18.097   2008  6 18 13 16 23.030 2.5 
 31.958865  104.539686    10.117   2008  6 18 13 26  0.950 2.3 
 31.728585  104.250880    11.196   2008  6 18 13 56 18.390 2.4 
 31.959253  104.464509    11.229   2008  6 18 20 14 44.190 2.6 
 31.416185  103.905574    17.290   2008  6 18 20 46 48.740 2.1 
 30.980801  103.336241     7.827   2008  6 18 21  4 15.810 2.2 
 32.428650  105.115434    14.966   2008  6 18 21 12 18.650 2.4 
 31.502421  103.972641    19.039   2008  6 18 21 13 10.210 2.4 
 31.840923  104.356997    12.781   2008  6 18 21 50 33.270 3.3 
 31.018876  103.254100     8.624   2008  6 18 23 21 12.210 2.7 
 30.969896  103.241983    16.067   2008  6 18 23 43 50.730 2.1 
 31.812905  104.268494    10.342   2008  6 18 23 48 28.090 2.6 
 31.524168  104.135387     7.523   2008  6 19  2  3  7.210 2.5 
 31.285577  103.561770    15.941   2008  6 19  2 26 31.900 2.8 
 32.256942  104.924283    14.714   2008  6 19  2 31 58.860 2.3 
 31.892965  104.270684     7.916   2008  6 19  2 50 23.160 3.8 
 31.161901  103.454652    17.644   2008  6 19  2 55 31.840 4.6 
 30.984962  103.216386    17.927   2008  6 19  3 23 43.180 3.4 
 31.020843  103.236196    17.344   2008  6 19  4 23 11.800 2.1 
 31.308602  103.375801    16.605   2008  6 19  4 25 45.620 2.6 
 31.649748  104.361779     8.236   2008  6 19  4 37  2.710 2.1 
 31.816368  104.337691    16.060   2008  6 19  4 48 19.450 4.6 
 31.803741  104.281357    11.165   2008  6 19  4 55 22.380 3.0 
 31.883642  104.265817    13.575   2008  6 19  5 39 19.500 2.9 
 32.621109  105.415541    20.002   2008  6 19  5 57 27.860 2.2 
 32.071695  104.400473    16.012   2008  6 19  8  7  0.310 2.1 
 32.616128  105.412144    17.337   2008  6 19  8 53 38.740 2.2 
 32.203510  104.187443    12.268   2008  6 19  8 56 45.530 2.3 
 32.524255  105.224679    13.355   2008  6 19  9  7 15.160 3.0 
 31.311087  103.876178    19.817   2008  6 19  9 16 11.890 2.5 
 31.435212  104.021545    16.024   2008  6 19 12  2 32.090 2.3 
 31.246787  103.417638    16.929   2008  6 19 12 17 52.570 2.0 
 32.137640  104.593424    16.016   2008  6 19 12 19 50.980 3.8 
 32.198536  104.807024    16.283   2008  6 19 12 24  3.290 3.4 
 32.278364  104.951196    16.338   2008  6 19 12 35 35.010 3.0 
 32.085908  104.530107    14.531   2008  6 19 12 52 23.840 2.7 
 32.319114  104.989444    16.014   2008  6 19 13 20 49.820 3.2 
 31.217992  103.619157    18.629   2008  6 19 13 57 11.020 2.8 
 31.930936  104.473054    13.698   2008  6 19 20  4  3.960 2.2 
 31.739697  104.185724    14.605   2008  6 19 20 12 31.290 2.1 
 31.520945  104.247838    16.518   2008  6 19 20 15 27.900 2.4 
 31.392621  103.897591    20.070   2008  6 19 20 42 36.010 2.2 
 30.936214  103.321281    11.957   2008  6 19 20 50 56.230 2.2 
 32.520009  105.248548    14.449   2008  6 19 20 55  7.610 2.4 
 31.454325  104.014966    17.817   2008  6 19 21 12  8.240 2.0 
 32.659320  105.414180    17.492   2008  6 19 21 22  5.830 2.3 
 31.423362  103.984055    16.103   2008  6 19 22  4  9.440 2.1 
 31.136923  103.505266    16.876   2008  6 19 22 12 39.680 2.5 
 31.209161  103.465095     9.542   2008  6 19 22 27 17.090 2.3 
 31.359229  103.777694    20.181   2008  6 19 23 39 56.490 3.0 
 32.306735  104.960954    15.133   2008  6 19 23 44 51.490 2.7 
 30.848431  103.192510    13.785   2008  6 20  2 18 48.760 2.2 
 32.362811  105.011647    10.733   2008  6 20  2 32 26.470 2.8 
 31.276645  103.526223    17.782   2008  6 20  2 50 45.340 2.1 
 31.903338  104.330336    15.343   2008  6 20  2 55 20.250 2.2 
 31.153878  103.585866    13.319   2008  6 20  3 18 51.060 2.6 
 31.057528  103.288136     6.563   2008  6 20  3 20  5.880 2.9 
 31.898331  104.295564    10.226   2008  6 20  8  9 28.830 2.3 
 32.778287  105.472689    12.786   2008  6 20  8 23 28.730 2.9 
 32.770207  105.444381     7.727   2008  6 20  8 24 47.450 2.0 
 32.254760  104.650836    14.759   2008  6 20  8 39 38.480 4.0 
 31.060596  103.402831    15.386   2008  6 20  8 55 56.130 3.4 
 32.313142  104.948051    16.480   2008  6 20 10 13 21.850 2.2 
 32.411012  105.012238    16.927   2008  6 20 10 17 36.320 2.7 
 31.269100  103.614666    17.230   2008  6 20 10 43  5.220 2.5 
 31.166861  103.452987    15.885   2008  6 20 10 55  4.650 2.3 
 31.185040  103.479051    16.133   2008  6 20 11 21  7.130 2.2 
 31.413844  103.844552    19.323   2008  6 20 11 28 48.890 2.7 
 32.524521  105.248777    16.349   2008  6 20 11 31 17.520 3.8 
 31.790129  104.169092    14.365   2008  6 20 11 46 56.470 2.1 
 32.793078  105.491604    16.563   2008  6 20 11 51 26.980 3.9 
 31.291868  103.367246    10.100   2008  6 20 11 59 59.450 2.4 
 31.741245  104.304372    12.164   2008  6 20 12 33 32.640 3.6 
 31.486575  104.104759     6.769   2008  6 20 12 37 27.450 2.3 
 31.766318  104.287726     5.014   2008  6 20 12 40 34.580 2.1 
 31.122883  103.703091    16.428   2008  6 20 12 49  7.830 2.2 
 32.245172  104.847821    17.439   2008  6 20 12 55 43.220 3.3 
 32.353210  104.963227    15.840   2008  6 20 12 59  0.720 2.2 
 32.552818  105.332585    11.051   2008  6 20 13  1 46.580 2.0 
 30.898325  103.281666    13.798   2008  6 20 13 13 18.480 2.5 
 32.266320  104.899555    15.268   2008  6 20 13 16 24.920 2.2 
 31.204934  103.588201    13.809   2008  6 20 13 22 13.750 2.9 
 32.302307  104.991411    13.969   2008  6 20 13 29 10.230 2.2 
 32.454871  105.122809    16.875   2008  6 20 14 21 10.540 2.4 
 31.941339  104.305096    16.767   2008  6 20 14 33 39.430 2.0 
 31.021913  103.257668    13.358   2008  6 20 14 44 23.380 3.3 
 31.206904  103.742062    19.963   2008  6 20 15 20 17.820 3.1 
 30.926031  103.394491     8.126   2008  6 20 15 38  7.600 3.9 
 32.245862  104.876557    16.792   2008  6 20 15 57 31.420 2.1 
 32.561967  105.319783    14.305   2008  6 20 16  5 58.820 2.2 
 31.311568  103.443869    14.793   2008  6 20 16 26 56.300 2.0 
 31.535823  104.029211     8.369   2008  6 20 16 58 58.750 2.3 
 32.290786  104.891365    16.039   2008  6 20 17 30  5.040 2.4 
 31.625642  104.092969    11.479   2008  6 20 21 13 24.950 3.0 
 31.237472  103.581232    16.513   2008  6 20 21 43 48.610 2.9 
 32.660188  105.412561    17.021   2008  6 20 22 28 29.000 2.9 
 32.477563  105.227480    16.991   2008  6 20 23  4 22.510 3.8 
 31.539196  103.918974    53.810   2008  6 21  0 30 38.500 2.5 
 32.395852  105.099600    15.987   2008  6 21  0 54 56.470 2.6 
 30.961719  103.224907     9.552   2008  6 21  1 27  1.700 2.3 
 32.151695  104.635215    11.642   2008  6 21  8  0 51.160 2.0 
 32.371575  105.040861    17.460   2008  6 21  8  3 57.830 2.4 
 32.404448  105.089321    16.278   2008  6 21  8 21 52.960 2.8 
 30.903557  103.150575    13.592   2008  6 21  8 25 45.320 2.1 
 31.268997  103.618653    16.078   2008  6 21  8 47 11.340 2.6 
 31.278154  103.512275    14.193   2008  6 21  9 26 21.380 2.1 
 31.723200  104.161032    15.101   2008  6 21  9 39 39.440 2.0 
 32.301306  104.977960    16.533   2008  6 21 14 16 25.270 2.6 
 32.149031  104.578407    15.274   2008  6 21 14 40 52.860 2.3 
 32.238337  104.972788    14.753   2008  6 21 14 47 18.940 2.7 
 32.784243  105.462891    12.026   2008  6 21 15  0 13.870 2.1 
 31.437032  104.000166    17.933   2008  6 21 15 20 30.860 2.0 
 32.335954  105.033553    15.922   2008  6 21 15 29 15.630 2.8 
 32.432771  104.865790    17.836   2008  6 21 15 38 18.520 2.6 
 32.505872  105.252991    14.503   2008  6 21 16 58 57.460 2.4 
 31.294792  103.428978    15.529   2008  6 21 17 11 48.720 2.7 
 31.595064  104.085193    14.382   2008  6 21 17 20  9.080 2.1 
 31.620393  104.033773    18.984   2008  6 21 17 32  4.060 3.5 
 31.289368  103.602683    18.381   2008  6 21 17 40 22.180 3.7 
 31.734068  104.256515     5.774   2008  6 21 17 43 59.960 2.1 
 32.365714  105.083878    13.762   2008  6 21 17 58 54.950 2.1 
 31.330362  103.316558    21.485   2008  6 21 18 34 42.690 2.2 
 31.367799  103.299013     9.695   2008  6 21 18 34 42.500 2.5 
 31.328589  103.334404    12.785   2008  6 21 18 48  6.760 2.5 
 32.211118  104.860126    13.357   2008  6 21 20 14 32.250 2.6 
 32.719767  105.468679    17.378   2008  6 21 20 19 55.160 3.0 
 32.610648  105.391573    15.091   2008  6 21 20 26 13.600 3.0 
 31.132336  103.433089     6.132   2008  6 21 20 49 55.150 2.3 
 31.118404  103.437828    19.073   2008  6 21 20 57 15.510 3.6 
 32.259941  104.988829    15.005   2008  6 21 21  9 14.680 2.6 
 32.359702  105.000232    19.551   2008  6 21 21 10 13.510 2.9 
 31.327459  103.671715    19.552   2008  6 21 21 12 47.250 2.2 
 31.012911  103.419483    15.411   2008  6 21 21 22 17.170 2.4 
 31.754681  104.210265    16.487   2008  6 21 21 32 24.270 2.7 
 31.559166  104.116147    14.609   2008  6 21 21 37  8.380 2.8 
 31.330983  103.687031    19.772   2008  6 21 21 46 52.650 2.5 
 32.766242  105.598188     7.997   2008  6 21 21 54 17.180 2.7 
 31.293609  103.874579    16.489   2008  6 21 23 23 27.670 3.4 
 31.235459  103.623146    17.941   2008  6 22  4 26 36.330 2.2 
 31.025183  103.435603    12.553   2008  6 22  4 27 43.850 2.8 
 32.606752  105.369611    17.708   2008  6 22  4 47 43.690 2.4 
 32.470507  105.171117    19.160   2008  6 22  5  7  2.300 2.0 
 31.172817  103.454269    13.613   2008  6 22  5 40 55.130 2.2 
 32.756626  105.639220    10.131   2008  6 22  5 44  1.960 2.2 
 31.705077  104.142404    15.210   2008  6 22  5 56 44.120 2.7 
 32.319400  105.055271    16.701   2008  6 22 12  2  8.750 2.3 
 30.713733  103.387215    10.556   2008  6 22 12 52  3.030 2.1 
 32.161363  104.724940    10.090   2008  6 22 13  5 31.040 2.0 
 31.500359  103.979192    18.905   2008  6 22 13  8 30.620 2.0 
 32.532011  105.237090    11.363   2008  6 22 13 54 45.550 3.0 
 31.325937  103.329214    13.339   2008  6 22 18 18 36.530 2.1 
 31.367617  103.285518    12.905   2008  6 22 18 26 45.360 2.1 
 31.800391  104.342999    13.560   2008  6 22 19 24 49.650 2.3 
 32.388735  105.107358    13.668   2008  6 22 19 52 49.620 2.5 
 31.449317  104.019596    14.858   2008  6 23  0 43 33.190 2.1 
 31.263129  103.779000    16.524   2008  6 23  0 51  9.610 2.4 
 31.314930  103.870872    17.854   2008  6 23  1  1 36.020 2.3 
 31.994404  104.508121    14.728   2008  6 23  1 15 44.250 2.6 
 32.243972  104.914775    13.916   2008  6 23  1 55 16.150 2.7 
 31.118574  103.416736    12.266   2008  6 23  3  3 50.840 2.1 
 31.257292  103.566297    14.817   2008  6 23  3 19 33.090 3.0 
 31.811676  104.369540     9.729   2008  6 23  3 49 45.460 2.6 
 32.418969  104.951215    16.985   2008  6 23  3 59 33.090 3.1 
 31.050214  103.291963    11.927   2008  6 23  8 18 56.350 2.2 
 31.363181  103.735508    19.050   2008  6 23  8 30 48.040 3.0 
 32.485443  105.253705    12.983   2008  6 23  8 36 17.650 2.9 
 32.434561  105.146982    13.806   2008  6 23  9 15 21.310 2.7 
 31.270480  103.610700    17.800   2008  6 23  9 18 53.240 2.7 
 32.516833  105.234536    14.572   2008  6 23  9 24 49.490 3.0 
 31.113834  103.594682    15.559   2008  6 23  9 41 14.750 2.1 
 32.502698  105.262603    14.138   2008  6 23  9 49 26.960 2.4 
 32.484348  105.139881    16.044   2008  6 23 12  9 20.110 2.3 
 31.870108  104.370231    14.182   2008  6 23 12 29 32.430 2.3 
 32.152524  104.574506    14.737   2008  6 23 12 49 37.720 2.1 
 30.994898  103.457244    16.108   2008  6 23 12 56 53.770 2.0 
 32.365905  105.082623    16.589   2008  6 23 13 40 25.140 2.4 
 31.310588  103.712127    18.154   2008  6 23 13 43 45.940 2.6 
 31.170792  103.563226    12.261   2008  6 23 22  8 37.320 2.4 
 31.438820  103.945062    10.819   2008  6 23 23  1 59.800 2.5 
 31.796521  104.361784    10.542   2008  6 23 23 23 46.460 2.5 
 32.543808  105.293073    20.791   2008  6 23 23 33  2.820 2.1 
 32.304266  104.998741    12.129   2008  6 23 23 37 33.980 2.2 
 31.633518  104.099960    13.766   2008  6 23 23 39 12.800 2.4 
 31.798022  104.268611    17.235   2008  6 24  0 10 10.500 2.3 
 31.905102  104.262364    19.596   2008  6 24  0 18 24.390 2.7 
 32.518301  105.185979    16.929   2008  6 24  0 41 12.780 2.1 
 32.481767  105.146551    16.945   2008  6 24  1 31 56.320 2.7 
 32.345157  105.033606    17.912   2008  6 24  1 38 39.330 2.4 
 31.545457  104.117917    19.091   2008  6 24  1 57 57.530 2.4 
 31.289180  103.633142    15.282   2008  6 24 12 16  0.430 3.2 
 32.369303  105.010103    11.030   2008  6 24 12 16 18.480 2.4 
 31.204634  103.705842    17.467   2008  6 24 13 24 52.330 3.9 
 31.730971  104.200183    11.965   2008  6 24 13 42 52.310 2.0 
 31.849629  104.372712     7.265   2008  6 24 19 59 29.810 2.3 
 31.846119  104.336351     2.315   2008  6 24 20 58 34.200 2.7 
 31.126952  103.407889    16.081   2008  6 24 22  6 18.530 2.4 
 32.305499  104.962819    16.985   2008  6 24 22 40 11.260 2.3 
 32.568254  105.256250    13.091   2008  6 24 23 41  4.000 2.6 
 31.415317  103.912997    18.178   2008  6 24 23 51 51.330 2.1 
 32.725197  105.469919    17.875   2008  6 25  4  1 58.290 2.4 
 32.316419  104.991350    15.505   2008  6 25  4  6 12.930 2.7 
 31.166658  103.423549    12.675   2008  6 25  4 14 15.230 2.3 
 32.391637  105.089011    13.860   2008  6 25  4 16 16.710 2.5 
 31.247150  103.561102    16.075   2008  6 25  4 21 20.970 2.3 
 30.921190  103.274460    16.391   2008  6 25  4 30  2.110 2.0 
 32.539664  105.236780    11.848   2008  6 25  5 17 19.040 2.1 
 32.519694  105.262572    15.890   2008  6 25  5 36  1.390 2.0 
 31.611630  104.082188    11.917   2008  6 25  5 49 23.420 2.0 
 32.129551  104.585022    16.139   2008  6 25  5 54 30.680 3.0 
 32.380128  105.069915    15.074   2008  6 25  7  4 19.410 2.5 
 31.290825  103.569788    15.674   2008  6 25  7 10 35.490 2.5 
 31.639153  104.117816    13.923   2008  6 25  7 16 43.490 2.5 
 31.664623  104.083547    12.935   2008  6 25  7 19 35.790 2.2 
 31.838256  104.245982    15.269   2008  6 25 12 28 49.970 2.2 
 31.331900  103.790356    16.416   2008  6 25 12 29  6.570 2.4 
 32.354171  105.095674    16.279   2008  6 25 12 34 27.690 2.1 
 30.987604  103.401032    14.910   2008  6 25 12 42 30.310 2.0 
 32.766662  105.522255    13.863   2008  6 25 13  9 21.130 2.0 
 32.256049  104.900348    14.124   2008  6 25 14  0 30.420 2.1 
 32.201375  104.535898    16.891   2008  6 25 14 14 43.670 2.2 
 31.007784  103.250560    10.886   2008  6 25 14 38  3.550 2.7 
 31.643960  104.077216    11.936   2008  6 25 14 49 52.430 2.4 
 32.610825  105.394678    14.691   2008  6 25 15 26 42.980 2.3 
 31.327322  103.750939    20.443   2008  6 25 15 54 39.820 2.2 
 31.767336  104.124165    17.900   2008  6 25 16 11 56.350 2.0 
 31.245628  103.800406    18.136   2008  6 25 16 15 31.510 3.3 
 31.840560  104.390449    15.390   2008  6 25 16 56  4.990 4.1 
 31.268404  103.637504    18.309   2008  6 25 17 42 20.640 2.0 
 32.748504  105.409257    13.931   2008  6 25 17 46 49.160 2.1 
 31.366462  103.301826    15.563   2008  6 25 20 22 22.990 2.0 
 31.264075  103.784707    19.478   2008  6 25 21  0 55.530 3.1 
 30.977739  103.289552    13.697   2008  6 25 21 13 55.500 2.0 
 32.320287  105.073651    17.660   2008  6 25 21 21 29.040 2.4 
 31.417222  103.897016    17.838   2008  6 25 21 54 14.450 2.0 
 32.258775  104.906761    15.960   2008  6 25 21 58 35.990 2.3 
 32.270695  104.911192    16.518   2008  6 25 22  0  4.850 2.1 
 31.006651  103.217947    17.060   2008  6 25 22 57 39.730 2.5 
 31.801246  104.325824    11.658   2008  6 25 23  8 10.250 2.0 
 32.642104  105.312573    19.882   2008  6 25 23 31 34.610 2.2 
 31.168352  103.718454    15.365   2008  6 25 23 35 37.270 2.6 
 32.111653  104.602827    13.810   2008  6 25 23 41 24.420 3.1 
 31.384484  103.938586    18.041   2008  6 25 23 57 53.230 2.5 
 32.582519  105.311011    21.817   2008  6 26 12 14 45.800 3.9 
 31.809234  104.237532    10.238   2008  6 26 12 18 54.310 2.5 
 30.887906  103.199198    18.324   2008  6 26 12 25 48.090 3.7 
 31.249756  103.585038    17.623   2008  6 26 12 59  4.520 2.0 
 31.860455  104.316736    10.821   2008  6 26 13 33 26.240 2.3 
 31.475144  104.287380    21.246   2008  6 26 14 34 36.990 2.8 
 31.861935  104.349386    11.086   2008  6 26 14 46  7.980 2.3 
 32.521294  105.225790    13.773   2008  6 26 14 49 46.360 2.3 
 31.415893  103.913371    16.407   2008  6 26 15  2 13.960 2.0 
 32.019728  104.487732    13.882   2008  6 26 15  9 23.150 2.1 
 31.446437  104.190935    21.621   2008  6 26 15 10  4.310 3.3 
 32.503375  105.205104    19.536   2008  6 26 15 14 16.660 3.3 
 31.812023  104.175722    18.946   2008  6 26 15 20 46.030 4.0 
 32.265235  104.916798    16.398   2008  6 26 16 27 27.340 2.1 
 32.470706  105.180140    15.467   2008  6 26 17  1 31.000 2.4 
 30.760157  103.324061    10.663   2008  6 26 17 16 48.610 3.0 
 32.195422  104.671937    14.368   2008  6 26 18 20 45.990 2.1 
 31.047635  103.520782    17.724   2008  6 26 18 29 37.840 2.5 
 31.264462  103.591315    24.891   2008  6 26 18 44 23.190 3.0 
 32.294132  105.021333    18.150   2008  6 26 18 56 36.230 2.7 
 31.538746  104.014043    14.960   2008  6 26 19 14 13.820 2.0 
 32.122127  104.517436    16.671   2008  6 26 19 28 21.190 2.2 
 32.274140  104.919147    15.507   2008  6 26 19 58 38.620 2.2 
 32.609965  105.309451    13.979   2008  6 26 21 10  9.240 3.6 
 31.961246  104.508062    14.545   2008  6 26 21 30 48.830 3.6 
 32.265066  104.918116    17.979   2008  6 27  2 25 11.050 2.4 
 32.781097  105.410617     8.163   2008  6 27  2 49 35.330 2.6 
 32.232421  104.844489    19.565   2008  6 27  3  4 42.400 3.1 
 31.519882  103.966413    14.190   2008  6 27  3  7 15.890 2.1 
 31.282283  103.997038    18.514   2008  6 27  3 33 11.980 2.7 
 31.447982  103.930250    18.537   2008  6 27 10 10 12.560 2.2 
 32.255010  104.876616    14.559   2008  6 27 10 51 15.230 2.8 
 32.569218  105.394108    14.919   2008  6 27 11  8 55.760 2.4 
 32.332764  104.985189    16.622   2008  6 27 11 17 59.450 2.8 
 32.476971  105.012048    17.124   2008  6 27 11 24 24.410 2.2 
 30.875394  103.249235    11.187   2008  6 27 11 38 11.000 2.1 
 32.679835  105.454355    13.027   2008  6 27 19  2 53.070 2.9 
 32.622128  105.430578    19.680   2008  6 27 19  6 13.920 2.6 
 31.325438  103.668278    18.545   2008  6 27 19  9 42.870 2.5 
 32.287175  105.016348    16.943   2008  6 27 19 43  9.520 2.1 
 32.176386  104.576917    15.933   2008  6 28  0  9 31.420 2.4 
 32.505888  105.233707    20.489   2008  6 28  0 17 48.690 2.1 
 31.783941  104.309922    13.991   2008  6 28  1 33 24.490 2.3 
 31.665187  103.363785    20.870   2008  6 28  2 12 58.440 3.4 
 31.644186  103.125981    14.512   2008  6 28  2 25  0.120 2.4 
 31.373464  103.935679    17.736   2008  6 28  2 51 41.180 2.2 
 32.350834  105.027334     3.625   2008  6 28  3 34 41.470 2.1 
 31.395618  103.932915    18.629   2008  6 28  8 39 26.160 2.2 
 31.203734  103.604041    15.380   2008  6 28  9 27 24.730 2.2 
 31.389238  103.894847    18.139   2008  6 28  9 29 38.930 2.9 
 31.020338  103.218778    13.364   2008  6 28  9 32 36.820 2.9 
 32.207307  104.822829    14.864   2008  6 28  9 52 10.400 2.2 
 31.813648  104.268166    10.972   2008  6 28  9 55 54.120 2.2 
 32.418081  104.983525    21.199   2008  6 28 13 18 37.600 2.0 
 31.633368  104.102408    11.048   2008  6 28 13 22 36.190 2.6 
 31.138690  103.521183    18.589   2008  6 28 13 31 58.990 2.2 
 31.304709  103.231671    19.903   2008  6 28 13 50 44.120 2.5 
 30.943034  103.337934    11.192   2008  6 28 22 39 16.510 2.0 
 31.837255  104.230016    16.839   2008  6 28 22 46  0.890 2.4 
 31.228896  103.607641    15.572   2008  6 28 23 33 33.430 2.2 
 32.309917  104.730449    12.095   2008  6 28 23 52  0.330 2.7 
 32.230916  104.927924    10.669   2008  6 29  0 25 16.520 2.1 
 32.082863  104.515270    15.367   2008  6 29  0 30 10.910 2.8 
 31.295753  103.715488    17.695   2008  6 29  1  7 41.730 2.3 
 31.060859  103.319244    11.465   2008  6 29  1 14 59.430 2.2 
 31.294220  103.546647    15.133   2008  6 29  1 18 53.430 3.0 
 32.466926  105.182621    15.849   2008  6 29  6 19 48.660 2.2 
 32.254833  104.883167     7.261   2008  6 29  6 22 35.780 2.0 
 32.109981  104.612458    14.499   2008  6 29  6 54 14.520 2.4 
 31.298386  103.731764    18.210   2008  6 29  7 37 42.760 3.2 
 31.085842  103.308853    17.050   2008  6 29  7 47 22.340 2.7 
 31.657880  103.372377    19.396   2008  6 29 12  7 37.330 2.1 
 32.425920  105.103551    14.833   2008  6 29 12  7 59.680 2.1 
 31.309831  103.848932    18.531   2008  6 29 12 26 19.320 2.4 
 32.567365  105.393504    10.593   2008  6 29 12 29 14.310 2.4 
 32.216555  104.955362    16.677   2008  6 29 12 53 11.780 3.0 
 32.570089  105.225716    16.958   2008  6 29 12 57 21.480 2.0 
 31.635223  104.086529    14.529   2008  6 29 20 29 14.890 2.1 
 32.585390  105.358271    13.351   2008  6 29 20 50  1.670 2.2 
 32.450720  105.182438    14.150   2008  6 29 21 58 47.820 2.2 
 31.320432  103.780986    19.253   2008  6 29 22 16 43.740 2.5 
 31.711397  104.031381    21.468   2008  6 29 22 31 21.210 2.5 
 31.203864  103.620857    16.455   2008  6 29 22 36 57.940 2.3 
 30.902728  103.259571    16.372   2008  6 29 23  8 52.260 2.4 
 31.232848  103.720761    19.602   2008  6 29 23 21  4.180 2.3 
 31.678766  104.278515     7.097   2008  6 30  4 11 56.500 3.1 
 32.535288  105.283532    20.050   2008  6 30  4 31 45.120 4.0 
 31.288965  103.142208    18.142   2008  6 30  6 11 38.220 2.3 
 31.148786  103.477002    16.259   2008  6 30  6 15 40.760 2.6 
 30.965176  103.358927    14.000   2008  6 30  6 40 23.920 3.1 
 32.428718  105.060821    15.501   2008  6 30  6 44 58.330 3.1 
 31.272140  103.370159    14.899   2008  6 30  6 48 53.380 2.6 
 31.233591  103.709717    17.626   2008  6 30 12  1 19.020 2.8 
 31.822220  104.366668     5.698   2008  6 30 12  9 25.960 2.7 
 31.361165  103.826705    18.157   2008  6 30 12 27 41.900 2.2 
 32.527598  105.276642    19.437   2008  6 30 12 30 51.600 3.5 
 32.388480  105.178553    14.125   2008  6 30 13 29 46.180 3.2 
 32.466299  105.236710    14.819   2008  6 30 13 31  9.620 2.8 
 32.207641  104.932883    15.149   2008  6 30 14  8 43.130 2.5 
 32.481634  105.084967    12.330   2008  6 30 14 13 52.540 2.0 
 32.269793  104.908572    16.099   2008  6 30 14 19 23.380 2.8 
 31.538193  104.333945    19.077   2008  6 30 14 22 58.920 2.1 
 31.568609  104.205166    13.446   2008  6 30 14 47 58.720 2.5 
 32.485626  105.089965    13.621   2008  6 30 15 24 17.720 2.1 
 32.085907  104.126035    13.613   2008  6 30 15 28 13.910 2.4 
 32.499124  105.093139    16.040   2008  6 30 15 30 25.970 2.7 
 31.004869  103.277930     9.446   2008  6 30 16  3 40.690 2.3 
 31.202115  103.742570    18.533   2008  6 30 16 11 47.760 2.3 
 32.351979  104.948882    14.501   2008  6 30 16 12 17.870 4.1 
 31.194066  103.500416    16.360   2008  6 30 16 24  3.620 2.5 
 31.274460  103.543242    16.807   2008  6 30 17 37 58.510 2.1 
 31.845525  104.166784    17.152   2008  6 30 17 51 31.100 2.6 
 30.860584  103.358074     6.334   2008  6 30 18 11  6.590 4.1 
 32.401702  105.169886    16.425   2008  6 30 18 45 58.480 2.2 
 31.977904  104.371869     7.382   2008  6 30 22  2 20.760 2.7 
 32.287602  104.962520    14.115   2008  6 30 22 29  5.460 2.2 
 32.315725  104.967623    17.181   2008  6 30 22 35 10.530 2.7 
 32.101112  104.592202    17.264   2008  6 30 23  3  8.540 2.4 
 30.944829  103.342947    16.086   2008  6 30 23 43 52.100 3.3 
 30.943412  103.337041    15.497   2008  6 30 23 47 39.080 2.2 
 31.000942  103.398525     9.064   2008  6 30 23 48 13.740 2.3 
 30.955468  103.193035    17.710   2008  7  1  4 21  4.670 2.3 
 31.312740  103.192675    18.881   2008  7  1  5  2 21.680 2.8 
 31.247827  103.574517    14.838   2008  7  1  5 18 20.120 2.4 
 31.703156  104.166087    14.487   2008  7  1  5 38 19.740 2.6 
 31.200095  103.605013    17.678   2008  7  1  5 51 29.780 2.0 
 32.299728  105.086718    13.942   2008  7  1  5 52 59.740 2.2 
 31.409431  103.923844    17.612   2008  7  1 12 21 43.080 2.3 
 30.940423  103.420447     9.804   2008  7  1 12 44  2.370 2.2 
 30.814882  103.277667    17.480   2008  7  1 12 58 18.810 2.3 
 32.323411  105.007622    16.892   2008  7  1 13  7  8.060 3.3 
 31.050511  103.302055    12.763   2008  7  1 13 14 53.160 2.1 
 31.038783  103.296115    12.204   2008  7  1 15 51 17.460 3.1 
 31.359263  103.373230    16.055   2008  7  1 16 24 18.120 2.9 
 31.198232  103.433787    14.664   2008  7  1 16 29 52.450 2.5 
 31.144674  103.556754    16.337   2008  7  1 16 48 34.850 2.5 
 31.779499  104.361148    11.760   2008  7  1 16 51 44.990 2.5 
 32.428222  105.071657    13.051   2008  7  1 17  6 38.400 2.2 
 32.151069  104.649828    15.299   2008  7  1 18  8  2.600 2.9 
 32.076878  104.506725    15.553   2008  7  1 18 27 47.940 3.1 
 31.167135  103.669940    13.705   2008  7  1 19  0 31.170 2.1 
 30.942821  103.205721    16.177   2008  7  1 19 19  6.700 3.7 
 32.149070  104.583884    15.537   2008  7  1 19 44  5.620 3.0 
 31.344877  103.917136    18.859   2008  7  1 19 57 56.150 4.8 
 31.354208  103.863846    15.129   2008  7  1 20  2 22.440 2.2 
 31.031043  103.280128    16.086   2008  7  1 20 19 54.420 2.6 
 32.401365  105.133036    15.548   2008  7  1 20 32 20.420 2.6 
 32.467104  104.994629     9.228   2008  7  1 20 58 57.700 2.1 
 31.311718  103.747509    17.738   2008  7  1 21 10 38.260 2.4 
 32.552447  105.321579    14.238   2008  7  1 21 37 32.950 2.3 
 31.174715  103.718357    19.157   2008  7  1 22 10 29.250 3.2 
 30.989360  103.204179    15.708   2008  7  1 23 43 57.330 3.7 
 32.485943  105.083345    16.945   2008  7  2  2  3 56.940 2.6 
 30.921312  103.162468    17.032   2008  7  2  2 13 59.840 2.7 
 32.232834  104.946300    15.787   2008  7  2  2 40 15.670 2.8 
 31.294088  103.436541    14.165   2008  7  2  2 52 59.390 2.5 
 31.851663  104.042582    14.492   2008  7  2  3 19 54.950 2.4 
 32.546585  105.283343    19.205   2008  7  2  3 36 35.810 2.1 
 31.331478  103.907994    19.439   2008  7  2  3 40 24.600 2.3 
 31.378526  103.653566    16.070   2008  7  2  8 17 41.200 3.5 
 32.807480  105.508208    12.129   2008  7  2  8 31  1.260 3.3 
 31.967635  104.460223     8.790   2008  7  2  8 36  5.670 2.1 
 31.730427  104.188927    16.823   2008  7  2  8 45 34.970 2.1 
 31.802197  104.320592     6.922   2008  7  2  8 57 54.680 2.4 
 32.824700  105.529017     9.520   2008  7  2  9  2 55.860 2.2 
 31.872196  104.224782    15.731   2008  7  2  9 15 52.670 2.8 
 30.987971  103.317936     9.881   2008  7  2  9 30  7.780 2.3 
 30.862303  103.348472     3.663   2008  7  2 20  1 16.170 2.4 
 31.086064  103.553330    13.292   2008  7  2 20  3 22.330 2.1 
 32.219032  104.817451    15.060   2008  7  2 20 16 53.920 2.8 
 31.710151  104.264459     4.913   2008  7  2 20 57 43.640 2.4 
 32.322647  105.062532    19.925   2008  7  2 22 13 43.690 3.0 
 30.925135  103.403138    10.964   2008  7  2 22 48 42.160 2.3 
 30.820934  103.298343    15.062   2008  7  2 23 13 24.410 3.2 
 31.370347  103.836163    20.366   2008  7  2 23 18  2.560 2.8 
 32.307364  104.957056    16.073   2008  7  2 23 27 13.820 2.9 
 31.201262  103.714933    16.018   2008  7  3  2  8 27.290 2.4 
 32.803804  105.497925    11.229   2008  7  3  2 18 45.950 2.1 
 31.165160  103.503825    12.924   2008  7  3  2 25  9.520 2.6 
 31.210455  103.603968    17.666   2008  7  3  2 47 19.910 2.0 
 32.398709  105.114756    16.805   2008  7  3  3  9 27.590 3.1 
 32.247928  104.877670    15.929   2008  7  3  3 35 11.050 2.5 
 31.517693  104.030510    18.071   2008  7  3  3 40 28.040 3.0 
 32.743283  104.956434    17.987   2008  7  3  3 50  2.950 4.0 
 31.198695  103.505758    16.308   2008  7  3  4  8 14.660 4.4 
 31.302159  103.368219    11.247   2008  7  3  4 15 25.650 2.0 
 32.658856  105.414571    14.493   2008  7  3  4 48 57.280 2.1 
 31.870512  104.344552    15.010   2008  7  3  5 53 15.180 2.6 
 32.611139  105.342097    17.589   2008  7  3  9 17 40.770 2.9 
 30.937256  103.277890    14.569   2008  7  3  9 36 12.080 2.4 
 30.953389  103.423661    14.173   2008  7  3 10 11 45.590 2.6 
 31.932885  104.290419     8.667   2008  7  3 10 46  5.990 3.4 
 31.696887  104.102783     4.079   2008  7  3 11 31 30.210 2.2 
 30.987733  103.352831    13.370   2008  7  3 20 21 13.720 2.3 
 31.358306  103.895908    19.525   2008  7  3 21 15 12.860 2.3 
 32.341455  105.027385    25.348   2008  7  3 21 22 10.060 2.2 
 31.335446  103.680868    19.648   2008  7  3 21 46 59.510 2.6 
 32.665563  105.428053    17.283   2008  7  3 21 58 19.110 3.4 
 31.258172  103.603351    15.357   2008  7  3 22  2 48.900 2.3 
 30.758144  103.423589    11.832   2008  7  3 22 20 48.960 2.3 
 32.219991  104.693147    15.136   2008  7  3 22 31  0.700 2.9 
 31.285008  103.446654    16.502   2008  7  3 22 49 41.350 2.5 
 31.405780  103.957502    18.420   2008  7  3 22 58 52.940 2.1 
 31.020339  103.283224    13.585   2008  7  3 23 12 28.870 2.7 
 31.726287  104.126065    18.482   2008  7  3 23 20 32.380 2.0 
 32.296306  105.032250    15.626   2008  7  3 23 32 53.110 2.2 
 31.876005  104.381155     7.867   2008  7  3 23 38 33.930 2.1 
 31.031899  103.398049    11.794   2008  7  3 23 52 32.380 3.3 
 32.636448  105.389786    12.178   2008  7  4  2 43 28.870 2.2 
 31.137222  103.496257    14.385   2008  7  4  2 46 50.420 2.4 
 32.787373  105.463950    14.293   2008  7  4  2 49  9.720 3.2 
 31.060370  103.299213     7.661   2008  7  4  3  6 26.230 2.1 
 31.789881  104.333912     5.733   2008  7  4  3 17 17.450 2.0 
 31.809075  104.174351    18.143   2008  7  4  3 44 24.030 3.8 
 31.160346  103.392689    14.907   2008  7  4  4  7 31.990 2.4 
 31.329812  103.894169    19.814   2008  7  4  4 18 21.670 2.3 
 31.205434  103.676598    18.755   2008  7  4  4 59 37.940 4.3 
 31.994618  104.297655    13.322   2008  7  4  5 12 22.300 2.1 
 31.038837  103.410215    16.760   2008  7  4  8  9 24.410 2.5 
 32.334083  105.081619    18.850   2008  7  4  8 55 51.460 2.0 
 31.851481  104.290941    10.459   2008  7  4  8 59 21.170 2.0 
 32.252818  104.900634    14.088   2008  7  4  9  4 57.080 2.1 
 30.988864  103.306902    17.253   2008  7  4  9 22 44.950 2.1 
 31.340638  103.440495    15.641   2008  7  4 10 17  9.840 2.3 
 31.178471  103.461218    15.407   2008  7  4 10 19 38.560 2.3 
 31.392690  103.860591    18.065   2008  7  4 11 39 14.800 2.4 
 31.172993  103.580346    15.988   2008  7  4 11 43 17.720 2.1 
 30.856540  103.250337    16.447   2008  7  4 11 58 19.230 2.5 
 31.536185  104.035101    14.952   2008  7  4 11 59 47.620 2.2 
 31.169347  103.471635    16.070   2008  7  4 14  2 58.670 2.1 
 32.466468  105.170211    19.958   2008  7  4 14 18 58.150 2.6 
 31.317225  103.856415    17.185   2008  7  4 14 45 57.000 2.1 
 32.248094  104.883379    14.064   2008  7  4 15  3 29.430 2.0 
 31.820794  104.169591    15.223   2008  7  4 15 45 55.970 2.3 
 32.410727  105.155170    12.436   2008  7  4 16 47 18.150 2.1 
 31.039016  103.245847     9.827   2008  7  4 17 24 22.930 2.2 
 31.012844  103.411645    20.662   2008  7  4 17 54 37.860 2.2 
 32.522739  105.212333     8.992   2008  7  4 20 34  2.070 3.0 
 31.320453  103.911029    19.486   2008  7  4 21 15 29.280 2.2 
 31.327180  103.915620    15.960   2008  7  4 21 15 29.320 2.2 
 31.775904  104.155446    18.438   2008  7  4 22 10 57.420 4.6 
 31.753213  104.201663    10.426   2008  7  5  0  3 32.340 2.0 
 31.695745  104.138902    13.924   2008  7  5  0 19 58.340 2.7 
 31.264002  103.644687    12.478   2008  7  5  1 38 21.670 2.3 
 31.248674  103.696660    19.765   2008  7  5  1 38 21.200 2.2 
 31.338923  103.886862    18.455   2008  7  5  4  9 46.110 2.6 
 31.868584  104.385234    14.642   2008  7  5  4 48 44.420 4.1 
 32.765565  105.459004    13.252   2008  7  5  5 40 40.900 2.7 
 32.300903  104.971186    16.210   2008  7  5 10 18  7.450 2.1 
 31.625498  104.172886    11.678   2008  7  5 10 18 11.550 2.1 
 31.163863  103.685728    18.351   2008  7  5 10 24  3.880 2.6 
 32.139316  104.572254    14.414   2008  7  5 10 48 23.170 2.5 
 31.434678  103.919834    20.177   2008  7  5 11 29  1.970 3.6 
 31.328482  103.356585    14.743   2008  7  5 16 18 41.170 2.3 
 31.123534  103.539528    14.371   2008  7  5 17 25 34.320 3.5 
 31.658701  104.061747    16.843   2008  7  5 17 48 19.700 2.0 
 32.392346  105.093439    13.740   2008  7  5 18  4 29.050 2.4 
 32.568987  105.320263    18.256   2008  7  5 18 12  1.710 3.3 
 31.027707  103.512945    14.605   2008  7  5 18 23 47.200 2.0 
 31.530737  104.065617    16.894   2008  7  5 18 50 16.190 4.5 
 31.285423  103.561209    16.810   2008  7  5 18 55 35.230 2.7 
 32.334447  105.025425    18.747   2008  7  5 19 13 21.030 3.2 
 31.000717  103.334752    15.569   2008  7  5 19 44 11.960 2.2 
 31.620860  104.055078    12.975   2008  7  5 20 14 35.650 3.3 
 31.133192  103.413612    16.296   2008  7  5 20 25 57.150 3.0 
 32.401596  105.095393    16.316   2008  7  5 21 20 25.660 2.1 
 31.324114  103.906840    18.899   2008  7  5 22 15  8.860 2.4 
 30.994502  103.375264    12.155   2008  7  5 23 31 33.820 2.5 
 32.215973  104.840414    15.138   2008  7  6  4 25 19.930 2.8 
 32.767429  105.462095    11.445   2008  7  6  4 45  4.620 2.2 
 31.602403  104.107324    13.433   2008  7  6  5  7 37.330 2.1 
 32.281338  104.873911    16.309   2008  7  6  5 23 42.180 4.1 
 32.280416  104.893239    16.999   2008  7  6  5 29 51.060 3.4 
 31.019525  103.240397    10.276   2008  7  6  5 44 41.360 2.0 
 32.384534  104.822097    19.052   2008  7  6  6 38 50.500 2.2 
 31.201527  103.604824    16.697   2008  7  6  7  8 18.210 2.7 
 32.255801  104.881664    12.582   2008  7  6  7 20 50.430 2.4 
 31.888736  104.319818    15.226   2008  7  6  7 33 38.520 2.1 
 32.790870  105.459370    10.995   2008  7  6 10  6 31.030 2.5 
 32.679005  105.402698    15.462   2008  7  6 10 25 36.410 2.2 
 31.455233  103.966833    18.033   2008  7  6 10 25 40.860 2.2 
 31.718517  103.973297    16.991   2008  7  6 10 51 53.490 2.5 
 31.875921  104.169626    14.826   2008  7  6 11 13 58.140 2.3 
 31.898283  104.296846    16.915   2008  7  6 11 23 11.360 3.0 
 31.898891  104.290603    16.509   2008  7  6 12  2 55.850 2.8 
 32.384082  105.104824    14.079   2008  7  6 13 25 29.640 2.0 
 32.240155  104.864693    16.533   2008  7  6 13 33 41.250 2.2 
 32.357480  104.960037    16.723   2008  7  6 13 43  3.640 2.1 
 31.224466  103.566820    17.923   2008  7  6 13 51 31.210 3.1 
 32.523980  105.151679    24.538   2008  7  6 16  1 19.160 2.3 
 31.271751  103.464441     0.776   2008  7  6 16 46 49.300 2.8 
 31.034367  103.261114    16.728   2008  7  6 16 56 50.080 2.0 
 32.580129  105.378142    17.439   2008  7  6 17 59 10.220 2.1 
 31.370247  103.860283    18.467   2008  7  6 22 15 14.610 2.8 
 31.536467  104.050262    13.194   2008  7  7  0 31 15.270 2.1 
 31.457563  103.945671    19.185   2008  7  7  0 48 10.490 2.2 
 32.681303  105.412904    12.643   2008  7  7  1 22 11.120 2.1 
 32.628788  105.404380    14.918   2008  7  7  4 14 55.880 2.1 
 31.354847  103.485994    15.434   2008  7  7  5 15 43.400 3.1 
 32.576853  105.389336    12.851   2008  7  7  5 51 37.830 2.9 
 31.431205  103.889261    19.946   2008  7  7  5 55  6.190 2.1 
 31.496009  104.068129    14.715   2008  7  7 12 22 21.990 3.7 
 32.357249  105.041194    15.763   2008  7  7 12 34 45.280 2.5 
 31.316410  103.803169    21.839   2008  7  7 13 23 55.480 2.2 
 31.537853  103.900473    16.564   2008  7  7 13 33 23.340 2.2 
 31.933934  104.471388    15.170   2008  7  7 13 48  3.290 3.9 
 32.560217  105.348599    15.241   2008  7  7 17  3 36.960 2.8 
 32.062157  104.337436    15.224   2008  7  7 17  9 11.960 2.7 
 31.464372  103.999684    19.436   2008  7  7 17 12 19.970 2.6 
 31.283829  103.440222    15.354   2008  7  7 17 20 42.820 3.0 
 31.020120  103.247818    14.262   2008  7  7 17 29 34.890 2.9 
 32.560431  105.192284     9.326   2008  7  7 19  0 56.880 2.1 
 32.551466  105.207867    18.370   2008  7  7 19 15 27.530 2.2 
 31.692184  104.236807     0.677   2008  7  7 20 23 26.930 3.4 
 31.923859  104.441596     9.055   2008  7  7 20 58 43.160 2.2 
 31.290069  103.437978    15.138   2008  7  7 21 32 13.540 3.1 
 31.527120  104.042337    16.690   2008  7  7 21 41 55.730 2.5 
 32.266787  104.955650    12.289   2008  7  7 22 26 31.510 2.1 
 31.984205  104.453338     9.441   2008  7  7 23 32 28.790 2.5 
 32.096789  104.483646    16.259   2008  7  7 23 42  7.240 2.8 
 31.264522  103.505296    16.943   2008  7  7 23 56 56.090 2.6 
 31.458732  103.972563    18.572   2008  7  8  8 25 56.930 3.3 
 31.456250  103.980752    19.478   2008  7  8  8 25 56.870 3.3 
 32.524144  105.219004    14.776   2008  7  8  8 31 31.200 2.5 
 32.666991  105.387575    17.374   2008  7  8  8 50 55.210 3.3 
 31.288198  103.774030    19.177   2008  7  8  9 22 48.950 2.3 
 32.117764  104.640738    18.702   2008  7  8  9 22 53.870 2.7 
 31.778914  104.243943    12.200   2008  7  8 10 10 42.100 2.0 
 31.232293  103.379393    16.292   2008  7  8 10 22 58.650 2.1 
 32.680307  105.517338    10.347   2008  7  8 10 28 24.290 2.2 
 31.782325  104.314714     9.863   2008  7  8 11 11  4.490 2.1 
 31.377112  103.949709    19.469   2008  7  8 12 13  0.800 4.9 
 31.381987  103.946996    19.821   2008  7  8 12 26 59.280 2.1 
 31.095661  103.525879    16.040   2008  7  8 13  1 21.920 2.3 
 31.376430  103.952191    19.797   2008  7  8 13 13 57.370 2.1 
 31.178389  103.642268    17.688   2008  7  8 22 34 40.490 2.9 
 31.181015  103.650739    16.516   2008  7  8 22 42  4.190 2.1 
 31.434618  103.960747    20.121   2008  7  8 23 12 35.640 2.5 
 31.319291  103.341726    14.503   2008  7  8 23 14 19.710 2.4 
 31.004937  103.228224    14.104   2008  7  8 23 24 39.400 2.0 
 31.230054  103.617011    17.791   2008  7  9  0  9 19.320 4.3 
 31.382859  103.922865    18.478   2008  7  9  0 44 25.710 2.9 
 31.381996  103.928160    19.997   2008  7  9  0 45 11.710 2.6 
 31.704352  104.143770    11.092   2008  7  9  0 56 55.710 2.1 
 32.415574  105.124820    13.564   2008  7  9  1  2 31.390 3.3 
 31.565382  104.014347    19.763   2008  7  9  1 51 44.720 2.7 
 32.110962  104.589671    13.792   2008  7  9  2 12 18.660 2.0 
 31.865504  104.293201    13.118   2008  7  9  2 20 17.610 2.2 
 31.450887  103.994346    18.681   2008  7  9  2 37 22.010 2.7 
 32.472024  105.220473    11.781   2008  7  9  2 49 14.680 2.0 
 31.305280  103.444168    13.311   2008  7  9  3 56 21.380 2.7 
 31.165730  103.576379    16.801   2008  7  9  4 57 11.060 2.5 
 32.318208  104.991530    16.403   2008  7  9  5 18 59.970 3.0 
 31.749687  104.213468    13.258   2008  7  9  5 46 48.330 2.1 
 31.553394  103.009430    16.570   2008  7  9  7  4 14.640 2.1 
 32.813169  105.486759     8.002   2008  7  9  7 40 33.820 3.2 
 31.796009  104.326784    10.118   2008  7  9  7 55 34.990 3.6 
 32.751621  105.585054    11.924   2008  7  9  7 57 48.040 2.7 
 31.785044  104.142976    16.663   2008  7  9 12  5 37.610 2.2 
 30.961981  103.268126    19.123   2008  7  9 12 32 31.090 2.1 
 32.204506  104.835676    17.184   2008  7  9 12 42 35.610 3.6 
 31.383851  103.942195    19.109   2008  7  9 13 53 14.180 3.1 
 31.760527  104.234694    16.160   2008  7  9 13 55 26.260 2.1 
 32.317815  104.987635    15.926   2008  7  9 14 15 52.620 2.4 
 32.761438  105.627149     9.789   2008  7  9 14 57 31.000 2.7 
 32.534030  105.324398    15.033   2008  7  9 15 29 13.920 2.1 
 32.571530  105.344322    17.528   2008  7 31 20 16 16.590 3.4 
 31.134157  103.520247    14.209   2008  7 31 23 51 12.910 3.0 
 31.284999  103.443469    17.325   2008  8  1  2 41 47.100 4.1 
 32.504073  105.233067    17.161   2008  8  1  2 55 20.230 3.5 
 32.058477  104.640577    15.488   2008  8  1  8 32 45.370 6.1 
 32.086799  104.620409    12.942   2008  8  1  8 39 21.430 4.4 
 32.089408  104.645020    16.319   2008  8  1  9  0 12.470 3.7 
 32.098161  104.664670    14.924   2008  8  1  9 18 16.430 3.2 
 32.053846  104.631219    14.207   2008  8  1  9 54 11.450 3.4 
 32.042290  104.592418    16.356   2008  8  1  9 57 33.730 3.6 
 32.059844  104.620522    18.259   2008  8  1 10 18 47.310 3.5 
 32.068744  104.644132    16.256   2008  8  1 11 11 30.830 3.2 
 32.069096  104.634345    13.178   2008  8  1 12  0 45.840 3.6 
 32.040412  104.612491    14.934   2008  8  1 12 55 30.500 3.9 
 32.074700  104.627742    15.336   2008  8  1 13 26 58.230 3.1 
 32.055392  104.621773    15.392   2008  8  1 14  4 32.780 3.3 
 32.054602  104.619430    14.517   2008  8  1 15 11 30.260 3.6 
 32.051667  104.645726    15.527   2008  8  1 17 55 22.540 3.3 
 32.462848  105.184170    16.713   2008  8  1 18 12 19.970 5.2 
 32.285541  104.950382    18.383   2008  8  1 19 28  8.620 3.1 
 32.464535  105.178978    13.903   2008  8  1 19 42 23.380 3.1 
 32.281743  104.956222    18.618   2008  8  1 19 53 23.000 3.3 
 32.063772  104.642633    15.787   2008  8  1 21  3 33.230 4.0 
 32.474424  105.181443    17.945   2008  8  1 21 17 38.830 3.4 
 31.565004  104.066223    14.640   2008  8  1 22 30 32.340 3.2 
 32.459699  105.183666    16.362   2008  8  1 23  7 24.110 3.9 
 32.463069  105.180695    16.912   2008  8  2  0 51 23.770 3.4 
 32.772301  105.473166    13.006   2008  8  2  1 56 33.500 3.3 
 30.984209  103.184801    19.188   2008  8  2  4 46 51.840 3.3 
 32.154867  104.613399    14.898   2008  8  2  7 32 15.210 3.2 
 32.465466  105.179129    17.826   2008  8  2 12 21 38.980 3.8 
 32.744717  105.625478    16.531   2008  8  2 13 25 49.410 4.6 
 32.574673  105.425425    19.925   2008  8  2 13 36  2.950 4.5 
 30.997403  103.205634    13.390   2008  8  2 15 39 58.080 3.6 
 31.502443  103.977385    18.554   2008  8  2 16  6 36.540 3.2 
 31.336719  103.898388    18.962   2008  8  2 16 15 58.620 3.1 
 32.738924  105.622778    14.840   2008  8  2 22 25  9.370 3.2 
 31.847084  104.180790    16.933   2008  8  2 23 18 42.680 3.2 
 31.342285  103.277638    15.814   2008  8  3  0 50 21.080 3.6 
 30.726549  103.326470    11.265   2008  8  3  6 45 30.230 3.5 
 32.153484  104.528671    15.317   2008  8  3  8 31 20.790 3.0 
 32.813451  105.444794    10.174   2008  8  3 12  4 49.920 3.9 
 31.160902  103.655561    16.173   2008  8  3 17 10 53.430 3.1 
 32.545750  105.269706    20.685   2008  8  3 22 57 36.080 3.1 
 32.062507  104.632434    16.040   2008  8  4  0 19 24.150 3.6 
 31.511126  103.111118    14.565   2008  8  4  9 18 25.750 3.4 
 31.508382  103.099813    13.468   2008  8  4  9 19 10.480 4.2 
 31.510963  103.112424    13.518   2008  8  4  9 40  1.700 4.0 
 32.618247  105.390600    18.927   2008  8  4 14  5 50.680 3.2 
 31.250329  103.767351    18.439   2008  8  5  2 37 54.500 3.8 
 32.677378  105.470724    18.066   2008  8  5  2 57 45.430 4.1 
 31.513178  103.113003    11.687   2008  8  5  5 37  5.280 3.0 
 32.407936  105.093629    17.892   2008  8  5  7 42  6.740 3.9 
 32.788055  105.472773    14.160   2008  8  5  9 49 18.770 6.2 
 32.779696  105.498078    13.098   2008  8  5 10 39 21.270 3.4 
 32.239098  105.004774    16.058   2008  8  5 11  6 47.000 3.1 
 32.795945  105.467076    15.067   2008  8  5 11 29 26.150 3.9 
 31.811719  104.378921    10.589   2008  8  5 13 35 21.180 3.4 
 31.320778  103.880713    19.573   2008  8  5 16 12 54.260 3.3 
 32.815763  105.442456    13.007   2008  8  5 20 14 22.020 3.4 
 32.792801  105.483079    15.043   2008  8  5 23 55  9.330 4.8 
 30.979455  103.220611    12.623   2008  8  6  0 31 10.360 3.7 
 31.263543  103.223608    18.304   2008  8  6  0 42 17.660 3.5 
 32.795935  105.463125    14.641   2008  8  6  0 59 41.140 3.9 
 32.748690  105.457427    15.018   2008  8  6  2 37 59.800 3.8 
 32.797416  105.480915    23.859   2008  8  6  3 42 28.710 4.7 
 31.784107  104.270151    14.641   2008  8  6  4  0 55.370 3.5 
 32.819173  105.465737    10.627   2008  8  6  4 47  8.730 4.7 
 32.604098  105.432358    12.067   2008  8  6 11 14 56.030 3.2 
 32.547686  105.274784    18.715   2008  8  6 11 30 56.330 3.0 
 32.802117  105.467246    13.443   2008  8  6 12  1 12.710 4.3 
 31.456586  103.319253    13.957   2008  8  6 23 42 45.720 3.3 
 32.097806  104.594777    16.936   2008  8  7  8 15 37.400 5.3 
 31.107915  103.516224    17.230   2008  8  7  8 34 37.660 3.1 
 31.753324  104.360761    12.327   2008  8  7  9 53  8.840 3.3 
 32.808428  105.452801    11.553   2008  8  7 22 21 22.280 3.2 
 31.809723  104.151496    15.417   2008  8  7 22 34 20.090 4.0 
 31.212192  103.672054    17.912   2008  8  8  7 52 23.140 3.5 
 31.195225  103.697014    17.997   2008  8  8 10 56 10.750 3.2 
 32.787705  105.486317    11.802   2008  8  8 11  1 12.190 3.6 
 31.457674  103.916482    19.798   2008  8  8 13 12 22.130 4.7 
 32.520721  105.253573    14.146   2008  8  8 13 51  0.220 3.8 
 30.792275  103.423884    13.657   2008  8  8 14 17 39.420 4.1 
 30.858502  103.273613    15.323   2008  8  8 16 52 59.230 3.1 
 31.126259  103.446614    26.156   2008  8  8 17  6 31.090 3.5 
 32.621908  105.382039    15.450   2008  8  8 17 38 23.000 3.8 
 31.316047  103.782679    18.769   2008  8  8 21 35 40.430 3.0 
 32.716919  105.453547    15.983   2008  8  9 12 10 22.300 4.5 
 32.369217  105.118536    17.936   2008  8  9 14 14 30.650 3.9 
 30.849481  103.300761    15.525   2008  8  9 15 22 23.340 3.2 
 32.361036  105.088350    19.274   2008  8  9 16 12 38.340 4.3 
 32.519292  105.216453    12.579   2008  8  9 16 31 37.290 4.2 
 31.883602  104.256524    13.057   2008  8  9 22 58  3.640 3.0 
 32.437298  105.120264    17.338   2008  8 10  4 38 11.740 4.5 
 32.513377  105.218958     9.912   2008  8 10 11 40 19.240 3.1 
 32.549087  105.352633    14.343   2008  8 10 11 45 26.820 3.1 
 32.184908  104.935313    17.210   2008  8 10 15 29 48.660 3.6 
 31.764909  104.053418    16.644   2008  8 10 20 37 50.710 3.2 
 31.232760  103.667938    15.418   2008  8 10 23  4 22.090 3.3 
 31.295516  103.466807    14.537   2008  8 11  0 49 13.280 3.1 
 32.400414  105.110546    18.286   2008  8 11  1  0 12.690 3.2 
 31.872259  104.477893    10.365   2008  8 11  1 21 14.280 3.1 
 32.467142  105.221732    16.109   2008  8 11  1 27 23.930 3.1 
 31.664818  104.088598    17.395   2008  8 11  2 17  0.010 3.3 
 32.005884  104.553230    15.946   2008  8 11  5 50 17.630 3.1 
 31.589934  104.016298    20.655   2008  8 11 11 49 56.110 4.3 
 31.271578  103.556384    16.453   2008  8 11 15 29 46.660 3.9 
 31.297862  103.585626    16.403   2008  8 11 22 13 59.540 3.5 
 32.312560  105.025605    18.855   2008  8 11 22 49 30.080 3.1 
 31.235196  103.790584    18.465   2008  8 12  3 37 28.590 3.3 
 31.231031  103.460427    18.299   2008  8 12 14 22 54.780 3.7 
 31.458484  103.922937    19.680   2008  8 12 17  3 32.250 3.1 
 31.283008  103.544842    16.644   2008  8 12 17 21 29.050 3.1 
 31.863222  104.214142    13.704   2008  8 12 21  3 24.070 5.3 
 31.861190  104.217610    14.610   2008  8 12 21 47 37.170 3.2 
 31.672597  104.096352    17.331   2008  8 13  5  9 31.240 3.7 
 32.261461  104.900069    16.579   2008  8 13  7  5 37.660 3.4 
 31.368662  103.300986    14.801   2008  8 13  7 44  2.710 4.2 
 31.373109  103.311052    13.816   2008  8 13  7 52  2.890 3.2 
 32.575386  105.385529    15.964   2008  8 13  8 45 45.580 4.4 
 32.571667  105.383829    16.885   2008  8 13 11 35 56.080 3.5 
 30.752088  103.335407    12.791   2008  8 13 13  4 18.400 3.6 
 32.374510  105.200633    17.143   2008  8 13 13 15  0.730 3.5 
 31.922615  104.441172    12.720   2008  8 13 21 30 37.410 3.4 
 32.633070  105.404381    19.856   2008  8 14  0 31 29.090 3.8 
 31.668169  104.104871    18.812   2008  8 14  5 20 48.340 4.0 
 32.720594  105.513123    14.239   2008  8 14  8 23 44.470 3.2 
 32.339521  104.953548    18.857   2008  8 14 10 36 52.030 4.1 
 32.329809  104.950587    19.048   2008  8 14 10 39 32.480 3.1 
 31.001034  103.208007    12.989   2008  8 14 17  6 41.550 5.1 
 32.763877  105.438900    16.649   2008  8 14 18 59 20.500 3.8 
 31.805431  104.141843    17.054   2008  8 14 19  3 44.250 3.1 
 32.285500  104.943072    16.986   2008  8 14 20  6 32.640 3.1 
 32.423296  105.052609    16.318   2008  8 15 13 53 58.020 3.3 
 32.024154  104.629464    16.626   2008  8 15 15 39 20.720 3.1 
 32.287537  104.906014    17.678   2008  8 15 17 25 39.940 3.1 
 31.691234  103.893975    19.906   2008  8 15 17 31 28.310 3.6 
 32.622800  105.392367    18.586   2008  8 15 19  1 42.160 3.1 
 32.526355  105.260459    13.774   2008  8 15 20 16 22.270 3.4 
 32.432393  105.101215    17.469   2008  8 15 22 39 15.350 3.6 
 30.989622  103.442669    16.736   2008  8 16  1 30 37.490 3.2 
 31.409830  103.948862    18.515   2008  8 16 11 19 48.450 3.4 
 31.207125  103.456938    14.074   2008  8 16 13 27 47.110 3.4 
 32.469357  105.215097    16.938   2008  8 16 18  7 15.460 3.3 
 31.402769  103.933281    18.496   2008  8 16 20 22 23.250 3.1 
 30.981180  103.376843    13.874   2008  8 17  8 33 37.780 3.1 
 32.285010  104.855017    16.764   2008  8 17  9 18 37.550 3.8 
 32.585099  105.422498    15.785   2008  8 17 12 48 35.060 3.1 
 32.052816  104.626068    15.219   2008  8 17 13 34 22.680 3.4 
 31.300774  103.443642    17.673   2008  8 17 21 30 40.600 3.2 
 32.085162  104.654477    17.013   2008  8 17 23 36 44.850 3.4 
 31.266720  103.425106    16.835   2008  8 18  2 22 25.290 4.5 
 32.432188  105.035498    16.090   2008  8 18  5 16  9.760 3.0 
 32.042055  104.594969    10.642   2008  8 18  7 57  4.450 3.1 
 32.229559  104.680562    17.819   2008  8 18  8  4 31.230 3.8 
 32.747677  105.001161    17.032   2008  8 18 11  5 56.900 3.4 
 32.160542  104.632791    16.885   2008  8 18 14 19  5.020 3.3 
 31.534137  104.299522    17.499   2008  8 18 16 38 42.750 3.0 
 31.901543  104.278731    16.686   2008  8 18 17 43  9.220 3.1 
 32.688170  105.405437    13.972   2008  8 18 19 56  0.040 3.0 
 31.551840  104.362792    17.140   2008  8 18 22 58 19.490 3.1 
 31.529549  104.124854    16.726   2008  8 19  2 19  3.600 3.3 
 32.165906  104.111152    12.250   2008  8 19  2 51 45.220 3.1 
 32.471562  105.000021    12.972   2008  8 19  6 10 55.490 3.3 
 32.544966  105.156096    19.864   2008  8 19  8 21 21.320 3.4 
 32.363305  105.059720    17.471   2008  8 19 23 54 50.310 3.7 
 31.662551  104.124421    15.819   2008  8 20 10 24 19.400 3.0 
 32.183432  104.078103    13.413   2008  8 20 10 31 37.430 3.7 
 31.248107  103.619798    18.675   2008  8 20 18 47 43.830 4.0 
 30.927579  103.327862    15.592   2008  8 20 19 34 59.580 3.4 
 32.824612  105.501323    10.373   2008  8 20 20 54  2.260 3.2 
 31.977581  104.500676    10.826   2008  8 21  1 26 45.280 3.0 
 32.622493  105.392556    13.906   2008  8 21  6 34 45.460 3.1 
 32.550280  105.239770    11.350   2008  8 21  6 37 34.670 3.5 
 31.817599  104.390916    12.736   2008  8 21  8 50 10.700 3.0 
 31.873170  104.413779    13.982   2008  8 21  9 41 36.730 3.5 
 32.510448  105.216829    18.998   2008  8 21 11 30 55.280 3.7 
 32.430829  105.092296    16.899   2008  8 21 15 14  8.140 3.3 
 32.191001  104.721716    15.222   2008  8 21 20 46 43.080 3.7 
 32.479429  105.066376    18.207   2008  8 22  2 10 12.250 3.3 
 31.365710  103.317750    13.683   2008  8 22 10 51 22.450 3.9 
 31.383385  103.876887    19.971   2008  8 22 11 24 53.930 3.6 
 32.203297  104.620270    16.813   2008  8 22 11 40 12.600 3.4 
 32.203620  104.619238    16.274   2008  8 22 11 55 55.530 3.4 
 32.197497  104.623335    15.133   2008  8 22 16 18 53.590 3.5 
 30.953556  103.415878     7.228   2008  8 22 19 31 36.510 3.3 
 32.392129  105.162989    19.521   2008  8 22 23  9 11.200 3.1 
 30.796927  103.305536    11.016   2008  8 23  2  1 21.470 3.3 
 32.087407  104.546955    15.881   2008  8 23  8  0 35.550 3.7 
 32.547698  105.319886    16.978   2008  8 23 16 14 59.140 3.8 
 31.281932  103.563712    18.021   2008  8 23 18 42 25.340 4.2 
 32.303348  104.949185    20.708   2008  8 23 22 43 13.460 4.0 
 31.344876  103.868728    18.366   2008  8 24 11  2 34.500 3.1 
 32.277329  105.033849    17.719   2008  8 24 15 21 22.300 3.3 
 30.961254  103.421868    15.229   2008  8 24 20 22 32.800 3.4 
 31.353545  103.876460    17.621   2008  8 24 20 42 13.030 3.2 
 31.389284  103.950410    20.988   2008  8 25  5 44  6.330 4.0 
 32.741351  105.463679    15.823   2008  8 25 12 36 15.020 3.5 
 31.810136  104.306343    12.776   2008  8 25 14 20 32.730 3.3 
 31.659437  104.200481    12.525   2008  8 25 16 27 53.800 3.3 
 31.357724  103.320533    14.763   2008  8 25 18  2 55.900 3.1 
 32.444899  105.181959    18.859   2008  8 25 19 14 27.540 3.4 
 32.600629  105.369314    16.356   2008  8 26  7 44 19.860 3.7 
 32.548728  105.225063    13.656   2008  8 27 12 37 43.010 3.5 
 31.322377  103.687171    18.531   2008  8 27 20 58 34.300 3.4 
 31.000645  103.376987    16.655   2008  8 28  3 54  1.030 3.7 
 31.314523  103.436486    15.230   2008  8 28  9 58 13.790 3.0 
 30.907588  103.314727     6.947   2008  8 28 10 55 21.050 3.1 
 32.350342  105.084318    14.245   2008  8 28 15 26  3.530 3.1 
 31.295223  103.756096    18.780   2008  8 28 16 13 48.610 3.3 
 31.267963  103.763288    20.293   2008  8 28 23  6 53.970 3.0 
 31.156801  103.626808    18.499   2008  8 29  6 47 55.490 3.9 
 32.546789  105.320925    18.124   2008  8 29 18 39 29.800 3.5 
 31.327798  103.637499    19.621   2008  8 29 18 48 19.380 3.8 
 32.534118  105.274280    14.608   2008  8 30  1 53 47.130 3.2 
 32.095590  104.560523    17.930   2008  8 30  7 52 42.680 3.2 
 30.964310  103.347245    14.179   2008  8 30 11 47 14.030 3.7 
 32.396222  105.111948    16.282   2008  8 30 23  3 34.060 3.1 
 31.716255  104.138341    19.616   2008  8 31  1 10  7.930 3.5 
 31.729306  104.259847     6.801   2008  8 31  6 59 16.650 3.2 
 32.746000  105.611716    13.711   2008  8 31  7 24 54.730 4.4 
 32.559966  105.292526    20.416   2008  8 31  9 53 15.240 4.0 
 31.377722  103.855563    19.187   2008  8 31 12 17 22.180 3.2 
 30.697992  103.314433    14.381   2008  9  1  0  5 43.040 3.3 
 31.183900  103.666517    18.205   2008  9  1  5 56 51.740 4.3 
 32.680722  105.458516    12.005   2008  9  1 12 19  7.120 3.3 
 31.252287  103.705658    17.753   2008  9  1 15  2  2.230 4.1 
 31.190937  103.655715    16.175   2008  9  1 18 54 49.510 3.1 
 32.252142  104.930857    15.576   2008  9  1 22 42 20.840 3.2 
 32.596186  105.380154    13.733   2008  9  2 13 20 28.320 3.0 
 31.226535  103.718661    17.362   2008  9  2 19 28 24.080 3.4 
 31.638957  104.059778    18.461   2008  9  2 22 18 20.250 3.3 
 31.198795  103.476917    17.173   2008  9  3  4  8 50.210 3.2 
 32.774227  105.447401    12.486   2008  9  3  6 26 16.700 3.4 
 32.554977  105.301827    15.841   2008  9  3  9 57 51.530 3.8 
 32.419318  104.746864    18.948   2008  9  3 15 20 44.390 3.8 
 32.654118  105.398363    14.880   2008  9  3 16 41  3.740 3.3 
 30.766864  103.261787    14.423   2008  9  4  0  5 48.930 3.7 
 31.299283  103.827509    18.720   2008  9  4  2 29 33.940 3.5 
 32.817088  105.444986     8.650   2008  9  4 12 45 33.340 3.1 
 32.370957  105.030672    17.992   2008  9  4 14  7 35.960 3.3 
 31.122853  103.470937    15.993   2008  9  4 20 19 58.420 4.2 
 30.757942  103.264017    14.517   2008  9  4 23 41 46.260 4.1 
 30.768029  103.263751    13.558   2008  9  5  0 39 46.880 3.4 
 32.115810  104.570828    15.633   2008  9  5  3 13 30.890 3.2 
 30.776449  103.259954    13.884   2008  9  5  5 20 34.680 3.7 
 32.627144  105.484521    22.739   2008  9  5 16  6 30.590 3.0 
 32.754643  105.429198    15.298   2008  9  5 17 15  4.990 4.3 
 31.777686  104.241530    17.665   2008  9  5 19 14 41.430 3.1 
 31.225344  103.705623    17.707   2008  9  6  0 31 17.210 3.1 
 31.327697  103.905296    16.247   2008  9  6  1 32 43.910 3.1 
 31.165232  103.626193    17.114   2008  9  6  1 50 35.510 3.3 
 31.231749  103.457906    17.749   2008  9  6  9 20 45.460 4.2 
 31.234438  103.460626    17.896   2008  9  6  9 39 40.170 3.8 
 31.339245  103.755805    19.635   2008  9  7  6 52 39.020 3.7 
 32.537524  105.078828    18.351   2008  9  7 14 59  6.800 3.3 
 32.253383  104.890542    17.812   2008  9  7 23 27 31.230 3.4 
 31.071893  103.390277    16.615   2008  9  7 23 57 37.450 3.2 
 32.277488  104.964191    17.200   2008  9  8  6 42 38.070 3.1 
 30.963507  103.248886    19.242   2008  9  8  7 55 24.590 4.0 
 32.341221  105.144383    17.372   2008  9  9 21 44 49.890 3.1 
 31.349863  103.312520    11.318   2008  9 10  1 10 23.400 3.0 
 32.372077  105.048361    17.543   2008  9 10  1 14 23.630 3.4 
 32.555514  105.334411    16.087   2008  9 10  5  0 39.080 4.1 
 32.044101  104.439460    15.756   2008  9 10 11  2 38.650 3.7 
 32.667152  105.435533     8.312   2008  9 10 13 21  8.470 3.2 
 31.640109  104.059715    18.213   2008  9 10 19 10 40.840 3.3 
 32.058024  104.456959    14.433   2008  9 10 20 52 15.370 3.6 
 32.400810  105.155253    17.693   2008  9 11  2 53 47.850 4.8 
 32.231638  104.863404    16.879   2008  9 11  8  6 42.320 3.4 
 32.219996  104.902934    14.576   2008  9 11  8 49 53.160 3.8 
 31.285777  103.686440    19.446   2008  9 11 10 30 24.610 4.7 
 32.378658  105.071613    16.615   2008  9 11 11 46  2.550 3.3 
 31.909088  104.462408    15.296   2008  9 11 13 16 46.420 3.6 
 31.525231  104.383331    17.775   2008  9 11 14 20 54.640 3.0 
 31.606935  104.025479    17.304   2008  9 11 15 45 12.080 4.0 
 31.400444  103.915008    19.488   2008  9 11 15 48 48.530 3.2 
 32.533625  105.307464    15.026   2008  9 11 20 14 29.790 3.5 
 30.909120  103.398946    11.269   2008  9 12  4 57 45.410 3.5 
 31.169898  103.658329    17.993   2008  9 12 12 46 40.400 3.3 
 31.779644  104.130704    15.563   2008  9 12 17 35 54.270 3.3 
 32.789526  105.461935    14.602   2008  9 12 23  6 51.660 3.0 
 31.913886  104.455614    15.428   2008  9 13  5 26  1.560 3.1 
 31.641849  104.103204    14.614   2008  9 13 11 34 12.570 3.5 
 31.918909  104.428692    16.562   2008  9 13 13  3  6.940 3.8 
 30.868434  103.301798    14.185   2008  9 13 16 15 35.690 3.4 
 32.511569  105.154954    18.081   2008  9 13 17 25 58.170 3.6 
 32.612954  105.413599    21.644   2008  9 14  0 12 25.760 3.4 
 32.546176  105.360573    14.371   2008  9 14 12 16 12.450 3.6 
 32.601396  105.398435    18.726   2008  9 14 12 47 20.950 3.7 
 32.314100  104.934018    19.364   2008  9 14 18  5 23.270 3.3 
 31.766724  104.135377    19.165   2008  9 14 20  7 43.540 3.1 
 32.490192  105.090186    13.088   2008  9 15 15  7  0.110 3.2 
 31.002163  103.213358    14.746   2008  9 15 20  4 13.290 3.1 
 31.294513  103.691675    19.621   2008  9 16  3 50  6.830 3.5 
 32.220520  104.842117    17.208   2008  9 16 15 54 59.940 3.2 
 32.471219  105.003327    16.120   2008  9 16 18 28 53.150 3.4 
 32.365662  105.059451    16.130   2008  9 17  1  2  1.180 3.1 
 32.756053  105.480600     7.695   2008  9 17 10 43 57.080 3.1 
 32.189428  104.614774    17.837   2008  9 17 14 54 58.150 3.8 
 31.489418  104.009485    18.214   2008  9 17 18 32 14.310 3.2 
 32.092338  104.610868    16.501   2008  9 17 23 41 11.800 3.5 
 31.854059  104.199034     9.308   2008  9 18  5 53 29.060 3.5 
 32.303049  105.015376    19.109   2008  9 18 10 50 27.020 3.7 
 31.818726  104.241311    17.015   2008  9 18 13 50 36.090 3.0 
 31.398990  103.912713    18.804   2008  9 18 23 23 26.000 3.3 
 32.560301  105.185124    17.079   2008  9 19  7 55  5.820 3.2 
 31.749457  104.315854    13.312   2008  9 19 14 50 10.370 3.0 
 31.275968  103.521570    15.991   2008  9 19 16 29 31.340 4.5 
 31.279414  103.522629    14.792   2008  9 19 21 13 19.690 3.5 
 32.566142  105.317325    17.691   2008  9 20  7 43 48.540 3.1 
 31.308669  103.614784    18.195   2008  9 20 14 49 43.750 3.1 
 31.691758  104.135874    16.984   2008  9 21  5  6 51.380 3.0 
 32.558794  105.235111    11.962   2008  9 21  9 57 29.320 3.1 
 31.293196  103.873386    15.423   2008  9 21 17  6 45.850 3.0 
 32.218177  104.937020    12.738   2008  9 21 21 23 12.750 3.2 
 32.328374  105.009150    20.603   2008  9 22  4 44 39.370 3.9 
 31.278074  103.570985    17.231   2008  9 22  6 45 19.820 4.2 
 31.332485  103.183523    16.559   2008  9 22  7 31 50.050 3.2 
 32.740962  105.511807    16.202   2008  9 22 18 50  1.630 3.7 
 31.733299  103.293442    13.679   2008  9 23  0 55 55.070 3.1 
 32.207590  104.938992    16.893   2008  9 23 10 29 52.640 3.3 
 31.561183  104.369287    17.287   2008  9 23 11 48 25.550 3.2 
 31.647318  104.067293    18.542   2008  9 23 15  4 42.780 3.2 
 32.464244  105.031896    15.680   2008  9 23 15 36  4.830 3.1 
 31.598492  104.009149    19.930   2008  9 23 19 55  2.150 4.3 
 32.550767  105.339165    15.254   2008  9 24  5 14 54.210 3.5 
 32.238324  104.856615    16.312   2008  9 25 13 14 46.830 3.3 
 31.137674  103.568845    14.084   2008  9 25 15  8  1.570 3.0 
 32.544645  105.286695    17.362   2008  9 25 20 28  1.370 3.3 
 32.166138  104.606553    16.827   2008  9 26  9 20 26.440 3.1 
 32.761472  105.654385    15.748   2008  9 26 10 32  2.940 4.4 
 31.375605  103.772820    19.452   2008  9 26 17 48 52.870 3.4 
 31.903240  104.267888    13.390   2008  9 26 21 52 17.840 3.6 
 31.405093  104.221490    16.322   2008  9 26 23 15 56.850 3.1 
 32.136838  104.695635    16.635   2008  9 27  3 23 43.560 3.0 
 32.738813  105.485809    15.710   2008  9 27  9 34 24.140 3.2 
 31.969234  104.569648    12.602   2008  9 27 19 27 55.620 3.6 
 32.571871  105.326743    15.056   2008  9 27 20 37 43.490 3.3 
 32.815383  105.490488     8.187   2008  9 27 21 58 36.760 3.5 
 31.788436  104.173568    16.111   2008  9 28 13 32  4.020 3.2 
 31.240973  103.808137    19.180   2008  9 28 19 36 20.470 3.6 
 32.185384  104.608948    14.692   2008  9 29  1  7 30.640 3.0 
 31.050470  103.314071    15.165   2008  9 29  7 13 34.960 3.6 
 31.508659  103.870217    18.286   2008  9 29 12 42  9.690 3.1 
 31.575625  104.029395    16.878   2008  9 29 19 28 14.580 3.9 
 30.750914  103.263312    11.458   2008  9 30  0 59 39.920 3.5 
 30.744935  103.263347    12.992   2008  9 30  4  0 11.970 3.9 
 31.151570  103.553869    17.068   2008  9 30  5  9 28.360 3.8 
 31.271676  103.521911    16.703   2008  9 30 18 53 56.410 3.3 
 31.217710  103.511423    17.398   2008 10  1  9 18 54.560 4.0 
 31.162927  103.698985    18.418   2008 10  1 13  3  7.850 3.6 
 31.329061  103.817303    18.382   2008 10  1 14 25 32.980 3.1 
 32.043141  104.430359    14.013   2008 10  1 16 33 47.710 3.1 
 31.342358  103.886013    18.639   2008 10  1 19 39 11.930 3.2 
 32.643925  105.341014    15.937   2008 10  1 21  6 21.580 3.1 
 31.179731  103.472707    16.517   2008 10  2  1 44 44.840 3.1 
 32.572670  105.334115    15.508   2008 10  2  3 31  1.060 3.0 
 31.765710  104.358889    11.968   2008 10  2 22 37 44.280 3.4 
 32.774313  105.012943    18.096   2008 10  3  0 33 19.610 3.0 
 31.350139  103.329880    15.048   2008 10  3 17 36 17.500 3.7 
 31.710040  104.035989    17.377   2008 10  3 17 54  0.690 3.9 
 32.519442  105.241126    15.572   2008 10  4  4 13 12.220 3.2 
 32.484095  105.154837    22.590   2008 10  4  6 20 39.070 3.2 
 31.827452  104.092327    17.915   2008 10  4 12 11 49.540 4.9 
 32.323441  104.741992    12.735   2008 10  4 14 33  5.630 3.0 
 31.478844  103.970208    18.812   2008 10  4 15 55 36.100 4.5 
 30.894632  103.152976    16.699   2008 10  4 18 28 52.060 4.5 
 31.712221  103.060702    17.114   2008 10  5  7 37 22.380 3.7 
 31.307534  103.852051    17.891   2008 10  5  8  5  8.320 3.5 
 31.055903  103.328948    11.407   2008 10  5 10 56 56.690 3.4 
 31.830643  104.148942    15.723   2008 10  5 12 33 22.310 3.1 
 32.366881  105.100108    18.069   2008 10  5 17 51 42.620 3.2 
 31.056946  103.275740    14.496   2008 10  5 18 54 53.090 3.1 
 32.384877  104.853001    20.421   2008 10  6 12 50 47.020 3.4 
 31.124688  103.453957    17.110   2008 10  6 17 48 21.160 3.5 
 31.244758  103.601841    19.244   2008 10  7  3 41 35.410 3.4 
 31.241478  103.598597    19.295   2008 10  7  3 41 35.480 3.6 
 31.349330  103.361910    17.312   2008 10  7  7 30  3.950 3.2 
 31.353959  103.362836    17.276   2008 10  7  7 30  3.900 3.2 
 31.871807  104.379672    16.066   2008 10  7 10 25 17.880 3.0 
 31.310112  103.821661    17.790   2008 10  7 15 19  0.870 3.4 
 31.357039  103.328399    14.199   2008 10  8 15 27  4.380 3.4 
 32.309465  104.974827    12.039   2008 10  8 22  2 24.040 3.0 
 31.483074  103.969137    17.614   2008 10  9 14  5 53.010 3.3 
 32.405761  105.024536    15.302   2008 10 10 17 50 33.690 3.2 
 31.251101  103.514218    15.451   2008 10 11  1  8 42.880 3.2 
 31.227202  103.612268    17.040   2008 10 11 11 56 21.470 3.2 
 32.499634  105.247399    12.186   2008 10 11 20  8 15.250 3.3 
 32.372991  105.085197    14.076   2008 10 12  5 56 56.470 3.3 
 31.829823  104.154977    15.203   2008 10 12  8 40 36.640 3.3 
 32.510133  105.238834    19.022   2008 10 12 14 34 49.560 3.0 
 30.751144  103.258727    11.657   2008 10 12 16 38 23.350 3.6 
 32.445894  105.194544    16.239   2008 10 12 21 23 56.480 3.1 
 32.447596  105.200342    15.586   2008 10 12 21 23 56.470 3.1 
 31.488147  103.962368    18.601   2008 10 13 18 59 34.270 3.1 
 32.171820  104.594519    16.158   2008 10 13 20  9  8.040 3.0 
 31.280444  103.538452    15.237   2008 10 14 11 12 24.570 3.1 
 31.849354  104.213573     7.809   2008 10 14 12 34 26.210 3.3 
 32.463776  105.151101    22.610   2008 10 14 13 18 33.360 3.4 
 32.424029  105.079836    17.936   2008 10 14 14 11 28.540 3.0 
 32.040547  104.415036    16.057   2008 10 14 22 49 47.180 3.3 
 32.443323  105.162131    14.570   2008 10 14 23 26  2.710 3.7 
 32.571444  105.286082    20.933   2008 10 15  3 30 20.230 3.2 
 30.956507  103.174627    19.151   2008 10 15  9 16  3.980 3.6 
 31.681155  104.144248    19.672   2008 10 15 10  8 57.150 3.5 
 32.387159  105.113432    17.539   2008 10 15 19 25 38.360 3.5 
 32.382436  104.899304    18.425   2008 10 15 21 10 39.120 3.7 
 31.581818  104.067004    17.783   2008 10 15 22  7  7.040 3.7 
 31.513669  103.987550    19.151   2008 10 15 23 59 20.270 3.8 
 31.519355  103.980063    18.842   2008 10 16  0  0 57.650 4.1 
 31.273930  103.510924    15.598   2008 10 16  2  8 46.640 4.6 
 31.220293  103.652418    17.243   2008 10 16  7 57  1.580 3.3 
 31.222478  103.690798    17.034   2008 10 16  9 46 19.390 4.6 
 32.232523  104.850141    16.275   2008 10 16 10 17  9.610 3.9 
 31.165577  103.458892    17.868   2008 10 16 14 10  7.610 3.2 
 31.810934  104.296536    10.695   2008 10 16 16  8 44.370 3.2 
 32.641191  105.412161    17.379   2008 10 16 17 35 14.350 3.3 
 31.350581  103.921581    18.374   2008 10 17  2 16 31.980 3.0 
 31.222166  103.699759    17.379   2008 10 17 12 22 15.970 3.2 
 32.037199  104.441000    14.647   2008 10 17 15 34 19.860 3.2 
 32.208615  104.919613    15.781   2008 10 18  1 12 57.710 3.1 
 32.395613  105.070122    17.636   2008 10 18  8 40  9.180 3.7 
 32.806954  105.507377    10.135   2008 10 18 11 29 48.230 3.1 
 30.940938  103.350419    17.058   2008 10 18 12 47 25.280 3.1 
 31.684664  103.247105    15.277   2008 10 18 18  5 25.620 3.4 
 31.540766  103.017647    18.524   2008 10 18 21 39 13.660 3.6 
 31.812996  104.280615    12.200   2008 10 19  1 22 55.580 3.9 
 31.268779  103.574360    16.173   2008 10 19  3 10 25.070 3.0 
 32.080430  104.557515    15.038   2008 10 19 19 45 23.860 3.0 
 30.939953  103.353812    15.251   2008 10 20  9 59 37.050 4.0 
 31.722883  104.172556    14.898   2008 10 21  7 25 31.430 4.6 
 32.354465  105.048253     8.276   2008 10 21  8 31 29.190 3.4 
 31.746069  104.310274    14.827   2008 10 21 21  0 53.630 3.2 
 31.810160  104.046209    17.363   2008 10 22  8 54 22.350 3.5 
 32.208963  104.629913    15.477   2008 10 23  4 16 46.800 3.1 
 31.552700  104.060064    13.570   2008 10 23 11 46  6.360 3.3 
 32.578771  105.236268    16.700   2008 10 23 13  3 20.980 3.1 
 32.495166  105.241170    17.863   2008 10 23 21 56  7.200 4.6 
 32.566331  105.365868    13.057   2008 10 24  0 27 24.650 3.9 
 32.301597  104.954647    17.211   2008 10 24  0 57 29.950 3.4 
 32.160469  104.767978    15.989   2008 10 24  7 29  0.730 3.3 
 32.141008  104.571742    17.224   2008 10 24 11  4  8.480 3.1 
 30.942964  103.438238    14.377   2008 10 24 11 35 33.450 3.0 
 32.270481  104.913068    17.168   2008 10 24 16 56 31.620 3.3 
 31.367975  103.904227    19.561   2008 10 24 17 50 35.940 4.5 
 31.227324  103.493086    17.469   2008 10 24 18  3 59.180 3.4 
 31.178362  103.484643    14.902   2008 10 24 21 30 40.070 3.2 
 31.562246  104.039810    19.676   2008 10 25  3 42  5.180 3.1 
 32.638113  105.409457    18.521   2008 10 25 15  5 15.090 3.9 
 32.769959  105.487430    12.673   2008 10 25 15 30 10.610 3.1 
 32.299776  104.884905    17.418   2008 10 26  4 42 24.300 3.0 
 32.156901  104.616520    16.790   2008 10 26  7 11 23.510 3.3 
 32.282915  104.820826    15.339   2008 10 26 10  2 51.730 3.6 
 31.824078  104.440404    16.443   2008 10 26 14 56 47.980 3.4 
 32.582319  105.301999    17.461   2008 10 26 18 15  6.710 3.3 
 32.021733  104.538321    15.754   2008 10 26 20 27 33.350 3.7 
 32.422830  105.037352    16.735   2008 10 27  2 39 44.730 3.2 
 32.120389  104.606294    17.057   2008 10 27 10 23 55.970 3.5 
 32.106005  104.635137    14.125   2008 10 27 12 47  1.290 3.1 
 32.215685  104.938293    17.285   2008 10 27 16 12 51.240 3.8 
 32.054389  104.408042    17.528   2008 10 27 19 26 27.760 3.3 
 30.894968  104.118916    17.816   2008 10 27 19 28 42.030 3.4 
 30.899568  104.110651    16.992   2008 10 27 19 45 25.960 3.1 
 32.044342  104.611848    15.344   2008 10 28  2 56 31.210 3.3 
 32.155485  104.736756    13.797   2008 10 29  5 24 17.860 3.3 
 30.991929  103.199174    14.535   2008 10 29  7 43 48.020 3.1 
 31.399486  103.914475    19.690   2008 10 29 11 23  9.230 3.2 
 31.806748  104.371121     7.937   2008 10 29 16 31 53.070 3.0 
 32.588027  105.358396    15.940   2008 10 29 17  0 32.280 3.2 
 31.301979  103.431010    15.898   2008 10 30  0  5 38.340 3.5 
 31.323577  103.427226    17.115   2008 10 30  1 53 44.830 3.6 
 30.902497  103.381826    14.939   2008 10 30 18 17 59.010 3.8 
 31.812532  104.386283    12.557   2008 10 31  2  6 13.430 4.8 
